11:17:35 INFO    http://127.0.0.1:8000 adresinde baslatiliyor
INFO:     Started server process [9428]
INFO:     Waiting for application startup.
11:17:35 INFO    Veritabani hazir: C:\Users\Lenovo\market-dominanter\trades.db
11:17:35 WARNING WALLET_PRIVATE_KEY yok - sadece PAPER modu kullanilabilir
11:17:35 INFO    [warn] PAPER modu aktif - gercek islem yapilmayacak
11:17:35 INFO    [info] Strateji modu: LEGACY
11:17:35 INFO    [success] Sunucu hazir
11:17:35 INFO    [warn] Takip edilen cuzdan yok - once skorlayip takibe alin
11:17:35 INFO    [info] Pozisyon takibi basladi
INFO:     Application startup complete.
INFO:     Uvicorn running on http://0.0.0.0:8000 (Press CTRL+C to quit)
INFO:     127.0.0.1:51402 - "WebSocket /ws" [accepted]
INFO:     connection open
11:17:36 INFO    [success] Helius websocket baglandi, pump.fun dinleniyor
11:17:45 INFO    [success] Bot BASLATILDI
11:17:51 INFO    [info] Yeni coin: 7Rd1gPPAse - analiz 90s sonra
11:17:56 INFO    [info] Yeni coin: DBrdNF2iSG - analiz 90s sonra
11:17:56 INFO    [info] Yeni coin: EPjFWdd5Au - analiz 90s sonra
11:18:11 INFO    [info] Yeni coin: ABMo7FoULq - analiz 90s sonra
11:18:15 INFO    [info] Yeni coin: FD5YazU8dA - analiz 90s sonra
11:18:18 INFO    [info] Yeni coin: GXnyhEJJUp - analiz 90s sonra
11:18:18 INFO    [info] Yeni coin: E6DcbnWzYA - analiz 90s sonra
11:18:31 INFO    [info] Yeni coin: HPhp9YLtde - analiz 90s sonra
11:18:39 INFO    [info] Yeni coin: EdBEwPyso3 - analiz 90s sonra
11:18:50 INFO    [info] Yeni coin: 24xfBmsrom - analiz 90s sonra
11:18:53 INFO    [info] Yeni coin: 6wNb1PjCL2 - analiz 90s sonra
11:19:01 INFO    [info] Yeni coin: Hs9zQpkm7R - analiz 90s sonra
11:19:01 INFO    [info] Yeni coin: 7QXiESB9ib - analiz 90s sonra
11:19:07 INFO    [info] Yeni coin: FmapXmDdt6 - analiz 90s sonra
11:19:07 INFO    [info] Yeni coin: 8vUsftQpbq - analiz 90s sonra
11:19:07 INFO    [info] Yeni coin: 79pk5cLtYQ - analiz 90s sonra
11:19:20 INFO    [info] Yeni coin: 1eo4WdhPQ7 - analiz 90s sonra
11:19:20 INFO    [info] Yeni coin: 4af7iJhQeG - analiz 90s sonra
11:19:27 INFO    [info] Yeni coin: Gb1uUygFtW - analiz 90s sonra
11:19:30 INFO    [info] Yeni coin: qAa4kn9tFq - analiz 90s sonra
11:19:35 INFO    [warn] Takip edilen cuzdan yok - once skorlayip takibe alin
11:19:37 INFO    [info] Yeni coin: 3cb2qx9eQY - analiz 90s sonra
11:19:38 INFO    [info] Yeni coin: Fncah5sSB6 - analiz 90s sonra
11:19:39 INFO    [info] Yeni coin: CHaAcryeE9 - analiz 90s sonra
11:19:39 INFO    [info] Yeni coin: 7bZiDEEWpT - analiz 90s sonra
11:19:39 INFO    [info] Yeni coin: D4nfvewu3A - analiz 90s sonra
11:19:39 INFO    [info] Yeni coin: 284xRYUEmD - analiz 90s sonra
11:19:53 INFO    [info] Yeni coin: FzGnVpJ9sr - analiz 90s sonra
11:19:55 INFO    [info] Yeni coin: 7GRhJM8Ea5 - analiz 90s sonra
11:19:56 INFO    [info] Yeni coin: CqMKhjwfBp - analiz 90s sonra
11:19:58 INFO    [info] Yeni coin: AjYNUyc9Nc - analiz 90s sonra
11:19:59 INFO    [info] Yeni coin: AzMiA7CwXc - analiz 90s sonra
11:20:00 INFO    [info] Yeni coin: FV9yW7HVYA - analiz 90s sonra
11:20:02 WARNING RPC hiz limiti (429) - RPC_RPS dusurun veya plani yukseltin
11:20:05 INFO    [info] Yeni coin: 8KYAVe4TDi - analiz 90s sonra
11:20:07 INFO    [info] Yeni coin: EaU7Vx1MhX - analiz 90s sonra
11:20:08 INFO    [info] Yeni coin: AXzsVGiSJp - analiz 90s sonra
11:20:08 INFO    [info] Yeni coin: 2ZAtUmcmAM - analiz 90s sonra
11:20:16 INFO    [info] Yeni coin: 7YEdNz25b7 - analiz 90s sonra
11:20:23 INFO    [info] Yeni coin: BgxGikPs4q - analiz 90s sonra
11:20:28 INFO    [info] Yeni coin: 3NQcporBGY - analiz 90s sonra
11:20:31 INFO    [info] Yeni coin: Fzt3vMUXB9 - analiz 90s sonra
11:20:31 INFO    [info] Yeni coin: 6R3q6adr7c - analiz 90s sonra
11:20:33 INFO    [info] Yeni coin: 3p1GkrXeEP - analiz 90s sonra
11:20:37 INFO    [info] Yeni coin: DgcWbPVE57 - analiz 90s sonra
11:20:39 INFO    [info] Yeni coin: 279aKYCrh1 - analiz 90s sonra
11:20:53 INFO    [info] Yeni coin: DAGoEaxqrE - analiz 90s sonra
11:20:56 INFO    [info] Yeni coin: 2ZNbNBcoQH - analiz 90s sonra
11:20:56 INFO    [info] Yeni coin: 5m2trhyP6s - analiz 90s sonra
11:20:58 INFO    [info] Yeni coin: J9V2aNdwYv - analiz 90s sonra
11:20:58 INFO    [info] Yeni coin: 2qaHomMGJR - analiz 90s sonra
11:21:04 INFO    [info] Yeni coin: B5N6GW6Zon - analiz 90s sonra
11:21:07 INFO    [info] Yeni coin: CS8LJLhW56 - analiz 90s sonra
11:21:07 INFO    [info] Yeni coin: 3enbdJEPci - analiz 90s sonra
11:21:10 INFO    [info] Yeni coin: 4NnFswshVH - analiz 90s sonra
11:21:10 INFO    [info] Yeni coin: CiCAE42EUB - analiz 90s sonra
11:21:12 INFO    [info] Yeni coin: AbpTfGR5j6 - analiz 90s sonra
11:21:13 INFO    [info] Yeni coin: 5Y1AoCUBqS - analiz 90s sonra
11:21:19 INFO    [info] Yeni coin: 8RRkV7A6ps - analiz 90s sonra
11:21:32 INFO    [info] Yeni coin: Bf8sSzo1jr - analiz 90s sonra
11:21:32 INFO    [info] Yeni coin: 6Evo3Rey6w - analiz 90s sonra
11:21:32 INFO    [info] Yeni coin: HidzP2NmZr - analiz 90s sonra
11:21:32 INFO    [info] Yeni coin: 5tS4Z9LpgA - analiz 90s sonra
11:21:33 INFO    [info] Yeni coin: FdExGT9GMi - analiz 90s sonra
11:21:33 INFO    [info] Yeni coin: 8FhAXv2tfX - analiz 90s sonra
11:21:35 INFO    [warn] Takip edilen cuzdan yok - once skorlayip takibe alin
11:21:35 WARNING RPC hiz limiti (429) - RPC_RPS dusurun veya plani yukseltin
11:21:37 INFO    [info] Yeni coin: FAu5FjjKxg - analiz 90s sonra
11:21:37 INFO    [info] Yeni coin: CPYxKbMdfi - analiz 90s sonra
11:21:40 INFO    [info] Yeni coin: 5w2eCKo2dr - analiz 90s sonra
11:21:40 INFO    [info] Yeni coin: 6zXnDTJvSP - analiz 90s sonra
11:21:40 INFO    [info] Yeni coin: 8EnChctTHN - analiz 90s sonra
11:21:43 INFO    [info] Yeni coin: 62sNShXF24 - analiz 90s sonra
11:21:43 INFO    [info] Yeni coin: BuQrRS4DAx - analiz 90s sonra
11:21:48 INFO    [info] Yeni coin: HrCpFEXexJ - analiz 90s sonra
11:21:56 INFO    [info] Yeni coin: B22i3RUfDQ - analiz 90s sonra
11:22:03 INFO    [info] Yeni coin: FCXQvfLPKU - analiz 90s sonra
11:22:04 INFO    [info] Yeni coin: 3dcR6meWbF - analiz 90s sonra
11:22:04 INFO    [info] Yeni coin: 2L54XZ2T4Q - analiz 90s sonra
11:22:05 INFO    [info] Yeni coin: AvvvqBpAt9 - analiz 90s sonra
11:22:07 WARNING RPC hiz limiti (429) - RPC_RPS dusurun veya plani yukseltin
11:22:07 INFO    [info] Yeni coin: 3zMWT3WwUC - analiz 90s sonra
11:22:08 INFO    [info] Yeni coin: 4rXrV3beue - analiz 90s sonra
11:22:09 INFO    [info] Yeni coin: B5DK7ZTszF - analiz 90s sonra
11:22:17 INFO    [info] Yeni coin: GXyWWFuWYd - analiz 90s sonra
11:22:24 INFO    [info] Yeni coin: AwzRDVnoHz - analiz 90s sonra
11:22:29 INFO    [info] Yeni coin: 3YzHrdDZZJ - analiz 90s sonra
11:22:44 INFO    [warn] Helius baglantisi koptu (ConnectionClosedError), 5s sonra tekrar denenecek
11:22:51 INFO    [success] Helius websocket baglandi, pump.fun dinleniyor
11:22:55 INFO    [info] Yeni coin: FmofikdJrf - analiz 90s sonra
11:23:10 INFO    [info] Yeni coin: Dx28AJKjZH - analiz 90s sonra
11:23:15 INFO    [info] Yeni coin: 9HxwiNeqgj - analiz 90s sonra
11:23:18 INFO    [info] Yeni coin: EMMQB65hPh - analiz 90s sonra
11:23:22 WARNING RPC hiz limiti (429) - RPC_RPS dusurun veya plani yukseltin
11:23:35 INFO    [warn] Takip edilen cuzdan yok - once skorlayip takibe alin
11:23:37 INFO    [info] Yeni coin: J4b3YKwdug - analiz 90s sonra
11:23:38 INFO    [info] Yeni coin: ypMoQVcJgA - analiz 90s sonra
11:23:40 INFO    [info] Yeni coin: CSLjaPXsrB - analiz 90s sonra
11:23:40 INFO    [info] Yeni coin: HWNdy2Lahb - analiz 90s sonra
11:23:41 INFO    [info] Yeni coin: EVA2K6vSg4 - analiz 90s sonra
11:23:41 INFO    [info] Yeni coin: 6MFx9XkekF - analiz 90s sonra
11:23:43 INFO    [info] Yeni coin: 13zTdRhV18 - analiz 90s sonra
11:23:44 INFO    [info] Yeni coin: 8PaCPxpFVm - analiz 90s sonra
11:23:45 WARNING RPC hiz limiti (429) - RPC_RPS dusurun veya plani yukseltin
11:23:47 INFO    [info] Yeni coin: Ggi7nBQGt8 - analiz 90s sonra
11:23:52 INFO    [info] Yeni coin: jitodontfr - analiz 90s sonra
11:23:52 INFO    [info] Yeni coin: DeCUygdRRi - analiz 90s sonra
11:23:52 INFO    [info] Yeni coin: 5djAmVeB2M - analiz 90s sonra
11:23:53 INFO    [info] Yeni coin: 2sSc9bKZfj - analiz 90s sonra
11:23:54 INFO    [info] Yeni coin: 9aPEGnuRb5 - analiz 90s sonra
11:23:55 INFO    [success] [PAPER] ALINDI The Survivor - 0.1000 SOL @ $0.00000625 (slipaj %1.88, fee 0.00200 SOL)
11:24:04 INFO    [info] Yeni coin: 35chSCYUg9 - analiz 90s sonra
11:24:16 INFO    [info] Yeni coin: ACFeJssJYr - analiz 90s sonra
11:24:21 INFO    [success] [PAPER] ALINDI コリラックマ - 0.1000 SOL @ $0.00000891 (slipaj %1.72, fee 0.00200 SOL)
11:24:24 WARNING RPC hiz limiti (429) - RPC_RPS dusurun veya plani yukseltin
11:24:29 INFO    [info] Yeni coin: 7RnzTJVCrV - analiz 90s sonra
11:24:30 INFO    [info] Yeni coin: GWA1f4jM4y - analiz 90s sonra
11:24:31 INFO    [info] Yeni coin: 4CX7gdR7ty - analiz 90s sonra
11:24:31 INFO    [info] Yeni coin: 5KwGn74KiF - analiz 90s sonra
11:24:32 INFO    [info] Yeni coin: 4LxoHDFYK1 - analiz 90s sonra
11:24:33 INFO    [info] Yeni coin: 8yMyN5Afu3 - analiz 90s sonra
11:24:34 INFO    [info] Yeni coin: Bq1jgxHT5Z - analiz 90s sonra
11:24:36 INFO    [info] Yeni coin: 858GaGzr9T - analiz 90s sonra
11:24:37 INFO    [info] Yeni coin: D8kapHrheM - analiz 90s sonra
11:24:46 INFO    [info] Yeni coin: 9B6raYm5Qz - analiz 90s sonra
11:24:50 INFO    [info] Yeni coin: EL3XUa3rxt - analiz 90s sonra
11:24:50 INFO    [info] Yeni coin: 6ugvYBcK45 - analiz 90s sonra
11:24:55 INFO    [info] Yeni coin: 24xgXoUyGx - analiz 90s sonra
11:25:02 WARNING RPC hiz limiti (429) - RPC_RPS dusurun veya plani yukseltin
11:25:03 INFO    [info] Yeni coin: 9fgnyeHUza - analiz 90s sonra
11:25:04 INFO    [info] Yeni coin: FeejcZ9VkP - analiz 90s sonra
11:25:05 INFO    [info] Yeni coin: Bm8Vc4c7Ro - analiz 90s sonra
11:25:05 INFO    [info] Yeni coin: YFUJMMTEDX - analiz 90s sonra
11:25:09 INFO    [info] Yeni coin: 4qmHtQyDJe - analiz 90s sonra
11:25:11 INFO    [info] Yeni coin: DYrMvAZBPw - analiz 90s sonra
11:25:20 INFO    [info] Yeni coin: EyD4qwK1X6 - analiz 90s sonra
11:25:23 INFO    [info] Yeni coin: 3vmTWi8fpx - analiz 90s sonra
11:25:29 INFO    [info] Yeni coin: FhM1PnsTZ5 - analiz 90s sonra
11:25:30 INFO    [info] Yeni coin: B3aYwij7nF - analiz 90s sonra
11:25:33 INFO    [info] Yeni coin: 7ME9LcW5NG - analiz 90s sonra
11:25:34 INFO    [info] Yeni coin: QRWX6Kp1W3 - analiz 90s sonra
11:25:35 INFO    [warn] Takip edilen cuzdan yok - once skorlayip takibe alin
11:25:40 INFO    [info] Yeni coin: Hh6Bp94JQs - analiz 90s sonra
11:25:42 INFO    [info] Yeni coin: AzYYWVPo95 - analiz 90s sonra
11:25:44 INFO    [info] Yeni coin: Ezs6qbdZWJ - analiz 90s sonra
11:25:44 INFO    [info] Yeni coin: 7eCvaeTi4G - analiz 90s sonra
11:26:10 INFO    [info] Yeni coin: 82EdKyuZYH - analiz 90s sonra
11:26:12 INFO    [info] Yeni coin: 24xgnmvtTP - analiz 90s sonra
11:26:12 INFO    [info] Yeni coin: 7mLEKzg2Hd - analiz 90s sonra
11:26:13 INFO    [info] Yeni coin: HhMtDMRaht - analiz 90s sonra
11:26:14 INFO    [info] Yeni coin: 8dyezsQsM4 - analiz 90s sonra
11:26:19 INFO    [info] Yeni coin: 8NRUDHS1vh - analiz 90s sonra
11:26:22 INFO    [info] Yeni coin: Eff3D9JFM2 - analiz 90s sonra
11:26:23 INFO    [info] Yeni coin: EpHFoNRgyp - analiz 90s sonra
11:26:23 INFO    [info] Yeni coin: 6m7TauEg4X - analiz 90s sonra
11:26:23 INFO    [info] Yeni coin: 24xh9NvN3p - analiz 90s sonra
11:26:25 WARNING RPC hiz limiti (429) - RPC_RPS dusurun veya plani yukseltin
11:26:25 INFO    [info] Yeni coin: 3g6TnzTGaF - analiz 90s sonra
11:26:26 INFO    [info] Yeni coin: E2L6zSQ7ZF - analiz 90s sonra
11:26:26 INFO    [info] Yeni coin: 64GoXcYyjN - analiz 90s sonra
11:26:27 INFO    [info] Yeni coin: AzwwV9Uocf - analiz 90s sonra
11:26:28 INFO    [info] Yeni coin: 2pm2yJotFn - analiz 90s sonra
11:26:28 INFO    [info] Yeni coin: Fp7BVTEMYM - analiz 90s sonra
11:26:30 INFO    [info] Yeni coin: 5HuyEEFqMn - analiz 90s sonra
11:26:34 INFO    [info] Yeni coin: 7LNJ4BRyf2 - analiz 90s sonra
11:26:35 INFO    [info] Yeni coin: JD64esRHvt - analiz 90s sonra
11:26:35 INFO    [warn] bing chilling: analiz fiyati %10 bayat (analiz uzun surdu), taze fiyatla alindi
11:26:35 INFO    [success] [PAPER] ALINDI bing chilling - 0.1000 SOL @ $0.00001295 (slipaj %1.63, fee 0.00200 SOL)
11:26:36 INFO    [info] Yeni coin: 8bX2zZh9Nh - analiz 90s sonra
11:26:37 INFO    [info] Yeni coin: D7zJPQpoeP - analiz 90s sonra
11:26:38 INFO    [info] Yeni coin: 2JT96hG2Ab - analiz 90s sonra
11:26:39 INFO    [info] Yeni coin: Qp24HXbEXL - analiz 90s sonra
11:26:53 INFO    [info] Yeni coin: 5GDMDmbLDD - analiz 90s sonra
11:26:54 INFO    [info] Yeni coin: 2Veo3yiNv2 - analiz 90s sonra
11:26:56 INFO    [info] Yeni coin: 5mP9uKkhpj - analiz 90s sonra
11:26:57 INFO    [info] Yeni coin: F7eDTHAkqQ - analiz 90s sonra
11:26:57 INFO    [info] Yeni coin: 58kgRpPPMG - analiz 90s sonra
11:26:59 INFO    [info] Yeni coin: FD8oMmguCL - analiz 90s sonra
11:27:00 INFO    [info] Yeni coin: ADXDZ271tA - analiz 90s sonra
11:27:03 INFO    [info] Yeni coin: CcvU4hvA95 - analiz 90s sonra
11:27:04 INFO    [info] Yeni coin: 4NiLG29bN5 - analiz 90s sonra
11:27:07 INFO    [info] Yeni coin: CJ4bCtykCK - analiz 90s sonra
11:27:10 WARNING RPC hiz limiti (429) - RPC_RPS dusurun veya plani yukseltin
11:27:12 INFO    [info] Yeni coin: 2eXF1LwYvj - analiz 90s sonra
11:27:12 INFO    [info] Yeni coin: 9kSwn9vtQd - analiz 90s sonra
11:27:21 INFO    [info] Yeni coin: Etmg6VNATt - analiz 90s sonra
11:27:28 INFO    [info] Yeni coin: A3SteohtHq - analiz 90s sonra
11:27:29 INFO    [success] [PAPER] ALINDI Grompany - 0.1000 SOL @ $0.00001111 (slipaj %1.64, fee 0.00200 SOL)
11:27:33 INFO    [info] Yeni coin: 8TZSFTQuP8 - analiz 90s sonra
11:27:35 INFO    [warn] Takip edilen cuzdan yok - once skorlayip takibe alin
11:27:44 INFO    [info] Yeni coin: 6i4Aih71ef - analiz 90s sonra
11:27:48 INFO    [info] Yeni coin: BbwHLF8vXH - analiz 90s sonra
11:27:51 INFO    [info] Yeni coin: kJJbnteV4u - analiz 90s sonra
11:28:01 INFO    [info] Yeni coin: 2Mi8YwepmP - analiz 90s sonra
11:28:04 INFO    [info] Yeni coin: FAeCg1PYhg - analiz 90s sonra
11:28:05 INFO    [info] Yeni coin: 51UHZksSmn - analiz 90s sonra
11:28:05 INFO    [info] Yeni coin: 7vh6wj4B7A - analiz 90s sonra
11:28:08 INFO    [info] Yeni coin: 5qfGF4bvpX - analiz 90s sonra
11:28:13 INFO    [info] Yeni coin: 3mtFTgZWYz - analiz 90s sonra
11:28:17 WARNING RPC hiz limiti (429) - RPC_RPS dusurun veya plani yukseltin
11:28:18 INFO    [info] Yeni coin: B3zosPWagK - analiz 90s sonra
11:28:21 INFO    [info] Yeni coin: uXwCi2AiMP - analiz 90s sonra
11:28:22 INFO    [info] Yeni coin: B9gbmUt7ff - analiz 90s sonra
11:28:23 INFO    [info] Yeni coin: CbvAAmpfek - analiz 90s sonra
11:28:23 INFO    [info] Yeni coin: 8x74ir9iTu - analiz 90s sonra
11:28:24 INFO    [info] Yeni coin: 9JhtEKLMBk - analiz 90s sonra
11:28:24 INFO    [info] Yeni coin: 7CbUP7NJu5 - analiz 90s sonra
11:28:24 INFO    [info] Yeni coin: EAN2J1k2iE - analiz 90s sonra
11:28:24 INFO    [info] Yeni coin: 4Kard6hEDC - analiz 90s sonra
11:28:26 INFO    [info] Yeni coin: C8xfkTRsjV - analiz 90s sonra
11:28:27 INFO    [info] Yeni coin: 7rjnd7Jkeo - analiz 90s sonra
11:28:32 INFO    [info] Yeni coin: 8nEwGCQBG4 - analiz 90s sonra
11:28:34 INFO    [info] Yeni coin: DEXQFGMhJa - analiz 90s sonra
11:28:34 INFO    [info] Yeni coin: AvZfHa1nta - analiz 90s sonra
11:28:34 WARNING RPC hiz limiti (429) - RPC_RPS dusurun veya plani yukseltin
11:28:37 INFO    [info] Yeni coin: 6zSfNJv66i - analiz 90s sonra
11:28:37 INFO    [info] Yeni coin: 4YYzC5YD7J - analiz 90s sonra
11:28:37 INFO    [info] Yeni coin: 4TT2nwx4Bi - analiz 90s sonra
11:28:39 INFO    [info] Yeni coin: F1KKvRe7Xv - analiz 90s sonra
11:28:39 INFO    [info] Yeni coin: vvQiE9GPEa - analiz 90s sonra
11:28:39 INFO    [info] Yeni coin: 6ymbN8JcFD - analiz 90s sonra
11:28:39 INFO    [info] Yeni coin: 2mCQhypMMM - analiz 90s sonra
11:28:40 INFO    [info] Yeni coin: En2c61Fzra - analiz 90s sonra
11:28:43 INFO    [info] Yeni coin: 6VES8m7bdu - analiz 90s sonra
11:28:51 INFO    [info] Yeni coin: 8tGi4J7X1o - analiz 90s sonra
11:28:52 INFO    [info] Yeni coin: 9mAioo5NoA - analiz 90s sonra
11:29:01 INFO    [info] Yeni coin: DaLPFiBVjz - analiz 90s sonra
11:29:06 WARNING RPC hiz limiti (429) - RPC_RPS dusurun veya plani yukseltin
11:29:09 INFO    [info] Yeni coin: ByHzcpduxs - analiz 90s sonra
11:29:17 INFO    [info] Yeni coin: EJFfBuFqjZ - analiz 90s sonra
11:29:18 INFO    [info] Yeni coin: EijHpHQrtk - analiz 90s sonra
11:29:28 INFO    [info] Yeni coin: FcBb7avR9L - analiz 90s sonra
11:29:32 INFO    [info] Yeni coin: FxXbN3u6sd - analiz 90s sonra
11:29:35 INFO    [warn] Takip edilen cuzdan yok - once skorlayip takibe alin
11:29:35 INFO    [info] Yeni coin: DH6uQVqhgQ - analiz 90s sonra
11:29:36 INFO    [info] Yeni coin: CwUtFWUKPD - analiz 90s sonra
11:29:36 INFO    [info] Yeni coin: UfXnTEkX1T - analiz 90s sonra
11:29:41 INFO    [info] Yeni coin: Eieq3mzJGu - analiz 90s sonra
11:29:43 INFO    [info] Yeni coin: A6EfThtzCE - analiz 90s sonra
11:29:43 INFO    [info] Yeni coin: GXEGo5RsTT - analiz 90s sonra
11:29:44 WARNING RPC hiz limiti (429) - RPC_RPS dusurun veya plani yukseltin
11:29:46 INFO    [info] Yeni coin: EVRBs6X6r1 - analiz 90s sonra
11:29:49 INFO    [info] Yeni coin: 8qTk9sGv3s - analiz 90s sonra
11:29:55 INFO    [info] Yeni coin: FUoJKvTThY - analiz 90s sonra
11:30:01 INFO    [info] Yeni coin: 8bTfsR2tSp - analiz 90s sonra
11:30:01 INFO    [info] Yeni coin: 8Wu8nj5DQ9 - analiz 90s sonra
11:30:03 INFO    [info] Yeni coin: 7pQNZMRwtB - analiz 90s sonra
11:30:03 INFO    [info] Yeni coin: 76oLVMddPV - analiz 90s sonra
11:30:04 INFO    [info] Yeni coin: BZaYxMEDHe - analiz 90s sonra
11:30:05 INFO    [info] Yeni coin: 24xhBePUqH - analiz 90s sonra
11:30:08 INFO    [info] Yeni coin: EtFSMHzjck - analiz 90s sonra
11:30:09 INFO    [info] Yeni coin: Cuc23w1MX5 - analiz 90s sonra
11:30:11 INFO    [info] Yeni coin: 2onSRh65jV - analiz 90s sonra
11:30:14 INFO    [info] Yeni coin: 6ezUmCxezE - analiz 90s sonra
11:30:14 WARNING RPC hiz limiti (429) - RPC_RPS dusurun veya plani yukseltin
11:30:16 INFO    [info] Yeni coin: 61VeF9t5hy - analiz 90s sonra
11:30:17 INFO    [info] Yeni coin: q3k7vTogf4 - analiz 90s sonra
11:30:19 INFO    [info] Yeni coin: 71zg9VkqA1 - analiz 90s sonra
11:30:23 INFO    [info] Yeni coin: FUKMrou4dc - analiz 90s sonra
11:30:25 INFO    [success] [PAPER] ALINDI pupu the frug - 0.1000 SOL @ $0.00000591 (slipaj %1.84, fee 0.00200 SOL)
11:30:25 INFO    [info] Yeni coin: 24xiGpt7Uw - analiz 90s sonra
11:30:27 INFO    [info] Yeni coin: 6KgSV5uXVM - analiz 90s sonra
11:30:27 INFO    [info] Yeni coin: C4FAJNiupn - analiz 90s sonra
11:30:32 INFO    [info] Yeni coin: 4YFxscP26P - analiz 90s sonra
11:30:33 INFO    [info] Yeni coin: Gp8JSocf51 - analiz 90s sonra
11:30:34 INFO    [info] Yeni coin: hZTVTeJVTD - analiz 90s sonra
11:30:34 INFO    [info] Yeni coin: 5PgQPp2n9t - analiz 90s sonra
11:30:35 INFO    [info] Yeni coin: 7mTCh87Ugq - analiz 90s sonra
11:30:40 INFO    [info] Yeni coin: 7Xvnzq5q1B - analiz 90s sonra
11:30:42 WARNING RPC hiz limiti (429) - RPC_RPS dusurun veya plani yukseltin
11:30:45 INFO    [info] Yeni coin: EKaBigCqBg - analiz 90s sonra
11:30:45 INFO    [info] Yeni coin: 24xiVqCLo8 - analiz 90s sonra
11:30:45 INFO    [info] Yeni coin: DkvrD5u7Pa - analiz 90s sonra
11:30:45 INFO    [info] Yeni coin: 5SgoDrsgkj - analiz 90s sonra
11:30:46 INFO    [info] Yeni coin: DHYNdJsaPi - analiz 90s sonra
11:30:47 INFO    [info] Yeni coin: CSKZjwdGCB - analiz 90s sonra
11:30:49 INFO    [info] Yeni coin: 78Eav8oQMU - analiz 90s sonra
11:30:52 INFO    [info] Yeni coin: A9ZA2SuLXz - analiz 90s sonra
11:30:52 INFO    [info] Yeni coin: D1DxhWqiUi - analiz 90s sonra
11:30:53 INFO    [info] Yeni coin: GFvUjgrGZq - analiz 90s sonra
11:30:54 INFO    [info] Yeni coin: 36kw2Kh2wu - analiz 90s sonra
11:30:56 INFO    [info] Yeni coin: Hb88veAAbJ - analiz 90s sonra
11:31:03 INFO    [info] Yeni coin: 4GTRLbxESJ - analiz 90s sonra
11:31:09 INFO    [info] Yeni coin: 3xEiEpxcpM - analiz 90s sonra
11:31:12 INFO    [info] Yeni coin: 4gH7W7whdB - analiz 90s sonra
11:31:18 INFO    [info] Yeni coin: En15TRqYew - analiz 90s sonra
11:31:20 INFO    [info] Yeni coin: B2CRy2Nb1y - analiz 90s sonra
11:31:20 INFO    [info] Yeni coin: 54xjUJfVXW - analiz 90s sonra
11:31:22 WARNING RPC hiz limiti (429) - RPC_RPS dusurun veya plani yukseltin
11:31:25 INFO    [info] Yeni coin: 24xiewvaUs - analiz 90s sonra
11:31:26 INFO    [info] Yeni coin: 39doznozeF - analiz 90s sonra
11:31:27 INFO    [info] Yeni coin: 2tq9AbSajD - analiz 90s sonra
11:31:27 INFO    [info] Yeni coin: FE6shGVPug - analiz 90s sonra
11:31:32 INFO    [info] Yeni coin: 24xikUNhGT - analiz 90s sonra
11:31:32 INFO    [info] Yeni coin: FkH6PBjb8L - analiz 90s sonra
11:31:33 INFO    [info] Yeni coin: G6RamPWW8p - analiz 90s sonra
11:31:34 INFO    [info] Yeni coin: 68oKE5vv2Z - analiz 90s sonra
11:31:35 INFO    [warn] Takip edilen cuzdan yok - once skorlayip takibe alin
11:31:39 WARNING RPC hiz limiti (429) - RPC_RPS dusurun veya plani yukseltin
11:31:41 INFO    [info] Yeni coin: DtfvSxPxP7 - analiz 90s sonra
11:31:42 INFO    [info] Yeni coin: GLm8mgPrbs - analiz 90s sonra
11:31:43 INFO    [info] Yeni coin: EJ7Sapdugr - analiz 90s sonra
11:31:47 INFO    [info] Yeni coin: GoGVeon7jU - analiz 90s sonra
11:31:51 INFO    [info] Yeni coin: 9aJMjNNJSx - analiz 90s sonra
11:31:51 INFO    [info] Yeni coin: 5uphJBcS5d - analiz 90s sonra
11:31:58 INFO    [info] Yeni coin: AiH8oZRgnE - analiz 90s sonra
11:32:01 INFO    [info] Yeni coin: 24xio3oscr - analiz 90s sonra
11:32:06 WARNING RPC hiz limiti (429) - RPC_RPS dusurun veya plani yukseltin
11:32:09 INFO    [info] Yeni coin: FrLu5CNyV9 - analiz 90s sonra
11:32:14 INFO    [info] Yeni coin: FUNs79dmmB - analiz 90s sonra
11:32:20 INFO    [info] Yeni coin: 3srSFonE2B - analiz 90s sonra
11:32:21 INFO    [info] Yeni coin: 5b7wi2w6DM - analiz 90s sonra
11:32:27 INFO    [info] Yeni coin: DMq76TBb3m - analiz 90s sonra
11:32:27 INFO    [info] Yeni coin: 2a52CeZAFy - analiz 90s sonra
11:32:33 INFO    [info] Yeni coin: 85XKPh7c4Y - analiz 90s sonra
11:32:39 INFO    [info] Yeni coin: 5G1zSZaso8 - analiz 90s sonra
11:32:42 WARNING RPC hiz limiti (429) - RPC_RPS dusurun veya plani yukseltin
11:32:42 INFO    [info] Yeni coin: BisR6KGmnu - analiz 90s sonra
11:32:43 INFO    [info] Yeni coin: 95otpmj8y3 - analiz 90s sonra
11:32:47 INFO    [info] Yeni coin: 6zAqi2Q82C - analiz 90s sonra
11:32:48 INFO    [info] Yeni coin: 24xj4Y2i5n - analiz 90s sonra
11:32:51 INFO    [info] Yeni coin: 3oZhWfiAsz - analiz 90s sonra
11:32:58 INFO    [info] Yeni coin: BPhXLNgw79 - analiz 90s sonra
11:32:59 INFO    [info] Yeni coin: 9oNPxcESyz - analiz 90s sonra
11:33:04 INFO    [info] Yeni coin: 8guDXaocN3 - analiz 90s sonra
11:33:04 INFO    [info] Yeni coin: D2iUNTuHK5 - analiz 90s sonra
11:33:04 INFO    [info] Yeni coin: DsmHopYRuS - analiz 90s sonra
11:33:09 INFO    [info] Yeni coin: 8NcPgw956a - analiz 90s sonra
11:33:11 INFO    [info] Yeni coin: AiW3GjKG8K - analiz 90s sonra
11:33:15 INFO    [info] Yeni coin: 24xjEDsCif - analiz 90s sonra
11:33:30 INFO    [info] Yeni coin: AmBchK5TF2 - analiz 90s sonra
11:33:31 INFO    [info] Yeni coin: AXnYFVyoHj - analiz 90s sonra
11:33:33 INFO    [info] Yeni coin: Hrgtqt4r5r - analiz 90s sonra
11:33:34 WARNING RPC hiz limiti (429) - RPC_RPS dusurun veya plani yukseltin
11:33:34 INFO    [info] Yeni coin: 3tkroLdobp - analiz 90s sonra
11:33:34 INFO    [info] Yeni coin: F2YQ1DseCG - analiz 90s sonra
11:33:35 INFO    [info] Yeni coin: 4kB7mkopTB - analiz 90s sonra
11:33:35 INFO    [warn] Takip edilen cuzdan yok - once skorlayip takibe alin
11:33:37 INFO    [info] Yeni coin: 7HyWx22iRH - analiz 90s sonra
11:33:37 INFO    [info] Yeni coin: 2eTm52K74F - analiz 90s sonra
11:33:38 INFO    [info] Yeni coin: 3DAEfP1bjN - analiz 90s sonra
11:33:38 INFO    [info] Yeni coin: 7Ev9hcW3iL - analiz 90s sonra
11:33:38 INFO    [info] Yeni coin: 95fV1tPVu4 - analiz 90s sonra
11:33:39 INFO    [info] Yeni coin: EJKxaCnYLL - analiz 90s sonra
11:33:46 INFO    [info] Yeni coin: qweRYnY6LM - analiz 90s sonra
11:33:48 INFO    [info] Yeni coin: 7FG1mPfK5Y - analiz 90s sonra
11:33:50 INFO    [info] Yeni coin: Cbr49ruya2 - analiz 90s sonra
11:33:51 INFO    [info] Yeni coin: 6gBDKQJFMe - analiz 90s sonra
11:33:51 INFO    [info] Yeni coin: 3M323MRnnw - analiz 90s sonra
11:33:53 INFO    [info] Yeni coin: 2ZF5QsKDvn - analiz 90s sonra
11:33:55 INFO    [info] Yeni coin: CuufmmBxgX - analiz 90s sonra
11:33:56 WARNING RPC hiz limiti (429) - RPC_RPS dusurun veya plani yukseltin
11:33:57 INFO    [info] Yeni coin: 9GGdhyXoWZ - analiz 90s sonra
11:33:59 INFO    [info] Yeni coin: B1DheBSiZj - analiz 90s sonra
11:33:59 INFO    [info] Yeni coin: 5nhoRFP4Vn - analiz 90s sonra
11:34:00 INFO    [info] Yeni coin: 7859oqTJLf - analiz 90s sonra
11:34:01 INFO    [info] Yeni coin: Hq6kk1kbYh - analiz 90s sonra
11:34:03 INFO    [info] Yeni coin: HcTexMkwrU - analiz 90s sonra
11:34:06 INFO    [info] Yeni coin: HxWHkM4QD7 - analiz 90s sonra
11:34:12 INFO    [info] Yeni coin: APpN5Dqqoe - analiz 90s sonra
11:34:19 WARNING RPC hiz limiti (429) - RPC_RPS dusurun veya plani yukseltin
11:34:22 INFO    [info] Yeni coin: AgGg6HAPXA - analiz 90s sonra
11:34:22 INFO    [info] Yeni coin: Diw45Ep3e5 - analiz 90s sonra
11:34:31 INFO    [info] Yeni coin: HuQhR2MJgi - analiz 90s sonra
11:34:35 INFO    [info] Yeni coin: 2DwTcAaVw7 - analiz 90s sonra
11:34:35 INFO    [info] Yeni coin: 2KMMbSzfLv - analiz 90s sonra
11:34:36 INFO    [info] Yeni coin: EjbZk8ALMT - analiz 90s sonra
11:34:38 INFO    [info] Yeni coin: 2dJrEG6bfC - analiz 90s sonra
11:34:38 INFO    [info] Yeni coin: CCxVqXvSmp - analiz 90s sonra
11:34:40 WARNING RPC hiz limiti (429) - RPC_RPS dusurun veya plani yukseltin
11:34:42 INFO    [info] Yeni coin: 5LdbP5wyX1 - analiz 90s sonra
11:34:54 INFO    [info] Yeni coin: 8afLSLnUEx - analiz 90s sonra
11:34:55 INFO    [info] Yeni coin: 9hfvQ38Ddc - analiz 90s sonra
11:34:59 INFO    [info] Yeni coin: 573RRDw7QB - analiz 90s sonra
11:35:04 INFO    [info] Yeni coin: fRPgNyijXi - analiz 90s sonra
11:35:05 INFO    [info] Yeni coin: 8izdMroDxa - analiz 90s sonra
11:35:08 INFO    [success] TIER1 tetiklendi: Grompany (2.11x) - %25 satiliyor
11:35:08 INFO    [info] [PAPER] SATIS Grompany tier1 %25 -> 0.04986 SOL (fee 0.00152)
11:35:08 INFO    [success] [PAPER] Grompany | tier1 %25 | PnL 108.10% (0.0246 SOL)
11:35:09 INFO    [info] Yeni coin: 9Di72DPcsq - analiz 90s sonra
11:35:11 INFO    [info] Yeni coin: 5rP5s1WnB4 - analiz 90s sonra
11:35:13 WARNING RPC hiz limiti (429) - RPC_RPS dusurun veya plani yukseltin
11:35:20 INFO    [info] Yeni coin: 3tis99sQ1X - analiz 90s sonra
11:35:24 INFO    [info] Yeni coin: 6NzzjhcvE8 - analiz 90s sonra
11:35:24 INFO    [info] Yeni coin: 24xkDTuQ6f - analiz 90s sonra
11:35:25 INFO    [info] Yeni coin: F26mBinoWr - analiz 90s sonra
11:35:35 INFO    [warn] Takip edilen cuzdan yok - once skorlayip takibe alin
11:35:46 INFO    [info] Yeni coin: 7oR1bBFdd6 - analiz 90s sonra
11:35:46 INFO    [info] Yeni coin: 4ki2c1qT99 - analiz 90s sonra
11:35:47 INFO    [info] Yeni coin: 4d2jJzYgwu - analiz 90s sonra
11:35:48 INFO    [info] Yeni coin: BX9YUFbrEC - analiz 90s sonra
11:35:48 INFO    [info] Yeni coin: 9YYHtnFhKV - analiz 90s sonra
11:35:48 WARNING RPC hiz limiti (429) - RPC_RPS dusurun veya plani yukseltin
11:35:48 INFO    [info] Yeni coin: NhTvuDWu48 - analiz 90s sonra
11:35:51 INFO    [info] Yeni coin: HWU3iubR4B - analiz 90s sonra
11:35:54 INFO    [info] Yeni coin: H2NaHuHC2U - analiz 90s sonra
11:36:04 INFO    [info] Yeni coin: 3wn2tfb7bJ - analiz 90s sonra
11:36:08 INFO    [info] Yeni coin: CMNWheFau2 - analiz 90s sonra
11:36:10 INFO    [info] Yeni coin: GiDWEAbFcR - analiz 90s sonra
11:36:10 INFO    [info] Yeni coin: 24xkTHgBwH - analiz 90s sonra
11:36:13 INFO    [info] Yeni coin: EAEWynjtVv - analiz 90s sonra
11:36:14 INFO    [info] Yeni coin: G8nxmyKXWK - analiz 90s sonra
11:36:18 INFO    [info] Yeni coin: CMDFeSCMB4 - analiz 90s sonra
11:36:18 INFO    [info] Yeni coin: 7QDRLw9WhF - analiz 90s sonra
11:36:19 WARNING RPC hiz limiti (429) - RPC_RPS dusurun veya plani yukseltin
11:36:25 INFO    [info] Yeni coin: GJMcW8gRuj - analiz 90s sonra
11:36:34 INFO    [info] Yeni coin: 6AZmzmNQ4s - analiz 90s sonra
11:36:36 INFO    [info] Yeni coin: HaGodwQi7F - analiz 90s sonra
11:36:40 INFO    [info] Yeni coin: 86JF1S58ZN - analiz 90s sonra
11:36:41 INFO    [info] Yeni coin: 3fL8maWRjA - analiz 90s sonra
11:36:43 INFO    [info] Yeni coin: 9hRE1iUyuF - analiz 90s sonra
11:36:45 INFO    [info] Yeni coin: m3F7AcmaNq - analiz 90s sonra
11:36:45 INFO    [info] Yeni coin: zATW6JVHB7 - analiz 90s sonra
11:36:45 INFO    [info] Yeni coin: Xp8CmFzVtM - analiz 90s sonra
11:36:46 WARNING RPC hiz limiti (429) - RPC_RPS dusurun veya plani yukseltin
11:36:48 INFO    [info] Yeni coin: BQaHeKUQGG - analiz 90s sonra
11:36:55 INFO    [info] Yeni coin: 9ya3zUFWgr - analiz 90s sonra
11:36:56 INFO    [success] [PAPER] ALINDI ANSEM.TODAY - 0.1000 SOL @ $0.00001159 (slipaj %1.66, fee 0.00200 SOL)
11:36:56 INFO    [info] Yeni coin: GemrU7kyUx - analiz 90s sonra
11:36:58 INFO    [info] Yeni coin: AT7ejvbQgQ - analiz 90s sonra
11:37:00 INFO    [info] Yeni coin: CASHx9KJUS - analiz 90s sonra
11:37:05 INFO    [info] Yeni coin: 6aYWb4fxMo - analiz 90s sonra
11:37:12 INFO    [info] Yeni coin: jmQ2b9Rp29 - analiz 90s sonra
11:37:21 INFO    [info] Yeni coin: FaEm5rhxc1 - analiz 90s sonra
11:37:22 INFO    [info] Yeni coin: AJ2xFeCmTo - analiz 90s sonra
11:37:23 WARNING RPC hiz limiti (429) - RPC_RPS dusurun veya plani yukseltin
11:37:25 INFO    [info] Yeni coin: GUeR5SMaT5 - analiz 90s sonra
11:37:27 INFO    [info] Yeni coin: AhjyiBfDKT - analiz 90s sonra
11:37:32 INFO    [info] Yeni coin: 7GerZpsS4V - analiz 90s sonra
11:37:35 INFO    [warn] Takip edilen cuzdan yok - once skorlayip takibe alin
11:37:40 INFO    [info] Yeni coin: 99fC6Pky6G - analiz 90s sonra
11:37:40 INFO    [info] Yeni coin: EhEuwB9ehB - analiz 90s sonra
11:37:44 INFO    [info] Yeni coin: 6VHn2bKf7C - analiz 90s sonra
11:37:48 WARNING RPC hiz limiti (429) - RPC_RPS dusurun veya plani yukseltin
11:37:49 INFO    [info] Yeni coin: 4D3TtnXRRL - analiz 90s sonra
11:37:49 INFO    [info] Yeni coin: 93eY7fA3d6 - analiz 90s sonra
11:37:49 INFO    [info] Yeni coin: dVAXkLYF7m - analiz 90s sonra
11:37:51 INFO    [info] Yeni coin: GjAfxpGzed - analiz 90s sonra
11:38:11 INFO    [info] Yeni coin: GiJy1xssYn - analiz 90s sonra
11:38:15 INFO    [info] Yeni coin: Dz3YC8LmTi - analiz 90s sonra
11:38:19 WARNING RPC hiz limiti (429) - RPC_RPS dusurun veya plani yukseltin
11:38:24 INFO    [info] Yeni coin: 7KFeQ5dqjM - analiz 90s sonra
11:38:26 INFO    [info] Yeni coin: BKHzFpuXi6 - analiz 90s sonra
11:38:27 INFO    [info] Yeni coin: F2XB91U4JC - analiz 90s sonra
11:38:31 INFO    [info] Yeni coin: 54s8A524SP - analiz 90s sonra
11:38:40 INFO    [info] Yeni coin: 3jKNXMbSak - analiz 90s sonra
11:38:48 WARNING RPC hiz limiti (429) - RPC_RPS dusurun veya plani yukseltin
11:38:52 INFO    [info] Yeni coin: H2s9JeXYWm - analiz 90s sonra
11:38:52 INFO    [info] Yeni coin: J5fTMpV2Do - analiz 90s sonra
11:38:53 INFO    [info] Yeni coin: HWQHcg327Z - analiz 90s sonra
11:38:53 INFO    [info] Yeni coin: 53czzCVN7p - analiz 90s sonra
11:38:57 INFO    [info] Yeni coin: 3GwUuw8NzW - analiz 90s sonra
11:38:57 INFO    [info] Yeni coin: H3bkY5Jsbx - analiz 90s sonra
11:38:58 INFO    [info] Yeni coin: 3nKP64knhD - analiz 90s sonra
11:39:00 INFO    [info] Yeni coin: FfUU9zu4xk - analiz 90s sonra
11:39:13 INFO    [info] Yeni coin: 7SBf2ChdH6 - analiz 90s sonra
11:39:15 INFO    [info] Yeni coin: 83XkSgw3YK - analiz 90s sonra
11:39:16 INFO    [info] Yeni coin: NjUNtSDyzn - analiz 90s sonra
11:39:16 INFO    [info] Yeni coin: 7EGFWobep5 - analiz 90s sonra
11:39:18 WARNING RPC hiz limiti (429) - RPC_RPS dusurun veya plani yukseltin
11:39:22 INFO    [info] Yeni coin: 2RQhdPJ9pJ - analiz 90s sonra
11:39:23 INFO    [info] Yeni coin: FzBW3L7A9a - analiz 90s sonra
11:39:24 INFO    [info] Yeni coin: 62ArjzQ7x7 - analiz 90s sonra
11:39:29 INFO    [info] Yeni coin: Kzvf9GkwUg - analiz 90s sonra
11:39:35 INFO    [warn] Takip edilen cuzdan yok - once skorlayip takibe alin
11:39:36 INFO    [info] Yeni coin: 8dG4jWxNBh - analiz 90s sonra
11:39:37 INFO    [info] Yeni coin: DFrr8o55Yd - analiz 90s sonra
11:39:38 INFO    [info] Yeni coin: 4oHqyb98Cj - analiz 90s sonra
11:39:39 INFO    [info] Yeni coin: CMnjiw3M1b - analiz 90s sonra
11:39:46 WARNING RPC hiz limiti (429) - RPC_RPS dusurun veya plani yukseltin
11:39:48 INFO    [info] Yeni coin: JCekmJUi3n - analiz 90s sonra
11:39:50 INFO    [info] Yeni coin: GKaws7aqZi - analiz 90s sonra
11:39:57 INFO    [info] Yeni coin: AFLvzCZwMe - analiz 90s sonra
11:39:59 INFO    [info] Yeni coin: 4siXqKTpUv - analiz 90s sonra
11:39:59 INFO    [info] Yeni coin: EH7wH6xLzJ - analiz 90s sonra
11:40:00 INFO    [info] Yeni coin: 6xha3cdpqB - analiz 90s sonra
11:40:01 INFO    [info] Yeni coin: GkNnGh4eVw - analiz 90s sonra
11:40:01 INFO    [info] Yeni coin: 73SWBziMGx - analiz 90s sonra
11:40:01 INFO    [info] Yeni coin: DPVLMXj9JR - analiz 90s sonra
11:40:02 WARNING RPC hiz limiti (429) - RPC_RPS dusurun veya plani yukseltin
11:40:03 INFO    [info] Yeni coin: C7U5WZmHu3 - analiz 90s sonra
11:40:10 INFO    [info] Yeni coin: BUS2Sa4sSg - analiz 90s sonra
11:40:14 INFO    [info] Yeni coin: 6idGUjNHYi - analiz 90s sonra
11:40:14 INFO    [info] Yeni coin: Fu1UNWNfGu - analiz 90s sonra
11:40:15 INFO    [info] Yeni coin: fBJiQ6DsTi - analiz 90s sonra
11:40:16 INFO    [info] Yeni coin: D9oGrHNQfK - analiz 90s sonra
11:40:18 INFO    [info] Yeni coin: 9YaaP6xy4x - analiz 90s sonra
11:40:19 INFO    [info] Yeni coin: Cs8B7BwuER - analiz 90s sonra
11:40:20 INFO    [info] Yeni coin: rHZGN2uRNJ - analiz 90s sonra
11:40:27 INFO    [info] Yeni coin: 8YWKFLJZHT - analiz 90s sonra
11:40:28 INFO    [info] Yeni coin: 5RmsspFf36 - analiz 90s sonra
11:40:30 INFO    [info] Yeni coin: C6w9cwCKeE - analiz 90s sonra
11:40:31 INFO    [info] Yeni coin: HV7sZE5yGZ - analiz 90s sonra
11:40:33 INFO    [info] Yeni coin: 4N9vnovect - analiz 90s sonra
11:40:33 INFO    [info] Yeni coin: BV4wAPHsVr - analiz 90s sonra
11:40:33 INFO    [info] Yeni coin: Db9NBYZWKy - analiz 90s sonra
11:40:34 WARNING RPC hiz limiti (429) - RPC_RPS dusurun veya plani yukseltin
11:40:35 INFO    [info] Yeni coin: FN6YfFNpPM - analiz 90s sonra
11:40:38 INFO    [info] Yeni coin: 8uvajws78s - analiz 90s sonra
11:40:41 INFO    [info] Yeni coin: EWKyRL8BvS - analiz 90s sonra
11:40:42 INFO    [info] Yeni coin: CyMxNkEDuc - analiz 90s sonra
11:40:45 INFO    [info] Yeni coin: 8ikTM3ooM4 - analiz 90s sonra
11:40:50 INFO    [info] Yeni coin: A1Z6TKsA7m - analiz 90s sonra
11:40:50 INFO    [info] Yeni coin: 6MdJcUXpSB - analiz 90s sonra
11:40:55 INFO    [info] Yeni coin: 455pt77tmg - analiz 90s sonra
11:40:55 INFO    [info] Yeni coin: 8x5jxEYfsC - analiz 90s sonra
11:40:56 INFO    [error] Stop loss: pupu the frug (-36.5%)
11:40:56 INFO    [info] [PAPER] SATIS pupu the frug stop_loss %100 -> 0.05978 SOL (fee 0.00162)
11:40:56 INFO    [error] [PAPER] pupu the frug | stop_loss %100 | PnL -37.47% (-0.0412 SOL)
11:41:03 INFO    [info] Yeni coin: 5Sj393fR86 - analiz 90s sonra
11:41:06 WARNING RPC hiz limiti (429) - RPC_RPS dusurun veya plani yukseltin
11:41:08 INFO    [info] Yeni coin: DUDeJGNoDx - analiz 90s sonra
11:41:10 INFO    [info] Yeni coin: 2ZbhwAYEzX - analiz 90s sonra
11:41:11 INFO    [info] Yeni coin: Bk2MR1E6tD - analiz 90s sonra
11:41:15 INFO    [info] Yeni coin: GZmjkeFhP7 - analiz 90s sonra
11:41:15 INFO    [info] Yeni coin: 4jXJz2Yxi7 - analiz 90s sonra
11:41:16 INFO    [info] Yeni coin: 5yxq5nFJWP - analiz 90s sonra
11:41:21 INFO    [info] Yeni coin: 9MgFUS22db - analiz 90s sonra
11:41:22 INFO    [info] Yeni coin: oDuLwf8mjy - analiz 90s sonra
11:41:25 INFO    [info] Yeni coin: 7AmrPqSoB9 - analiz 90s sonra
11:41:31 INFO    [info] Yeni coin: 9U75zqzwia - analiz 90s sonra
11:41:32 WARNING RPC hiz limiti (429) - RPC_RPS dusurun veya plani yukseltin
11:41:34 INFO    [info] Yeni coin: EDKNhEYJiW - analiz 90s sonra
11:41:35 INFO    [warn] Takip edilen cuzdan yok - once skorlayip takibe alin
11:41:44 INFO    [info] Yeni coin: hMkSgAV2Hy - analiz 90s sonra
11:41:44 INFO    [info] Yeni coin: 4AFTKpVZcH - analiz 90s sonra
11:41:46 INFO    [info] Yeni coin: 4jysSzCrJT - analiz 90s sonra
11:41:46 INFO    [info] Yeni coin: EKpQGSJtjM - analiz 90s sonra
11:41:47 INFO    [info] Yeni coin: Ev2VMPMDU6 - analiz 90s sonra
11:42:02 INFO    [info] Yeni coin: 7PPgHz6HDe - analiz 90s sonra
11:42:11 INFO    [error] Stop loss: bing chilling (-31.6%)
11:42:11 INFO    [info] [PAPER] SATIS bing chilling stop_loss %100 -> 0.06440 SOL (fee 0.00167)
11:42:11 INFO    [error] [PAPER] bing chilling | stop_loss %100 | PnL -32.67% (-0.0366 SOL)
11:42:14 WARNING RPC hiz limiti (429) - RPC_RPS dusurun veya plani yukseltin
11:42:19 INFO    [info] Yeni coin: DpjySwqTFs - analiz 90s sonra
11:42:20 INFO    [info] Yeni coin: FaeVGmoZdb - analiz 90s sonra
11:42:20 INFO    [info] Yeni coin: FJuvKCVBe4 - analiz 90s sonra
11:42:24 INFO    [info] Yeni coin: Gy4GV8gdvv - analiz 90s sonra
11:42:25 INFO    [info] Yeni coin: 6PkMgbr9BL - analiz 90s sonra
11:42:26 INFO    [info] Yeni coin: 3QNNBeiXwy - analiz 90s sonra
11:42:26 INFO    [info] Yeni coin: 4x8HpG8sur - analiz 90s sonra
11:42:27 INFO    [info] Yeni coin: 2VkECvxTy2 - analiz 90s sonra
11:42:33 INFO    [info] Yeni coin: 24xmokVWkC - analiz 90s sonra
11:42:36 WARNING RPC hiz limiti (429) - RPC_RPS dusurun veya plani yukseltin
11:42:38 INFO    [info] Yeni coin: 8L2tR6UmwD - analiz 90s sonra
11:42:39 INFO    [info] Yeni coin: 4GTFqWLthS - analiz 90s sonra
11:42:40 INFO    [info] Yeni coin: 8jzcYi7mhN - analiz 90s sonra
11:42:42 INFO    [info] Yeni coin: 8ymVn7igsC - analiz 90s sonra
11:42:47 INFO    [info] Yeni coin: EQDpbUTcSF - analiz 90s sonra
11:42:51 INFO    [info] Yeni coin: LkGunuxTBz - analiz 90s sonra
11:42:55 INFO    [info] Yeni coin: 4LShGa8e7m - analiz 90s sonra
11:42:57 WARNING RPC hiz limiti (429) - RPC_RPS dusurun veya plani yukseltin
11:43:01 INFO    [info] Yeni coin: 5rsrECy9Cv - analiz 90s sonra
11:43:06 INFO    [info] Yeni coin: 6v6kFE7imB - analiz 90s sonra
11:43:11 INFO    [info] Yeni coin: 53zLsZy44C - analiz 90s sonra
11:43:14 WARNING RPC hiz limiti (429) - RPC_RPS dusurun veya plani yukseltin
11:43:16 INFO    [info] Yeni coin: A43kk2JNtg - analiz 90s sonra
11:43:19 INFO    [info] Yeni coin: 6z1pmMFkuh - analiz 90s sonra
11:43:21 INFO    [info] Yeni coin: B848DfBq2j - analiz 90s sonra
11:43:21 INFO    [info] Yeni coin: FqmBjEX99N - analiz 90s sonra
11:43:21 INFO    [info] Yeni coin: 55tB8orccQ - analiz 90s sonra
11:43:28 INFO    [info] Yeni coin: 8MkjP4448e - analiz 90s sonra
11:43:34 INFO    [info] Yeni coin: 8uaBBFwa7e - analiz 90s sonra
11:43:35 INFO    [warn] Takip edilen cuzdan yok - once skorlayip takibe alin
11:43:41 INFO    [info] Yeni coin: HuJag8BeTz - analiz 90s sonra
11:43:47 WARNING RPC hiz limiti (429) - RPC_RPS dusurun veya plani yukseltin
11:43:49 INFO    [info] Yeni coin: BKsqn2TySN - analiz 90s sonra
11:43:56 INFO    [info] Yeni coin: 2siCoh7bTy - analiz 90s sonra
11:44:03 INFO    [info] Yeni coin: 9m6i89262g - analiz 90s sonra
11:44:07 INFO    [info] Yeni coin: 7X3tcx7xKo - analiz 90s sonra
11:44:07 INFO    [info] Yeni coin: 8xSGL1dDop - analiz 90s sonra
11:44:07 INFO    [info] Yeni coin: DTfRfT8uxs - analiz 90s sonra
11:44:18 INFO    [info] Yeni coin: EGr9FiX5cw - analiz 90s sonra
11:44:22 WARNING RPC hiz limiti (429) - RPC_RPS dusurun veya plani yukseltin
11:44:27 INFO    [info] Yeni coin: CzjjcMKS2N - analiz 90s sonra
11:44:29 INFO    [info] Yeni coin: 7YaGSjhKf1 - analiz 90s sonra
11:44:33 INFO    [info] Yeni coin: 3VwRwvx31L - analiz 90s sonra
11:44:34 INFO    [info] Yeni coin: NG3XsKWYBJ - analiz 90s sonra
11:44:35 INFO    [info] Yeni coin: 2YVSurU7in - analiz 90s sonra
11:44:35 INFO    [info] Yeni coin: 3v6x3cxpBy - analiz 90s sonra
11:44:38 INFO    [info] Yeni coin: 3rQ2oP7nQX - analiz 90s sonra
11:44:39 INFO    [info] Yeni coin: CeAwjR2BMh - analiz 90s sonra
11:44:45 WARNING RPC hiz limiti (429) - RPC_RPS dusurun veya plani yukseltin
11:44:47 INFO    [info] Yeni coin: 8tjhuMuF47 - analiz 90s sonra
11:44:52 INFO    [info] Yeni coin: 23d5nKDufT - analiz 90s sonra
11:44:56 INFO    [info] Yeni coin: KhEk1Ge8qD - analiz 90s sonra
11:45:13 INFO    [info] Yeni coin: 4YfQyKDaAv - analiz 90s sonra
11:45:14 INFO    [info] Yeni coin: ApXFWNXWxm - analiz 90s sonra
11:45:14 INFO    [info] Yeni coin: Fbho53Lyjz - analiz 90s sonra
11:45:16 INFO    [info] Yeni coin: CYE6NYzy9h - analiz 90s sonra
11:45:19 WARNING RPC hiz limiti (429) - RPC_RPS dusurun veya plani yukseltin
11:45:20 INFO    [info] Yeni coin: EBfxvSwT8b - analiz 90s sonra
11:45:26 INFO    [info] Yeni coin: FozaDN7wkA - analiz 90s sonra
11:45:26 INFO    [info] Yeni coin: DJd73Q278Y - analiz 90s sonra
11:45:29 INFO    [info] Yeni coin: 88qrDdYTJc - analiz 90s sonra
11:45:31 INFO    [success] [PAPER] ALINDI Awesome GitHub Profile Readme - 0.1000 SOL @ $0.00000629 (slipaj %1.80, fee 0.00200 SOL)
11:45:31 INFO    [info] Yeni coin: Do7P6kVW4T - analiz 90s sonra
11:45:35 INFO    [warn] Takip edilen cuzdan yok - once skorlayip takibe alin
11:45:41 INFO    [info] Yeni coin: HUWPmjkxPw - analiz 90s sonra
11:45:43 INFO    [info] Yeni coin: 5XAkLDDs5A - analiz 90s sonra
11:45:46 INFO    [info] Yeni coin: 4qtkrgvtEq - analiz 90s sonra
11:45:48 INFO    [info] Yeni coin: 6L1SBWg5uR - analiz 90s sonra
11:45:50 INFO    [info] Yeni coin: AmDCZsBRn2 - analiz 90s sonra
11:45:55 WARNING RPC hiz limiti (429) - RPC_RPS dusurun veya plani yukseltin
11:46:01 INFO    [error] Stop loss: コリラックマ (-34.3%)
11:46:02 INFO    [info] [PAPER] SATIS コリラックマ stop_loss %100 -> 0.06185 SOL (fee 0.00164)
11:46:02 INFO    [error] [PAPER] コリラックマ | stop_loss %100 | PnL -35.25% (-0.0392 SOL)
11:46:10 INFO    [info] Yeni coin: DbDwQC6f9h - analiz 90s sonra
11:46:11 INFO    [info] Yeni coin: YmPK84i4f6 - analiz 90s sonra
11:46:13 INFO    [info] Yeni coin: CD8qkgSHFN - analiz 90s sonra
11:46:15 INFO    [info] Yeni coin: 5JBMfH2zTu - analiz 90s sonra
11:46:20 INFO    [info] Yeni coin: 8uQi3Sq3PX - analiz 90s sonra
11:46:21 INFO    [info] Yeni coin: FgffGbERx6 - analiz 90s sonra
11:46:32 INFO    [info] Yeni coin: 3gfLgV6Tu4 - analiz 90s sonra
11:46:35 WARNING RPC hiz limiti (429) - RPC_RPS dusurun veya plani yukseltin
11:46:38 INFO    [info] Yeni coin: CQQhdoDbwx - analiz 90s sonra
11:46:38 INFO    [info] Yeni coin: DcveC9aCps - analiz 90s sonra
11:46:39 INFO    [info] Yeni coin: 4LkohZK1Y6 - analiz 90s sonra
11:46:53 INFO    [info] Yeni coin: 82RAE5ispk - analiz 90s sonra
11:47:00 INFO    [info] Yeni coin: z9Vpz3sbfH - analiz 90s sonra
11:47:01 INFO    [info] Yeni coin: 88kevJJokC - analiz 90s sonra
11:47:05 WARNING RPC hiz limiti (429) - RPC_RPS dusurun veya plani yukseltin
11:47:13 INFO    [info] Yeni coin: Eqt9vhWXrf - analiz 90s sonra
11:47:16 INFO    [info] Yeni coin: 8yeXSYFGUk - analiz 90s sonra
11:47:21 INFO    [info] Yeni coin: 24Lk6msKFm - analiz 90s sonra
11:47:22 INFO    [info] Yeni coin: CbqAWp8kZM - analiz 90s sonra
11:47:22 INFO    [info] Yeni coin: EcahJqyVwc - analiz 90s sonra
11:47:28 INFO    [info] Yeni coin: AKRXbuKJZe - analiz 90s sonra
11:47:35 WARNING RPC hiz limiti (429) - RPC_RPS dusurun veya plani yukseltin
11:47:35 INFO    [warn] Takip edilen cuzdan yok - once skorlayip takibe alin
11:47:36 INFO    [info] Yeni coin: 3C2NVwF1Ti - analiz 90s sonra
11:47:38 INFO    [info] Yeni coin: 6rFKNqoQ6q - analiz 90s sonra
11:47:39 INFO    [info] Yeni coin: F24nBMxcjd - analiz 90s sonra
11:47:47 INFO    [info] Yeni coin: 8EWYMaWj1T - analiz 90s sonra
11:47:58 INFO    [info] Yeni coin: E2pCboW6AP - analiz 90s sonra
11:47:58 WARNING RPC hiz limiti (429) - RPC_RPS dusurun veya plani yukseltin
11:47:58 INFO    [info] Yeni coin: dvMWmXGZ9b - analiz 90s sonra
11:48:04 INFO    [success] [PAPER] ALINDI Fuc Dis - 0.1000 SOL @ $0.00000535 (slipaj %1.89, fee 0.00200 SOL)
11:48:05 INFO    [info] Yeni coin: 48ddMBdbHm - analiz 90s sonra
11:48:20 INFO    [info] Yeni coin: 24xnMgATLn - analiz 90s sonra
11:48:21 INFO    [info] Yeni coin: 73DYgucobG - analiz 90s sonra
11:48:23 WARNING RPC hiz limiti (429) - RPC_RPS dusurun veya plani yukseltin
11:48:26 INFO    [info] Yeni coin: G7TwC3yDUb - analiz 90s sonra
11:48:28 INFO    [info] Yeni coin: 61vRviNNtP - analiz 90s sonra
11:48:28 INFO    [info] Yeni coin: EZuTkWV8pu - analiz 90s sonra
11:48:52 INFO    [info] Yeni coin: HkMUdWpi2a - analiz 90s sonra
11:48:52 INFO    [info] Yeni coin: DiXWjKKGva - analiz 90s sonra
11:48:57 WARNING RPC hiz limiti (429) - RPC_RPS dusurun veya plani yukseltin
11:49:02 INFO    [info] Yeni coin: GxUP9bQxrJ - analiz 90s sonra
11:49:14 WARNING RPC hiz limiti (429) - RPC_RPS dusurun veya plani yukseltin
11:49:19 INFO    [info] Yeni coin: FHqEgCdUwN - analiz 90s sonra
11:49:20 INFO    [info] Yeni coin: 9uiyv9w8GL - analiz 90s sonra
11:49:20 INFO    [info] Yeni coin: Gjnbk9M1Jd - analiz 90s sonra
11:49:21 INFO    [info] Yeni coin: DLhzqAWwE2 - analiz 90s sonra
11:49:30 INFO    [info] Yeni coin: EGN78g8w18 - analiz 90s sonra
11:49:31 WARNING RPC hiz limiti (429) - RPC_RPS dusurun veya plani yukseltin
11:49:35 INFO    [warn] Takip edilen cuzdan yok - once skorlayip takibe alin
11:49:55 WARNING RPC hiz limiti (429) - RPC_RPS dusurun veya plani yukseltin
11:49:56 INFO    [info] Yeni coin: 6STaCtG2kx - analiz 90s sonra
11:49:57 INFO    [info] Yeni coin: 44b6o6ReF5 - analiz 90s sonra
11:50:02 INFO    [info] Yeni coin: 7aGdbu4Mme - analiz 90s sonra
11:50:02 INFO    [info] Yeni coin: 8oSWLyV1Q6 - analiz 90s sonra
11:50:08 INFO    [info] Yeni coin: Poorc3isDe - analiz 90s sonra
11:50:12 WARNING RPC hiz limiti (429) - RPC_RPS dusurun veya plani yukseltin
11:50:20 INFO    [info] Yeni coin: 8yXjGc5Gya - analiz 90s sonra
11:50:21 INFO    [info] Yeni coin: DgQr9GgTtE - analiz 90s sonra
11:50:26 INFO    [info] Yeni coin: 86YnCKLe9j - analiz 90s sonra
11:50:27 INFO    [info] Yeni coin: 5349aBQ9TY - analiz 90s sonra
11:50:29 WARNING RPC hiz limiti (429) - RPC_RPS dusurun veya plani yukseltin
11:50:39 INFO    [info] Yeni coin: GURaD5rQ3R - analiz 90s sonra
11:50:44 INFO    [info] Yeni coin: C6J2FX3C2a - analiz 90s sonra
11:50:44 INFO    [info] Yeni coin: 5c9BkcyYMT - analiz 90s sonra
11:50:46 INFO    [info] Yeni coin: 8apu96Ydq2 - analiz 90s sonra
11:50:50 INFO    [info] Yeni coin: FMQesj5PzN - analiz 90s sonra
11:50:50 INFO    [info] Yeni coin: CqppAhSkms - analiz 90s sonra
11:50:55 WARNING RPC hiz limiti (429) - RPC_RPS dusurun veya plani yukseltin
11:50:55 INFO    [info] Yeni coin: FGYyoBhgYD - analiz 90s sonra
11:50:58 INFO    [info] Yeni coin: 7YzAozHcik - analiz 90s sonra
11:51:09 INFO    [info] Yeni coin: 28RszH7L9q - analiz 90s sonra
11:51:11 WARNING RPC hiz limiti (429) - RPC_RPS dusurun veya plani yukseltin
11:51:15 INFO    [info] Yeni coin: 5NJoVGRDSV - analiz 90s sonra
11:51:20 INFO    [info] Yeni coin: 3ptBEdkj4z - analiz 90s sonra
11:51:24 INFO    [info] Yeni coin: 5DKx9TvVC4 - analiz 90s sonra
11:51:24 INFO    [info] Yeni coin: HNWddkdjEN - analiz 90s sonra
11:51:25 INFO    [info] Yeni coin: F6t7rPbxuA - analiz 90s sonra
11:51:28 WARNING RPC hiz limiti (429) - RPC_RPS dusurun veya plani yukseltin
11:51:31 INFO    [info] Yeni coin: Di8mNuD4M1 - analiz 90s sonra
11:51:35 INFO    [warn] Takip edilen cuzdan yok - once skorlayip takibe alin
11:51:44 INFO    [info] Yeni coin: 3DGr1h9raV - analiz 90s sonra
11:51:55 WARNING RPC hiz limiti (429) - RPC_RPS dusurun veya plani yukseltin
11:52:04 INFO    [info] Yeni coin: 5n51QVGX77 - analiz 90s sonra
11:52:06 INFO    [info] Yeni coin: 29YUjrpefQ - analiz 90s sonra
11:52:10 INFO    [info] Yeni coin: CWXNd8B8MP - analiz 90s sonra
11:52:11 INFO    [info] Yeni coin: 3XpnJ3dqm9 - analiz 90s sonra
11:52:11 WARNING RPC hiz limiti (429) - RPC_RPS dusurun veya plani yukseltin
11:52:11 INFO    [info] Yeni coin: RTL8QJ753Y - analiz 90s sonra
11:52:15 INFO    [info] Yeni coin: 3ag39aShu1 - analiz 90s sonra
11:52:18 INFO    [info] Yeni coin: 5pNYyAwhuV - analiz 90s sonra
11:52:26 INFO    [info] Yeni coin: DCCDY2WqkH - analiz 90s sonra
11:52:30 INFO    [info] Yeni coin: 96LG79mV4w - analiz 90s sonra
11:52:34 WARNING RPC hiz limiti (429) - RPC_RPS dusurun veya plani yukseltin
11:52:36 INFO    [info] Yeni coin: 8Qvxq1f6eP - analiz 90s sonra
11:52:41 INFO    [info] Yeni coin: FpBfhCcGRz - analiz 90s sonra
11:53:02 INFO    [info] Yeni coin: GF1MEL8rqT - analiz 90s sonra
11:53:02 INFO    [info] Yeni coin: 3LS2SJrKSB - analiz 90s sonra
11:53:03 INFO    [info] Yeni coin: F3fAvm4MED - analiz 90s sonra
11:53:03 WARNING RPC hiz limiti (429) - RPC_RPS dusurun veya plani yukseltin
11:53:07 INFO    [info] Yeni coin: 8swswvqBs2 - analiz 90s sonra
11:53:17 INFO    [info] Yeni coin: zbRMhrzMQK - analiz 90s sonra
11:53:17 INFO    [info] Yeni coin: 3WzoHZQbkF - analiz 90s sonra
11:53:18 INFO    [info] Yeni coin: F3Y6e97NZm - analiz 90s sonra
11:53:20 INFO    [info] Yeni coin: 64kpSNCRrc - analiz 90s sonra
11:53:21 INFO    [info] Yeni coin: Degvx8k8bM - analiz 90s sonra
11:53:27 WARNING RPC hiz limiti (429) - RPC_RPS dusurun veya plani yukseltin
11:53:27 INFO    [info] Yeni coin: 35bY9kK41W - analiz 90s sonra
11:53:28 INFO    [info] Yeni coin: 5Qyqyogpzy - analiz 90s sonra
11:53:28 INFO    [info] Yeni coin: FBc4BUS477 - analiz 90s sonra
11:53:29 INFO    [info] Yeni coin: 3i7iG5YgP6 - analiz 90s sonra
11:53:30 INFO    [info] Yeni coin: 9rKbZZK2BY - analiz 90s sonra
11:53:31 INFO    [info] Yeni coin: 3EBZaRoNmb - analiz 90s sonra
11:53:34 INFO    [info] Yeni coin: GPcHAzGS1D - analiz 90s sonra
11:53:35 INFO    [warn] Takip edilen cuzdan yok - once skorlayip takibe alin
11:53:39 INFO    [info] Yeni coin: 4SgogyFQdy - analiz 90s sonra
11:53:44 WARNING RPC hiz limiti (429) - RPC_RPS dusurun veya plani yukseltin
11:53:47 INFO    [info] Yeni coin: B2R1EPzQYx - analiz 90s sonra
11:53:47 INFO    [info] Yeni coin: DBa9WHB8Vc - analiz 90s sonra
11:53:48 INFO    [info] Yeni coin: 5CHefspoTk - analiz 90s sonra
11:53:53 INFO    [info] Yeni coin: HXM3xtLoSy - analiz 90s sonra
11:54:00 INFO    [info] Yeni coin: 8k539RnzGT - analiz 90s sonra
11:54:02 INFO    [info] Yeni coin: GXnHKMXjyx - analiz 90s sonra
11:54:03 INFO    [info] Yeni coin: AAZz4KUWDc - analiz 90s sonra
11:54:03 INFO    [info] Yeni coin: 68xHvB2KsQ - analiz 90s sonra
11:54:10 INFO    [info] Yeni coin: 53T57mbLYu - analiz 90s sonra
11:54:12 INFO    [info] Yeni coin: HZgW9HS8FK - analiz 90s sonra
11:54:13 INFO    [info] Yeni coin: 4u7Ggf4suo - analiz 90s sonra
11:54:13 WARNING RPC hiz limiti (429) - RPC_RPS dusurun veya plani yukseltin
11:54:22 INFO    [info] Yeni coin: ERCNWLNn57 - analiz 90s sonra
11:54:29 INFO    [success] [PAPER] ALINDI The Donkey Runner - 0.1000 SOL @ $0.00001019 (slipaj %1.67, fee 0.00200 SOL)
11:54:38 WARNING RPC hiz limiti (429) - RPC_RPS dusurun veya plani yukseltin
11:54:41 INFO    [info] Yeni coin: hLPy9Vp86V - analiz 90s sonra
11:54:56 WARNING RPC hiz limiti (429) - RPC_RPS dusurun veya plani yukseltin
11:55:11 INFO    [info] Yeni coin: GmA7xR5hQY - analiz 90s sonra
11:55:12 INFO    [info] Yeni coin: 8fR4ZLg9Dx - analiz 90s sonra
11:55:13 WARNING RPC hiz limiti (429) - RPC_RPS dusurun veya plani yukseltin
11:55:14 INFO    [info] Yeni coin: 24xnXipMXX - analiz 90s sonra
11:55:23 INFO    [info] Yeni coin: DfJ4xmR2BP - analiz 90s sonra
11:55:28 INFO    [info] Yeni coin: BbTSB4NF9N - analiz 90s sonra
11:55:35 INFO    [warn] Takip edilen cuzdan yok - once skorlayip takibe alin
11:55:37 WARNING RPC hiz limiti (429) - RPC_RPS dusurun veya plani yukseltin
11:55:41 INFO    [info] Yeni coin: FosCBLAN3c - analiz 90s sonra
11:55:44 INFO    [info] Yeni coin: 8KZWvAJiJ1 - analiz 90s sonra
11:55:49 INFO    [info] Yeni coin: 5a2H9vxQZy - analiz 90s sonra
11:55:57 INFO    [info] Yeni coin: 8HQPRJU4KT - analiz 90s sonra
11:55:59 INFO    [info] Yeni coin: DpDnZvEgMx - analiz 90s sonra
11:56:00 INFO    [info] Yeni coin: BJ3GepiYQ9 - analiz 90s sonra
11:56:01 WARNING RPC hiz limiti (429) - RPC_RPS dusurun veya plani yukseltin
11:56:06 INFO    [success] [PAPER] ALINDI THE BAGMAN - 0.1000 SOL @ $0.00002262 (slipaj %1.59, fee 0.00200 SOL)
11:56:09 INFO    [info] Yeni coin: 22oPwSGeuF - analiz 90s sonra
11:56:16 INFO    [info] Yeni coin: 3FmNRJsKEQ - analiz 90s sonra
11:56:18 INFO    [info] Yeni coin: 7qHTtLQDYc - analiz 90s sonra
11:56:30 INFO    [info] Yeni coin: 67zHAwrdHw - analiz 90s sonra
11:56:32 INFO    [info] Yeni coin: 5hR4yVvAne - analiz 90s sonra
11:56:34 INFO    [info] Yeni coin: 9xdgwbQJ6J - analiz 90s sonra
11:56:37 WARNING RPC hiz limiti (429) - RPC_RPS dusurun veya plani yukseltin
11:56:41 INFO    [info] Yeni coin: koLnYi1dmN - analiz 90s sonra
11:56:41 INFO    [info] Yeni coin: 2h4pcp3SL8 - analiz 90s sonra
11:56:42 INFO    [info] Yeni coin: GRrWq4chTn - analiz 90s sonra
11:56:53 WARNING RPC hiz limiti (429) - RPC_RPS dusurun veya plani yukseltin
11:56:55 INFO    [info] Yeni coin: 6fGr7cneHC - analiz 90s sonra
11:57:09 INFO    [info] Yeni coin: 9Krwe3MGR2 - analiz 90s sonra
11:57:17 INFO    [info] Yeni coin: CNEyBHTbRp - analiz 90s sonra
11:57:21 INFO    [info] Yeni coin: 8NdWKqU83s - analiz 90s sonra
11:57:27 WARNING RPC hiz limiti (429) - RPC_RPS dusurun veya plani yukseltin
11:57:35 INFO    [warn] Takip edilen cuzdan yok - once skorlayip takibe alin
11:57:36 INFO    [info] Yeni coin: C9zKDsdT4M - analiz 90s sonra
11:57:46 INFO    [success] TIER2 tetiklendi: Grompany (5.08x) - %25 satiliyor
11:57:47 INFO    [info] [PAPER] SATIS Grompany tier2 %25 -> 0.11947 SOL (fee 0.00222)
11:57:47 INFO    [success] [PAPER] Grompany | tier2 %25 | PnL 400.53% (0.0942 SOL)
11:57:47 INFO    [info] Yeni coin: 7dGKqM6XLS - analiz 90s sonra
11:57:48 INFO    [info] Yeni coin: FT56MHcCyf - analiz 90s sonra
11:57:50 INFO    [info] Yeni coin: FxdGe1vy5C - analiz 90s sonra
11:57:51 INFO    [info] Yeni coin: 3BygAcaBzy - analiz 90s sonra
11:57:54 INFO    [info] Yeni coin: EapHLZ3iyW - analiz 90s sonra
11:58:02 INFO    [info] Yeni coin: 5ULZmxaXKc - analiz 90s sonra
11:58:03 WARNING RPC hiz limiti (429) - RPC_RPS dusurun veya plani yukseltin
11:58:05 INFO    [info] Yeni coin: EWU1aapXpf - analiz 90s sonra
11:58:06 INFO    [info] Yeni coin: 8pTgrvfkpF - analiz 90s sonra
11:58:14 INFO    [info] Yeni coin: 9JcbQZWxZ7 - analiz 90s sonra
11:58:20 INFO    [info] Yeni coin: GhpazzXfws - analiz 90s sonra
11:58:24 INFO    [info] Yeni coin: H8wQNkuxnm - analiz 90s sonra
11:58:24 INFO    [info] Yeni coin: 7EXEeVYCPk - analiz 90s sonra
11:58:31 INFO    [info] Yeni coin: 6Zq2Ne6F5v - analiz 90s sonra
11:58:31 WARNING RPC hiz limiti (429) - RPC_RPS dusurun veya plani yukseltin
11:58:35 INFO    [info] Yeni coin: FnsxMxxnbP - analiz 90s sonra
11:58:35 INFO    [info] Yeni coin: dy4bi5Wb4F - analiz 90s sonra
11:58:46 INFO    [info] Yeni coin: AouZsFHRsq - analiz 90s sonra
11:58:49 WARNING RPC hiz limiti (429) - RPC_RPS dusurun veya plani yukseltin
11:58:50 INFO    [info] Yeni coin: 4ua7S7cu2F - analiz 90s sonra
11:58:54 INFO    [info] Yeni coin: 24xnh9DbAx - analiz 90s sonra
11:59:05 INFO    [info] Yeni coin: CnhyLGVWEZ - analiz 90s sonra
11:59:23 INFO    [info] Yeni coin: DnenwCKRKK - analiz 90s sonra
11:59:27 INFO    [info] Yeni coin: tNS58orjzg - analiz 90s sonra
11:59:30 INFO    [info] Yeni coin: 5beNpjrQBM - analiz 90s sonra
11:59:30 INFO    [info] Yeni coin: A8FhH612pS - analiz 90s sonra
11:59:31 WARNING RPC hiz limiti (429) - RPC_RPS dusurun veya plani yukseltin
11:59:35 INFO    [warn] Takip edilen cuzdan yok - once skorlayip takibe alin
11:59:35 INFO    [info] Yeni coin: DmMLptitHW - analiz 90s sonra
11:59:50 INFO    [info] Yeni coin: 3whajFgjxq - analiz 90s sonra
11:59:50 INFO    [info] Yeni coin: F4Ntb7i6G6 - analiz 90s sonra
11:59:51 INFO    [info] Yeni coin: DQocUVMgkf - analiz 90s sonra
11:59:55 INFO    [info] Yeni coin: 4FnqCuT1Ax - analiz 90s sonra
12:00:01 INFO    [info] Yeni coin: 6FwUABjvpk - analiz 90s sonra
12:00:05 INFO    [info] Yeni coin: 8NQPYJgFw3 - analiz 90s sonra
12:00:06 INFO    [info] Yeni coin: 7MooXsY5NM - analiz 90s sonra
12:00:10 INFO    [info] Yeni coin: C3jG7f8fZp - analiz 90s sonra
12:00:14 WARNING RPC hiz limiti (429) - RPC_RPS dusurun veya plani yukseltin
12:00:15 INFO    [info] Yeni coin: 5MYZY9rbeP - analiz 90s sonra
12:00:27 INFO    [info] Yeni coin: 7Npq23YGyL - analiz 90s sonra
12:00:35 INFO    [info] Yeni coin: HAZQeJPMPB - analiz 90s sonra
12:00:37 INFO    [info] Yeni coin: Ad4Cr1UTrU - analiz 90s sonra
12:00:39 INFO    [info] Yeni coin: BLERH2QH5J - analiz 90s sonra
12:00:39 WARNING RPC hiz limiti (429) - RPC_RPS dusurun veya plani yukseltin
12:00:57 INFO    [info] Yeni coin: AdadQtW9m7 - analiz 90s sonra
12:00:57 INFO    [info] Yeni coin: 8vEKjVAU67 - analiz 90s sonra
12:01:01 INFO    [info] Yeni coin: 4j6iXXUW5Y - analiz 90s sonra
12:01:07 INFO    [info] Yeni coin: EwVKpBsebb - analiz 90s sonra
12:01:07 INFO    [info] Yeni coin: 3vUi5Gs1Pm - analiz 90s sonra
12:01:19 INFO    [info] Yeni coin: 2vzZjAgRrE - analiz 90s sonra
12:01:25 INFO    [info] Yeni coin: 5Avw9LmNw3 - analiz 90s sonra
12:01:34 INFO    [info] Yeni coin: FwugCrgATM - analiz 90s sonra
12:01:34 INFO    [info] Yeni coin: BBrjvwuzWu - analiz 90s sonra
12:01:35 INFO    [warn] Takip edilen cuzdan yok - once skorlayip takibe alin
12:01:41 INFO    [info] Yeni coin: GDq9QmpnPM - analiz 90s sonra
12:01:43 INFO    [info] Yeni coin: 7ieZjiJXVf - analiz 90s sonra
12:01:47 WARNING RPC hiz limiti (429) - RPC_RPS dusurun veya plani yukseltin
12:01:57 INFO    [info] Yeni coin: 5UDTFMvLXg - analiz 90s sonra
12:02:00 INFO    [info] Yeni coin: 24xnm2jXgm - analiz 90s sonra
12:02:02 INFO    [info] Yeni coin: BivANVptNv - analiz 90s sonra
12:02:10 WARNING RPC hiz limiti (429) - RPC_RPS dusurun veya plani yukseltin
12:02:13 INFO    [info] Yeni coin: Aic9RgPyox - analiz 90s sonra
12:02:19 INFO    [info] Yeni coin: H4YcMUZVwL - analiz 90s sonra
12:02:20 INFO    [info] Yeni coin: 69j9BkAdyX - analiz 90s sonra
12:02:23 INFO    [info] Yeni coin: FHbENucqAW - analiz 90s sonra
12:02:29 INFO    [info] Yeni coin: 5ajGmg4WA9 - analiz 90s sonra
12:02:30 INFO    [info] Yeni coin: 7XF5r969wt - analiz 90s sonra
12:02:32 INFO    [info] Yeni coin: G6iH3j551M - analiz 90s sonra
12:02:36 INFO    [info] Yeni coin: BY5bMgKmJ5 - analiz 90s sonra
12:02:45 WARNING RPC hiz limiti (429) - RPC_RPS dusurun veya plani yukseltin
12:02:50 INFO    [info] Yeni coin: 8NbTVzp95s - analiz 90s sonra
12:02:51 INFO    [info] Yeni coin: Cs4oEwuLti - analiz 90s sonra
12:03:01 INFO    [success] [PAPER] ALINDI Feralized Agents - 0.1000 SOL @ $0.00000701 (slipaj %1.77, fee 0.00200 SOL)
12:03:02 INFO    [success] [PAPER] ALINDI Flappy Bull - 0.1000 SOL @ $0.00000846 (slipaj %1.71, fee 0.00200 SOL)
12:03:08 INFO    [info] Yeni coin: 5T1bEMmtCj - analiz 90s sonra
12:03:08 INFO    [info] Yeni coin: 6tXLGSEMcm - analiz 90s sonra
12:03:10 INFO    [info] Yeni coin: EsBcvLVPgH - analiz 90s sonra
12:03:10 INFO    [info] Yeni coin: AcuqVZV6Ci - analiz 90s sonra
12:03:12 INFO    [info] Yeni coin: FbSE3ZZKEe - analiz 90s sonra
12:03:18 WARNING RPC hiz limiti (429) - RPC_RPS dusurun veya plani yukseltin
12:03:18 INFO    [info] Yeni coin: Cag8gEgxFh - analiz 90s sonra
12:03:22 INFO    [warn] Trailing stop: Grompany (ATH $0.00005910 -> $0.00003740, 3.37x)
12:03:22 INFO    [info] [PAPER] SATIS Grompany trailing_stop %50 -> 0.15978 SOL (fee 0.00263)
12:03:22 INFO    [success] [PAPER] Grompany | trailing_stop %50 | PnL 231.61% (0.1093 SOL)
12:03:26 INFO    [info] Yeni coin: B9pJtW4cq9 - analiz 90s sonra
12:03:32 INFO    [info] Yeni coin: DueBrpuZhu - analiz 90s sonra
12:03:34 INFO    [info] Yeni coin: 3egUhJHMS1 - analiz 90s sonra
12:03:35 INFO    [warn] Takip edilen cuzdan yok - once skorlayip takibe alin
12:03:35 INFO    [info] Yeni coin: CxAvyNHLoG - analiz 90s sonra
12:03:37 INFO    [info] Yeni coin: 98pDA3775N - analiz 90s sonra
12:03:40 INFO    [info] Yeni coin: ABsxp29Q4x - analiz 90s sonra
12:03:41 WARNING RPC hiz limiti (429) - RPC_RPS dusurun veya plani yukseltin
12:03:45 INFO    [info] Yeni coin: DvEKcwP6Zf - analiz 90s sonra
12:03:45 INFO    [info] Yeni coin: Gw9y8HFx3r - analiz 90s sonra
12:03:58 INFO    [info] Yeni coin: 8f45W2xQtu - analiz 90s sonra
12:04:04 INFO    [info] Yeni coin: Bu7F31FCJz - analiz 90s sonra
12:04:10 INFO    [success] [PAPER] ALINDI The Paper Bag Cult  - 0.1000 SOL @ $0.00001897 (slipaj %1.60, fee 0.00200 SOL)
12:04:18 INFO    [info] Yeni coin: 9qZ21SmCqH - analiz 90s sonra
12:04:18 INFO    [info] Yeni coin: DfFANhYT7K - analiz 90s sonra
12:04:21 INFO    [info] Yeni coin: 883kNKJ1q8 - analiz 90s sonra
12:04:21 INFO    [info] Yeni coin: CtsVeVugqK - analiz 90s sonra
12:04:23 INFO    [info] Yeni coin: 3Ri62PTxdN - analiz 90s sonra
12:04:27 WARNING RPC hiz limiti (429) - RPC_RPS dusurun veya plani yukseltin
12:04:30 INFO    [info] Yeni coin: 3o6bQTuZ2R - analiz 90s sonra
12:04:41 INFO    [info] Yeni coin: 5SfrUQ3pSM - analiz 90s sonra
12:04:42 INFO    [info] Yeni coin: 7T37Kx4tWP - analiz 90s sonra
12:04:54 INFO    [info] Yeni coin: 2mdiH1L5W6 - analiz 90s sonra
12:04:54 WARNING RPC hiz limiti (429) - RPC_RPS dusurun veya plani yukseltin
12:04:55 INFO    [info] Yeni coin: E9sCHVREna - analiz 90s sonra
12:04:56 INFO    [info] Yeni coin: 35SqecPKUC - analiz 90s sonra
12:04:56 INFO    [info] Yeni coin: 3Bpwsg6vTJ - analiz 90s sonra
12:04:56 INFO    [info] Yeni coin: 7LEzuiULmd - analiz 90s sonra
12:04:57 INFO    [info] Yeni coin: CvaLVS4Cq9 - analiz 90s sonra
12:04:57 INFO    [info] Yeni coin: G6iki3jctf - analiz 90s sonra
12:04:57 INFO    [info] Yeni coin: EhwHknxsYG - analiz 90s sonra
12:04:57 INFO    [info] Yeni coin: 6Z8fSGzCnH - analiz 90s sonra
12:04:58 INFO    [info] Yeni coin: Fjd3HwKzBs - analiz 90s sonra
12:04:59 INFO    [info] Yeni coin: EgQ7QGvDUA - analiz 90s sonra
12:05:02 INFO    [info] Yeni coin: 2bWfzaTbUG - analiz 90s sonra
12:05:04 INFO    [info] Yeni coin: Hox73PZEhP - analiz 90s sonra
12:05:06 INFO    [info] Yeni coin: 4RYZDndi3z - analiz 90s sonra
12:05:12 WARNING RPC hiz limiti (429) - RPC_RPS dusurun veya plani yukseltin
12:05:13 INFO    [info] Yeni coin: 71UKbuVAEx - analiz 90s sonra
12:05:14 INFO    [info] Yeni coin: 5oHrCEpXxz - analiz 90s sonra
12:05:15 INFO    [info] Yeni coin: BATmPvshpq - analiz 90s sonra
12:05:15 INFO    [info] Yeni coin: CoWYv4Bn3e - analiz 90s sonra
12:05:16 INFO    [info] Yeni coin: EvxJq3d3d9 - analiz 90s sonra
12:05:16 INFO    [info] Yeni coin: 2sa7wcR5rM - analiz 90s sonra
12:05:17 INFO    [info] Yeni coin: LBobPygGeG - analiz 90s sonra
12:05:17 INFO    [info] Yeni coin: CcSWGPAkJb - analiz 90s sonra
12:05:24 INFO    [info] Yeni coin: 7bQQgwnNf1 - analiz 90s sonra
12:05:30 INFO    [info] Yeni coin: 9YucBKLWev - analiz 90s sonra
12:05:33 WARNING RPC hiz limiti (429) - RPC_RPS dusurun veya plani yukseltin
12:05:34 INFO    [info] Yeni coin: ESZunXRUkw - analiz 90s sonra
12:05:35 INFO    [warn] Takip edilen cuzdan yok - once skorlayip takibe alin
12:05:39 INFO    [info] Yeni coin: 2GdC7k4Au7 - analiz 90s sonra
12:05:48 INFO    [info] Yeni coin: Hg6ghHKnA7 - analiz 90s sonra
12:05:55 WARNING RPC hiz limiti (429) - RPC_RPS dusurun veya plani yukseltin
12:05:55 INFO    [info] Yeni coin: HHiYEQMd8T - analiz 90s sonra
12:05:56 INFO    [info] Yeni coin: Bk99k8AUxh - analiz 90s sonra
12:05:58 INFO    [info] Yeni coin: BFg6BATdPf - analiz 90s sonra
12:06:00 INFO    [info] Yeni coin: cMYQ3hPEbC - analiz 90s sonra
12:06:01 INFO    [info] Yeni coin: RTmToSrWd6 - analiz 90s sonra
12:06:03 INFO    [info] Yeni coin: 3oaZaqpA5K - analiz 90s sonra
12:06:03 INFO    [info] Yeni coin: Gw61o7SSdi - analiz 90s sonra
12:06:06 INFO    [info] Yeni coin: 7ek7vPUiRZ - analiz 90s sonra
12:06:07 INFO    [info] Yeni coin: 2UXVkqXdZA - analiz 90s sonra
12:06:10 INFO    [info] Yeni coin: DcAWRyRjXE - analiz 90s sonra
12:06:16 INFO    [info] Yeni coin: 2Cx4873pUV - analiz 90s sonra
12:06:20 INFO    [info] Yeni coin: 6s34VogqqH - analiz 90s sonra
12:06:22 WARNING RPC hiz limiti (429) - RPC_RPS dusurun veya plani yukseltin
12:06:22 INFO    [info] Yeni coin: 53TEztY7vL - analiz 90s sonra
12:06:25 INFO    [info] Yeni coin: 64i4LFFobr - analiz 90s sonra
12:06:25 INFO    [info] Yeni coin: 2KvXhbs6tb - analiz 90s sonra
12:06:25 INFO    [info] Yeni coin: EwsjD5nAwh - analiz 90s sonra
12:06:25 INFO    [info] Yeni coin: 56NQaXpDc6 - analiz 90s sonra
12:06:31 INFO    [info] Yeni coin: GkMq47cwXY - analiz 90s sonra
12:06:33 INFO    [info] Yeni coin: GUmbtfjSZk - analiz 90s sonra
12:06:53 WARNING RPC hiz limiti (429) - RPC_RPS dusurun veya plani yukseltin
12:06:54 INFO    [info] Yeni coin: GsPexPXG9S - analiz 90s sonra
12:07:01 INFO    [info] Yeni coin: EUrdx52eGy - analiz 90s sonra
12:07:10 INFO    [info] Yeni coin: 4zLb63Wa8B - analiz 90s sonra
12:07:11 INFO    [info] Yeni coin: AdXFqkvW6x - analiz 90s sonra
12:07:12 INFO    [info] Yeni coin: EX7623YsQg - analiz 90s sonra
12:07:20 INFO    [info] Yeni coin: 3NYD1imn3C - analiz 90s sonra
12:07:35 INFO    [warn] Takip edilen cuzdan yok - once skorlayip takibe alin
12:07:44 INFO    [info] Yeni coin: FXf7NdCtYy - analiz 90s sonra
12:07:45 INFO    [info] Yeni coin: 4xHFqWqa2L - analiz 90s sonra
12:07:45 WARNING RPC hiz limiti (429) - RPC_RPS dusurun veya plani yukseltin
12:07:46 INFO    [info] Yeni coin: 4PV3KZ3Ltz - analiz 90s sonra
12:07:46 INFO    [info] Yeni coin: 7Fk7TWNpnU - analiz 90s sonra
12:07:48 INFO    [info] Yeni coin: 4E5PACkaH1 - analiz 90s sonra
12:07:50 INFO    [info] Yeni coin: Hy1diMnbER - analiz 90s sonra
12:07:51 INFO    [info] Yeni coin: 42spT5PCbn - analiz 90s sonra
12:07:56 INFO    [info] Yeni coin: AGzCwHTVpv - analiz 90s sonra
12:08:05 INFO    [info] Yeni coin: FtjkvNppu8 - analiz 90s sonra
12:08:06 INFO    [error] Stop loss: The Donkey Runner (-30.1%)
12:08:07 INFO    [info] [PAPER] SATIS The Donkey Runner stop_loss %100 -> 0.06797 SOL (fee 0.00170)
12:08:07 INFO    [error] [PAPER] The Donkey Runner | stop_loss %100 | PnL -31.18% (-0.0330 SOL)
12:08:08 INFO    [info] Yeni coin: mVCtfTojjx - analiz 90s sonra
12:08:08 INFO    [info] Yeni coin: Emz8jYgjrC - analiz 90s sonra
12:08:10 INFO    [info] Yeni coin: 89Ba19WTxX - analiz 90s sonra
12:08:11 INFO    [info] Yeni coin: 6eqUSgHh6Z - analiz 90s sonra
12:08:13 INFO    [info] Yeni coin: HaEDEF4miB - analiz 90s sonra
12:08:16 INFO    [info] Yeni coin: 2s9VEB46GR - analiz 90s sonra
12:08:21 INFO    [info] Yeni coin: Ckf3H2RwTg - analiz 90s sonra
12:08:23 INFO    [info] Yeni coin: CqMYMmQxTw - analiz 90s sonra
12:08:23 WARNING RPC hiz limiti (429) - RPC_RPS dusurun veya plani yukseltin
12:08:25 INFO    [info] Yeni coin: 9RjrDZNevY - analiz 90s sonra
12:08:26 INFO    [info] Yeni coin: 62u6VxaUB4 - analiz 90s sonra
12:08:28 INFO    [info] Yeni coin: 32iS9DiCRb - analiz 90s sonra
12:08:30 INFO    [info] Yeni coin: 6Afv4GgDS4 - analiz 90s sonra
12:08:30 INFO    [info] Yeni coin: CHR3hgCwWs - analiz 90s sonra
12:08:32 INFO    [info] Yeni coin: E4bjpDWjRj - analiz 90s sonra
12:08:33 INFO    [info] Yeni coin: BU7URoDPE5 - analiz 90s sonra
12:08:38 INFO    [info] Yeni coin: BhRp5n4Rnn - analiz 90s sonra
12:08:39 INFO    [info] Yeni coin: 5kzviA9XmA - analiz 90s sonra
12:08:39 INFO    [info] Yeni coin: B5zQYJXhcX - analiz 90s sonra
12:08:39 INFO    [info] Yeni coin: 4oumSJDNcF - analiz 90s sonra
12:08:40 WARNING RPC hiz limiti (429) - RPC_RPS dusurun veya plani yukseltin
12:08:40 INFO    [info] Yeni coin: 8chZpfHJyi - analiz 90s sonra
12:08:54 INFO    [info] Yeni coin: 6hZvsPMev7 - analiz 90s sonra
12:08:59 INFO    [info] Yeni coin: 24xnuvuomb - analiz 90s sonra
12:09:02 WARNING RPC hiz limiti (429) - RPC_RPS dusurun veya plani yukseltin
12:09:11 INFO    [info] Yeni coin: DVXrJ4u1jt - analiz 90s sonra
12:09:17 INFO    [info] Yeni coin: 8ews1Vnxk3 - analiz 90s sonra
12:09:21 INFO    [info] Yeni coin: APD1Kr3dJq - analiz 90s sonra
12:09:26 INFO    [info] Yeni coin: EdLcN1xSBR - analiz 90s sonra
12:09:26 WARNING RPC hiz limiti (429) - RPC_RPS dusurun veya plani yukseltin
12:09:35 INFO    [warn] Takip edilen cuzdan yok - once skorlayip takibe alin
12:09:40 INFO    [info] Yeni coin: AtYKy7RKmD - analiz 90s sonra
12:09:48 INFO    [info] Yeni coin: 8hsqvdMRPq - analiz 90s sonra
12:09:56 WARNING RPC hiz limiti (429) - RPC_RPS dusurun veya plani yukseltin
12:10:08 INFO    [info] Yeni coin: Cyk8M2aAsQ - analiz 90s sonra
12:10:18 WARNING RPC hiz limiti (429) - RPC_RPS dusurun veya plani yukseltin
12:10:21 INFO    [info] Yeni coin: EP3tbXjZpd - analiz 90s sonra
12:10:36 INFO    [info] Yeni coin: BWzHB8hmiH - analiz 90s sonra
12:10:44 INFO    [info] Yeni coin: CZ5gCAu5kG - analiz 90s sonra
12:10:50 WARNING RPC hiz limiti (429) - RPC_RPS dusurun veya plani yukseltin
12:10:54 INFO    [info] Yeni coin: 24xp8zH9Un - analiz 90s sonra
12:11:08 INFO    [info] Yeni coin: FprWCkNTdJ - analiz 90s sonra
12:11:09 INFO    [info] Yeni coin: Fn378ikHeq - analiz 90s sonra
12:11:15 WARNING RPC hiz limiti (429) - RPC_RPS dusurun veya plani yukseltin
12:11:21 INFO    [info] Yeni coin: 3yufQ4dmGQ - analiz 90s sonra
12:11:24 INFO    [info] Yeni coin: 2iCFTFFSXH - analiz 90s sonra
12:11:25 INFO    [info] Yeni coin: GukNTFEJpv - analiz 90s sonra
12:11:28 INFO    [info] Yeni coin: GY74GffRzY - analiz 90s sonra
12:11:29 INFO    [info] Yeni coin: 4BjgUH1A7L - analiz 90s sonra
12:11:30 INFO    [info] Yeni coin: 5JhZ7ghfqE - analiz 90s sonra
12:11:35 INFO    [warn] Takip edilen cuzdan yok - once skorlayip takibe alin
12:11:36 INFO    [info] Yeni coin: 9QspctMzx8 - analiz 90s sonra
12:11:37 INFO    [info] Yeni coin: 9zqupAVK2J - analiz 90s sonra
12:11:37 WARNING RPC hiz limiti (429) - RPC_RPS dusurun veya plani yukseltin
12:11:50 INFO    [info] Yeni coin: 2UsAiJZUpm - analiz 90s sonra
12:11:53 INFO    [info] Yeni coin: 6KXSG1ZqDw - analiz 90s sonra
12:11:54 WARNING RPC hiz limiti (429) - RPC_RPS dusurun veya plani yukseltin
12:11:58 INFO    [info] Yeni coin: CWUuuhhz4r - analiz 90s sonra
12:12:03 INFO    [info] Yeni coin: CLXY1Pris5 - analiz 90s sonra
12:12:03 INFO    [info] Yeni coin: 9E7tw3MVMa - analiz 90s sonra
12:12:14 INFO    [info] Yeni coin: B4RA7oVtkv - analiz 90s sonra
12:12:19 INFO    [info] Yeni coin: DL84mgbdEN - analiz 90s sonra
12:12:21 WARNING RPC hiz limiti (429) - RPC_RPS dusurun veya plani yukseltin
12:12:22 INFO    [info] Yeni coin: 2oEdSr4fAF - analiz 90s sonra
12:12:24 INFO    [info] Yeni coin: 9b618rCSGn - analiz 90s sonra
12:12:28 INFO    [info] Yeni coin: CGNUNDNv3n - analiz 90s sonra
12:12:34 INFO    [info] Yeni coin: 24xqJX52FH - analiz 90s sonra
12:12:40 INFO    [info] Yeni coin: DYphBS3Kzv - analiz 90s sonra
12:12:40 INFO    [info] Yeni coin: 4S3N6yvpz5 - analiz 90s sonra
12:12:42 INFO    [info] Yeni coin: 5QAGLQKWbo - analiz 90s sonra
12:12:42 INFO    [info] Yeni coin: DawCTsbY98 - analiz 90s sonra
12:12:42 INFO    [info] Yeni coin: DAm9ET663Y - analiz 90s sonra
12:12:42 INFO    [info] Yeni coin: EaJesvATSp - analiz 90s sonra
12:12:43 INFO    [info] Yeni coin: 384h27pwKw - analiz 90s sonra
12:12:43 INFO    [info] Yeni coin: 5soM25yh5q - analiz 90s sonra
12:12:43 INFO    [info] Yeni coin: Br8gvNrneN - analiz 90s sonra
12:12:43 INFO    [info] Yeni coin: 4E3vF1X6qk - analiz 90s sonra
12:12:43 INFO    [info] Yeni coin: 9hcAUBfw8m - analiz 90s sonra
12:12:43 INFO    [info] Yeni coin: FZWF9zPzvN - analiz 90s sonra
12:12:54 WARNING RPC hiz limiti (429) - RPC_RPS dusurun veya plani yukseltin
12:12:57 INFO    [info] Yeni coin: 2og5BuaU8Y - analiz 90s sonra
12:12:59 INFO    [info] Yeni coin: 24xqLXgM4c - analiz 90s sonra
12:12:59 INFO    [info] Yeni coin: TBU7EJK2jS - analiz 90s sonra
12:13:18 INFO    [info] Yeni coin: 3sV23Q8Sy4 - analiz 90s sonra
12:13:33 INFO    [info] Yeni coin: J2vs6YjZCv - analiz 90s sonra
12:13:34 WARNING RPC hiz limiti (429) - RPC_RPS dusurun veya plani yukseltin
12:13:34 INFO    [info] Yeni coin: JB9okdKmBw - analiz 90s sonra
12:13:35 INFO    [info] Yeni coin: 4V5dG39Gas - analiz 90s sonra
12:13:35 INFO    [warn] Takip edilen cuzdan yok - once skorlayip takibe alin
12:13:44 INFO    [info] Yeni coin: 2yhnNA6rcy - analiz 90s sonra
12:13:44 INFO    [info] Yeni coin: 24xqNcNT6F - analiz 90s sonra
12:13:48 INFO    [info] Yeni coin: B3DUrbtVXS - analiz 90s sonra
12:13:56 INFO    [info] Yeni coin: DAyD7m71G2 - analiz 90s sonra
12:13:57 INFO    [info] Yeni coin: 2M7nsQPaUH - analiz 90s sonra
12:13:59 INFO    [info] Yeni coin: Aox5q9ArtB - analiz 90s sonra
12:13:59 INFO    [info] Yeni coin: Cvr7qKD8hU - analiz 90s sonra
12:14:00 WARNING RPC hiz limiti (429) - RPC_RPS dusurun veya plani yukseltin
12:14:03 INFO    [info] Yeni coin: DvhstWchtQ - analiz 90s sonra
12:14:13 INFO    [info] Yeni coin: 7V7yFZNofH - analiz 90s sonra
12:14:21 WARNING RPC hiz limiti (429) - RPC_RPS dusurun veya plani yukseltin
12:14:22 INFO    [info] Yeni coin: ALpz2gXwNA - analiz 90s sonra
12:14:27 INFO    [info] Yeni coin: 24xqUxHenH - analiz 90s sonra
12:14:32 INFO    [info] Yeni coin: 9o9npDcrZi - analiz 90s sonra
12:14:33 INFO    [info] Yeni coin: 6fDXgTugCf - analiz 90s sonra
12:14:36 INFO    [info] Yeni coin: HcYoGZP8WE - analiz 90s sonra
12:14:36 INFO    [info] Yeni coin: HuM66Tq9Ni - analiz 90s sonra
12:14:40 INFO    [info] Yeni coin: HE2ve1Ndkk - analiz 90s sonra
12:14:41 INFO    [info] Yeni coin: 6Xfj44NpbT - analiz 90s sonra
12:14:43 INFO    [info] Yeni coin: DaJXnVHeQH - analiz 90s sonra
12:14:44 INFO    [info] Yeni coin: 2JtBdP53f7 - analiz 90s sonra
12:14:44 INFO    [info] Yeni coin: eFmMvsod2A - analiz 90s sonra
12:14:45 INFO    [info] Yeni coin: 3TwhLRvWWm - analiz 90s sonra
12:14:46 INFO    [info] Yeni coin: HBgttKMhDz - analiz 90s sonra
12:14:48 INFO    [info] Yeni coin: GPv5NkvBxE - analiz 90s sonra
12:14:50 INFO    [info] Yeni coin: H1WcwfCGfB - analiz 90s sonra
12:14:50 WARNING RPC hiz limiti (429) - RPC_RPS dusurun veya plani yukseltin
12:14:54 INFO    [success] [PAPER] ALINDI Smoking Chill Monkey - 0.1000 SOL @ $0.00001378 (slipaj %1.63, fee 0.00200 SOL)
12:15:12 INFO    [info] Yeni coin: GdJRtQa1bh - analiz 90s sonra
12:15:13 INFO    [info] Yeni coin: 3cnn646mcp - analiz 90s sonra
12:15:14 WARNING RPC hiz limiti (429) - RPC_RPS dusurun veya plani yukseltin
12:15:19 INFO    [info] Yeni coin: ANZ37dnesk - analiz 90s sonra
12:15:20 INFO    [info] Yeni coin: B5QqMvM5JC - analiz 90s sonra
12:15:21 INFO    [info] Yeni coin: 4VHtqrAWrz - analiz 90s sonra
12:15:22 INFO    [info] Yeni coin: 2BB2s7m3q4 - analiz 90s sonra
12:15:25 INFO    [info] Yeni coin: 3HyxhTwQ36 - analiz 90s sonra
12:15:30 INFO    [info] Yeni coin: 6yfobRqqfh - analiz 90s sonra
12:15:31 INFO    [info] Yeni coin: 3Mp3sXgf1L - analiz 90s sonra
12:15:33 INFO    [info] Yeni coin: 85jWE35UHr - analiz 90s sonra
12:15:35 INFO    [info] Yeni coin: GMXFu88d3G - analiz 90s sonra
12:15:35 INFO    [warn] Takip edilen cuzdan yok - once skorlayip takibe alin
12:15:44 WARNING RPC hiz limiti (429) - RPC_RPS dusurun veya plani yukseltin
12:15:48 INFO    [info] Yeni coin: 2m7GxouGk3 - analiz 90s sonra
12:15:48 INFO    [info] Yeni coin: 2estEbLxLS - analiz 90s sonra
12:15:49 INFO    [info] Yeni coin: AEDZp5UQho - analiz 90s sonra
12:15:52 INFO    [info] Yeni coin: ChhYNNV1LL - analiz 90s sonra
12:15:57 INFO    [info] Yeni coin: HsDoWTyNL1 - analiz 90s sonra
12:15:58 INFO    [info] Yeni coin: 6mzzMJ9e8v - analiz 90s sonra
12:16:01 INFO    [info] Yeni coin: 89ifKUtbMq - analiz 90s sonra
12:16:03 INFO    [info] Yeni coin: Ap4o1VDQKV - analiz 90s sonra
12:16:06 WARNING RPC hiz limiti (429) - RPC_RPS dusurun veya plani yukseltin
12:16:07 INFO    [info] Yeni coin: CCSZ2hBvJe - analiz 90s sonra
12:16:15 INFO    [info] Yeni coin: 8zfspP4AKb - analiz 90s sonra
12:16:16 INFO    [info] Yeni coin: C3J2c1HR12 - analiz 90s sonra
12:16:18 INFO    [info] Yeni coin: 93aQ14vPB5 - analiz 90s sonra
12:16:25 INFO    [info] Yeni coin: CAmCVvdJ5V - analiz 90s sonra
12:16:27 WARNING RPC hiz limiti (429) - RPC_RPS dusurun veya plani yukseltin
12:16:27 INFO    [info] Yeni coin: 7nuTxgLcgH - analiz 90s sonra
12:16:30 INFO    [info] Yeni coin: BJLVhuqQHS - analiz 90s sonra
12:16:31 INFO    [info] Yeni coin: FJDec4NkEk - analiz 90s sonra
12:16:42 INFO    [info] Yeni coin: GdXGPDDxgz - analiz 90s sonra
12:16:45 INFO    [info] Yeni coin: HCzuW6Ssas - analiz 90s sonra
12:17:00 INFO    [info] Yeni coin: FmqwfyWJom - analiz 90s sonra
12:17:00 INFO    [info] Yeni coin: 5rNcfoZmGZ - analiz 90s sonra
12:17:01 WARNING RPC hiz limiti (429) - RPC_RPS dusurun veya plani yukseltin
12:17:01 INFO    [info] Yeni coin: Vfc4HGvK6G - analiz 90s sonra
12:17:03 INFO    [info] Yeni coin: 6Y59T5dK1D - analiz 90s sonra
12:17:09 INFO    [info] Yeni coin: 8vjqmydjKP - analiz 90s sonra
12:17:12 INFO    [info] Yeni coin: CGedio5C9e - analiz 90s sonra
12:17:18 WARNING RPC hiz limiti (429) - RPC_RPS dusurun veya plani yukseltin
12:17:19 INFO    [info] Yeni coin: 7hcccUahxB - analiz 90s sonra
12:17:20 INFO    [info] Yeni coin: AawCrYncvN - analiz 90s sonra
12:17:21 INFO    [info] Yeni coin: D9Vg8mZ5Jn - analiz 90s sonra
12:17:21 INFO    [info] Yeni coin: DM4kEbiRom - analiz 90s sonra
12:17:24 INFO    [info] Yeni coin: ZH5QZUUDox - analiz 90s sonra
12:17:25 INFO    [info] Yeni coin: 3TApxUuNBJ - analiz 90s sonra
12:17:26 INFO    [info] Yeni coin: Hqnt5yAG1C - analiz 90s sonra
12:17:31 INFO    [info] Yeni coin: GnEi4kp53X - analiz 90s sonra
12:17:33 INFO    [info] Yeni coin: BT36mSK4RE - analiz 90s sonra
12:17:35 INFO    [warn] Takip edilen cuzdan yok - once skorlayip takibe alin
12:17:35 INFO    [info] Yeni coin: 8ZJvSLUTqs - analiz 90s sonra
12:17:38 WARNING RPC hiz limiti (429) - RPC_RPS dusurun veya plani yukseltin
12:17:40 INFO    [info] Yeni coin: HMZgaQgFqa - analiz 90s sonra
12:17:40 INFO    [info] Yeni coin: DtTBKbH3to - analiz 90s sonra
12:17:44 INFO    [info] Yeni coin: 9TpgdQrydp - analiz 90s sonra
12:17:46 INFO    [info] Yeni coin: 2CrafGwaXQ - analiz 90s sonra
12:17:53 INFO    [info] Yeni coin: D43skzbkKQ - analiz 90s sonra
12:17:54 INFO    [info] Yeni coin: 2cmZ8FierN - analiz 90s sonra
12:17:57 INFO    [info] Yeni coin: FMeYfXfq3d - analiz 90s sonra
12:17:59 INFO    [info] Yeni coin: 4bLU4q1oY5 - analiz 90s sonra
12:18:02 WARNING RPC hiz limiti (429) - RPC_RPS dusurun veya plani yukseltin
12:18:16 INFO    [info] Yeni coin: 7p64iNf1rZ - analiz 90s sonra
12:18:17 INFO    [info] Yeni coin: F5gRzoj7nh - analiz 90s sonra
12:18:19 INFO    [info] Yeni coin: B81binBQvH - analiz 90s sonra
12:18:22 WARNING RPC hiz limiti (429) - RPC_RPS dusurun veya plani yukseltin
12:18:23 INFO    [info] Yeni coin: F1nzmuLkSK - analiz 90s sonra
12:18:23 INFO    [info] Yeni coin: Aa19pF6VR1 - analiz 90s sonra
12:18:26 INFO    [info] Yeni coin: 7LLy3i6gVp - analiz 90s sonra
12:18:33 INFO    [info] Yeni coin: DcrbjYXv4X - analiz 90s sonra
12:18:41 INFO    [info] Yeni coin: Cy3V774Qqo - analiz 90s sonra
12:18:41 INFO    [info] Yeni coin: 3MxaqhspvK - analiz 90s sonra
12:18:46 WARNING RPC hiz limiti (429) - RPC_RPS dusurun veya plani yukseltin
12:18:49 INFO    [info] Yeni coin: 8jQYpz2KwN - analiz 90s sonra
12:19:02 INFO    [info] Yeni coin: J5WPpcFFC4 - analiz 90s sonra
12:19:06 INFO    [info] Yeni coin: GxHwQYssHs - analiz 90s sonra
12:19:11 INFO    [info] Yeni coin: FzAACr19xh - analiz 90s sonra
12:19:17 WARNING RPC hiz limiti (429) - RPC_RPS dusurun veya plani yukseltin
12:19:17 INFO    [info] Yeni coin: D8myLh8Cwj - analiz 90s sonra
12:19:25 INFO    [info] Yeni coin: 24xr5EE3xQ - analiz 90s sonra
12:19:29 INFO    [info] Yeni coin: 5So89VkVD9 - analiz 90s sonra
12:19:29 INFO    [info] Yeni coin: 8xWAjkG8EP - analiz 90s sonra
12:19:29 INFO    [info] Yeni coin: 2aGA3AxPym - analiz 90s sonra
12:19:29 INFO    [info] Yeni coin: 7V92dDyhjJ - analiz 90s sonra
12:19:30 INFO    [info] Yeni coin: FoR42xhkww - analiz 90s sonra
12:19:31 INFO    [info] Yeni coin: EcTzidgtMi - analiz 90s sonra
12:19:34 INFO    [info] Yeni coin: 24xrVjtyHh - analiz 90s sonra
12:19:35 INFO    [warn] Takip edilen cuzdan yok - once skorlayip takibe alin
12:19:45 INFO    [info] Yeni coin: 3TJR7WNSUJ - analiz 90s sonra
12:19:53 WARNING RPC hiz limiti (429) - RPC_RPS dusurun veya plani yukseltin
12:19:53 INFO    [info] Yeni coin: EPjFWdd5Au - analiz 90s sonra
12:19:56 INFO    [info] Yeni coin: 52YtCz4cVx - analiz 90s sonra
12:19:58 INFO    [info] Yeni coin: 3UuxFxLCmP - analiz 90s sonra
12:20:11 WARNING RPC hiz limiti (429) - RPC_RPS dusurun veya plani yukseltin
12:20:12 INFO    [info] Yeni coin: AJUqiu3yp1 - analiz 90s sonra
12:20:14 INFO    [info] Yeni coin: 39XYfXfNE8 - analiz 90s sonra
12:20:17 INFO    [info] Yeni coin: Az5Z8ya8ea - analiz 90s sonra
12:20:17 INFO    [info] Yeni coin: AyUmd2pj4E - analiz 90s sonra
12:20:27 INFO    [info] Yeni coin: 7jSUJKPBee - analiz 90s sonra
12:20:34 INFO    [info] Yeni coin: H9vkGjDg4v - analiz 90s sonra
12:20:40 WARNING RPC hiz limiti (429) - RPC_RPS dusurun veya plani yukseltin
12:20:46 INFO    [info] Yeni coin: 9aaC5uEshU - analiz 90s sonra
12:20:46 INFO    [info] Yeni coin: 3kTas2ufPH - analiz 90s sonra
12:20:47 INFO    [info] Yeni coin: AMWC5Jw8sN - analiz 90s sonra
12:20:47 INFO    [info] Yeni coin: 2wPQ4pg2rq - analiz 90s sonra
12:20:48 INFO    [info] Yeni coin: A3HpQyDP2K - analiz 90s sonra
12:20:49 INFO    [info] Yeni coin: Eu7d5MGZEx - analiz 90s sonra
12:20:54 INFO    [success] [PAPER] ALINDI Superman - 0.1000 SOL @ $0.00000529 (slipaj %1.90, fee 0.00200 SOL)
12:20:56 INFO    [info] Yeni coin: jFpgg8opJ1 - analiz 90s sonra
12:20:56 INFO    [info] Yeni coin: 6pvyUYrqHi - analiz 90s sonra
12:21:06 WARNING RPC hiz limiti (429) - RPC_RPS dusurun veya plani yukseltin
12:21:07 INFO    [info] Yeni coin: 6KwGbo9vUT - analiz 90s sonra
12:21:07 INFO    [info] Yeni coin: 6h4CdtsSf2 - analiz 90s sonra
12:21:08 INFO    [info] Yeni coin: EtSTh5mjBn - analiz 90s sonra
12:21:10 INFO    [info] Yeni coin: 9iUxNTukad - analiz 90s sonra
12:21:13 INFO    [info] Yeni coin: 2JjixqLFAR - analiz 90s sonra
12:21:20 INFO    [info] Yeni coin: 4hfAQh4J1C - analiz 90s sonra
12:21:30 INFO    [info] Yeni coin: HUjBEKWAC5 - analiz 90s sonra
12:21:31 INFO    [info] Yeni coin: 9dbXpxPfvj - analiz 90s sonra
12:21:35 INFO    [warn] Takip edilen cuzdan yok - once skorlayip takibe alin
12:21:40 WARNING RPC hiz limiti (429) - RPC_RPS dusurun veya plani yukseltin
12:21:43 INFO    [info] Yeni coin: 59XLxCNF6t - analiz 90s sonra
12:21:44 INFO    [info] Yeni coin: 8xAEbi2JnE - analiz 90s sonra
12:21:50 INFO    [info] Yeni coin: 6rFNDzpofm - analiz 90s sonra
12:21:57 WARNING RPC hiz limiti (429) - RPC_RPS dusurun veya plani yukseltin
12:22:00 INFO    [info] Yeni coin: 3artLiZgt5 - analiz 90s sonra
12:22:06 INFO    [info] Yeni coin: 9SMQ6dawuF - analiz 90s sonra
12:22:06 INFO    [info] Yeni coin: 8EFXKndXFo - analiz 90s sonra
12:22:08 INFO    [info] Yeni coin: DmhwNtuumz - analiz 90s sonra
12:22:15 INFO    [info] Yeni coin: 9oQbek6hwb - analiz 90s sonra
12:22:17 INFO    [info] Yeni coin: 7JDTs3htNr - analiz 90s sonra
12:22:17 INFO    [info] Yeni coin: 5kP5RnBtb7 - analiz 90s sonra
12:22:25 WARNING RPC hiz limiti (429) - RPC_RPS dusurun veya plani yukseltin
12:22:30 INFO    [info] Yeni coin: FxSZug8rBu - analiz 90s sonra
12:22:36 INFO    [info] Yeni coin: 4QmWX4YM5y - analiz 90s sonra
12:22:36 INFO    [info] Yeni coin: 9DJVp3uPqd - analiz 90s sonra
12:22:36 INFO    [info] Yeni coin: 6YGGiMA6gk - analiz 90s sonra
12:22:36 INFO    [info] Yeni coin: DHMwUdRXcf - analiz 90s sonra
12:22:37 INFO    [info] Yeni coin: 4CdKXGHdon - analiz 90s sonra
12:22:40 INFO    [info] Yeni coin: 56FgCsejgh - analiz 90s sonra
12:22:42 INFO    [info] Yeni coin: G6twvoaDD5 - analiz 90s sonra
12:22:48 INFO    [info] Yeni coin: 53EAKqYvQx - analiz 90s sonra
12:22:51 INFO    [info] Yeni coin: HXWqK2eBoo - analiz 90s sonra
12:22:58 WARNING RPC hiz limiti (429) - RPC_RPS dusurun veya plani yukseltin
12:23:00 INFO    [info] Yeni coin: 2V3FzM8BwY - analiz 90s sonra
12:23:01 INFO    [info] Yeni coin: Hb7F8wiW3V - analiz 90s sonra
12:23:05 INFO    [info] Yeni coin: GfQzWgMiN8 - analiz 90s sonra
12:23:09 INFO    [info] Yeni coin: D98D2ZxNBJ - analiz 90s sonra
12:23:12 INFO    [info] Yeni coin: FdJPathm6v - analiz 90s sonra
12:23:12 INFO    [info] Yeni coin: 5kGisZiZsx - analiz 90s sonra
12:23:15 INFO    [info] Yeni coin: 3dcR6meWbF - analiz 90s sonra
12:23:19 WARNING RPC hiz limiti (429) - RPC_RPS dusurun veya plani yukseltin
12:23:29 INFO    [info] Yeni coin: 4Pd3XsLCHg - analiz 90s sonra
12:23:36 INFO    [warn] Takip edilen cuzdan yok - once skorlayip takibe alin
12:23:50 WARNING RPC hiz limiti (429) - RPC_RPS dusurun veya plani yukseltin
12:23:51 INFO    [warn] Helius baglantisi koptu (ConnectionClosedError), 5s sonra tekrar denenecek
12:23:57 INFO    [success] Helius websocket baglandi, pump.fun dinleniyor
12:24:03 INFO    [info] Yeni coin: 2YV3YCpXyv - analiz 90s sonra
12:24:07 INFO    [info] Yeni coin: 7mEKNfRrqU - analiz 90s sonra
12:24:21 WARNING RPC hiz limiti (429) - RPC_RPS dusurun veya plani yukseltin
12:24:31 INFO    [info] Yeni coin: pumpCmXqMf - analiz 90s sonra
12:24:39 INFO    [info] Yeni coin: 8hhWiVyff7 - analiz 90s sonra
12:24:40 INFO    [info] Yeni coin: 284xRYUEmD - analiz 90s sonra
12:24:46 INFO    [info] Yeni coin: HFqhyxU6WV - analiz 90s sonra
12:24:53 INFO    [info] Yeni coin: C5Q1D5WdZV - analiz 90s sonra
12:24:59 INFO    [info] Yeni coin: AuBatbUoyL - analiz 90s sonra
12:24:59 INFO    [info] Yeni coin: G1nftMc4cH - analiz 90s sonra
12:25:00 WARNING RPC hiz limiti (429) - RPC_RPS dusurun veya plani yukseltin
12:25:07 INFO    [info] Yeni coin: E2Dg2JMFnm - analiz 90s sonra
12:25:11 INFO    [info] Yeni coin: H3N5KfPM8z - analiz 90s sonra
12:25:24 INFO    [info] Yeni coin: J41MKcEhNb - analiz 90s sonra
12:25:25 INFO    [info] Yeni coin: 7AvNri812D - analiz 90s sonra
12:25:33 INFO    [info] Yeni coin: 3y76H3cQHk - analiz 90s sonra
12:25:35 INFO    [warn] Takip edilen cuzdan yok - once skorlayip takibe alin
12:25:40 INFO    [info] Yeni coin: 5UHu3GYs5N - analiz 90s sonra
12:25:44 INFO    [info] Yeni coin: 3ziEXiT3ou - analiz 90s sonra
12:25:45 INFO    [info] Yeni coin: 24xrYzDMqb - analiz 90s sonra
12:25:47 WARNING RPC hiz limiti (429) - RPC_RPS dusurun veya plani yukseltin
12:25:54 INFO    [info] Yeni coin: Awo8xEbZ3T - analiz 90s sonra
12:26:13 INFO    [info] Yeni coin: 9LD5B3byTf - analiz 90s sonra
12:26:20 INFO    [info] Yeni coin: 73s5uT1FJu - analiz 90s sonra
12:26:21 INFO    [info] Yeni coin: 6Z6C82zyLY - analiz 90s sonra
12:26:23 INFO    [info] Yeni coin: CYhBfJcnBd - analiz 90s sonra
12:26:25 INFO    [info] Yeni coin: GzuXjYfzwq - analiz 90s sonra
12:26:25 INFO    [info] Yeni coin: CqXfnkzZe8 - analiz 90s sonra
12:26:26 INFO    [info] Yeni coin: 8pz7cyLti2 - analiz 90s sonra
12:26:27 INFO    [info] Yeni coin: Fs2GdDhKEs - analiz 90s sonra
12:26:27 INFO    [info] Yeni coin: 52JDYx5Gk6 - analiz 90s sonra
12:26:28 INFO    [info] Yeni coin: BGhFFhecQ6 - analiz 90s sonra
12:26:31 WARNING RPC hiz limiti (429) - RPC_RPS dusurun veya plani yukseltin
12:26:33 INFO    [info] Yeni coin: 4VThuQ5Zim - analiz 90s sonra
12:26:36 INFO    [info] Yeni coin: HgEL7Gm5Uy - analiz 90s sonra
12:26:39 INFO    [info] Yeni coin: 7i6GTopYBV - analiz 90s sonra
12:26:41 INFO    [info] Yeni coin: 51d4qfAFHq - analiz 90s sonra
12:26:43 INFO    [info] Yeni coin: 5WVVRQRMwr - analiz 90s sonra
12:26:46 INFO    [info] Yeni coin: 9T52orRqAR - analiz 90s sonra
12:26:48 INFO    [info] Yeni coin: 2URF5T7U8M - analiz 90s sonra
12:26:48 INFO    [info] Yeni coin: 8niUYUmUpK - analiz 90s sonra
12:26:52 INFO    [info] Yeni coin: 24xKsoAGKv - analiz 90s sonra
12:26:52 INFO    [info] Yeni coin: 4hHiFe2a9N - analiz 90s sonra
12:26:55 INFO    [info] Yeni coin: 5entnALwgF - analiz 90s sonra
12:26:57 INFO    [info] Yeni coin: GNHxhgpD1q - analiz 90s sonra
12:26:59 INFO    [info] Yeni coin: 2XNdLDG7Fu - analiz 90s sonra
12:26:59 WARNING RPC hiz limiti (429) - RPC_RPS dusurun veya plani yukseltin
12:26:59 INFO    [info] Yeni coin: 4puuWaY2ap - analiz 90s sonra
12:27:00 INFO    [info] Yeni coin: 2RGyYL5gfA - analiz 90s sonra
12:27:01 INFO    [info] Yeni coin: 4Gcxf2ty8Y - analiz 90s sonra
12:27:03 INFO    [info] Yeni coin: 4ruaydZfCi - analiz 90s sonra
12:27:06 INFO    [info] Yeni coin: DjKGbfEhj2 - analiz 90s sonra
12:27:09 INFO    [info] Yeni coin: 2hERbdPWSd - analiz 90s sonra
12:27:10 INFO    [info] Yeni coin: 9tm7Q5YrNc - analiz 90s sonra
12:27:11 INFO    [info] Yeni coin: 4bUCkhn2Fp - analiz 90s sonra
12:27:15 INFO    [info] Yeni coin: FcpmyZJAG7 - analiz 90s sonra
12:27:29 WARNING RPC hiz limiti (429) - RPC_RPS dusurun veya plani yukseltin
12:27:35 INFO    [info] Yeni coin: DmwXAuHCg5 - analiz 90s sonra
12:27:36 INFO    [warn] Takip edilen cuzdan yok - once skorlayip takibe alin
12:27:36 INFO    [info] Yeni coin: 9F9rKHq3Jo - analiz 90s sonra
12:27:37 INFO    [info] Yeni coin: 6ZqbsH3PpQ - analiz 90s sonra
12:27:40 INFO    [info] Yeni coin: 5RbnKVScgE - analiz 90s sonra
12:27:48 WARNING RPC hiz limiti (429) - RPC_RPS dusurun veya plani yukseltin
12:27:49 INFO    [info] Yeni coin: BXd2RwDjpJ - analiz 90s sonra
12:28:00 INFO    [info] Yeni coin: 24xrcjNtCz - analiz 90s sonra
12:28:04 INFO    [info] Yeni coin: DBVe2GBJge - analiz 90s sonra
12:28:09 INFO    [info] Yeni coin: 9ekysK54sW - analiz 90s sonra
12:28:13 INFO    [info] Yeni coin: 4zjVC8FEXR - analiz 90s sonra
12:28:14 WARNING RPC hiz limiti (429) - RPC_RPS dusurun veya plani yukseltin
12:28:19 INFO    [info] Yeni coin: 8Kv87YAyer - analiz 90s sonra
12:28:21 INFO    [info] Yeni coin: DWv7P6UjnM - analiz 90s sonra
12:28:22 INFO    [info] Yeni coin: 9absBBp5jr - analiz 90s sonra
12:28:23 INFO    [info] Yeni coin: 8DmLYhpNoV - analiz 90s sonra
12:28:50 WARNING RPC hiz limiti (429) - RPC_RPS dusurun veya plani yukseltin
12:28:51 INFO    [info] Yeni coin: 2TMxGXVMez - analiz 90s sonra
12:28:57 INFO    [info] Yeni coin: DeQGP6nSki - analiz 90s sonra
12:28:57 INFO    [info] Yeni coin: AMyQKg2yfG - analiz 90s sonra
12:28:58 INFO    [info] Yeni coin: EJ7PRmhQfn - analiz 90s sonra
12:29:01 INFO    [info] Yeni coin: DsMx4hEhnA - analiz 90s sonra
12:29:05 INFO    [info] Yeni coin: 8pGi1JXarc - analiz 90s sonra
12:29:05 INFO    [info] Yeni coin: Es1Tv6TfzC - analiz 90s sonra
12:29:05 INFO    [info] Yeni coin: EdD8hTGKfM - analiz 90s sonra
12:29:06 INFO    [info] Yeni coin: Db7CTayTwo - analiz 90s sonra
12:29:07 INFO    [info] Yeni coin: Ho9mWQFvcC - analiz 90s sonra
12:29:07 INFO    [info] Yeni coin: EvHgQxZjLM - analiz 90s sonra
12:29:14 INFO    [info] Yeni coin: 6jWeoCeriK - analiz 90s sonra
12:29:16 INFO    [info] Yeni coin: 9fHBU1R5B9 - analiz 90s sonra
12:29:18 INFO    [info] Yeni coin: GaDzgXmUVG - analiz 90s sonra
12:29:19 WARNING RPC hiz limiti (429) - RPC_RPS dusurun veya plani yukseltin
12:29:19 INFO    [info] Yeni coin: 7ioVfchgf7 - analiz 90s sonra
12:29:24 INFO    [info] Yeni coin: sDRMjNZJPG - analiz 90s sonra
12:29:27 INFO    [info] Yeni coin: U4rssKNFev - analiz 90s sonra
12:29:29 INFO    [info] Yeni coin: 8qfcuMLfkn - analiz 90s sonra
12:29:32 INFO    [info] Yeni coin: GL4RjFdVoE - analiz 90s sonra
12:29:36 INFO    [warn] Takip edilen cuzdan yok - once skorlayip takibe alin
12:29:43 INFO    [info] Yeni coin: DdQcYoeuif - analiz 90s sonra
12:29:43 INFO    [info] Yeni coin: uGkb5hvipv - analiz 90s sonra
12:29:43 INFO    [info] Yeni coin: HtfFATvabw - analiz 90s sonra
12:29:53 WARNING RPC hiz limiti (429) - RPC_RPS dusurun veya plani yukseltin
12:30:04 INFO    [info] Yeni coin: GJZQp9m4n5 - analiz 90s sonra
12:30:11 INFO    [info] Yeni coin: 7kCfEu8VYY - analiz 90s sonra
12:30:21 INFO    [info] Yeni coin: 4Gn6rfapGZ - analiz 90s sonra
12:30:28 INFO    [info] Yeni coin: DBrD1qUQoL - analiz 90s sonra
12:30:28 INFO    [info] Yeni coin: 93KqxMgn2s - analiz 90s sonra
12:30:35 INFO    [info] Yeni coin: 9W1zeoSsK6 - analiz 90s sonra
12:30:37 INFO    [info] Yeni coin: BkHbVypVmw - analiz 90s sonra
12:30:37 INFO    [info] Yeni coin: FvTtuD7gFT - analiz 90s sonra
12:30:38 INFO    [info] Yeni coin: 4Q8aR89p1A - analiz 90s sonra
12:30:45 WARNING RPC hiz limiti (429) - RPC_RPS dusurun veya plani yukseltin
12:30:48 INFO    [info] Yeni coin: BGuVY5rewM - analiz 90s sonra
12:30:50 INFO    [info] Yeni coin: 7YZrwN6yFA - analiz 90s sonra
12:30:54 INFO    [info] Yeni coin: WgTuhPsP7v - analiz 90s sonra
12:30:55 INFO    [info] Yeni coin: GnuAi7hEZ1 - analiz 90s sonra
12:31:06 INFO    [info] Yeni coin: 96D9PqP2AW - analiz 90s sonra
12:31:15 INFO    [info] Yeni coin: 7kbxWnUgJF - analiz 90s sonra
12:31:25 INFO    [info] Yeni coin: 8FhAXv2tfX - analiz 90s sonra
12:31:27 WARNING RPC hiz limiti (429) - RPC_RPS dusurun veya plani yukseltin
12:31:28 INFO    [info] Yeni coin: EruQWidvty - analiz 90s sonra
12:31:35 INFO    [info] Yeni coin: A93aqxBcgF - analiz 90s sonra
12:31:35 INFO    [info] Yeni coin: Dh4BJTGRKw - analiz 90s sonra
12:31:36 INFO    [warn] Takip edilen cuzdan yok - once skorlayip takibe alin
12:31:44 INFO    [info] Yeni coin: 8Z8hC4AaSM - analiz 90s sonra
12:31:47 INFO    [info] Yeni coin: 6JY3Fb1dF9 - analiz 90s sonra
12:31:48 INFO    [info] Yeni coin: CtchxHCujL - analiz 90s sonra
12:31:48 INFO    [info] Yeni coin: 2oRKZT3Hu9 - analiz 90s sonra
12:31:49 INFO    [info] Yeni coin: EVRBs6X6r1 - analiz 90s sonra
12:31:50 INFO    [info] Yeni coin: B6thupqHLp - analiz 90s sonra
12:31:51 WARNING RPC hiz limiti (429) - RPC_RPS dusurun veya plani yukseltin
12:31:58 INFO    [info] Yeni coin: 9a8hqAxe3s - analiz 90s sonra
12:31:58 INFO    [info] Yeni coin: A7cgariztX - analiz 90s sonra
12:32:05 INFO    [info] Yeni coin: 51CN2dABXN - analiz 90s sonra
12:32:05 INFO    [info] Yeni coin: 8tryHHzQRp - analiz 90s sonra
12:32:08 INFO    [info] Yeni coin: DAicx6WbtE - analiz 90s sonra
12:32:13 INFO    [info] Yeni coin: B3Y88LHorb - analiz 90s sonra
12:32:13 INFO    [info] Yeni coin: DTdwF5TCis - analiz 90s sonra
12:32:13 INFO    [info] Yeni coin: 7nbTqRPSCZ - analiz 90s sonra
12:32:13 INFO    [info] Yeni coin: 2vDkahDK3m - analiz 90s sonra
12:32:24 WARNING RPC hiz limiti (429) - RPC_RPS dusurun veya plani yukseltin
12:32:29 INFO    [info] Yeni coin: 72oeKPqhza - analiz 90s sonra
12:32:30 INFO    [info] Yeni coin: GLQzc4PxgH - analiz 90s sonra
12:33:01 INFO    [info] Yeni coin: 4HZrpSEoHL - analiz 90s sonra
12:33:07 INFO    [info] Yeni coin: HyrPriXNjY - analiz 90s sonra
12:33:07 INFO    [info] Yeni coin: BghxTKGxm7 - analiz 90s sonra
12:33:07 INFO    [info] Yeni coin: DwR4qXLwik - analiz 90s sonra
12:33:07 INFO    [info] Yeni coin: 6RWwWsBKGN - analiz 90s sonra
12:33:08 WARNING RPC hiz limiti (429) - RPC_RPS dusurun veya plani yukseltin
12:33:09 INFO    [info] Yeni coin: 296JHJxUCX - analiz 90s sonra
12:33:09 INFO    [info] Yeni coin: 8QU7R2SxrS - analiz 90s sonra
12:33:10 INFO    [info] Yeni coin: 62a3C6EZFF - analiz 90s sonra
12:33:13 INFO    [info] Yeni coin: BpLt5Hewzg - analiz 90s sonra
12:33:17 INFO    [info] Yeni coin: zxTUsfMJ42 - analiz 90s sonra
12:33:20 INFO    [info] Yeni coin: EVtgN6TcMi - analiz 90s sonra
12:33:26 INFO    [info] Yeni coin: 8d4XxbJwpN - analiz 90s sonra
12:33:34 INFO    [info] Yeni coin: 9wm8CTi2Np - analiz 90s sonra
12:33:34 WARNING RPC hiz limiti (429) - RPC_RPS dusurun veya plani yukseltin
12:33:36 INFO    [warn] Takip edilen cuzdan yok - once skorlayip takibe alin
12:33:40 INFO    [info] Yeni coin: AcYXspPs8z - analiz 90s sonra
12:33:48 INFO    [info] Yeni coin: BJrg2RLkXn - analiz 90s sonra
12:33:52 INFO    [info] Yeni coin: 3ckWBfMKAs - analiz 90s sonra
12:33:54 INFO    [success] [PAPER] ALINDI The Green Candle - 0.1000 SOL @ $0.00001316 (slipaj %1.62, fee 0.00200 SOL)
12:34:05 INFO    [info] Yeni coin: 64pbyVmueA - analiz 90s sonra
12:34:09 WARNING RPC hiz limiti (429) - RPC_RPS dusurun veya plani yukseltin
12:34:50 WARNING RPC hiz limiti (429) - RPC_RPS dusurun veya plani yukseltin
12:34:52 INFO    [info] Yeni coin: qSPYbspQe3 - analiz 90s sonra
12:34:57 INFO    [info] Yeni coin: DUJpTTLPum - analiz 90s sonra
12:34:57 INFO    [info] Yeni coin: 62PCbxmyN8 - analiz 90s sonra
12:35:00 INFO    [info] Yeni coin: A23dSUamTb - analiz 90s sonra
12:35:11 INFO    [info] Yeni coin: 88FYhRL3yR - analiz 90s sonra
12:35:16 INFO    [info] Yeni coin: 9Hc3i5RV7d - analiz 90s sonra
12:35:20 INFO    [info] Yeni coin: Bk8XBgd8a4 - analiz 90s sonra
12:35:30 INFO    [info] Yeni coin: E1ambse642 - analiz 90s sonra
12:35:36 INFO    [warn] Takip edilen cuzdan yok - once skorlayip takibe alin
12:35:51 WARNING RPC hiz limiti (429) - RPC_RPS dusurun veya plani yukseltin
12:35:53 INFO    [info] Yeni coin: 44weG7xCcY - analiz 90s sonra
12:36:03 INFO    [info] Yeni coin: AH9MBjbfDm - analiz 90s sonra
12:36:04 INFO    [info] Yeni coin: 3HA1x6swtn - analiz 90s sonra
12:36:13 INFO    [info] Yeni coin: 5DPuTYLUPi - analiz 90s sonra
12:36:15 INFO    [info] Yeni coin: G7wxQbnX4z - analiz 90s sonra
12:36:22 WARNING RPC hiz limiti (429) - RPC_RPS dusurun veya plani yukseltin
12:36:22 INFO    [info] Yeni coin: 6XKV2Z1z2S - analiz 90s sonra
12:36:31 INFO    [info] Yeni coin: HuqQNdJRNw - analiz 90s sonra
12:36:32 INFO    [info] Yeni coin: 4PLWkrHsrp - analiz 90s sonra
12:36:34 INFO    [info] Yeni coin: Ds7KDyrc6H - analiz 90s sonra
12:36:48 WARNING RPC hiz limiti (429) - RPC_RPS dusurun veya plani yukseltin
12:36:57 INFO    [info] Yeni coin: 6vUFcsMCgW - analiz 90s sonra
12:37:06 INFO    [info] Yeni coin: 2eHuiUsru1 - analiz 90s sonra
12:37:10 INFO    [info] Yeni coin: AhTwKT9rXs - analiz 90s sonra
12:37:14 WARNING RPC hiz limiti (429) - RPC_RPS dusurun veya plani yukseltin
12:37:20 INFO    [info] Yeni coin: 63Lf8mf9es - analiz 90s sonra
12:37:21 INFO    [info] Yeni coin: 2cBe8BTf1L - analiz 90s sonra
12:37:31 INFO    [info] Yeni coin: CVTvmp8hUz - analiz 90s sonra
12:37:36 INFO    [warn] Takip edilen cuzdan yok - once skorlayip takibe alin
12:37:36 INFO    [info] Yeni coin: CY2eaizCJu - analiz 90s sonra
12:37:37 INFO    [info] Yeni coin: 42etk6VNUN - analiz 90s sonra
12:37:53 WARNING RPC hiz limiti (429) - RPC_RPS dusurun veya plani yukseltin
12:37:56 INFO    [info] Yeni coin: GU51br8KKu - analiz 90s sonra
12:38:01 INFO    [info] Yeni coin: 5tTk4vW833 - analiz 90s sonra
12:38:04 INFO    [info] Yeni coin: GttbTWVYSj - analiz 90s sonra
12:38:14 INFO    [info] Yeni coin: GS3m1tnnM8 - analiz 90s sonra
12:38:29 WARNING RPC hiz limiti (429) - RPC_RPS dusurun veya plani yukseltin
12:38:31 INFO    [info] Yeni coin: D9DdXAFGSp - analiz 90s sonra
12:38:35 INFO    [info] Yeni coin: EMWgvVuZeM - analiz 90s sonra
12:38:35 INFO    [info] Yeni coin: 7uyr6fLMqA - analiz 90s sonra
12:38:36 INFO    [info] Yeni coin: C8kwSjvt9h - analiz 90s sonra
12:38:40 INFO    [info] Yeni coin: 9xhqXGmjru - analiz 90s sonra
12:38:42 INFO    [info] Yeni coin: B3C1f7agFu - analiz 90s sonra
12:38:45 INFO    [info] Yeni coin: ECsKvYtvnm - analiz 90s sonra
12:38:50 INFO    [info] Yeni coin: 5VismStvVp - analiz 90s sonra
12:38:51 INFO    [info] Yeni coin: Ef6EFRGbVM - analiz 90s sonra
12:38:51 INFO    [info] Yeni coin: EojW8vXooK - analiz 90s sonra
12:38:53 INFO    [info] Yeni coin: 5mF7CpEd8C - analiz 90s sonra
12:38:54 INFO    [info] Yeni coin: 8gyDffuqB2 - analiz 90s sonra
12:38:54 INFO    [info] Yeni coin: DjwMbHUKmt - analiz 90s sonra
12:39:01 WARNING RPC hiz limiti (429) - RPC_RPS dusurun veya plani yukseltin
12:39:03 INFO    [info] Yeni coin: d6Z3gb2wab - analiz 90s sonra
12:39:11 INFO    [info] Yeni coin: CZGVmSZREp - analiz 90s sonra
12:39:23 INFO    [info] Yeni coin: DUV9x1GrX4 - analiz 90s sonra
12:39:27 INFO    [info] Yeni coin: 6gcQAbxKgg - analiz 90s sonra
12:39:27 WARNING RPC hiz limiti (429) - RPC_RPS dusurun veya plani yukseltin
12:39:28 INFO    [info] Yeni coin: 4iNu5WVrdP - analiz 90s sonra
12:39:36 INFO    [warn] Takip edilen cuzdan yok - once skorlayip takibe alin
12:39:42 INFO    [info] Yeni coin: 7iX84gC4ox - analiz 90s sonra
12:39:49 INFO    [info] Yeni coin: 4uD9wfdb6K - analiz 90s sonra
12:39:50 INFO    [info] Yeni coin: EvNCoMyxQN - analiz 90s sonra
12:39:51 INFO    [info] Yeni coin: 5GpTnBgXu1 - analiz 90s sonra
12:39:54 WARNING RPC hiz limiti (429) - RPC_RPS dusurun veya plani yukseltin
12:40:05 INFO    [info] Yeni coin: Dxyh29gK3r - analiz 90s sonra
12:40:09 INFO    [info] Yeni coin: H3QFg6FQ5B - analiz 90s sonra
12:40:09 INFO    [info] Yeni coin: GjrBTJNsnS - analiz 90s sonra
12:40:10 WARNING RPC hiz limiti (429) - RPC_RPS dusurun veya plani yukseltin
12:40:11 INFO    [info] Yeni coin: F25R7PQm2n - analiz 90s sonra
12:40:14 INFO    [info] Yeni coin: 6iaux3aYV9 - analiz 90s sonra
12:40:18 INFO    [info] Yeni coin: FdExGT9GMi - analiz 90s sonra
12:40:21 INFO    [info] Yeni coin: HgshUcxbwo - analiz 90s sonra
12:40:23 INFO    [info] Yeni coin: 3AEBownBqU - analiz 90s sonra
12:40:24 INFO    [info] Yeni coin: FGUX19ddVN - analiz 90s sonra
12:40:27 INFO    [info] Yeni coin: EsxUQDjJwr - analiz 90s sonra
12:40:33 WARNING RPC hiz limiti (429) - RPC_RPS dusurun veya plani yukseltin
12:40:40 INFO    [info] Yeni coin: 2KrXCYBvWJ - analiz 90s sonra
12:40:48 INFO    [info] Yeni coin: 6afTLQiL9Y - analiz 90s sonra
12:40:52 INFO    [info] Yeni coin: 9Z3YHLwQma - analiz 90s sonra
12:40:56 INFO    [info] Yeni coin: 8TSzLaCnTW - analiz 90s sonra
12:41:05 INFO    [info] Yeni coin: AYRDNYMREg - analiz 90s sonra
12:41:10 INFO    [info] Yeni coin: CyRiVUnBKb - analiz 90s sonra
12:41:12 WARNING RPC hiz limiti (429) - RPC_RPS dusurun veya plani yukseltin
12:41:16 INFO    [info] Yeni coin: GaucS4HJj1 - analiz 90s sonra
12:41:16 INFO    [info] Yeni coin: jitodontfr - analiz 90s sonra
12:41:25 INFO    [info] Yeni coin: 5PdzLerFpf - analiz 90s sonra
12:41:27 INFO    [info] Yeni coin: B6YtQujJMy - analiz 90s sonra
12:41:30 INFO    [info] Yeni coin: Ei32UbR3e1 - analiz 90s sonra
12:41:31 INFO    [info] Yeni coin: FpnfdTL4dq - analiz 90s sonra
12:41:32 WARNING RPC hiz limiti (429) - RPC_RPS dusurun veya plani yukseltin
12:41:35 INFO    [info] Yeni coin: DnwUfn8SeV - analiz 90s sonra
12:41:36 INFO    [warn] Takip edilen cuzdan yok - once skorlayip takibe alin
12:41:36 INFO    [success] [PAPER] ALINDI tim - 0.1000 SOL @ $0.00001234 (slipaj %1.64, fee 0.00200 SOL)
12:41:39 INFO    [info] Yeni coin: 2bJ3qbc1Zd - analiz 90s sonra
12:41:43 INFO    [info] Yeni coin: ynYT7JPm7d - analiz 90s sonra
12:41:46 INFO    [info] Yeni coin: 6rDtezessd - analiz 90s sonra
12:41:48 INFO    [info] Yeni coin: Eeef31euTy - analiz 90s sonra
12:41:50 INFO    [info] Yeni coin: 2R8NfhBomK - analiz 90s sonra
12:41:50 INFO    [info] Yeni coin: 5JA8c6wP7h - analiz 90s sonra
12:41:52 INFO    [info] Yeni coin: D4CtrmjZST - analiz 90s sonra
12:41:56 INFO    [info] Yeni coin: ASDiZGY6JU - analiz 90s sonra
12:41:57 INFO    [info] Yeni coin: 6LvRXuNXRx - analiz 90s sonra
12:42:00 INFO    [info] Yeni coin: EPNx9EFCun - analiz 90s sonra
12:42:01 INFO    [info] Yeni coin: 3RbTxqt94G - analiz 90s sonra
12:42:04 WARNING RPC hiz limiti (429) - RPC_RPS dusurun veya plani yukseltin
12:42:08 INFO    [info] Yeni coin: CaunDmkjFQ - analiz 90s sonra
12:42:08 INFO    [info] Yeni coin: 8Bz9zLc8fr - analiz 90s sonra
12:42:09 INFO    [info] Yeni coin: 5yyuLGzYe2 - analiz 90s sonra
12:42:13 INFO    [info] Yeni coin: 6ycE2SRm8k - analiz 90s sonra
12:42:13 INFO    [info] Yeni coin: 876fYfGJP5 - analiz 90s sonra
12:42:18 INFO    [info] Yeni coin: Cz36KAo26N - analiz 90s sonra
12:42:20 INFO    [info] Yeni coin: 9W1me2YWpd - analiz 90s sonra
12:42:23 INFO    [info] Yeni coin: 2bap6VvHqL - analiz 90s sonra
12:42:34 INFO    [info] Yeni coin: 7vwadahQHt - analiz 90s sonra
12:42:34 INFO    [info] Yeni coin: HtVFuL9kzU - analiz 90s sonra
12:42:34 INFO    [info] Yeni coin: BE6YaQCQek - analiz 90s sonra
12:42:39 INFO    [info] Yeni coin: sy1fm9twPD - analiz 90s sonra
12:42:43 INFO    [info] Yeni coin: G5F8AbwM3f - analiz 90s sonra
12:42:43 INFO    [info] Yeni coin: 5kZCuS4ksK - analiz 90s sonra
12:42:44 INFO    [info] Yeni coin: FAiRp7ucho - analiz 90s sonra
12:42:50 WARNING RPC hiz limiti (429) - RPC_RPS dusurun veya plani yukseltin
12:42:51 INFO    [info] Yeni coin: GnqcYPfCT7 - analiz 90s sonra
12:43:06 INFO    [info] Yeni coin: 3p1GkrXeEP - analiz 90s sonra
12:43:12 INFO    [info] Yeni coin: DP4Qwa6Pba - analiz 90s sonra
12:43:13 INFO    [info] Yeni coin: 2m6QxsziyS - analiz 90s sonra
12:43:13 INFO    [info] Yeni coin: Fjx7654K2V - analiz 90s sonra
12:43:14 INFO    [info] Yeni coin: CHVnCCCEp6 - analiz 90s sonra
12:43:17 INFO    [info] Yeni coin: DvBxoRR4mW - analiz 90s sonra
12:43:17 INFO    [info] Yeni coin: 3kbmJBWnzQ - analiz 90s sonra
12:43:18 INFO    [info] Yeni coin: G4Rm7qhtPD - analiz 90s sonra
12:43:18 INFO    [info] Yeni coin: odCHzPavgU - analiz 90s sonra
12:43:19 INFO    [info] Yeni coin: E7pwXcntwC - analiz 90s sonra
12:43:19 INFO    [info] Yeni coin: b5DZk2fii6 - analiz 90s sonra
12:43:26 WARNING RPC hiz limiti (429) - RPC_RPS dusurun veya plani yukseltin
12:43:30 INFO    [info] Yeni coin: CvXmXhBshx - analiz 90s sonra
12:43:31 INFO    [info] Yeni coin: EAnJ6RgS23 - analiz 90s sonra
12:43:31 INFO    [info] Yeni coin: BguHgbpxqK - analiz 90s sonra
12:43:35 INFO    [info] Yeni coin: Ew2ygr1XNV - analiz 90s sonra
12:43:36 INFO    [warn] Takip edilen cuzdan yok - once skorlayip takibe alin
12:43:38 INFO    [info] Yeni coin: E3hq2cu1BE - analiz 90s sonra
12:43:42 WARNING RPC hiz limiti (429) - RPC_RPS dusurun veya plani yukseltin
12:43:53 INFO    [info] Yeni coin: EcgZXZbWok - analiz 90s sonra
12:43:54 INFO    [info] Yeni coin: EP1nA1AGby - analiz 90s sonra
12:44:03 INFO    [info] Yeni coin: G3JKtwkzoh - analiz 90s sonra
12:44:06 INFO    [info] Yeni coin: 5YskUBvopZ - analiz 90s sonra
12:44:06 WARNING RPC hiz limiti (429) - RPC_RPS dusurun veya plani yukseltin
12:44:07 INFO    [info] Yeni coin: DXDyWN5GFk - analiz 90s sonra
12:44:12 INFO    [info] Yeni coin: ALcYxLatYD - analiz 90s sonra
12:44:13 INFO    [info] Yeni coin: FVKhdC6ck1 - analiz 90s sonra
12:44:20 INFO    [info] Yeni coin: Bkgpin9hF4 - analiz 90s sonra
12:44:25 INFO    [info] Yeni coin: 6aPXZ2oFNR - analiz 90s sonra
12:44:27 INFO    [info] Yeni coin: 2eHEvZscsM - analiz 90s sonra
12:44:28 INFO    [info] Yeni coin: FdSUwt13qW - analiz 90s sonra
12:44:30 WARNING RPC hiz limiti (429) - RPC_RPS dusurun veya plani yukseltin
12:44:33 INFO    [info] Yeni coin: 3B99FMg18y - analiz 90s sonra
12:44:37 INFO    [info] Yeni coin: EtqB8n4K9J - analiz 90s sonra
12:44:39 INFO    [info] Yeni coin: 7dy2GcX8Xm - analiz 90s sonra
12:44:54 INFO    [info] Yeni coin: Fdd1XnhyVH - analiz 90s sonra
12:44:57 INFO    [info] Yeni coin: B5PQ6QfkTr - analiz 90s sonra
12:44:57 INFO    [info] Yeni coin: EijtsrjpyE - analiz 90s sonra
12:45:02 INFO    [info] Yeni coin: 99qew6u1mC - analiz 90s sonra
12:45:07 INFO    [info] Yeni coin: 7A44bTHQmg - analiz 90s sonra
12:45:12 INFO    [info] Yeni coin: 7G9uukzRmR - analiz 90s sonra
12:45:19 INFO    [info] Yeni coin: EZTLo8ziUS - analiz 90s sonra
12:45:24 INFO    [info] Yeni coin: 6wNb1PjCL2 - analiz 90s sonra
12:45:25 INFO    [info] Yeni coin: B9VWFrXJ53 - analiz 90s sonra
12:45:32 WARNING RPC hiz limiti (429) - RPC_RPS dusurun veya plani yukseltin
12:45:36 INFO    [warn] Takip edilen cuzdan yok - once skorlayip takibe alin
12:45:42 INFO    [info] Yeni coin: 7i3wqqSdw7 - analiz 90s sonra
12:45:47 INFO    [success] [PAPER] ALINDI Bullcoin - 0.1000 SOL @ $0.00001128 (slipaj %1.65, fee 0.00200 SOL)
12:45:53 INFO    [info] Yeni coin: JAWG9SSBvf - analiz 90s sonra
12:45:57 INFO    [info] Yeni coin: 8rHrQuYPTo - analiz 90s sonra
12:46:00 INFO    [info] Yeni coin: J3aREArgC1 - analiz 90s sonra
12:46:00 INFO    [info] Yeni coin: 5xDuv9D7Ru - analiz 90s sonra
12:46:07 WARNING RPC hiz limiti (429) - RPC_RPS dusurun veya plani yukseltin
12:46:08 INFO    [info] Yeni coin: 4ivsRAeYTH - analiz 90s sonra
12:46:11 INFO    [info] Yeni coin: 8wPRtH5aAa - analiz 90s sonra
12:46:25 INFO    [info] Yeni coin: ES37qDGoKN - analiz 90s sonra
12:46:25 INFO    [info] Yeni coin: Ay4PMWC9Re - analiz 90s sonra
12:46:26 INFO    [info] Yeni coin: 9NPkC3Qfb4 - analiz 90s sonra
12:46:28 INFO    [info] Yeni coin: 3e6HtTQfh7 - analiz 90s sonra
12:46:28 INFO    [info] Yeni coin: H7bPqW2ihe - analiz 90s sonra
12:46:34 WARNING RPC hiz limiti (429) - RPC_RPS dusurun veya plani yukseltin
12:46:36 INFO    [info] Yeni coin: BGrtcBNb5s - analiz 90s sonra
12:46:36 INFO    [info] Yeni coin: DJqqBzbgA8 - analiz 90s sonra
12:46:42 INFO    [info] Yeni coin: DX33YXbcN7 - analiz 90s sonra
12:46:53 INFO    [info] Yeni coin: Amx2s7XrQb - analiz 90s sonra
12:46:53 INFO    [info] Yeni coin: DCEuHUW4dz - analiz 90s sonra
12:46:54 INFO    [info] Yeni coin: FhBfSgb1Nx - analiz 90s sonra
12:46:57 INFO    [info] Yeni coin: Ff9NHDnHr4 - analiz 90s sonra
12:47:09 WARNING RPC hiz limiti (429) - RPC_RPS dusurun veya plani yukseltin
12:47:14 INFO    [info] Yeni coin: ExCLbXQ9ef - analiz 90s sonra
12:47:16 INFO    [info] Yeni coin: E677oako5r - analiz 90s sonra
12:47:16 INFO    [info] Yeni coin: EE9rbnZBNt - analiz 90s sonra
12:47:20 INFO    [info] Yeni coin: F35mRh6uYY - analiz 90s sonra
12:47:20 INFO    [info] Yeni coin: 2ANfiB88WT - analiz 90s sonra
12:47:24 INFO    [info] Yeni coin: 2ucTmjAJ3j - analiz 90s sonra
12:47:25 INFO    [info] Yeni coin: 7qYuxokMST - analiz 90s sonra
12:47:25 INFO    [info] Yeni coin: 5mxMGktyyT - analiz 90s sonra
12:47:31 INFO    [info] Yeni coin: 3rt5aKYRBe - analiz 90s sonra
12:47:33 INFO    [info] Yeni coin: 7aE4Az7ZC9 - analiz 90s sonra
12:47:36 INFO    [warn] Takip edilen cuzdan yok - once skorlayip takibe alin
12:47:39 INFO    [info] Yeni coin: 5Pj9xjHR9A - analiz 90s sonra
12:47:41 WARNING RPC hiz limiti (429) - RPC_RPS dusurun veya plani yukseltin
12:47:55 INFO    [info] Yeni coin: 8wtt2PsjRv - analiz 90s sonra
12:48:02 INFO    [info] Yeni coin: DztLceAzVd - analiz 90s sonra
12:48:04 INFO    [info] Yeni coin: EBPG99WZpe - analiz 90s sonra
12:48:28 INFO    [info] Yeni coin: 6aYWb4fxMo - analiz 90s sonra
12:48:28 INFO    [info] Yeni coin: 6dYTE9g45n - analiz 90s sonra
12:48:35 WARNING RPC hiz limiti (429) - RPC_RPS dusurun veya plani yukseltin
12:48:43 INFO    [info] Yeni coin: 8K7BwciCYr - analiz 90s sonra
12:48:44 INFO    [info] Yeni coin: G46qztEoMm - analiz 90s sonra
12:48:45 INFO    [info] Yeni coin: FuoLSRtAht - analiz 90s sonra
12:48:48 INFO    [info] Yeni coin: CGLVDnRWxD - analiz 90s sonra
12:48:54 INFO    [info] Yeni coin: G4Xrc4kdU8 - analiz 90s sonra
12:48:55 INFO    [info] Yeni coin: 4kczxjrzZG - analiz 90s sonra
12:49:00 INFO    [info] Yeni coin: 6WQDk4kisU - analiz 90s sonra
12:49:03 WARNING RPC hiz limiti (429) - RPC_RPS dusurun veya plani yukseltin
12:49:03 INFO    [info] Yeni coin: BK18jMeSJD - analiz 90s sonra
12:49:06 INFO    [info] Yeni coin: DiC21bPZ7V - analiz 90s sonra
12:49:10 INFO    [info] Yeni coin: 3Us1fFcr7n - analiz 90s sonra
12:49:13 INFO    [info] Yeni coin: 39kym2n3EJ - analiz 90s sonra
12:49:15 INFO    [info] Yeni coin: FYneJgas68 - analiz 90s sonra
12:49:18 INFO    [success] [PAPER] ALINDI bing chilling - 0.1000 SOL @ $0.00000518 (slipaj %1.91, fee 0.00200 SOL)
12:49:22 INFO    [info] Yeni coin: CvgdQq5fwX - analiz 90s sonra
12:49:22 INFO    [info] Yeni coin: 8RUZZGDe63 - analiz 90s sonra
12:49:29 INFO    [info] Yeni coin: BxJry6ni4A - analiz 90s sonra
12:49:30 WARNING RPC hiz limiti (429) - RPC_RPS dusurun veya plani yukseltin
12:49:33 INFO    [info] Yeni coin: 7KGRtAmYsG - analiz 90s sonra
12:49:34 INFO    [info] Yeni coin: 8aWUaQzbNR - analiz 90s sonra
12:49:36 INFO    [warn] Takip edilen cuzdan yok - once skorlayip takibe alin
12:49:44 INFO    [info] Yeni coin: CtTBnMwp3b - analiz 90s sonra
12:49:45 INFO    [info] Yeni coin: 2iidGtNJWp - analiz 90s sonra
12:49:46 INFO    [info] Yeni coin: 8wDEciUTC5 - analiz 90s sonra
12:49:51 INFO    [info] Yeni coin: BxYa1zNwvj - analiz 90s sonra
12:49:52 INFO    [info] Yeni coin: Csquwr3RXW - analiz 90s sonra
12:49:53 INFO    [info] Yeni coin: eU4NG1EwJS - analiz 90s sonra
12:50:00 WARNING RPC hiz limiti (429) - RPC_RPS dusurun veya plani yukseltin
12:50:06 INFO    [info] Yeni coin: 5aaijUHmtV - analiz 90s sonra
12:50:11 INFO    [info] Yeni coin: 68hcu2r7hM - analiz 90s sonra
12:50:15 INFO    [info] Yeni coin: Es9vMFrzaC - analiz 90s sonra
12:50:25 WARNING RPC hiz limiti (429) - RPC_RPS dusurun veya plani yukseltin
12:50:26 INFO    [info] Yeni coin: CASHx9KJUS - analiz 90s sonra
12:50:31 INFO    [info] Yeni coin: DdrR8VVBgH - analiz 90s sonra
12:50:36 INFO    [info] Yeni coin: 6qQK3YY6zh - analiz 90s sonra
12:50:36 INFO    [info] Yeni coin: 74SLJzWX4S - analiz 90s sonra
12:50:43 WARNING RPC hiz limiti (429) - RPC_RPS dusurun veya plani yukseltin
12:50:47 INFO    [info] Yeni coin: G9Bew3MnJk - analiz 90s sonra
12:50:49 INFO    [info] Yeni coin: 9EbssP5FMs - analiz 90s sonra
12:50:50 INFO    [info] Yeni coin: FxAUNrVzHE - analiz 90s sonra
12:50:51 INFO    [info] Yeni coin: 3DSEgntkoA - analiz 90s sonra
12:50:52 INFO    [info] Yeni coin: 9yDdzvKNuH - analiz 90s sonra
12:50:59 INFO    [info] Yeni coin: AxUFHqpBZi - analiz 90s sonra
12:51:00 WARNING RPC hiz limiti (429) - RPC_RPS dusurun veya plani yukseltin
12:51:03 INFO    [info] Yeni coin: 5dU65tp7t2 - analiz 90s sonra
12:51:07 INFO    [info] Yeni coin: 8FQXrWMuSg - analiz 90s sonra
12:51:08 INFO    [info] Yeni coin: 8kRYdvngt3 - analiz 90s sonra
12:51:08 INFO    [info] Yeni coin: CZwdYmU3Ki - analiz 90s sonra
12:51:19 INFO    [info] Yeni coin: 5QwJoNqg4L - analiz 90s sonra
12:51:33 INFO    [info] Yeni coin: 6ggYWrzZUP - analiz 90s sonra
12:51:34 WARNING RPC hiz limiti (429) - RPC_RPS dusurun veya plani yukseltin
12:51:36 INFO    [warn] Takip edilen cuzdan yok - once skorlayip takibe alin
12:51:42 INFO    [info] Yeni coin: PMMn8M9CVM - analiz 90s sonra
12:51:49 INFO    [info] Yeni coin: HMij6fd89s - analiz 90s sonra
12:51:53 INFO    [info] Yeni coin: 2uj6QXwKjZ - analiz 90s sonra
12:51:55 INFO    [info] Yeni coin: 3VwRwvx31L - analiz 90s sonra
12:51:56 INFO    [info] Yeni coin: z2Lhi7GrLP - analiz 90s sonra
12:52:16 INFO    [info] Yeni coin: FrgcigFKPo - analiz 90s sonra
12:52:21 WARNING RPC hiz limiti (429) - RPC_RPS dusurun veya plani yukseltin
12:52:30 INFO    [info] Yeni coin: HNYv57cJL8 - analiz 90s sonra
12:52:32 INFO    [info] Yeni coin: GDMd1oSjbV - analiz 90s sonra
12:52:33 INFO    [info] Yeni coin: Etj3Rf2hB9 - analiz 90s sonra
12:52:35 INFO    [info] Yeni coin: 62Hok1wuj1 - analiz 90s sonra
12:52:38 WARNING RPC hiz limiti (429) - RPC_RPS dusurun veya plani yukseltin
12:52:42 INFO    [info] Yeni coin: 6WDPnwuWUG - analiz 90s sonra
12:52:51 INFO    [info] Yeni coin: F4vEFNoH9H - analiz 90s sonra
12:52:51 INFO    [info] Yeni coin: JADwf3UwsD - analiz 90s sonra
12:53:01 INFO    [info] Yeni coin: GhsAUHVg65 - analiz 90s sonra
12:53:04 INFO    [info] Yeni coin: 5MAFDTWf8v - analiz 90s sonra
12:53:05 INFO    [info] Yeni coin: 6VDWFceUz3 - analiz 90s sonra
12:53:15 INFO    [info] Yeni coin: HxNaEwTHsc - analiz 90s sonra
12:53:16 WARNING RPC hiz limiti (429) - RPC_RPS dusurun veya plani yukseltin
12:53:17 INFO    [info] Yeni coin: 7LorU5MZNL - analiz 90s sonra
12:53:19 INFO    [info] Yeni coin: 6sFkuukzzg - analiz 90s sonra
12:53:21 INFO    [info] Yeni coin: D7vnZEJdS7 - analiz 90s sonra
12:53:22 INFO    [info] Yeni coin: xzQhfRyytN - analiz 90s sonra
12:53:23 INFO    [info] Yeni coin: G9xRZfcecU - analiz 90s sonra
12:53:26 INFO    [info] Yeni coin: 676khkatCd - analiz 90s sonra
12:53:36 INFO    [warn] Takip edilen cuzdan yok - once skorlayip takibe alin
12:53:39 INFO    [info] Yeni coin: 4WYTMtQWgk - analiz 90s sonra
12:53:39 INFO    [info] Yeni coin: FvbR1K8Ffy - analiz 90s sonra
12:53:40 INFO    [info] Yeni coin: 34rgu3fB39 - analiz 90s sonra
12:53:42 INFO    [info] Yeni coin: B4kzGiDzGb - analiz 90s sonra
12:53:42 INFO    [info] Yeni coin: H7GvKbrkDQ - analiz 90s sonra
12:53:43 INFO    [info] Yeni coin: 6DXJk4jF9U - analiz 90s sonra
12:53:45 WARNING RPC hiz limiti (429) - RPC_RPS dusurun veya plani yukseltin
12:53:57 INFO    [info] Yeni coin: MxGPPthD8g - analiz 90s sonra
12:54:00 INFO    [info] Yeni coin: HZkxGCuLte - analiz 90s sonra
12:54:00 INFO    [info] Yeni coin: 3W5FJNg8S6 - analiz 90s sonra
12:54:02 INFO    [info] Yeni coin: 8vf4P8rccM - analiz 90s sonra
12:54:04 INFO    [info] Yeni coin: 6Bjhb84MUb - analiz 90s sonra
12:54:08 INFO    [info] Yeni coin: AqrX4x7gMk - analiz 90s sonra
12:54:10 INFO    [info] Yeni coin: 4sQw5Q3ee8 - analiz 90s sonra
12:54:11 WARNING RPC hiz limiti (429) - RPC_RPS dusurun veya plani yukseltin
12:54:13 INFO    [info] Yeni coin: 63oWQfVfEL - analiz 90s sonra
12:54:14 INFO    [info] Yeni coin: HBpbyj7yyc - analiz 90s sonra
12:54:16 INFO    [info] Yeni coin: F1fJpd19vV - analiz 90s sonra
12:54:22 INFO    [info] Yeni coin: 3ujk97Jzso - analiz 90s sonra
12:54:28 INFO    [info] Yeni coin: 4Hynx5skpm - analiz 90s sonra
12:54:30 INFO    [info] Yeni coin: FLm46xoQZp - analiz 90s sonra
12:54:32 INFO    [info] Yeni coin: FZCYN2GN6X - analiz 90s sonra
12:54:33 WARNING RPC hiz limiti (429) - RPC_RPS dusurun veya plani yukseltin
12:54:43 INFO    [info] Yeni coin: 9PK9Vpq6sG - analiz 90s sonra
12:54:45 INFO    [info] Yeni coin: 69ZYV8Jy97 - analiz 90s sonra
12:54:50 WARNING RPC hiz limiti (429) - RPC_RPS dusurun veya plani yukseltin
12:54:51 INFO    [info] Yeni coin: 81UjTWKnLc - analiz 90s sonra
12:54:51 INFO    [info] Yeni coin: GFobuvz5L5 - analiz 90s sonra
12:54:59 INFO    [info] Yeni coin: CzXQGKYjoA - analiz 90s sonra
12:55:03 INFO    [info] Yeni coin: 7DktNPqWhr - analiz 90s sonra
12:55:05 INFO    [info] Yeni coin: EGXXDwXrQA - analiz 90s sonra
12:55:07 INFO    [info] Yeni coin: DnyHAziS8e - analiz 90s sonra
12:55:20 INFO    [info] Yeni coin: 7Jk4iT6fGm - analiz 90s sonra
12:55:20 INFO    [info] Yeni coin: 8Eock7Et1n - analiz 90s sonra
12:55:21 INFO    [info] Yeni coin: 8nBMwHtKoQ - analiz 90s sonra
12:55:22 INFO    [info] Yeni coin: 9XPq7SoACu - analiz 90s sonra
12:55:23 INFO    [info] Yeni coin: 9ZQFBFbdK8 - analiz 90s sonra
12:55:23 INFO    [info] Yeni coin: 9nP2DszqJV - analiz 90s sonra
12:55:25 WARNING RPC hiz limiti (429) - RPC_RPS dusurun veya plani yukseltin
12:55:36 INFO    [warn] Takip edilen cuzdan yok - once skorlayip takibe alin
12:55:41 INFO    [info] Yeni coin: 3G8EuKqxkJ - analiz 90s sonra
12:55:44 INFO    [warn] Helius baglantisi koptu (ConnectionClosedError), 5s sonra tekrar denenecek
12:55:49 INFO    [success] Helius websocket baglandi, pump.fun dinleniyor
12:55:55 INFO    [info] Yeni coin: A1s9b9YpBM - analiz 90s sonra
12:55:55 WARNING RPC hiz limiti (429) - RPC_RPS dusurun veya plani yukseltin
12:55:59 INFO    [info] Yeni coin: DuCYFk8k4D - analiz 90s sonra
12:56:01 INFO    [info] Yeni coin: H67E5qZkFL - analiz 90s sonra
12:56:12 INFO    [info] Yeni coin: 5rsrECy9Cv - analiz 90s sonra
12:56:12 INFO    [info] Yeni coin: 4bN812Kv3B - analiz 90s sonra
12:56:24 INFO    [info] Yeni coin: AKnN4wcXwb - analiz 90s sonra
12:56:24 INFO    [info] Yeni coin: ATeNxdg3D9 - analiz 90s sonra
12:56:25 INFO    [info] Yeni coin: AYL9LBmPWT - analiz 90s sonra
12:56:27 INFO    [info] Yeni coin: 8ougTNU5FC - analiz 90s sonra
12:56:32 WARNING RPC hiz limiti (429) - RPC_RPS dusurun veya plani yukseltin
12:56:38 INFO    [info] Yeni coin: 8k2aawAJza - analiz 90s sonra
12:56:45 INFO    [success] [PAPER] ALINDI Capa The Camel - 0.1000 SOL @ $0.00000561 (slipaj %1.86, fee 0.00200 SOL)
12:56:50 INFO    [info] Yeni coin: 3933zSqPQZ - analiz 90s sonra
12:56:53 INFO    [info] Yeni coin: Fk8j1oRMpZ - analiz 90s sonra
12:56:59 INFO    [info] Yeni coin: FgguW3kRuc - analiz 90s sonra
12:57:05 WARNING RPC hiz limiti (429) - RPC_RPS dusurun veya plani yukseltin
12:57:06 INFO    [info] Yeni coin: 6rt1Dw7YZR - analiz 90s sonra
12:57:07 INFO    [info] Yeni coin: 65ZFh58wqj - analiz 90s sonra
12:57:09 INFO    [info] Yeni coin: FSzi7Kv5mB - analiz 90s sonra
12:57:12 INFO    [info] Yeni coin: CCJEB3cyAg - analiz 90s sonra
12:57:12 INFO    [info] Yeni coin: iMt2ajjjSV - analiz 90s sonra
12:57:14 INFO    [info] Yeni coin: 63cpEm8VGp - analiz 90s sonra
12:57:14 INFO    [info] Yeni coin: 3zF8YRog7i - analiz 90s sonra
12:57:23 WARNING RPC hiz limiti (429) - RPC_RPS dusurun veya plani yukseltin
12:57:26 INFO    [info] Yeni coin: G25wWKBSn9 - analiz 90s sonra
12:57:26 INFO    [info] Yeni coin: 99hn7YQXZe - analiz 90s sonra
12:57:29 INFO    [info] Yeni coin: CnC7BTwFD2 - analiz 90s sonra
12:57:29 INFO    [info] Yeni coin: HAfcaTsK9z - analiz 90s sonra
12:57:36 INFO    [warn] Takip edilen cuzdan yok - once skorlayip takibe alin
12:57:36 INFO    [info] Yeni coin: HxnojVwceD - analiz 90s sonra
12:57:42 INFO    [info] Yeni coin: 5CHefspoTk - analiz 90s sonra
12:57:46 WARNING RPC hiz limiti (429) - RPC_RPS dusurun veya plani yukseltin
12:57:49 INFO    [info] Yeni coin: 7EyXtvTjuf - analiz 90s sonra
12:57:52 INFO    [info] Yeni coin: 3jKNXMbSak - analiz 90s sonra
12:57:58 INFO    [info] Yeni coin: Ce6pqdbSNY - analiz 90s sonra
12:58:02 INFO    [info] Yeni coin: AdUtUMfcoE - analiz 90s sonra
12:58:02 INFO    [info] Yeni coin: HDTiXHgysy - analiz 90s sonra
12:58:06 INFO    [info] Yeni coin: HSffh8ucyR - analiz 90s sonra
12:58:10 INFO    [info] Yeni coin: Cv6b16N2a5 - analiz 90s sonra
12:58:11 INFO    [info] Yeni coin: 82bKZzE9CF - analiz 90s sonra
12:58:16 WARNING RPC hiz limiti (429) - RPC_RPS dusurun veya plani yukseltin
12:58:18 INFO    [success] [PAPER] ALINDI Clayground - 0.1000 SOL @ $0.00000937 (slipaj %1.69, fee 0.00200 SOL)
12:58:22 INFO    [info] Yeni coin: 4uuVD5Bz7P - analiz 90s sonra
12:58:31 INFO    [info] Yeni coin: DAkqq7Xdm5 - analiz 90s sonra
12:58:38 INFO    [info] Yeni coin: E8pvgNdMJT - analiz 90s sonra
12:58:44 INFO    [info] Yeni coin: HSZBSSX6GB - analiz 90s sonra
12:58:45 INFO    [info] Yeni coin: 4wtGzTCZ29 - analiz 90s sonra
12:58:50 INFO    [info] Yeni coin: EZuTkWV8pu - analiz 90s sonra
12:58:54 WARNING RPC hiz limiti (429) - RPC_RPS dusurun veya plani yukseltin
12:58:54 INFO    [info] Yeni coin: 7sXtWs1wcg - analiz 90s sonra
12:58:54 INFO    [info] Yeni coin: EdBEwPyso3 - analiz 90s sonra
12:58:58 INFO    [info] Yeni coin: 9eCg9vdEut - analiz 90s sonra
12:59:01 INFO    [info] Yeni coin: EhU7PxUiMu - analiz 90s sonra
12:59:03 INFO    [info] Yeni coin: AGWRQ2LXDp - analiz 90s sonra
12:59:03 INFO    [info] Yeni coin: 8nVvC3mfAy - analiz 90s sonra
12:59:05 INFO    [info] Yeni coin: AtR1oEbmVn - analiz 90s sonra
12:59:06 INFO    [info] Yeni coin: Ac2X5ocXmo - analiz 90s sonra
12:59:07 INFO    [info] Yeni coin: BNAZjdvYnM - analiz 90s sonra
12:59:11 INFO    [info] Yeni coin: ASgse8jUf4 - analiz 90s sonra
12:59:16 INFO    [info] Yeni coin: HhKTHFnaUN - analiz 90s sonra
12:59:16 INFO    [info] Yeni coin: FLq6F7YZSS - analiz 90s sonra
12:59:20 INFO    [info] Yeni coin: AwQB6CYPJD - analiz 90s sonra
12:59:20 INFO    [info] Yeni coin: 9S41AxFJbj - analiz 90s sonra
12:59:22 WARNING RPC hiz limiti (429) - RPC_RPS dusurun veya plani yukseltin
12:59:24 INFO    [info] Yeni coin: 8NkK2r2rZR - analiz 90s sonra
12:59:26 INFO    [info] Yeni coin: oBJoMLL5uM - analiz 90s sonra
12:59:30 INFO    [info] Yeni coin: 4RkoTKxE7A - analiz 90s sonra
12:59:32 INFO    [info] Yeni coin: 9RF4SJhDMc - analiz 90s sonra
12:59:32 INFO    [info] Yeni coin: 659XowVLr8 - analiz 90s sonra
12:59:34 INFO    [info] Yeni coin: 9NpQHFXF1u - analiz 90s sonra
12:59:34 INFO    [info] Yeni coin: Ha3ktsrhyt - analiz 90s sonra
12:59:36 INFO    [warn] Takip edilen cuzdan yok - once skorlayip takibe alin
12:59:42 WARNING RPC hiz limiti (429) - RPC_RPS dusurun veya plani yukseltin
12:59:46 INFO    [info] Yeni coin: 5MaiNgcyP8 - analiz 90s sonra
12:59:49 INFO    [info] Yeni coin: F3gH5NdQqg - analiz 90s sonra
12:59:53 INFO    [info] Yeni coin: QUwncWhxE5 - analiz 90s sonra
13:00:01 INFO    [info] Yeni coin: 5U9JGtv5KV - analiz 90s sonra
13:00:01 INFO    [info] Yeni coin: 54yHgjwsHc - analiz 90s sonra
13:00:05 INFO    [info] Yeni coin: BH9KXvhfnW - analiz 90s sonra
13:00:06 WARNING RPC hiz limiti (429) - RPC_RPS dusurun veya plani yukseltin
13:00:08 INFO    [success] [PAPER] ALINDI Onecoin - 0.1000 SOL @ $0.00000991 (slipaj %26.50, fee 0.00200 SOL)
13:00:10 INFO    [info] Yeni coin: 6Le9c8ziBR - analiz 90s sonra
13:00:15 INFO    [info] Yeni coin: 7twPV5MncQ - analiz 90s sonra
13:00:18 INFO    [info] Yeni coin: 3kBRXJSmyN - analiz 90s sonra
13:00:28 INFO    [info] Yeni coin: BRTyRHRiUX - analiz 90s sonra
13:00:32 INFO    [info] Yeni coin: G7ZxcryYC6 - analiz 90s sonra
13:00:32 INFO    [info] Yeni coin: 9bKyHr4FAN - analiz 90s sonra
13:00:35 INFO    [info] Yeni coin: tWsMLMMwWC - analiz 90s sonra
13:00:37 WARNING RPC hiz limiti (429) - RPC_RPS dusurun veya plani yukseltin
13:00:39 INFO    [info] Yeni coin: FeFwm31K8T - analiz 90s sonra
13:00:48 INFO    [info] Yeni coin: 263NMKNFuL - analiz 90s sonra
13:00:49 INFO    [info] Yeni coin: 8oGa9sJB3K - analiz 90s sonra
13:00:55 INFO    [info] Yeni coin: 2Rc1wev8he - analiz 90s sonra
13:00:59 INFO    [info] Yeni coin: JvPhV5BHGc - analiz 90s sonra
13:00:59 INFO    [info] Yeni coin: 3xVUoHA3sN - analiz 90s sonra
13:01:01 WARNING RPC hiz limiti (429) - RPC_RPS dusurun veya plani yukseltin
13:01:01 INFO    [info] Yeni coin: 3Jjf8fEB87 - analiz 90s sonra
13:01:03 INFO    [info] Yeni coin: 8MY9aZgwFN - analiz 90s sonra
13:01:09 INFO    [info] Yeni coin: 5c96SdUhkh - analiz 90s sonra
13:01:11 INFO    [info] Yeni coin: DXoqa6ChXX - analiz 90s sonra
13:01:11 INFO    [info] Yeni coin: 6sTwS5gdBh - analiz 90s sonra
13:01:13 INFO    [info] Yeni coin: HJfV5cDstJ - analiz 90s sonra
13:01:14 INFO    [info] Yeni coin: 4YoLfEDVRZ - analiz 90s sonra
13:01:15 INFO    [info] Yeni coin: 5n51QVGX77 - analiz 90s sonra
13:01:18 WARNING RPC hiz limiti (429) - RPC_RPS dusurun veya plani yukseltin
13:01:18 INFO    [info] Yeni coin: 5BG5zpaTQQ - analiz 90s sonra
13:01:20 INFO    [info] Yeni coin: EjKubztnWX - analiz 90s sonra
13:01:20 INFO    [info] Yeni coin: 6c3VDYF8Vk - analiz 90s sonra
13:01:21 INFO    [info] Yeni coin: 2rbAr8ADaC - analiz 90s sonra
13:01:26 INFO    [info] Yeni coin: 6vaL3YGwS4 - analiz 90s sonra
13:01:27 INFO    [info] Yeni coin: 45zaBV3r3g - analiz 90s sonra
13:01:29 INFO    [info] Yeni coin: 5Am9X5bYN5 - analiz 90s sonra
13:01:30 INFO    [info] Yeni coin: H77ME29D1W - analiz 90s sonra
13:01:30 INFO    [info] Yeni coin: 9RaScGo3fQ - analiz 90s sonra
13:01:30 INFO    [info] Yeni coin: EoinZ9fE55 - analiz 90s sonra
13:01:30 INFO    [info] Yeni coin: 5sLeqhxggY - analiz 90s sonra
13:01:31 INFO    [info] Yeni coin: AbuNfRmsh7 - analiz 90s sonra
13:01:31 INFO    [info] Yeni coin: 4qncrLbnDM - analiz 90s sonra
13:01:33 INFO    [error] Stop loss: The Survivor (-30.3%)
13:01:33 INFO    [info] [PAPER] SATIS The Survivor stop_loss %100 -> 0.06587 SOL (fee 0.00168)
13:01:33 INFO    [error] [PAPER] The Survivor | stop_loss %100 | PnL -31.37% (-0.0351 SOL)
13:01:36 INFO    [warn] Takip edilen cuzdan yok - once skorlayip takibe alin
13:01:41 INFO    [info] Yeni coin: 8tA8FbKeyu - analiz 90s sonra
13:01:43 INFO    [info] Yeni coin: FoAU71gxhs - analiz 90s sonra
13:01:47 WARNING RPC hiz limiti (429) - RPC_RPS dusurun veya plani yukseltin
13:01:50 INFO    [info] Yeni coin: BwftDyjL6d - analiz 90s sonra
13:01:57 INFO    [info] Yeni coin: Gqv1E1xTTT - analiz 90s sonra
13:01:57 INFO    [info] Yeni coin: 6wUfBeERRV - analiz 90s sonra
13:01:59 INFO    [info] Yeni coin: CC56Q5FZo4 - analiz 90s sonra
13:02:00 INFO    [info] Yeni coin: J7GqyuowzT - analiz 90s sonra
13:02:09 INFO    [info] Yeni coin: 4SdvfSmefy - analiz 90s sonra
13:02:12 INFO    [info] Yeni coin: 3jcLjmxfAZ - analiz 90s sonra
13:02:18 WARNING RPC hiz limiti (429) - RPC_RPS dusurun veya plani yukseltin
13:02:22 INFO    [info] Yeni coin: B3sCsh6Ha3 - analiz 90s sonra
13:02:22 INFO    [info] Yeni coin: BVyTT16sci - analiz 90s sonra
13:02:35 INFO    [info] Yeni coin: J6sgyhnej3 - analiz 90s sonra
13:02:42 INFO    [info] Yeni coin: qhh6ofVzVh - analiz 90s sonra
13:02:44 INFO    [info] Yeni coin: 41FskkjkSN - analiz 90s sonra
13:03:00 WARNING RPC hiz limiti (429) - RPC_RPS dusurun veya plani yukseltin
13:03:08 INFO    [info] Yeni coin: EozVacc8ai - analiz 90s sonra
13:03:26 INFO    [info] Yeni coin: AntDpRsh7e - analiz 90s sonra
13:03:26 WARNING RPC hiz limiti (429) - RPC_RPS dusurun veya plani yukseltin
13:03:27 INFO    [info] Yeni coin: 76ynZ75UCy - analiz 90s sonra
13:03:28 INFO    [info] Yeni coin: GZxQ4oijRz - analiz 90s sonra
13:03:29 INFO    [success] [PAPER] ALINDI ANKLE OS  - 0.1000 SOL @ $0.00001290 (slipaj %1.64, fee 0.00200 SOL)
13:03:36 INFO    [warn] Takip edilen cuzdan yok - once skorlayip takibe alin
13:03:37 INFO    [info] Yeni coin: A2VyvCtSFC - analiz 90s sonra
13:03:38 INFO    [info] Yeni coin: AnLPDEXzpF - analiz 90s sonra
13:03:43 INFO    [info] Yeni coin: FVf1wDTjDd - analiz 90s sonra
13:03:47 INFO    [info] Yeni coin: 9vrpc2TuFr - analiz 90s sonra
13:03:59 INFO    [info] Yeni coin: 6xXrqjnb9V - analiz 90s sonra
13:04:00 INFO    [info] Yeni coin: ESUHXuEYXX - analiz 90s sonra
13:04:01 WARNING RPC hiz limiti (429) - RPC_RPS dusurun veya plani yukseltin
13:04:01 INFO    [info] Yeni coin: k3oMPWC4XF - analiz 90s sonra
13:04:04 INFO    [info] Yeni coin: FXhp5ZPW9R - analiz 90s sonra
13:04:05 INFO    [info] Yeni coin: 81zuZhKk4G - analiz 90s sonra
13:04:05 INFO    [info] Yeni coin: 9HNEutCZLo - analiz 90s sonra
13:04:11 INFO    [info] Yeni coin: o7fjraP9Yt - analiz 90s sonra
13:04:11 INFO    [info] Yeni coin: HR2X9LXGAR - analiz 90s sonra
13:04:12 INFO    [info] Yeni coin: HXSysif3Pa - analiz 90s sonra
13:04:18 WARNING RPC hiz limiti (429) - RPC_RPS dusurun veya plani yukseltin
13:04:23 INFO    [info] Yeni coin: F7ZdDMVPxJ - analiz 90s sonra
13:04:36 INFO    [info] Yeni coin: KHVSTELWJy - analiz 90s sonra
13:04:37 INFO    [info] Yeni coin: DnaNU95C8C - analiz 90s sonra
13:04:42 WARNING RPC hiz limiti (429) - RPC_RPS dusurun veya plani yukseltin
13:04:47 INFO    [info] Yeni coin: 3xqUyDd2UK - analiz 90s sonra
13:04:50 INFO    [info] Yeni coin: Fp9Yctx9xC - analiz 90s sonra
13:04:52 INFO    [info] Yeni coin: 8anwg5MQP2 - analiz 90s sonra
13:05:08 INFO    [info] Yeni coin: 3ptBEdkj4z - analiz 90s sonra
13:05:13 INFO    [info] Yeni coin: 53EF6wTY2M - analiz 90s sonra
13:05:14 INFO    [info] Yeni coin: A9HQAJ97dM - analiz 90s sonra
13:05:16 INFO    [info] Yeni coin: 4NaCiYJj9g - analiz 90s sonra
13:05:20 INFO    [info] Yeni coin: Hh1TVBHU7Y - analiz 90s sonra
13:05:21 INFO    [info] Yeni coin: Gn9sso9M4P - analiz 90s sonra
13:05:26 INFO    [info] Yeni coin: Gu2KJsBkWo - analiz 90s sonra
13:05:36 INFO    [warn] Takip edilen cuzdan yok - once skorlayip takibe alin
13:05:37 WARNING RPC hiz limiti (429) - RPC_RPS dusurun veya plani yukseltin
13:05:44 INFO    [info] Yeni coin: 6yHfsiMX1g - analiz 90s sonra
13:05:50 INFO    [info] Yeni coin: AFNcTVSMes - analiz 90s sonra
13:05:52 INFO    [info] Yeni coin: 4V5iFWHRQ1 - analiz 90s sonra
13:06:00 INFO    [warn] Fear of Missing Out: analiz fiyati %-13 bayat (analiz uzun surdu), taze fiyatla alindi
13:06:00 INFO    [success] [PAPER] ALINDI Fear of Missing Out - 0.1000 SOL @ $0.00000590 (slipaj %1.80, fee 0.00200 SOL)
13:06:04 INFO    [info] Yeni coin: 5WswJiRTj4 - analiz 90s sonra
13:06:07 INFO    [info] Yeni coin: HA34RnJJYg - analiz 90s sonra
13:06:08 INFO    [info] Yeni coin: 6GtHEKiSZB - analiz 90s sonra
13:06:11 INFO    [info] Yeni coin: DVMMbFG9sK - analiz 90s sonra
13:06:12 WARNING RPC hiz limiti (429) - RPC_RPS dusurun veya plani yukseltin
13:06:12 INFO    [info] Yeni coin: GeA8LB6PzP - analiz 90s sonra
13:06:24 INFO    [info] Yeni coin: 3R9eE6Ptah - analiz 90s sonra
13:06:26 INFO    [info] Yeni coin: Cb1GBA5N5e - analiz 90s sonra
13:06:37 INFO    [info] Yeni coin: MjECP91yi3 - analiz 90s sonra
13:06:39 INFO    [info] Yeni coin: 7DZxmt8tyT - analiz 90s sonra
13:06:44 INFO    [info] Yeni coin: 7t11rwxNbZ - analiz 90s sonra
13:06:45 INFO    [warn] Helius baglantisi koptu (ConnectionClosedError), 5s sonra tekrar denenecek
13:06:50 INFO    [success] Helius websocket baglandi, pump.fun dinleniyor
13:06:51 WARNING RPC hiz limiti (429) - RPC_RPS dusurun veya plani yukseltin
13:06:53 INFO    [error] Stop loss: ANKLE OS  (-31.4%)
13:06:53 INFO    [info] [PAPER] SATIS ANKLE OS  stop_loss %100 -> 0.06530 SOL (fee 0.00167)
13:06:54 INFO    [error] [PAPER] ANKLE OS  | stop_loss %100 | PnL -32.41% (-0.0357 SOL)
13:07:01 INFO    [info] Yeni coin: B6pq1QSt66 - analiz 90s sonra
13:07:04 INFO    [info] Yeni coin: 9HRk5HsstL - analiz 90s sonra
13:07:04 INFO    [info] Yeni coin: 4BMz7PwGxp - analiz 90s sonra
13:07:11 INFO    [info] Yeni coin: 6dLwtKw5h1 - analiz 90s sonra
13:07:14 INFO    [info] Yeni coin: DF4J7khnsv - analiz 90s sonra
13:07:21 WARNING RPC hiz limiti (429) - RPC_RPS dusurun veya plani yukseltin
13:07:29 INFO    [info] Yeni coin: CVBmYyziqv - analiz 90s sonra
13:07:36 INFO    [warn] Takip edilen cuzdan yok - once skorlayip takibe alin
13:07:41 INFO    [info] Yeni coin: 9SUAUnVsfV - analiz 90s sonra
13:07:45 INFO    [info] Yeni coin: ChxYA1kmU7 - analiz 90s sonra
13:07:46 INFO    [info] Yeni coin: 5jvocR9UPx - analiz 90s sonra
13:07:52 WARNING RPC hiz limiti (429) - RPC_RPS dusurun veya plani yukseltin
13:07:52 INFO    [info] Yeni coin: 3mjT5E59qd - analiz 90s sonra
13:07:53 INFO    [info] Yeni coin: AXJNBFhbWu - analiz 90s sonra
13:07:55 INFO    [info] Yeni coin: NVpSTYNybE - analiz 90s sonra
13:07:57 INFO    [info] Yeni coin: 4rSpBEgusL - analiz 90s sonra
13:07:59 INFO    [info] Yeni coin: 2GZorQUBUU - analiz 90s sonra
13:08:01 INFO    [info] Yeni coin: 63mjFEiF1s - analiz 90s sonra
13:08:03 INFO    [info] Yeni coin: CqaFTPcYRy - analiz 90s sonra
13:08:06 INFO    [info] Yeni coin: 4m3ZEGcjty - analiz 90s sonra
13:08:08 WARNING RPC hiz limiti (429) - RPC_RPS dusurun veya plani yukseltin
13:08:09 INFO    [info] Yeni coin: DHCMBZaSdS - analiz 90s sonra
13:08:09 INFO    [info] Yeni coin: E8rkFqn6gm - analiz 90s sonra
13:08:09 INFO    [info] Yeni coin: EXMmLb9pH1 - analiz 90s sonra
13:08:10 INFO    [info] Yeni coin: FkgmowADtx - analiz 90s sonra
13:08:13 INFO    [info] Yeni coin: Ymv5Ew6WAj - analiz 90s sonra
13:08:16 INFO    [info] Yeni coin: 6GYQAiLJpU - analiz 90s sonra
13:08:25 WARNING RPC hiz limiti (429) - RPC_RPS dusurun veya plani yukseltin
13:08:27 INFO    [info] Yeni coin: 4RNkoBxfLD - analiz 90s sonra
13:08:35 INFO    [info] Yeni coin: Rgtm83R1Da - analiz 90s sonra
13:08:42 INFO    [info] Yeni coin: HtEUNSicoT - analiz 90s sonra
13:08:44 INFO    [error] Stop loss: Bullcoin (-32.5%)
13:08:44 INFO    [info] [PAPER] SATIS Bullcoin stop_loss %100 -> 0.06450 SOL (fee 0.00167)
13:08:44 INFO    [error] [PAPER] Bullcoin | stop_loss %100 | PnL -33.54% (-0.0365 SOL)
13:08:49 WARNING RPC hiz limiti (429) - RPC_RPS dusurun veya plani yukseltin
13:08:49 INFO    [info] Yeni coin: 8YWYfgbXKB - analiz 90s sonra
13:08:49 INFO    [info] Yeni coin: 5rgXYZoaFX - analiz 90s sonra
13:08:52 INFO    [info] Yeni coin: 9JtL41FLX6 - analiz 90s sonra
13:08:53 INFO    [info] Yeni coin: 38XJHFXpAn - analiz 90s sonra
13:08:55 INFO    [info] Yeni coin: BxCHnMbC6t - analiz 90s sonra
13:08:58 INFO    [info] Yeni coin: BVgqg8ybKi - analiz 90s sonra
13:09:10 INFO    [info] Yeni coin: EXatJy7mK4 - analiz 90s sonra
13:09:15 INFO    [info] Yeni coin: A3t9HmHBww - analiz 90s sonra
13:09:23 WARNING RPC hiz limiti (429) - RPC_RPS dusurun veya plani yukseltin
13:09:30 INFO    [info] Yeni coin: 5dXs9BtHy6 - analiz 90s sonra
13:09:36 INFO    [warn] Takip edilen cuzdan yok - once skorlayip takibe alin
13:09:44 INFO    [info] Yeni coin: CKE2PHDCrC - analiz 90s sonra
13:09:45 INFO    [info] Yeni coin: Egov6Evmpm - analiz 90s sonra
13:09:46 INFO    [info] Yeni coin: 93yBiwJ7ng - analiz 90s sonra
13:09:53 INFO    [info] Yeni coin: EjecAc15MC - analiz 90s sonra
13:09:54 INFO    [info] Yeni coin: EvxeqjVfuB - analiz 90s sonra
13:09:56 WARNING RPC hiz limiti (429) - RPC_RPS dusurun veya plani yukseltin
13:09:59 INFO    [info] Yeni coin: J1pGuMa9vu - analiz 90s sonra
13:10:01 INFO    [info] Yeni coin: FRjqxsM3kQ - analiz 90s sonra
13:10:02 INFO    [info] Yeni coin: EipDS8PABw - analiz 90s sonra
13:10:08 INFO    [info] Yeni coin: AJvh3bZJda - analiz 90s sonra
13:10:16 INFO    [info] Yeni coin: HiNNJmuC9B - analiz 90s sonra
13:10:21 INFO    [info] Yeni coin: HzJ4XHtUe7 - analiz 90s sonra
13:10:21 INFO    [info] Yeni coin: FYBKPeK8vK - analiz 90s sonra
13:10:22 INFO    [info] Yeni coin: 87USMtvmzi - analiz 90s sonra
13:10:23 INFO    [info] Yeni coin: 6hYk3vJAjS - analiz 90s sonra
13:10:24 WARNING RPC hiz limiti (429) - RPC_RPS dusurun veya plani yukseltin
13:10:24 INFO    [info] Yeni coin: 5TXCXHBrdW - analiz 90s sonra
13:10:30 INFO    [info] Yeni coin: 2ABw5opCPr - analiz 90s sonra
13:10:30 INFO    [info] Yeni coin: 2ycQKHuEWH - analiz 90s sonra
13:10:31 INFO    [info] Yeni coin: DL2YeHZkHv - analiz 90s sonra
13:10:37 INFO    [info] Yeni coin: BPn7paAnUS - analiz 90s sonra
13:10:42 INFO    [info] Yeni coin: E5R4NRkSvk - analiz 90s sonra
13:10:52 WARNING RPC hiz limiti (429) - RPC_RPS dusurun veya plani yukseltin
13:10:55 INFO    [info] Yeni coin: ivP978NQ6L - analiz 90s sonra
13:10:56 INFO    [info] Yeni coin: 5B3w5CRiUU - analiz 90s sonra
13:10:57 INFO    [info] Yeni coin: EBYyxxyuJk - analiz 90s sonra
13:11:02 INFO    [info] Yeni coin: FicN26AHZH - analiz 90s sonra
13:11:03 INFO    [info] Yeni coin: 3cb2qx9eQY - analiz 90s sonra
13:11:04 INFO    [info] Yeni coin: teswso2knk - analiz 90s sonra
13:11:06 INFO    [info] Yeni coin: EijHpHQrtk - analiz 90s sonra
13:11:13 INFO    [info] Yeni coin: 53z6QS7hkP - analiz 90s sonra
13:11:15 INFO    [info] Yeni coin: HfY5PRx25r - analiz 90s sonra
13:11:17 WARNING RPC hiz limiti (429) - RPC_RPS dusurun veya plani yukseltin
13:11:30 INFO    [info] Yeni coin: BivX2yqKVY - analiz 90s sonra
13:11:36 INFO    [warn] Takip edilen cuzdan yok - once skorlayip takibe alin
13:11:41 INFO    [info] Yeni coin: DeQpfx6wv7 - analiz 90s sonra
13:11:44 INFO    [info] Yeni coin: 3cSgPAc3dQ - analiz 90s sonra
13:11:45 INFO    [info] Yeni coin: Guwyxmdo4V - analiz 90s sonra
13:11:53 INFO    [info] Yeni coin: 3enbdJEPci - analiz 90s sonra
13:11:56 INFO    [info] Yeni coin: 4HXnbG6umi - analiz 90s sonra
13:12:02 WARNING RPC hiz limiti (429) - RPC_RPS dusurun veya plani yukseltin
13:12:04 INFO    [info] Yeni coin: CHw7W7MC7H - analiz 90s sonra
13:12:06 INFO    [info] Yeni coin: HWxYWswaXH - analiz 90s sonra
13:12:12 INFO    [info] Yeni coin: 8PrF24RWM2 - analiz 90s sonra
13:12:12 INFO    [info] Yeni coin: 2sJKSFLDyn - analiz 90s sonra
13:12:14 INFO    [info] Yeni coin: 4ZXN2HqSo5 - analiz 90s sonra
13:12:15 INFO    [info] Yeni coin: E7tVy6754A - analiz 90s sonra
13:12:16 INFO    [info] Yeni coin: 7qpYSNqowQ - analiz 90s sonra
13:12:17 INFO    [info] Yeni coin: 5ms7wbbGHA - analiz 90s sonra
13:12:17 INFO    [info] Yeni coin: 6F98GM8ut3 - analiz 90s sonra
13:12:19 WARNING RPC hiz limiti (429) - RPC_RPS dusurun veya plani yukseltin
13:12:20 INFO    [info] Yeni coin: EJwLDiHWsZ - analiz 90s sonra
13:12:25 INFO    [info] Yeni coin: 87JNzyhczw - analiz 90s sonra
13:12:27 INFO    [info] Yeni coin: EaXh3oyQau - analiz 90s sonra
13:12:27 INFO    [info] Yeni coin: DNzub1Q6TX - analiz 90s sonra
13:12:29 INFO    [info] Yeni coin: cw5KuS39aZ - analiz 90s sonra
13:12:30 INFO    [success] [PAPER] ALINDI The Survivor - 0.1000 SOL @ $0.00000524 (slipaj %1.90, fee 0.00200 SOL)
13:12:32 INFO    [info] Yeni coin: HhB2TB7R8b - analiz 90s sonra
13:12:45 WARNING RPC hiz limiti (429) - RPC_RPS dusurun veya plani yukseltin
13:12:57 INFO    [info] Yeni coin: 2Ms33UQQ6o - analiz 90s sonra
13:12:58 INFO    [info] Yeni coin: AZ6QRDutsy - analiz 90s sonra
13:12:58 INFO    [info] Yeni coin: BnFa5dbufB - analiz 90s sonra
13:12:59 INFO    [info] Yeni coin: Rp3mHpcQmF - analiz 90s sonra
13:13:02 INFO    [info] Yeni coin: 27bYEN22Pj - analiz 90s sonra
13:13:07 INFO    [info] Yeni coin: 268VmKWdCc - analiz 90s sonra
13:13:08 WARNING RPC hiz limiti (429) - RPC_RPS dusurun veya plani yukseltin
13:13:12 INFO    [info] Yeni coin: AvcbMJGcpL - analiz 90s sonra
13:13:14 INFO    [info] Yeni coin: FcWxPoodU3 - analiz 90s sonra
13:13:14 INFO    [info] Yeni coin: Fdmfo8wp4n - analiz 90s sonra
13:13:15 INFO    [info] Yeni coin: GDHA7k8yPg - analiz 90s sonra
13:13:18 INFO    [info] Yeni coin: Lt28D1t7wE - analiz 90s sonra
13:13:33 INFO    [info] Yeni coin: 2aNkWG68aE - analiz 90s sonra
13:13:33 INFO    [info] Yeni coin: HD7NRG3p5r - analiz 90s sonra
13:13:34 WARNING RPC hiz limiti (429) - RPC_RPS dusurun veya plani yukseltin
13:13:35 INFO    [info] Yeni coin: GGNnTs5kqw - analiz 90s sonra
13:13:36 INFO    [warn] Takip edilen cuzdan yok - once skorlayip takibe alin
13:13:37 INFO    [info] Yeni coin: BzivwFaZZH - analiz 90s sonra
13:13:37 INFO    [info] Yeni coin: 8P6BdU6UZN - analiz 90s sonra
13:13:38 INFO    [info] Yeni coin: 5jVDjzMTv3 - analiz 90s sonra
13:13:42 INFO    [info] Yeni coin: AjHbdWjp2Y - analiz 90s sonra
13:13:46 INFO    [info] Yeni coin: 5yN4vaZqjv - analiz 90s sonra
13:13:48 INFO    [info] Yeni coin: 2N7tdEJ1Rs - analiz 90s sonra
13:13:49 INFO    [info] Yeni coin: Adkwaf1DJJ - analiz 90s sonra
13:13:54 INFO    [info] Yeni coin: 2wpXUeTLMk - analiz 90s sonra
13:13:55 INFO    [info] Yeni coin: 2q5UARaeEC - analiz 90s sonra
13:14:02 INFO    [info] Yeni coin: gsPfT9bxfV - analiz 90s sonra
13:14:03 INFO    [info] Yeni coin: n85mzAZTc2 - analiz 90s sonra
13:14:03 WARNING RPC hiz limiti (429) - RPC_RPS dusurun veya plani yukseltin
13:14:14 INFO    [info] Yeni coin: 72Wo7JBQMb - analiz 90s sonra
13:14:14 INFO    [info] Yeni coin: 5EV3LNwvJL - analiz 90s sonra
13:14:15 INFO    [info] Yeni coin: 8NQPYJgFw3 - analiz 90s sonra
13:14:17 INFO    [info] Yeni coin: F1Bqy9QzhP - analiz 90s sonra
13:14:18 INFO    [info] Yeni coin: 51g7Wmz1FF - analiz 90s sonra
13:14:20 INFO    [info] Yeni coin: FNd2Wyqw9p - analiz 90s sonra
13:14:23 INFO    [info] Yeni coin: CR2AhU1pBx - analiz 90s sonra
13:14:26 WARNING RPC hiz limiti (429) - RPC_RPS dusurun veya plani yukseltin
13:14:28 INFO    [info] Yeni coin: EpRLpwTdZJ - analiz 90s sonra
13:14:29 INFO    [info] Yeni coin: 5FjZRPg9x9 - analiz 90s sonra
13:14:30 INFO    [info] Yeni coin: zj1jpp7QMv - analiz 90s sonra
13:14:33 INFO    [info] Yeni coin: 5BXBLVPmmj - analiz 90s sonra
13:14:39 INFO    [info] Yeni coin: 3YqnTPAg8m - analiz 90s sonra
13:14:41 INFO    [info] Yeni coin: gQUXfvESAd - analiz 90s sonra
13:14:41 INFO    [info] Yeni coin: HEYNVRpSZm - analiz 90s sonra
13:14:47 WARNING RPC hiz limiti (429) - RPC_RPS dusurun veya plani yukseltin
13:14:50 INFO    [info] Yeni coin: BRbMwxnBTv - analiz 90s sonra
13:14:50 INFO    [info] Yeni coin: 3qsiK65PB9 - analiz 90s sonra
13:14:53 INFO    [info] Yeni coin: 9NCZ8Jv4p8 - analiz 90s sonra
13:14:54 INFO    [info] Yeni coin: 69qjWGEbYa - analiz 90s sonra
13:14:57 INFO    [info] Yeni coin: RSYX7bwLuv - analiz 90s sonra
13:14:58 INFO    [info] Yeni coin: F3W19Bba2j - analiz 90s sonra
13:14:59 INFO    [info] Yeni coin: 6buLfyDMZz - analiz 90s sonra
13:15:01 INFO    [info] Yeni coin: HUrNEu5pG2 - analiz 90s sonra
13:15:01 INFO    [info] Yeni coin: GMVUASf3Yp - analiz 90s sonra
13:15:04 WARNING RPC hiz limiti (429) - RPC_RPS dusurun veya plani yukseltin
13:15:05 INFO    [info] Yeni coin: 2H6BwesEGM - analiz 90s sonra
13:15:13 INFO    [info] Yeni coin: 6HDWwfiAPb - analiz 90s sonra
13:15:13 INFO    [info] Yeni coin: 2tRtavuGf9 - analiz 90s sonra
13:15:22 INFO    [info] Yeni coin: AchR3vVfeA - analiz 90s sonra
13:15:24 INFO    [info] Yeni coin: EBBsZSiDuC - analiz 90s sonra
13:15:26 INFO    [warn] Zaten acik pozisyon var, atlandi: Rodeus
13:15:26 INFO    [info] Yeni coin: 2WQnWyJTHr - analiz 90s sonra
13:15:27 INFO    [info] Yeni coin: 2HYq7V6cxG - analiz 90s sonra
13:15:28 INFO    [info] Yeni coin: Bmb9XvVurd - analiz 90s sonra
13:15:29 WARNING RPC hiz limiti (429) - RPC_RPS dusurun veya plani yukseltin
13:15:36 INFO    [warn] Takip edilen cuzdan yok - once skorlayip takibe alin
13:15:37 INFO    [info] Yeni coin: 6K3qNPXAWb - analiz 90s sonra
13:15:38 INFO    [info] Yeni coin: ENr4ePzHzP - analiz 90s sonra
13:15:39 INFO    [info] Yeni coin: bQemajaKL4 - analiz 90s sonra
13:15:41 INFO    [info] Yeni coin: mwkPKyxRYC - analiz 90s sonra
13:15:46 INFO    [info] Yeni coin: jh3wKdNbU6 - analiz 90s sonra
13:15:47 INFO    [info] Yeni coin: 5wWcetkrqo - analiz 90s sonra
13:15:57 INFO    [info] Yeni coin: C4y11xzQ9d - analiz 90s sonra
13:15:59 INFO    [info] Yeni coin: EyH2N5Tb6Q - analiz 90s sonra
13:15:59 INFO    [info] Yeni coin: GN1sBCed8e - analiz 90s sonra
13:16:06 INFO    [info] Yeni coin: BXFNKaQjuY - analiz 90s sonra
13:16:09 WARNING RPC hiz limiti (429) - RPC_RPS dusurun veya plani yukseltin
13:16:11 INFO    [info] Yeni coin: 9eetQsau49 - analiz 90s sonra
13:16:14 INFO    [info] Yeni coin: Fa3NbqbW7s - analiz 90s sonra
13:16:16 INFO    [info] Yeni coin: Ecq4nQYE9s - analiz 90s sonra
13:16:18 INFO    [info] Yeni coin: 24xtxTyWmt - analiz 90s sonra
13:16:25 WARNING RPC hiz limiti (429) - RPC_RPS dusurun veya plani yukseltin
13:16:28 INFO    [info] Yeni coin: Ajw5XMsw2R - analiz 90s sonra
13:16:30 INFO    [info] Yeni coin: 2qaHomMGJR - analiz 90s sonra
13:16:30 INFO    [info] Yeni coin: CszgpJkw2z - analiz 90s sonra
13:16:35 INFO    [info] Yeni coin: 8d1ffiR7Sc - analiz 90s sonra
13:16:37 INFO    [info] Yeni coin: HUeP5XNF8q - analiz 90s sonra
13:16:46 WARNING RPC hiz limiti (429) - RPC_RPS dusurun veya plani yukseltin
13:16:54 INFO    [info] Yeni coin: 6Vtw3U2uQS - analiz 90s sonra
13:16:55 INFO    [info] Yeni coin: 2SR6KvWqqX - analiz 90s sonra
13:17:00 INFO    [info] Yeni coin: 42ebky6qsu - analiz 90s sonra
13:17:01 INFO    [info] Yeni coin: 7UAzAQs2N5 - analiz 90s sonra
13:17:02 INFO    [info] Yeni coin: 7FG1mPfK5Y - analiz 90s sonra
13:17:03 INFO    [info] Yeni coin: 5TpjT5Mnrf - analiz 90s sonra
13:17:03 INFO    [info] Yeni coin: A8VZMrCcux - analiz 90s sonra
13:17:04 INFO    [success] [PAPER] ALINDI Spongebob One Piece - 0.1000 SOL @ $0.00000562 (slipaj %1.85, fee 0.00200 SOL)
13:17:12 INFO    [info] Yeni coin: B51U8foCas - analiz 90s sonra
13:17:23 WARNING RPC hiz limiti (429) - RPC_RPS dusurun veya plani yukseltin
13:17:29 INFO    [info] Yeni coin: YyBi4YMUoj - analiz 90s sonra
13:17:35 INFO    [info] Yeni coin: 314EgHRvSV - analiz 90s sonra
13:17:36 INFO    [warn] Takip edilen cuzdan yok - once skorlayip takibe alin
13:17:39 INFO    [info] Yeni coin: 4a646SJgyD - analiz 90s sonra
13:17:42 INFO    [info] Yeni coin: 2kN5LgHHYA - analiz 90s sonra
13:17:43 INFO    [info] Yeni coin: CNxZM5hGc2 - analiz 90s sonra
13:17:46 INFO    [info] Yeni coin: Hy1diMnbER - analiz 90s sonra
13:17:47 INFO    [info] Yeni coin: GqZwGFFgBV - analiz 90s sonra
13:17:59 INFO    [info] Yeni coin: dV9K7LxeHu - analiz 90s sonra
13:18:01 WARNING RPC hiz limiti (429) - RPC_RPS dusurun veya plani yukseltin
13:18:02 INFO    [info] Yeni coin: EkMhUJB811 - analiz 90s sonra
13:18:03 INFO    [info] Yeni coin: HYYYjSqzqd - analiz 90s sonra
13:18:04 INFO    [info] Yeni coin: Hb7mUSgWAP - analiz 90s sonra
13:18:08 INFO    [info] Yeni coin: HvEqG3D9ve - analiz 90s sonra
13:18:08 INFO    [info] Yeni coin: HotWweYh4f - analiz 90s sonra
13:18:08 INFO    [info] Yeni coin: 45B7Z6BsSd - analiz 90s sonra
13:18:08 INFO    [info] Yeni coin: JE76rC5xA7 - analiz 90s sonra
13:18:10 INFO    [info] Yeni coin: B1D3TtrwrM - analiz 90s sonra
13:18:10 INFO    [info] Yeni coin: B1R9xmfT6C - analiz 90s sonra
13:18:26 INFO    [info] Yeni coin: 9ZvHZEp5SP - analiz 90s sonra
13:18:32 WARNING RPC hiz limiti (429) - RPC_RPS dusurun veya plani yukseltin
13:18:37 INFO    [info] Yeni coin: 5KMGtKvz7n - analiz 90s sonra
13:18:41 INFO    [info] Yeni coin: GQABQf6cDj - analiz 90s sonra
13:18:45 INFO    [info] Yeni coin: AkgPaBrKZs - analiz 90s sonra
13:18:54 INFO    [info] Yeni coin: DL7mGZbET1 - analiz 90s sonra
13:18:56 WARNING RPC hiz limiti (429) - RPC_RPS dusurun veya plani yukseltin
13:18:59 INFO    [info] Yeni coin: E3H3tbTGiJ - analiz 90s sonra
13:19:00 INFO    [info] Yeni coin: 47MB11awxi - analiz 90s sonra
13:19:03 INFO    [info] Yeni coin: BXactVVxCN - analiz 90s sonra
13:19:04 INFO    [info] Yeni coin: mA9xN7naSo - analiz 90s sonra
13:19:08 INFO    [info] Yeni coin: 5woYgr2y8z - analiz 90s sonra
13:19:13 INFO    [info] Yeni coin: 12ZVpnxteN - analiz 90s sonra
13:19:14 INFO    [info] Yeni coin: 3rRBvf7GGP - analiz 90s sonra
13:19:16 INFO    [info] Yeni coin: C25nq2Jr5C - analiz 90s sonra
13:19:16 INFO    [info] Yeni coin: 97Zc28xvrb - analiz 90s sonra
13:19:16 INFO    [info] Yeni coin: D9Z73Vbf2T - analiz 90s sonra
13:19:19 WARNING RPC hiz limiti (429) - RPC_RPS dusurun veya plani yukseltin
13:19:19 INFO    [info] Yeni coin: AXs97xv5BB - analiz 90s sonra
13:19:24 INFO    [info] Yeni coin: 6ckjsLJXh6 - analiz 90s sonra
13:19:25 INFO    [info] Yeni coin: 47HXkycsG8 - analiz 90s sonra
13:19:28 INFO    [info] Yeni coin: 7cARzM7VTV - analiz 90s sonra
13:19:36 INFO    [warn] Takip edilen cuzdan yok - once skorlayip takibe alin
13:19:39 INFO    [info] Yeni coin: 3934rCBDRi - analiz 90s sonra
13:19:44 INFO    [info] Yeni coin: 2iGDoCHRQj - analiz 90s sonra
13:19:45 INFO    [info] Yeni coin: Ey4YadmMRC - analiz 90s sonra
13:19:46 INFO    [info] Yeni coin: GyLQ5jQYvk - analiz 90s sonra
13:19:48 INFO    [info] Yeni coin: 9hZ8ctWJKs - analiz 90s sonra
13:19:48 INFO    [info] Yeni coin: H6bYHTdA31 - analiz 90s sonra
13:19:50 INFO    [info] Yeni coin: JCSNLKJFNY - analiz 90s sonra
13:19:54 INFO    [info] Yeni coin: DGUScoFmNx - analiz 90s sonra
13:19:55 WARNING RPC hiz limiti (429) - RPC_RPS dusurun veya plani yukseltin
13:19:56 INFO    [info] Yeni coin: HNCz9mGVK7 - analiz 90s sonra
13:20:07 INFO    [info] Yeni coin: DR3Qat7QtL - analiz 90s sonra
13:20:08 INFO    [info] Yeni coin: AbVXHo137v - analiz 90s sonra
13:20:10 INFO    [info] Yeni coin: GuV6iTPgeM - analiz 90s sonra
13:20:11 INFO    [info] Yeni coin: D5FcsAh2Gm - analiz 90s sonra
13:20:16 INFO    [info] Yeni coin: vYyobByN2Y - analiz 90s sonra
13:20:29 INFO    [info] Yeni coin: EPjFWdd5Au - analiz 90s sonra
13:20:33 INFO    [info] Yeni coin: 9fT9nb4YnD - analiz 90s sonra
13:20:35 WARNING RPC hiz limiti (429) - RPC_RPS dusurun veya plani yukseltin
13:20:39 INFO    [info] Yeni coin: FhPTEFSwsM - analiz 90s sonra
13:20:42 INFO    [info] Yeni coin: B7Sbv8Q2n9 - analiz 90s sonra
13:20:43 INFO    [error] Stop loss: The Green Candle (-32.5%)
13:20:43 INFO    [info] [PAPER] SATIS The Green Candle stop_loss %100 -> 0.06395 SOL (fee 0.00166)
13:20:43 INFO    [error] [PAPER] The Green Candle | stop_loss %100 | PnL -33.54% (-0.0371 SOL)
13:20:48 INFO    [info] Yeni coin: 5GvobJWHgT - analiz 90s sonra
13:20:49 INFO    [info] Yeni coin: 5zWgBBS5kT - analiz 90s sonra
13:20:55 INFO    [info] Yeni coin: 6BDidyKvYY - analiz 90s sonra
13:20:58 INFO    [info] Yeni coin: 3pYVskSfaq - analiz 90s sonra
13:21:02 WARNING RPC hiz limiti (429) - RPC_RPS dusurun veya plani yukseltin
13:21:10 INFO    [info] Yeni coin: 2SVGckzLGg - analiz 90s sonra
13:21:11 INFO    [info] Yeni coin: 5CD4MpiJq7 - analiz 90s sonra
13:21:14 INFO    [info] Yeni coin: cTbWTvk4LP - analiz 90s sonra
13:21:14 INFO    [info] Yeni coin: DGru7NjkcU - analiz 90s sonra
13:21:14 INFO    [info] Yeni coin: 6VXChYveTF - analiz 90s sonra
13:21:16 INFO    [info] Yeni coin: G9JwdoTJMz - analiz 90s sonra
13:21:19 INFO    [info] Yeni coin: A46egnPyKE - analiz 90s sonra
13:21:19 INFO    [info] Yeni coin: HBjL3rVcbR - analiz 90s sonra
13:21:24 WARNING RPC hiz limiti (429) - RPC_RPS dusurun veya plani yukseltin
13:21:24 INFO    [info] Yeni coin: 44s7MQkqxm - analiz 90s sonra
13:21:25 INFO    [info] Yeni coin: 4ZhPw8jKZq - analiz 90s sonra
13:21:30 INFO    [info] Yeni coin: DVJgMEZajA - analiz 90s sonra
13:21:35 INFO    [info] Yeni coin: 4FSEwGoJd2 - analiz 90s sonra
13:21:35 INFO    [info] Yeni coin: 4Z9Ux163QK - analiz 90s sonra
13:21:36 INFO    [warn] Takip edilen cuzdan yok - once skorlayip takibe alin
13:21:41 INFO    [info] Yeni coin: H8fCfSWd3E - analiz 90s sonra
13:21:44 INFO    [info] Yeni coin: DzyS4nCmMX - analiz 90s sonra
13:21:46 INFO    [info] Yeni coin: CkEnkZsvQ7 - analiz 90s sonra
13:21:56 INFO    [info] Yeni coin: 4mXPuhEaAt - analiz 90s sonra
13:21:57 WARNING RPC hiz limiti (429) - RPC_RPS dusurun veya plani yukseltin
13:22:04 INFO    [info] Yeni coin: 9LXi1fsnQP - analiz 90s sonra
13:22:05 INFO    [info] Yeni coin: DV8wWYwYiA - analiz 90s sonra
13:22:39 WARNING RPC hiz limiti (429) - RPC_RPS dusurun veya plani yukseltin
13:22:53 INFO    [info] Yeni coin: 5sr2LUoc5v - analiz 90s sonra
13:23:00 WARNING RPC hiz limiti (429) - RPC_RPS dusurun veya plani yukseltin
13:23:01 INFO    [info] Yeni coin: 2WgEdqFf9b - analiz 90s sonra
13:23:08 INFO    [info] Yeni coin: 4zb7ZpbYcb - analiz 90s sonra
13:23:08 INFO    [info] Yeni coin: 5NkzaXvmsF - analiz 90s sonra
13:23:10 INFO    [info] Yeni coin: 88qrDdYTJc - analiz 90s sonra
13:23:13 INFO    [info] Yeni coin: 7reVsjnBti - analiz 90s sonra
13:23:22 WARNING RPC hiz limiti (429) - RPC_RPS dusurun veya plani yukseltin
13:23:32 INFO    [info] Yeni coin: GtwbMWr9jS - analiz 90s sonra
13:23:32 INFO    [info] Yeni coin: BVt6uYuNDo - analiz 90s sonra
13:23:36 INFO    [warn] Takip edilen cuzdan yok - once skorlayip takibe alin
13:23:36 INFO    [info] Yeni coin: HHnse9KngC - analiz 90s sonra
13:23:40 INFO    [info] Yeni coin: 6AN2ZP2kSi - analiz 90s sonra
13:23:40 INFO    [info] Yeni coin: CeqMurpWaK - analiz 90s sonra
13:23:41 INFO    [info] Yeni coin: 4zbXkAWkJi - analiz 90s sonra
13:23:41 WARNING RPC hiz limiti (429) - RPC_RPS dusurun veya plani yukseltin
13:23:41 INFO    [info] Yeni coin: 6xLGVoURSW - analiz 90s sonra
13:23:44 INFO    [info] Yeni coin: Gkr1LqupZE - analiz 90s sonra
13:23:45 INFO    [info] Yeni coin: CiwUUVqFHN - analiz 90s sonra
13:23:57 INFO    [info] Yeni coin: B4cag7hw7w - analiz 90s sonra
13:24:00 INFO    [info] Yeni coin: Aesf1By46e - analiz 90s sonra
13:24:12 WARNING RPC hiz limiti (429) - RPC_RPS dusurun veya plani yukseltin
13:24:15 INFO    [info] Yeni coin: DmLNCHzy4o - analiz 90s sonra
13:24:15 INFO    [info] Yeni coin: CGP5BHoxnJ - analiz 90s sonra
13:24:16 INFO    [info] Yeni coin: Dp8bj4q7MN - analiz 90s sonra
13:24:16 INFO    [info] Yeni coin: 73cHNxSova - analiz 90s sonra
13:24:16 INFO    [info] Yeni coin: B44QEzRfMW - analiz 90s sonra
13:24:16 INFO    [info] Yeni coin: DQpF2WeEvE - analiz 90s sonra
13:24:28 INFO    [info] Yeni coin: EMr18b1AuC - analiz 90s sonra
13:24:29 INFO    [info] Yeni coin: BgRJmhTzHX - analiz 90s sonra
13:24:29 INFO    [info] Yeni coin: 6JRTEXE6Me - analiz 90s sonra
13:24:29 INFO    [info] Yeni coin: 4WF7hTGFTb - analiz 90s sonra
13:24:30 INFO    [info] Yeni coin: 9HGp7b6BJD - analiz 90s sonra
13:24:30 INFO    [info] Yeni coin: HBYzRFKRHG - analiz 90s sonra
13:24:41 INFO    [info] Yeni coin: GuY58EAR3B - analiz 90s sonra
13:24:41 INFO    [info] Yeni coin: DKcwbD4XxJ - analiz 90s sonra
13:24:49 WARNING RPC hiz limiti (429) - RPC_RPS dusurun veya plani yukseltin
13:24:49 INFO    [info] Yeni coin: Ca3PUihWeM - analiz 90s sonra
13:24:50 INFO    [info] Yeni coin: 24xu9C9Ta4 - analiz 90s sonra
13:24:51 INFO    [info] Yeni coin: 9kBVTkWtjb - analiz 90s sonra
13:25:00 INFO    [info] Yeni coin: DcP4zbacmC - analiz 90s sonra
13:25:00 INFO    [info] Yeni coin: 5JQ1n1KdgQ - analiz 90s sonra
13:25:01 INFO    [info] Yeni coin: 4fT85CgFYt - analiz 90s sonra
13:25:06 INFO    [info] Yeni coin: EYM2tru2NT - analiz 90s sonra
13:25:12 INFO    [info] Yeni coin: 5kBiF2RkJc - analiz 90s sonra
13:25:17 INFO    [info] Yeni coin: Dp4tPzfbAm - analiz 90s sonra
13:25:21 INFO    [info] Yeni coin: 6TrxnY4pmK - analiz 90s sonra
13:25:23 INFO    [info] Yeni coin: BKnLeGQoYz - analiz 90s sonra
13:25:24 INFO    [info] Yeni coin: AyFXjRdPXg - analiz 90s sonra
13:25:24 INFO    [info] Yeni coin: DpncHdSP5Q - analiz 90s sonra
13:25:25 INFO    [info] Yeni coin: 9DbJgbtJRX - analiz 90s sonra
13:25:26 WARNING RPC hiz limiti (429) - RPC_RPS dusurun veya plani yukseltin
13:25:27 INFO    [info] Yeni coin: 3QWduCLZvC - analiz 90s sonra
13:25:28 INFO    [info] Yeni coin: DXW38J2cWo - analiz 90s sonra
13:25:29 INFO    [info] Yeni coin: 3VJb4Qw7Pr - analiz 90s sonra
13:25:32 INFO    [info] Yeni coin: 3XzjbGUWL3 - analiz 90s sonra
13:25:36 INFO    [warn] Takip edilen cuzdan yok - once skorlayip takibe alin
13:25:36 INFO    [info] Yeni coin: 8V9SLZD828 - analiz 90s sonra
13:25:41 INFO    [info] Yeni coin: 5oTQUDTnH2 - analiz 90s sonra
13:25:45 INFO    [info] Yeni coin: HcJgU6EkTZ - analiz 90s sonra
13:25:49 INFO    [info] Yeni coin: 9WzKepgxVv - analiz 90s sonra
13:25:50 INFO    [info] Yeni coin: A8nUzpD4MK - analiz 90s sonra
13:25:52 INFO    [info] Yeni coin: 5Guae3Q9YC - analiz 90s sonra
13:25:54 INFO    [info] Yeni coin: 6fuNqDWiL1 - analiz 90s sonra
13:25:55 INFO    [info] Yeni coin: Gqbvz4gePc - analiz 90s sonra
13:25:55 INFO    [info] Yeni coin: FSwxasVPBB - analiz 90s sonra
13:25:56 INFO    [info] Yeni coin: BdLEwV7xEB - analiz 90s sonra
13:26:00 WARNING RPC hiz limiti (429) - RPC_RPS dusurun veya plani yukseltin
13:26:02 INFO    [info] Yeni coin: Eg9AEW5Yzb - analiz 90s sonra
13:26:04 INFO    [info] Yeni coin: 23Ka9vcWnC - analiz 90s sonra
13:26:04 INFO    [info] Yeni coin: Cr8T7pXg3n - analiz 90s sonra
13:26:05 INFO    [info] Yeni coin: DfcxfTmKjy - analiz 90s sonra
13:26:06 INFO    [info] Yeni coin: 7pBjpn2BX7 - analiz 90s sonra
13:26:06 INFO    [info] Yeni coin: 6bWR7bWsFC - analiz 90s sonra
13:26:11 INFO    [info] Yeni coin: 9VyTp9BCVi - analiz 90s sonra
13:26:18 INFO    [info] Yeni coin: GZmPBNwZjD - analiz 90s sonra
13:26:19 INFO    [info] Yeni coin: 6bgp8tsP1z - analiz 90s sonra
13:26:19 INFO    [info] Yeni coin: CeAwjR2BMh - analiz 90s sonra
13:26:20 INFO    [info] Yeni coin: Ccs1G9Ldtt - analiz 90s sonra
13:26:21 INFO    [info] Yeni coin: E9gzj6M3Qz - analiz 90s sonra
13:26:21 INFO    [info] Yeni coin: H1f4MZZWzY - analiz 90s sonra
13:26:30 INFO    [info] Yeni coin: 3DDdun1WQj - analiz 90s sonra
13:26:31 INFO    [success] [PAPER] ALINDI bullrun - 0.1000 SOL @ $0.00000528 (slipaj %1.89, fee 0.00200 SOL)
13:26:34 WARNING RPC hiz limiti (429) - RPC_RPS dusurun veya plani yukseltin
13:26:35 INFO    [info] Yeni coin: HXACDH4duB - analiz 90s sonra
13:26:37 INFO    [info] Yeni coin: oaqdrRatGM - analiz 90s sonra
13:26:42 INFO    [info] Yeni coin: ByvZeCkNFb - analiz 90s sonra
13:26:49 INFO    [info] Yeni coin: ENFmvzN5rs - analiz 90s sonra
13:26:53 INFO    [info] Yeni coin: EKXDXMwV2M - analiz 90s sonra
13:26:53 INFO    [info] Yeni coin: 25FpM5aWju - analiz 90s sonra
13:26:53 INFO    [info] Yeni coin: BSDg33p7NF - analiz 90s sonra
13:26:56 WARNING RPC hiz limiti (429) - RPC_RPS dusurun veya plani yukseltin
13:27:05 INFO    [info] Yeni coin: HKDL2ZCtXL - analiz 90s sonra
13:27:15 INFO    [info] Yeni coin: GbXj59poxD - analiz 90s sonra
13:27:22 INFO    [info] Yeni coin: E7u6k69s3j - analiz 90s sonra
13:27:24 INFO    [info] Yeni coin: F7sG8wh4DA - analiz 90s sonra
13:27:24 INFO    [info] Yeni coin: C3EvAjvh89 - analiz 90s sonra
13:27:27 INFO    [info] Yeni coin: E34dfQQxcq - analiz 90s sonra
13:27:29 INFO    [info] Yeni coin: EtD5bMtgNa - analiz 90s sonra
13:27:31 WARNING RPC hiz limiti (429) - RPC_RPS dusurun veya plani yukseltin
13:27:36 INFO    [info] Yeni coin: H9fyAi9QFh - analiz 90s sonra
13:27:36 INFO    [warn] Takip edilen cuzdan yok - once skorlayip takibe alin
13:27:41 INFO    [info] Yeni coin: SKiLLG2bFU - analiz 90s sonra
13:27:42 INFO    [info] Yeni coin: FtaKvn2RdN - analiz 90s sonra
13:27:47 INFO    [info] Yeni coin: AbKs3TrL5X - analiz 90s sonra
13:27:48 INFO    [info] Yeni coin: DmS5zGeZK6 - analiz 90s sonra
13:27:48 INFO    [info] Yeni coin: 4KTVyH4R3f - analiz 90s sonra
13:27:50 INFO    [info] Yeni coin: 97jGZhaaQL - analiz 90s sonra
13:27:52 INFO    [info] Yeni coin: 3wqZNkkuPn - analiz 90s sonra
13:28:00 INFO    [info] Yeni coin: 97QhE8huDD - analiz 90s sonra
13:28:03 INFO    [info] Yeni coin: 73kowUe7zz - analiz 90s sonra
13:28:10 WARNING RPC hiz limiti (429) - RPC_RPS dusurun veya plani yukseltin
13:28:11 INFO    [info] Yeni coin: H7UJHs2Cke - analiz 90s sonra
13:28:16 INFO    [info] Yeni coin: FzLacQ6pbM - analiz 90s sonra
13:28:16 INFO    [info] Yeni coin: EpXtn6xGoZ - analiz 90s sonra
13:28:20 INFO    [info] Yeni coin: 24xujqYM6Z - analiz 90s sonra
13:28:28 INFO    [info] Yeni coin: 2VLWNaxjFC - analiz 90s sonra
13:28:29 INFO    [info] Yeni coin: F7oYsb3Ruc - analiz 90s sonra
13:28:29 INFO    [info] Yeni coin: XCnFmYdrbP - analiz 90s sonra
13:28:32 INFO    [info] Yeni coin: A4daeVrzJM - analiz 90s sonra
13:28:33 WARNING RPC hiz limiti (429) - RPC_RPS dusurun veya plani yukseltin
13:28:34 INFO    [info] Yeni coin: 24xurGa334 - analiz 90s sonra
13:28:39 INFO    [info] Yeni coin: 99crGPMBgT - analiz 90s sonra
13:28:52 INFO    [info] Yeni coin: 24xv7ug7F2 - analiz 90s sonra
13:28:55 INFO    [info] Yeni coin: EGcSKsUSX8 - analiz 90s sonra
13:28:56 WARNING RPC hiz limiti (429) - RPC_RPS dusurun veya plani yukseltin
13:28:57 INFO    [info] Yeni coin: 2bLJA4hXff - analiz 90s sonra
13:29:03 INFO    [info] Yeni coin: 24xvpxebN3 - analiz 90s sonra
13:29:03 INFO    [info] Yeni coin: BKHeNYL9tR - analiz 90s sonra
13:29:09 INFO    [info] Yeni coin: Cc7wpYzEmR - analiz 90s sonra
13:29:09 INFO    [info] Yeni coin: 77K4J2acXw - analiz 90s sonra
13:29:19 INFO    [info] Yeni coin: 54ciFzA2ps - analiz 90s sonra
13:29:21 WARNING RPC hiz limiti (429) - RPC_RPS dusurun veya plani yukseltin
13:29:23 INFO    [info] Yeni coin: Fd3w9h6REg - analiz 90s sonra
13:29:35 INFO    [info] Yeni coin: XZcvpqKJpG - analiz 90s sonra
13:29:36 INFO    [warn] Takip edilen cuzdan yok - once skorlayip takibe alin
13:29:43 INFO    [info] Yeni coin: BKeELdwtUh - analiz 90s sonra
13:29:46 WARNING RPC hiz limiti (429) - RPC_RPS dusurun veya plani yukseltin
13:29:47 INFO    [info] Yeni coin: CpFv3pREwY - analiz 90s sonra
13:30:01 INFO    [info] Yeni coin: A2weVmSLWF - analiz 90s sonra
13:30:05 INFO    [info] Yeni coin: 4o6FuGQftU - analiz 90s sonra
13:30:13 INFO    [info] Yeni coin: EQppKFwZTZ - analiz 90s sonra
13:30:13 INFO    [info] Yeni coin: BYmcUYMEbn - analiz 90s sonra
13:30:15 WARNING RPC hiz limiti (429) - RPC_RPS dusurun veya plani yukseltin
13:30:19 INFO    [info] Yeni coin: 7bxYbA9gLy - analiz 90s sonra
13:30:20 INFO    [info] Yeni coin: DhaKcV7Vbz - analiz 90s sonra
13:30:24 INFO    [info] Yeni coin: AVZqvwJajR - analiz 90s sonra
13:30:25 INFO    [info] Yeni coin: GUmbtfjSZk - analiz 90s sonra
13:30:35 INFO    [info] Yeni coin: GM7rCtfiLa - analiz 90s sonra
13:30:35 INFO    [info] Yeni coin: CtcQFZR8wE - analiz 90s sonra
13:30:40 INFO    [info] Yeni coin: 8siqUrM48X - analiz 90s sonra
13:31:01 INFO    [info] Yeni coin: FmKT8jgtSK - analiz 90s sonra
13:31:05 WARNING RPC hiz limiti (429) - RPC_RPS dusurun veya plani yukseltin
13:31:16 INFO    [info] Yeni coin: HdghshqaRs - analiz 90s sonra
13:31:23 INFO    [info] Yeni coin: C9xswoAB6L - analiz 90s sonra
13:31:35 INFO    [info] Yeni coin: 73sVEepU3Z - analiz 90s sonra
13:31:36 INFO    [warn] Takip edilen cuzdan yok - once skorlayip takibe alin
13:31:39 WARNING RPC hiz limiti (429) - RPC_RPS dusurun veya plani yukseltin
13:31:50 INFO    [info] Yeni coin: EzrbfDixT7 - analiz 90s sonra
13:31:52 INFO    [info] Yeni coin: HYxt2e4hSb - analiz 90s sonra
13:31:56 INFO    [warn] Zaten acik pozisyon var, atlandi: Smoking Chill Monkey
13:31:59 INFO    [warn] Zaten acik pozisyon var, atlandi: THE BAGMAN
13:32:03 INFO    [info] Yeni coin: 3JWi8pvdwy - analiz 90s sonra
13:32:03 INFO    [info] Yeni coin: 9LiEVMMFAs - analiz 90s sonra
13:32:04 INFO    [info] Yeni coin: DB7LiMvhEb - analiz 90s sonra
13:32:11 WARNING RPC hiz limiti (429) - RPC_RPS dusurun veya plani yukseltin
13:32:11 INFO    [info] Yeni coin: H8VtGPzkuz - analiz 90s sonra
13:32:13 INFO    [info] Yeni coin: ELjkFT4Emn - analiz 90s sonra
13:32:14 INFO    [info] Yeni coin: 23gEaDvvMf - analiz 90s sonra
13:32:22 INFO    [info] Yeni coin: 96cBcmb3wM - analiz 90s sonra
13:32:23 INFO    [info] Yeni coin: 7FyoemJxPo - analiz 90s sonra
13:32:36 WARNING RPC hiz limiti (429) - RPC_RPS dusurun veya plani yukseltin
13:32:42 INFO    [info] Yeni coin: BRNAxSkqG7 - analiz 90s sonra
13:32:52 INFO    [info] Yeni coin: EKZJLXcMHW - analiz 90s sonra
13:32:53 INFO    [info] Yeni coin: 6iWNaXKeKS - analiz 90s sonra
13:32:55 WARNING RPC hiz limiti (429) - RPC_RPS dusurun veya plani yukseltin
13:32:55 INFO    [info] Yeni coin: 8F5HCKRVo3 - analiz 90s sonra
13:33:04 INFO    [info] Yeni coin: EPdX3KHvd4 - analiz 90s sonra
13:33:05 INFO    [info] Yeni coin: AUFaEu8ot1 - analiz 90s sonra
13:33:14 INFO    [info] Yeni coin: 26huzrJazg - analiz 90s sonra
13:33:19 INFO    [info] Yeni coin: 4RbHbejVW3 - analiz 90s sonra
13:33:21 INFO    [info] Yeni coin: 2cJfE2mJoH - analiz 90s sonra
13:33:21 WARNING RPC hiz limiti (429) - RPC_RPS dusurun veya plani yukseltin
13:33:23 INFO    [info] Yeni coin: GUoPvRjR8H - analiz 90s sonra
13:33:24 INFO    [info] Yeni coin: D4i4TAUQkA - analiz 90s sonra
13:33:31 INFO    [info] Yeni coin: Goc8PXy5Jw - analiz 90s sonra
13:33:32 INFO    [info] Yeni coin: kYxB8XQrbB - analiz 90s sonra
13:33:36 INFO    [warn] Takip edilen cuzdan yok - once skorlayip takibe alin
13:33:38 INFO    [info] Yeni coin: 97QbVJbBVg - analiz 90s sonra
13:33:49 INFO    [info] Yeni coin: ESSSVE1z6Q - analiz 90s sonra
13:33:50 INFO    [info] Yeni coin: A2Q9nD2qyi - analiz 90s sonra
13:33:50 INFO    [info] Yeni coin: DL7iKfbJjh - analiz 90s sonra
13:33:52 INFO    [info] Yeni coin: 3QqYjbjeXG - analiz 90s sonra
13:33:55 WARNING RPC hiz limiti (429) - RPC_RPS dusurun veya plani yukseltin
13:33:56 INFO    [info] Yeni coin: GnYsSKQ5Pj - analiz 90s sonra
13:33:56 INFO    [info] Yeni coin: 7jBWVRaMYB - analiz 90s sonra
13:33:56 INFO    [info] Yeni coin: 7SKaYxgwMe - analiz 90s sonra
13:33:57 INFO    [info] Yeni coin: 5Ui982PnLw - analiz 90s sonra
13:33:57 INFO    [info] Yeni coin: 46wQLNm5iV - analiz 90s sonra
13:33:58 INFO    [info] Yeni coin: ACSfeyTYSS - analiz 90s sonra
13:33:58 INFO    [info] Yeni coin: Dg4EpAYRKo - analiz 90s sonra
13:33:58 INFO    [info] Yeni coin: Em2ru9Vgaj - analiz 90s sonra
13:33:59 INFO    [info] Yeni coin: tu9p3AwqwU - analiz 90s sonra
13:34:03 INFO    [info] Yeni coin: CCc5DMNhio - analiz 90s sonra
13:34:04 INFO    [info] Yeni coin: BFdaoWJoD8 - analiz 90s sonra
13:34:06 INFO    [info] Yeni coin: AWCbrqmgvs - analiz 90s sonra
13:34:07 INFO    [info] Yeni coin: FfsvmaPpQV - analiz 90s sonra
13:34:08 INFO    [info] Yeni coin: 3MXoUhVzLL - analiz 90s sonra
13:34:08 INFO    [info] Yeni coin: GzN2qXPaKu - analiz 90s sonra
13:34:08 INFO    [info] Yeni coin: DSnNixraty - analiz 90s sonra
13:34:09 INFO    [info] Yeni coin: 8AmQAgBNaA - analiz 90s sonra
13:34:09 INFO    [info] Yeni coin: 5hRyzKwYAW - analiz 90s sonra
13:34:09 INFO    [info] Yeni coin: 2td5iDE8y9 - analiz 90s sonra
13:34:09 INFO    [info] Yeni coin: 4MNJRzN7cX - analiz 90s sonra
13:34:09 INFO    [info] Yeni coin: 3p1RQFsCz9 - analiz 90s sonra
13:34:10 INFO    [info] Yeni coin: ANSUuakuzs - analiz 90s sonra
13:34:10 INFO    [info] Yeni coin: 4Ae1M7gXUT - analiz 90s sonra
13:34:10 INFO    [info] Yeni coin: 7EDEeVrgsn - analiz 90s sonra
13:34:10 INFO    [info] Yeni coin: E786XykNpd - analiz 90s sonra
13:34:10 INFO    [info] Yeni coin: 4HzjYVi456 - analiz 90s sonra
13:34:10 INFO    [info] Yeni coin: EBhC4RaEha - analiz 90s sonra
13:34:11 INFO    [info] Yeni coin: J3FwWUERyR - analiz 90s sonra
13:34:11 INFO    [info] Yeni coin: 74sV4QBtof - analiz 90s sonra
13:34:11 INFO    [info] Yeni coin: 2f8x873z9r - analiz 90s sonra
13:34:12 INFO    [info] Yeni coin: 5LokLUXAa8 - analiz 90s sonra
13:34:12 INFO    [info] Yeni coin: A7cRveKKzW - analiz 90s sonra
13:34:13 INFO    [info] Yeni coin: CU7e4PvQGg - analiz 90s sonra
13:34:13 INFO    [info] Yeni coin: GpXuD2DXvK - analiz 90s sonra
13:34:13 INFO    [info] Yeni coin: 7xw9FH6u6b - analiz 90s sonra
13:34:13 INFO    [info] Yeni coin: 6yvr99Jutr - analiz 90s sonra
13:34:13 INFO    [info] Yeni coin: CE4uyRst9B - analiz 90s sonra
13:34:14 INFO    [info] Yeni coin: 8WarjGTqzE - analiz 90s sonra
13:34:14 INFO    [info] Yeni coin: HWgCHjduUD - analiz 90s sonra
13:34:14 INFO    [info] Yeni coin: AAEyLUQD1e - analiz 90s sonra
13:34:14 INFO    [info] Yeni coin: 7vMJdbwfWj - analiz 90s sonra
13:34:15 INFO    [info] Yeni coin: zxGK3ZXqt6 - analiz 90s sonra
13:34:15 INFO    [info] Yeni coin: 5b8bKgpEwW - analiz 90s sonra
13:34:15 INFO    [info] Yeni coin: 5HxcCVypk5 - analiz 90s sonra
13:34:15 INFO    [info] Yeni coin: 3cWARemyMh - analiz 90s sonra
13:34:16 INFO    [info] Yeni coin: A9GQnDJWe1 - analiz 90s sonra
13:34:16 INFO    [info] Yeni coin: BdgKH1Rify - analiz 90s sonra
13:34:16 WARNING RPC hiz limiti (429) - RPC_RPS dusurun veya plani yukseltin
13:34:16 INFO    [info] Yeni coin: HKs3pmAPt2 - analiz 90s sonra
13:34:16 INFO    [info] Yeni coin: DSvuNaL23K - analiz 90s sonra
13:34:16 INFO    [info] Yeni coin: DRQSRB9ZnC - analiz 90s sonra
13:34:17 INFO    [info] Yeni coin: GBrQFaw3AB - analiz 90s sonra
13:34:17 INFO    [info] Yeni coin: FV3mB1t8AM - analiz 90s sonra
13:34:17 INFO    [info] Yeni coin: bK8mMB2fiG - analiz 90s sonra
13:34:18 INFO    [info] Yeni coin: 6LukBg385h - analiz 90s sonra
13:34:18 INFO    [info] Yeni coin: 91wTJvCbas - analiz 90s sonra
13:34:20 INFO    [info] Yeni coin: 5pvJ3AFn6t - analiz 90s sonra
13:34:20 INFO    [info] Yeni coin: BZmKZ8HUGW - analiz 90s sonra
13:34:23 INFO    [info] Yeni coin: 8Dj1WpfzpK - analiz 90s sonra
13:34:23 INFO    [info] Yeni coin: 2AniBmtKGY - analiz 90s sonra
13:34:26 INFO    [info] Yeni coin: G2rga7z89q - analiz 90s sonra
13:34:27 INFO    [info] Yeni coin: HMa6iXLp9h - analiz 90s sonra
13:34:27 INFO    [info] Yeni coin: FNVbrEfzig - analiz 90s sonra
13:34:27 INFO    [info] Yeni coin: 8ax9uo12G9 - analiz 90s sonra
13:34:27 INFO    [info] Yeni coin: EwG2VxnYCz - analiz 90s sonra
13:34:27 INFO    [info] Yeni coin: DaCbcbYpy5 - analiz 90s sonra
13:34:27 INFO    [info] Yeni coin: 8BJJdGmUKo - analiz 90s sonra
13:34:28 INFO    [info] Yeni coin: EXDX6dm83N - analiz 90s sonra
13:34:28 INFO    [info] Yeni coin: BgUmP7XXdJ - analiz 90s sonra
13:34:28 INFO    [info] Yeni coin: 91fHJwUSNH - analiz 90s sonra
13:34:28 INFO    [info] Yeni coin: 8LoNrT5Mdt - analiz 90s sonra
13:34:28 INFO    [info] Yeni coin: 7M8YfPdFDM - analiz 90s sonra
13:34:29 INFO    [info] Yeni coin: A9FuAiKNpB - analiz 90s sonra
13:34:30 INFO    [info] Yeni coin: 4j8BdN3YS4 - analiz 90s sonra
13:34:31 INFO    [info] Yeni coin: 5MaLhTEmtD - analiz 90s sonra
13:34:35 INFO    [info] Yeni coin: GtCrWTAs5y - analiz 90s sonra
13:34:35 INFO    [info] Yeni coin: 32RMahkVc7 - analiz 90s sonra
13:34:35 INFO    [info] Yeni coin: izpyGCAywp - analiz 90s sonra
13:34:36 INFO    [info] Yeni coin: 6BUZtUdyL6 - analiz 90s sonra
13:34:36 INFO    [info] Yeni coin: AVD2qh8mj2 - analiz 90s sonra
13:34:36 INFO    [info] Yeni coin: 6N9cGzGi7b - analiz 90s sonra
13:34:36 INFO    [info] Yeni coin: 8s7E73XUHU - analiz 90s sonra
13:34:37 INFO    [info] Yeni coin: HqXAaEeArQ - analiz 90s sonra
13:34:38 INFO    [info] Yeni coin: CM5vjfe2Er - analiz 90s sonra
13:34:39 INFO    [info] Yeni coin: 43zj7s9py6 - analiz 90s sonra
13:34:39 INFO    [info] Yeni coin: Eo5bhTz8pN - analiz 90s sonra
13:34:39 INFO    [info] Yeni coin: Hm4EAkvpra - analiz 90s sonra
13:34:41 INFO    [info] Yeni coin: 5Ma19HHEH2 - analiz 90s sonra
13:34:47 INFO    [info] Yeni coin: 8i555eEWEV - analiz 90s sonra
13:34:55 INFO    [info] Yeni coin: 3TS7HvEBBn - analiz 90s sonra
13:34:56 INFO    [info] Yeni coin: 2WbQhzCVxx - analiz 90s sonra
13:34:57 WARNING RPC hiz limiti (429) - RPC_RPS dusurun veya plani yukseltin
13:34:57 INFO    [info] Yeni coin: A1Rxfi7pME - analiz 90s sonra
13:35:01 INFO    [info] Yeni coin: 2BmUBWJq2n - analiz 90s sonra
13:35:12 INFO    [info] Yeni coin: 4cXpppYkyP - analiz 90s sonra
13:35:12 INFO    [info] Yeni coin: 7yHL3Md38N - analiz 90s sonra
13:35:13 INFO    [info] Yeni coin: EidHswU13h - analiz 90s sonra
13:35:14 INFO    [info] Yeni coin: 3UDNaeRJ2B - analiz 90s sonra
13:35:14 INFO    [info] Yeni coin: 5CS81BuVN6 - analiz 90s sonra
13:35:15 INFO    [info] Yeni coin: BXd5QgGNF3 - analiz 90s sonra
13:35:15 INFO    [info] Yeni coin: 7gA5zybqPo - analiz 90s sonra
13:35:18 INFO    [info] Yeni coin: 2F1J8ywVp4 - analiz 90s sonra
13:35:19 WARNING RPC hiz limiti (429) - RPC_RPS dusurun veya plani yukseltin
13:35:20 INFO    [info] Yeni coin: HAWjkTf5VT - analiz 90s sonra
13:35:26 INFO    [info] Yeni coin: 5wo5V7wuy6 - analiz 90s sonra
13:35:35 INFO    [info] Yeni coin: 7jL1a4EvgY - analiz 90s sonra
13:35:36 WARNING RPC hiz limiti (429) - RPC_RPS dusurun veya plani yukseltin
13:35:36 INFO    [warn] Takip edilen cuzdan yok - once skorlayip takibe alin
13:35:38 INFO    [info] Yeni coin: EFLsNVA8bE - analiz 90s sonra
13:35:38 INFO    [info] Yeni coin: 6aBRXSuqv7 - analiz 90s sonra
13:35:38 INFO    [info] Yeni coin: 6KuELz8Xgo - analiz 90s sonra
13:35:45 INFO    [info] Yeni coin: FRP5xitZE9 - analiz 90s sonra
13:35:45 INFO    [info] Yeni coin: FmMQKh1xAb - analiz 90s sonra
13:35:48 INFO    [info] Yeni coin: 9E8Dw1jif1 - analiz 90s sonra
13:35:49 INFO    [info] Yeni coin: J2ews2GRnS - analiz 90s sonra
13:35:55 INFO    [info] Yeni coin: AE2QSxPi1a - analiz 90s sonra
13:35:57 INFO    [info] Yeni coin: 6YE9CnjJgt - analiz 90s sonra
13:36:01 INFO    [info] Yeni coin: Hk2frMxYA6 - analiz 90s sonra
13:36:01 INFO    [info] Yeni coin: 2v9AKJNKgd - analiz 90s sonra
13:36:07 INFO    [info] Yeni coin: 8tc2nJdZNi - analiz 90s sonra
13:36:07 INFO    [info] Yeni coin: GXBLcN8pvw - analiz 90s sonra
13:36:07 INFO    [info] Yeni coin: 7HGdx53eSA - analiz 90s sonra
13:36:07 INFO    [info] Yeni coin: AEBp45v8mH - analiz 90s sonra
13:36:08 INFO    [info] Yeni coin: 5vHTMSuFMf - analiz 90s sonra
13:36:08 INFO    [info] Yeni coin: B1gQ5wBrvX - analiz 90s sonra
13:36:08 INFO    [info] Yeni coin: 3TwY4VLKo1 - analiz 90s sonra
13:36:08 INFO    [info] Yeni coin: FRavb3gv66 - analiz 90s sonra
13:36:08 INFO    [info] Yeni coin: 6qHR1pu1V3 - analiz 90s sonra
13:36:09 INFO    [info] Yeni coin: 6g27kWsbvz - analiz 90s sonra
13:36:09 INFO    [info] Yeni coin: 6PLtwiYcGv - analiz 90s sonra
13:36:09 INFO    [info] Yeni coin: 2xae2xgvZV - analiz 90s sonra
13:36:09 INFO    [info] Yeni coin: ojcjBpPW4r - analiz 90s sonra
13:36:10 INFO    [info] Yeni coin: 52kjmEqpNS - analiz 90s sonra
13:36:10 WARNING RPC hiz limiti (429) - RPC_RPS dusurun veya plani yukseltin
13:36:10 INFO    [info] Yeni coin: HYJYLbSQK5 - analiz 90s sonra
13:36:10 INFO    [info] Yeni coin: 7Vzu9g5RgQ - analiz 90s sonra
13:36:11 INFO    [info] Yeni coin: 5DdQwihvy1 - analiz 90s sonra
13:36:11 INFO    [info] Yeni coin: 8QyqxLNrKN - analiz 90s sonra
13:36:12 INFO    [info] Yeni coin: 5uRoiFTcFq - analiz 90s sonra
13:36:12 INFO    [info] Yeni coin: Eu4N8PuBoT - analiz 90s sonra
13:36:13 INFO    [info] Yeni coin: HQ4jsp7qNt - analiz 90s sonra
13:36:13 INFO    [info] Yeni coin: 9ZdNnL5Zan - analiz 90s sonra
13:36:13 INFO    [info] Yeni coin: 5cYHJdM9TJ - analiz 90s sonra
13:36:13 INFO    [info] Yeni coin: 2zzdbmXWNP - analiz 90s sonra
13:36:13 INFO    [info] Yeni coin: Aok3avhs9u - analiz 90s sonra
13:36:14 INFO    [info] Yeni coin: 3kZ5gsa7GL - analiz 90s sonra
13:36:14 INFO    [info] Yeni coin: AmCnHC3K66 - analiz 90s sonra
13:36:14 INFO    [info] Yeni coin: J7Wr2ESB9T - analiz 90s sonra
13:36:15 INFO    [info] Yeni coin: 5UAPcKhxNx - analiz 90s sonra
13:36:15 INFO    [info] Yeni coin: E6mfbEqhd1 - analiz 90s sonra
13:36:15 INFO    [info] Yeni coin: DH9kKVroBu - analiz 90s sonra
13:36:17 INFO    [info] Yeni coin: B6vGQ1u8cS - analiz 90s sonra
13:36:19 INFO    [info] Yeni coin: 9Eta4Grxod - analiz 90s sonra
13:36:25 INFO    [info] Yeni coin: 3U63GNFcGE - analiz 90s sonra
13:36:25 INFO    [info] Yeni coin: BGJn2BZQF3 - analiz 90s sonra
13:36:27 INFO    [info] Yeni coin: C5Yf7TtsMA - analiz 90s sonra
13:36:27 INFO    [info] Yeni coin: DWckSvgLHw - analiz 90s sonra
13:36:30 INFO    [info] Yeni coin: 7XEfBVwn3x - analiz 90s sonra
13:36:32 WARNING RPC hiz limiti (429) - RPC_RPS dusurun veya plani yukseltin
13:36:33 INFO    [info] Yeni coin: 4bPYtLUgfx - analiz 90s sonra
13:36:38 INFO    [info] Yeni coin: 9LgxWMsAxZ - analiz 90s sonra
13:36:46 INFO    [info] Yeni coin: BAHMphuKXJ - analiz 90s sonra
13:36:48 INFO    [info] Yeni coin: 5Cu18u3x4b - analiz 90s sonra
13:36:56 WARNING RPC hiz limiti (429) - RPC_RPS dusurun veya plani yukseltin
13:37:00 INFO    [info] Yeni coin: GyCc9faiHB - analiz 90s sonra
13:37:01 INFO    [info] Yeni coin: HKfWDJANG9 - analiz 90s sonra
13:37:04 INFO    [info] Yeni coin: 9KPaoHtHi2 - analiz 90s sonra
13:37:05 INFO    [info] Yeni coin: 4xexPzVeqy - analiz 90s sonra
13:37:05 INFO    [info] Yeni coin: B2kEuyJwNe - analiz 90s sonra
13:37:05 INFO    [info] Yeni coin: 4aRVUAyvsS - analiz 90s sonra
13:37:09 INFO    [info] Yeni coin: 5XCAQdcSaX - analiz 90s sonra
13:37:09 INFO    [info] Yeni coin: 6pqKvY7LFU - analiz 90s sonra
13:37:13 INFO    [info] Yeni coin: 5AfafcTPNz - analiz 90s sonra
13:37:20 INFO    [info] Yeni coin: 4zZrVFa4cm - analiz 90s sonra
13:37:24 INFO    [info] Yeni coin: 69eVkePFLh - analiz 90s sonra
13:37:26 INFO    [info] Yeni coin: 3TzEfQ9iLd - analiz 90s sonra
13:37:27 INFO    [info] Yeni coin: 22TGdnRDp8 - analiz 90s sonra
13:37:27 WARNING RPC hiz limiti (429) - RPC_RPS dusurun veya plani yukseltin
13:37:27 INFO    [info] Yeni coin: FDWJyL8Y1D - analiz 90s sonra
13:37:27 INFO    [info] Yeni coin: BQqKxTV3e4 - analiz 90s sonra
13:37:29 INFO    [info] Yeni coin: GfpX1FQu4T - analiz 90s sonra
13:37:30 INFO    [info] Yeni coin: 8tRUuamK9F - analiz 90s sonra
13:37:31 INFO    [info] Yeni coin: DDV4SCABpK - analiz 90s sonra
13:37:35 INFO    [info] Yeni coin: 76Du6vu34S - analiz 90s sonra
13:37:35 INFO    [info] Yeni coin: z8zSh9PSmP - analiz 90s sonra
13:37:36 INFO    [info] Yeni coin: J2FSVVMRSE - analiz 90s sonra
13:37:36 INFO    [warn] Takip edilen cuzdan yok - once skorlayip takibe alin
13:37:36 INFO    [info] Yeni coin: CdHNwPmDkH - analiz 90s sonra
13:37:37 INFO    [info] Yeni coin: FXcALp1pRW - analiz 90s sonra
13:37:37 INFO    [info] Yeni coin: ArC42WmZmj - analiz 90s sonra
13:37:39 INFO    [info] Yeni coin: 32oFL8BLqq - analiz 90s sonra
13:37:39 INFO    [info] Yeni coin: Fmpcu5ZybK - analiz 90s sonra
13:37:41 INFO    [info] Yeni coin: w7Fubc9MpK - analiz 90s sonra
13:37:42 INFO    [info] Yeni coin: 36eZJE8Ls6 - analiz 90s sonra
13:37:43 INFO    [info] Yeni coin: CTUdT6X3VH - analiz 90s sonra
13:37:46 WARNING RPC hiz limiti (429) - RPC_RPS dusurun veya plani yukseltin
13:37:47 INFO    [info] Yeni coin: A21TWYKUx1 - analiz 90s sonra
13:37:47 INFO    [info] Yeni coin: EFju2Cv3J2 - analiz 90s sonra
13:37:48 INFO    [info] Yeni coin: JDeRjVtD3b - analiz 90s sonra
13:38:03 INFO    [info] Yeni coin: 8amXVXf8zk - analiz 90s sonra
13:38:07 INFO    [info] Yeni coin: Gs2iBQUgzE - analiz 90s sonra
13:38:07 INFO    [info] Yeni coin: 2UdeKuCJii - analiz 90s sonra
13:38:08 INFO    [info] Yeni coin: Bbad9cwS7U - analiz 90s sonra
13:38:09 INFO    [info] Yeni coin: EyLRkvYNdL - analiz 90s sonra
13:38:10 INFO    [info] Yeni coin: fecjTpo2WP - analiz 90s sonra
13:38:11 INFO    [info] Yeni coin: 48jRNC5993 - analiz 90s sonra
13:38:13 WARNING RPC hiz limiti (429) - RPC_RPS dusurun veya plani yukseltin
13:38:17 INFO    [info] Yeni coin: CAFyn92vVq - analiz 90s sonra
13:38:19 INFO    [info] Yeni coin: 3u7JL35NQk - analiz 90s sonra
13:38:25 INFO    [info] Yeni coin: J4o5aZwT7x - analiz 90s sonra
13:38:27 INFO    [info] Yeni coin: C6Zi2J4ZFB - analiz 90s sonra
13:38:30 WARNING RPC hiz limiti (429) - RPC_RPS dusurun veya plani yukseltin
13:38:33 INFO    [info] Yeni coin: 2TNS5kfA3c - analiz 90s sonra
13:38:34 INFO    [info] Yeni coin: HQU2bRkhv7 - analiz 90s sonra
13:38:37 INFO    [info] Yeni coin: AuQP1wNTEE - analiz 90s sonra
13:38:42 INFO    [info] Yeni coin: 8hMio7EXUe - analiz 90s sonra
13:38:42 INFO    [info] Yeni coin: HD8diy4bPK - analiz 90s sonra
13:38:43 INFO    [info] Yeni coin: 5DJBwMDB2t - analiz 90s sonra
13:38:43 INFO    [info] Yeni coin: 7QRSheQMmq - analiz 90s sonra
13:38:43 INFO    [info] Yeni coin: CMr8hoJxTg - analiz 90s sonra
13:38:44 INFO    [info] Yeni coin: 9HMKwx3YVW - analiz 90s sonra
13:38:48 INFO    [info] Yeni coin: 7Q9eX4WRs2 - analiz 90s sonra
13:38:49 INFO    [info] Yeni coin: 66B4mXYZ5v - analiz 90s sonra
13:38:50 INFO    [info] Yeni coin: 9LM4iiQ4ad - analiz 90s sonra
13:38:50 INFO    [info] Yeni coin: 4JmGtM6XFh - analiz 90s sonra
13:38:50 INFO    [info] Yeni coin: 6WyiKgkAgX - analiz 90s sonra
13:38:51 WARNING RPC hiz limiti (429) - RPC_RPS dusurun veya plani yukseltin
13:38:51 INFO    [info] Yeni coin: ExPXLYPEkm - analiz 90s sonra
13:38:51 INFO    [info] Yeni coin: 9D4krtA1FW - analiz 90s sonra
13:38:52 INFO    [info] Yeni coin: BTzypLpXPs - analiz 90s sonra
13:38:53 INFO    [info] Yeni coin: EBDWqtWyrH - analiz 90s sonra
13:39:03 INFO    [info] Yeni coin: AfeN6mN9d8 - analiz 90s sonra
13:39:04 INFO    [info] Yeni coin: 8Pb9V7c3xs - analiz 90s sonra
13:39:04 INFO    [info] Yeni coin: BjB2T7hyqR - analiz 90s sonra
13:39:04 INFO    [info] Yeni coin: HE2WMxFuen - analiz 90s sonra
13:39:04 INFO    [info] Yeni coin: HSrmbY9XCk - analiz 90s sonra
13:39:05 INFO    [info] Yeni coin: 6pSPNrKniL - analiz 90s sonra
13:39:05 INFO    [info] Yeni coin: 7NRbPvD1KM - analiz 90s sonra
13:39:05 INFO    [info] Yeni coin: 5CfeympzLU - analiz 90s sonra
13:39:05 INFO    [info] Yeni coin: 8hrH6Fd29W - analiz 90s sonra
13:39:06 INFO    [info] Yeni coin: 6zSukQRPkT - analiz 90s sonra
13:39:06 INFO    [info] Yeni coin: AgznEzXMph - analiz 90s sonra
13:39:06 INFO    [info] Yeni coin: 4Gk13jAxLH - analiz 90s sonra
13:39:06 INFO    [info] Yeni coin: 64rKVWPFeX - analiz 90s sonra
13:39:07 INFO    [info] Yeni coin: 4xPm8akxFm - analiz 90s sonra
13:39:07 INFO    [info] Yeni coin: 2bZLfKfScu - analiz 90s sonra
13:39:07 INFO    [info] Yeni coin: 597h7a5RvZ - analiz 90s sonra
13:39:08 INFO    [info] Yeni coin: ACudPHZwkd - analiz 90s sonra
13:39:09 INFO    [info] Yeni coin: AiADMMW4eW - analiz 90s sonra
13:39:09 INFO    [info] Yeni coin: ALkb1zeRtZ - analiz 90s sonra
13:39:09 INFO    [info] Yeni coin: 7LfJ1ddmBC - analiz 90s sonra
13:39:10 INFO    [info] Yeni coin: HgKk3BgyY8 - analiz 90s sonra
13:39:12 INFO    [info] Yeni coin: 6REZoosLS3 - analiz 90s sonra
13:39:13 WARNING RPC hiz limiti (429) - RPC_RPS dusurun veya plani yukseltin
13:39:13 INFO    [info] Yeni coin: G26pjpXnUn - analiz 90s sonra
13:39:14 INFO    [info] Yeni coin: AYyqy6zpiH - analiz 90s sonra
13:39:14 INFO    [info] Yeni coin: J4oNN3wcb8 - analiz 90s sonra
13:39:14 INFO    [info] Yeni coin: 3STt6i2yoG - analiz 90s sonra
13:39:14 INFO    [info] Yeni coin: HAqqV7v7jD - analiz 90s sonra
13:39:15 INFO    [info] Yeni coin: CE75ZMKuE4 - analiz 90s sonra
13:39:15 INFO    [info] Yeni coin: HdjGgH4UCH - analiz 90s sonra
13:39:15 INFO    [info] Yeni coin: 9owKp7rfmB - analiz 90s sonra
13:39:15 INFO    [info] Yeni coin: D3hKkZKTcq - analiz 90s sonra
13:39:15 INFO    [info] Yeni coin: Bhpwet3w4M - analiz 90s sonra
13:39:16 INFO    [info] Yeni coin: 9P9BGN2oxk - analiz 90s sonra
13:39:17 INFO    [info] Yeni coin: AdBJvoVWLC - analiz 90s sonra
13:39:17 INFO    [info] Yeni coin: 8Pewn4r8hg - analiz 90s sonra
13:39:22 INFO    [info] Yeni coin: 8N3D73b6kf - analiz 90s sonra
13:39:23 INFO    [info] Yeni coin: 685MwPHKmz - analiz 90s sonra
13:39:27 INFO    [info] Yeni coin: 6wkFgtw8mN - analiz 90s sonra
13:39:36 INFO    [warn] Takip edilen cuzdan yok - once skorlayip takibe alin
13:39:42 INFO    [info] Yeni coin: 6nRV9qup2T - analiz 90s sonra
13:39:43 WARNING RPC hiz limiti (429) - RPC_RPS dusurun veya plani yukseltin
13:39:44 INFO    [info] Yeni coin: 4ua7ca1YiM - analiz 90s sonra
13:39:54 INFO    [info] Yeni coin: 88Ujd8vyss - analiz 90s sonra
13:39:55 INFO    [info] Yeni coin: 41ztHftMUh - analiz 90s sonra
13:39:58 INFO    [info] Yeni coin: 4yocK2ZdLL - analiz 90s sonra
13:39:59 INFO    [info] Yeni coin: FT8aBnAAf1 - analiz 90s sonra
13:39:59 INFO    [info] Yeni coin: GuqTHob3gj - analiz 90s sonra
13:40:01 WARNING RPC hiz limiti (429) - RPC_RPS dusurun veya plani yukseltin
13:40:01 INFO    [info] Yeni coin: AZV9Uj9Nro - analiz 90s sonra
13:40:05 INFO    [info] Yeni coin: GBph8REdEz - analiz 90s sonra
13:40:08 INFO    [info] Yeni coin: Ee8yZj13SV - analiz 90s sonra
13:40:08 INFO    [info] Yeni coin: 227eM7J5oH - analiz 90s sonra
13:40:09 INFO    [info] Yeni coin: DCmHpj5TuX - analiz 90s sonra
13:40:10 INFO    [info] Yeni coin: FSM6dMVBtG - analiz 90s sonra
13:40:24 INFO    [info] Yeni coin: BFjckqWHpd - analiz 90s sonra
13:40:27 INFO    [info] Yeni coin: DMwcwFsYAj - analiz 90s sonra
13:40:34 INFO    [info] Yeni coin: 8nA2x59qvU - analiz 90s sonra
13:40:35 WARNING RPC hiz limiti (429) - RPC_RPS dusurun veya plani yukseltin
13:40:38 INFO    [info] Yeni coin: CWZWNFWD6q - analiz 90s sonra
13:40:40 INFO    [info] Yeni coin: 2rR9XwuFnj - analiz 90s sonra
13:40:40 INFO    [info] Yeni coin: 2nNUtm4w7C - analiz 90s sonra
13:40:40 INFO    [info] Yeni coin: EhAXchmtA1 - analiz 90s sonra
13:40:41 INFO    [info] Yeni coin: 2DVMRRvm1Y - analiz 90s sonra
13:40:46 INFO    [info] Yeni coin: EtpnFYzBQs - analiz 90s sonra
13:40:49 INFO    [info] Yeni coin: Hm5Kr5s3UC - analiz 90s sonra
13:40:50 INFO    [info] Yeni coin: ypMoQVcJgA - analiz 90s sonra
13:40:57 INFO    [info] Yeni coin: HGnvkJtKjc - analiz 90s sonra
13:40:58 WARNING RPC hiz limiti (429) - RPC_RPS dusurun veya plani yukseltin
13:40:58 INFO    [info] Yeni coin: BULLfk25Fk - analiz 90s sonra
13:40:59 INFO    [info] Yeni coin: FSHdu2SQQv - analiz 90s sonra
13:41:02 INFO    [info] Yeni coin: FjxGrzwXuM - analiz 90s sonra
13:41:07 INFO    [info] Yeni coin: 6KsYBRJno8 - analiz 90s sonra
13:41:14 INFO    [info] Yeni coin: CqA4MfijFM - analiz 90s sonra
13:41:27 INFO    [info] Yeni coin: 2TSqmcgV89 - analiz 90s sonra
13:41:29 INFO    [info] Yeni coin: ejhrMJsszn - analiz 90s sonra
13:41:30 INFO    [info] Yeni coin: 2KLwkaenxc - analiz 90s sonra
13:41:30 INFO    [info] Yeni coin: 2QvrcLYty6 - analiz 90s sonra
13:41:31 INFO    [info] Yeni coin: 3zpEPKmw3b - analiz 90s sonra
13:41:33 WARNING RPC hiz limiti (429) - RPC_RPS dusurun veya plani yukseltin
13:41:36 INFO    [info] Yeni coin: 985fbK5kEf - analiz 90s sonra
13:41:36 INFO    [warn] Takip edilen cuzdan yok - once skorlayip takibe alin
13:41:39 INFO    [info] Yeni coin: 4izMA4pACw - analiz 90s sonra
13:41:41 INFO    [info] Yeni coin: 6Pup3gLwy5 - analiz 90s sonra
13:41:42 INFO    [info] Yeni coin: CGRGfbkxp9 - analiz 90s sonra
13:41:43 INFO    [info] Yeni coin: 6s64xCGM4g - analiz 90s sonra
13:41:49 WARNING RPC hiz limiti (429) - RPC_RPS dusurun veya plani yukseltin
13:41:50 INFO    [info] Yeni coin: 9Vwyz7qt98 - analiz 90s sonra
13:41:53 INFO    [info] Yeni coin: DmTGMP3iPg - analiz 90s sonra
13:41:59 INFO    [info] Yeni coin: 5xZnrU6EAo - analiz 90s sonra
13:42:02 INFO    [info] Yeni coin: 93Avir9suu - analiz 90s sonra
13:42:08 INFO    [info] Yeni coin: 8AehXc9wjR - analiz 90s sonra
13:42:10 INFO    [info] Yeni coin: Gdav8J6KHC - analiz 90s sonra
13:42:22 INFO    [info] Yeni coin: 6gbXgp5mb8 - analiz 90s sonra
13:42:22 INFO    [info] Yeni coin: 9EizP2NPir - analiz 90s sonra
13:42:27 INFO    [info] Yeni coin: 7vjf5BcahR - analiz 90s sonra
13:42:29 WARNING RPC hiz limiti (429) - RPC_RPS dusurun veya plani yukseltin
13:42:34 INFO    [info] Yeni coin: 7gro9LYhub - analiz 90s sonra
13:42:56 INFO    [info] Yeni coin: 5dHa9k824D - analiz 90s sonra
13:42:59 INFO    [info] Yeni coin: 6WrNH4CcuY - analiz 90s sonra
13:43:00 INFO    [info] Yeni coin: DFKyCvYdKy - analiz 90s sonra
13:43:01 INFO    [info] Yeni coin: 2EDfkB25Sv - analiz 90s sonra
13:43:03 INFO    [info] Yeni coin: GVqpcyFtUi - analiz 90s sonra
13:43:05 INFO    [info] Yeni coin: BCsCvqg126 - analiz 90s sonra
13:43:08 WARNING RPC hiz limiti (429) - RPC_RPS dusurun veya plani yukseltin
13:43:25 INFO    [info] Yeni coin: 4jmQC6Pwaf - analiz 90s sonra
13:43:27 INFO    [info] Yeni coin: 5BcVwQRTea - analiz 90s sonra
13:43:27 INFO    [info] Yeni coin: 9CNAoBGV3s - analiz 90s sonra
13:43:33 INFO    [info] Yeni coin: 4sJKLGBwBk - analiz 90s sonra
13:43:35 INFO    [info] Yeni coin: BeUsvjDqQt - analiz 90s sonra
13:43:36 WARNING RPC hiz limiti (429) - RPC_RPS dusurun veya plani yukseltin
13:43:36 INFO    [warn] Takip edilen cuzdan yok - once skorlayip takibe alin
13:43:40 INFO    [info] Yeni coin: zE6CHDxUiw - analiz 90s sonra
13:43:45 INFO    [info] Yeni coin: C6bYQWAXQu - analiz 90s sonra
13:43:48 INFO    [info] Yeni coin: 3qch9cFDrW - analiz 90s sonra
13:43:51 INFO    [info] Yeni coin: FNyGmCC9iM - analiz 90s sonra
13:43:54 INFO    [info] Yeni coin: A4zkk29cjn - analiz 90s sonra
13:43:55 INFO    [info] Yeni coin: EfXPuUBVYj - analiz 90s sonra
13:44:00 INFO    [info] Yeni coin: 7WgJ7vfquE - analiz 90s sonra
13:44:01 INFO    [info] Yeni coin: HEbBrgmjxX - analiz 90s sonra
13:44:02 WARNING RPC hiz limiti (429) - RPC_RPS dusurun veya plani yukseltin
13:44:04 INFO    [info] Yeni coin: 8Qb5fcTk9Q - analiz 90s sonra
13:44:06 INFO    [info] Yeni coin: GKv4UFx3np - analiz 90s sonra
13:44:11 INFO    [info] Yeni coin: 5daVWAyUrn - analiz 90s sonra
13:44:14 INFO    [info] Yeni coin: GG8UANcMHV - analiz 90s sonra
13:44:15 INFO    [info] Yeni coin: HJvggnbYaH - analiz 90s sonra
13:44:15 INFO    [info] Yeni coin: 7FfZrq8y8r - analiz 90s sonra
13:44:24 INFO    [info] Yeni coin: Hz6UPTdUV5 - analiz 90s sonra
13:44:24 INFO    [info] Yeni coin: 6TAG9X4dCq - analiz 90s sonra
13:44:24 INFO    [info] Yeni coin: CPoqKAzCHd - analiz 90s sonra
13:44:25 INFO    [info] Yeni coin: JBigWvC7iE - analiz 90s sonra
13:44:25 INFO    [info] Yeni coin: FvuQRbShSE - analiz 90s sonra
13:44:25 INFO    [info] Yeni coin: 5EtMd69z2W - analiz 90s sonra
13:44:25 INFO    [info] Yeni coin: GBuBb3ywh2 - analiz 90s sonra
13:44:25 INFO    [info] Yeni coin: DR9ahT7Gye - analiz 90s sonra
13:44:26 INFO    [info] Yeni coin: DjoC5zZUaX - analiz 90s sonra
13:44:26 INFO    [info] Yeni coin: GjHoomDXLE - analiz 90s sonra
13:44:27 INFO    [info] Yeni coin: B4b6JmGdrF - analiz 90s sonra
13:44:27 INFO    [info] Yeni coin: BiJsv3E6zU - analiz 90s sonra
13:44:27 INFO    [info] Yeni coin: 4xHjNoL9Vq - analiz 90s sonra
13:44:27 INFO    [info] Yeni coin: CVDxoVNJHu - analiz 90s sonra
13:44:27 INFO    [info] Yeni coin: 6noQ9YPP6g - analiz 90s sonra
13:44:28 INFO    [info] Yeni coin: jUn7mCe9Fp - analiz 90s sonra
13:44:28 INFO    [info] Yeni coin: 56YCn54q1M - analiz 90s sonra
13:44:29 INFO    [info] Yeni coin: 91R8TJ6abs - analiz 90s sonra
13:44:29 INFO    [info] Yeni coin: 61fpy5t43j - analiz 90s sonra
13:44:30 INFO    [info] Yeni coin: 3boe2Z5PFF - analiz 90s sonra
13:44:32 INFO    [info] Yeni coin: uzLgFPeLxe - analiz 90s sonra
13:44:33 INFO    [info] Yeni coin: A8JnT7y2Wt - analiz 90s sonra
13:44:40 WARNING RPC hiz limiti (429) - RPC_RPS dusurun veya plani yukseltin
13:44:40 INFO    [info] Yeni coin: DALaW67vQu - analiz 90s sonra
13:44:41 INFO    [info] Yeni coin: 5ES66boFKQ - analiz 90s sonra
13:44:41 INFO    [info] Yeni coin: 7uu6whZDP8 - analiz 90s sonra
13:44:50 INFO    [info] Yeni coin: AWYFUgcwRd - analiz 90s sonra
13:45:09 INFO    [info] Yeni coin: EnMyAmAMXo - analiz 90s sonra
13:45:10 WARNING RPC hiz limiti (429) - RPC_RPS dusurun veya plani yukseltin
13:45:16 INFO    [info] Yeni coin: 5j4oVEcPD3 - analiz 90s sonra
13:45:19 INFO    [info] Yeni coin: 3aL5DLUG19 - analiz 90s sonra
13:45:27 INFO    [info] Yeni coin: A1B6Zagj1A - analiz 90s sonra
13:45:27 INFO    [info] Yeni coin: KCCxaeHRcE - analiz 90s sonra
13:45:28 INFO    [info] Yeni coin: HHkUi28WeV - analiz 90s sonra
13:45:32 WARNING RPC hiz limiti (429) - RPC_RPS dusurun veya plani yukseltin
13:45:33 INFO    [info] Yeni coin: 6pHdoXmCgn - analiz 90s sonra
13:45:36 INFO    [warn] Takip edilen cuzdan yok - once skorlayip takibe alin
13:45:38 INFO    [info] Yeni coin: 2nhjhe6B4s - analiz 90s sonra
13:45:47 INFO    [info] Yeni coin: 71YD5XmjTN - analiz 90s sonra
13:45:48 INFO    [info] Yeni coin: 9inpRKChLL - analiz 90s sonra
13:45:53 INFO    [info] Yeni coin: Aas58khRgk - analiz 90s sonra
13:46:04 WARNING RPC hiz limiti (429) - RPC_RPS dusurun veya plani yukseltin
13:46:09 INFO    [info] Yeni coin: DU75TDiBN1 - analiz 90s sonra
13:46:09 INFO    [info] Yeni coin: 5SPKvcbTAU - analiz 90s sonra
13:46:10 INFO    [info] Yeni coin: 2ANVaKPK8j - analiz 90s sonra
13:46:13 INFO    [info] Yeni coin: CYp8jwtrzG - analiz 90s sonra
13:46:15 INFO    [info] Yeni coin: FVXHXew7rY - analiz 90s sonra
13:46:20 INFO    [info] Yeni coin: GM96kWj9zR - analiz 90s sonra
13:46:20 INFO    [info] Yeni coin: B81binBQvH - analiz 90s sonra
13:46:21 WARNING RPC hiz limiti (429) - RPC_RPS dusurun veya plani yukseltin
13:46:21 INFO    [info] Yeni coin: F7s5moq8q1 - analiz 90s sonra
13:46:22 INFO    [info] Yeni coin: DnyNRxExX8 - analiz 90s sonra
13:46:26 INFO    [info] Yeni coin: 4wPVfHpjYs - analiz 90s sonra
13:46:29 INFO    [info] Yeni coin: 4jgpAbdi6d - analiz 90s sonra
13:46:31 INFO    [info] Yeni coin: APyA6wsE9L - analiz 90s sonra
13:46:37 INFO    [info] Yeni coin: 7vFaCvvsc6 - analiz 90s sonra
13:46:39 INFO    [info] Yeni coin: AH9MBjbfDm - analiz 90s sonra
13:46:42 INFO    [info] Yeni coin: HEFpEaJsjM - analiz 90s sonra
13:46:42 WARNING RPC hiz limiti (429) - RPC_RPS dusurun veya plani yukseltin
13:46:49 INFO    [info] Yeni coin: DB2b1B6faj - analiz 90s sonra
13:46:51 INFO    [info] Yeni coin: Gv7DLqKdFD - analiz 90s sonra
13:46:51 INFO    [info] Yeni coin: BKGh4kQCod - analiz 90s sonra
13:46:58 INFO    [info] Yeni coin: 8uvG1fQYVU - analiz 90s sonra
13:47:02 INFO    [info] Yeni coin: Hxi45EhGuL - analiz 90s sonra
13:47:05 INFO    [info] Yeni coin: HR3VsFD93i - analiz 90s sonra
13:47:08 INFO    [info] Yeni coin: 4pjZdUbbP3 - analiz 90s sonra
13:47:12 INFO    [info] Yeni coin: 51k1hvxvRQ - analiz 90s sonra
13:47:13 INFO    [info] Yeni coin: 5YCciX8WwX - analiz 90s sonra
13:47:15 WARNING RPC hiz limiti (429) - RPC_RPS dusurun veya plani yukseltin
13:47:23 INFO    [info] Yeni coin: BN8kPQrKRQ - analiz 90s sonra
13:47:23 INFO    [info] Yeni coin: 3UXdQrpw5P - analiz 90s sonra
13:47:26 INFO    [info] Yeni coin: BPyriL3sj9 - analiz 90s sonra
13:47:29 INFO    [info] Yeni coin: BoUJRdy9T3 - analiz 90s sonra
13:47:33 INFO    [info] Yeni coin: D4jYvJ6YqQ - analiz 90s sonra
13:47:34 INFO    [info] Yeni coin: 5HEpJ6TfdF - analiz 90s sonra
13:47:34 INFO    [info] Yeni coin: AvWffzmfTZ - analiz 90s sonra
13:47:35 WARNING RPC hiz limiti (429) - RPC_RPS dusurun veya plani yukseltin
13:47:36 INFO    [info] Yeni coin: 9v3EGzvkCU - analiz 90s sonra
13:47:36 INFO    [warn] Takip edilen cuzdan yok - once skorlayip takibe alin
13:47:43 INFO    [info] Yeni coin: 4h8Z7oZPEg - analiz 90s sonra
13:47:46 INFO    [info] Yeni coin: 3KtkiQnMCU - analiz 90s sonra
13:47:47 INFO    [info] Yeni coin: 6sUtpnEyg8 - analiz 90s sonra
13:47:49 INFO    [info] Yeni coin: 94kg7SeEB1 - analiz 90s sonra
13:47:50 INFO    [info] Yeni coin: ECkkuB4w8z - analiz 90s sonra
13:47:53 INFO    [info] Yeni coin: 3BVenXhAcr - analiz 90s sonra
13:48:00 INFO    [info] Yeni coin: 8p1vmyrUDV - analiz 90s sonra
13:48:03 INFO    [info] Yeni coin: 6jrGXvqV5h - analiz 90s sonra
13:48:06 INFO    [info] Yeni coin: CBaY4VQcPJ - analiz 90s sonra
13:48:08 WARNING RPC hiz limiti (429) - RPC_RPS dusurun veya plani yukseltin
13:48:08 INFO    [info] Yeni coin: 9qMt576rZ9 - analiz 90s sonra
13:48:08 INFO    [info] Yeni coin: 2crw8YyWmn - analiz 90s sonra
13:48:11 INFO    [info] Yeni coin: GYBYdBtZPy - analiz 90s sonra
13:48:12 INFO    [info] Yeni coin: DJ37pdHCKX - analiz 90s sonra
13:48:13 INFO    [info] Yeni coin: 45sK2hkjtD - analiz 90s sonra
13:48:13 INFO    [info] Yeni coin: 8A3VVoYf8P - analiz 90s sonra
13:48:14 INFO    [info] Yeni coin: DfZZPisZXQ - analiz 90s sonra
13:48:14 INFO    [info] Yeni coin: GmCgJGiS4k - analiz 90s sonra
13:48:14 INFO    [info] Yeni coin: FJHWxzTBLb - analiz 90s sonra
13:48:21 INFO    [info] Yeni coin: Aic9RgPyox - analiz 90s sonra
13:48:21 INFO    [info] Yeni coin: 33JG3eHYzi - analiz 90s sonra
13:48:23 INFO    [info] Yeni coin: 57Jzfqchwj - analiz 90s sonra
13:48:28 INFO    [info] Yeni coin: DBhGbcfwk6 - analiz 90s sonra
13:48:33 WARNING RPC hiz limiti (429) - RPC_RPS dusurun veya plani yukseltin
13:48:37 INFO    [info] Yeni coin: 39bQWq6JUg - analiz 90s sonra
13:48:39 INFO    [info] Yeni coin: jypYiVwYiu - analiz 90s sonra
13:48:42 INFO    [info] Yeni coin: CHVnCCCEp6 - analiz 90s sonra
13:48:45 INFO    [info] Yeni coin: 4Fqsjp63h2 - analiz 90s sonra
13:48:49 INFO    [info] Yeni coin: Ao3ezHvPxA - analiz 90s sonra
13:48:51 INFO    [info] Yeni coin: 5Q13ANAjxy - analiz 90s sonra
13:48:51 INFO    [info] Yeni coin: 5PdzLerFpf - analiz 90s sonra
13:48:55 WARNING RPC hiz limiti (429) - RPC_RPS dusurun veya plani yukseltin
13:48:59 INFO    [info] Yeni coin: 5fyYJwxraR - analiz 90s sonra
13:49:00 INFO    [info] Yeni coin: GioHme4966 - analiz 90s sonra
13:49:07 INFO    [info] Yeni coin: AbqHWjzas8 - analiz 90s sonra
13:49:19 INFO    [info] Yeni coin: 2qJ7NUKa7T - analiz 90s sonra
13:49:20 INFO    [info] Yeni coin: 7Vp7LiAS9T - analiz 90s sonra
13:49:29 WARNING RPC hiz limiti (429) - RPC_RPS dusurun veya plani yukseltin
13:49:36 INFO    [warn] Takip edilen cuzdan yok - once skorlayip takibe alin
13:49:39 INFO    [info] Yeni coin: CBW1G8SWCU - analiz 90s sonra
13:49:41 INFO    [info] Yeni coin: 6LYbc3Evhd - analiz 90s sonra
13:49:44 INFO    [info] Yeni coin: w53bkMY5QU - analiz 90s sonra
13:49:46 INFO    [info] Yeni coin: DChgmo1wei - analiz 90s sonra
13:49:47 WARNING RPC hiz limiti (429) - RPC_RPS dusurun veya plani yukseltin
13:49:48 INFO    [info] Yeni coin: 2ecGznmDdy - analiz 90s sonra
13:49:54 INFO    [info] Yeni coin: 7YTYn7c1th - analiz 90s sonra
13:49:54 INFO    [info] Yeni coin: 2NNmpA4FCP - analiz 90s sonra
13:49:57 INFO    [info] Yeni coin: FbJyywmUkU - analiz 90s sonra
13:50:08 WARNING RPC hiz limiti (429) - RPC_RPS dusurun veya plani yukseltin
13:50:20 INFO    [warn] Helius baglantisi koptu (ConnectionClosedError), 5s sonra tekrar denenecek
13:50:22 INFO    [info] Yeni coin: Egb4iFG7QN - analiz 90s sonra
13:50:22 INFO    [info] Yeni coin: 9n6d27YsqZ - analiz 90s sonra
13:50:26 INFO    [success] Helius websocket baglandi, pump.fun dinleniyor
13:50:29 INFO    [info] Yeni coin: C1cMgAFRn7 - analiz 90s sonra
13:50:30 INFO    [info] Yeni coin: wSKhRpVggy - analiz 90s sonra
13:50:40 WARNING RPC hiz limiti (429) - RPC_RPS dusurun veya plani yukseltin
13:50:40 INFO    [info] Yeni coin: 842UocrBex - analiz 90s sonra
13:50:43 INFO    [info] Yeni coin: 5t3JVZxNZ3 - analiz 90s sonra
13:50:51 INFO    [info] Yeni coin: w1GLWUbedW - analiz 90s sonra
13:50:54 INFO    [info] Yeni coin: sDRMjNZJPG - analiz 90s sonra
13:50:58 INFO    [info] Yeni coin: H6AfapDTLG - analiz 90s sonra
13:51:02 INFO    [info] Yeni coin: 8Lovc7qCBr - analiz 90s sonra
13:51:04 INFO    [info] Yeni coin: 6JyK4xcDqz - analiz 90s sonra
13:51:07 WARNING RPC hiz limiti (429) - RPC_RPS dusurun veya plani yukseltin
13:51:13 INFO    [info] Yeni coin: AQUdo7UqsW - analiz 90s sonra
13:51:15 INFO    [info] Yeni coin: F8K4uSGos9 - analiz 90s sonra
13:51:27 INFO    [info] Yeni coin: Cc3JsCtVTM - analiz 90s sonra
13:51:36 INFO    [warn] Takip edilen cuzdan yok - once skorlayip takibe alin
13:51:36 INFO    [info] Yeni coin: 43QRnccxAx - analiz 90s sonra
13:51:39 WARNING RPC hiz limiti (429) - RPC_RPS dusurun veya plani yukseltin
13:51:40 INFO    [info] Yeni coin: 5D4S66E15R - analiz 90s sonra
13:51:45 INFO    [info] Yeni coin: Ei8A7TNuDM - analiz 90s sonra
13:51:46 INFO    [info] Yeni coin: 5BXjvV2XMT - analiz 90s sonra
13:51:54 INFO    [info] Yeni coin: FdnTpUZ5yE - analiz 90s sonra
13:51:56 INFO    [info] Yeni coin: 3gAMRXtA67 - analiz 90s sonra
13:52:04 WARNING RPC hiz limiti (429) - RPC_RPS dusurun veya plani yukseltin
13:52:10 INFO    [warn] Zaten acik pozisyon var, atlandi: ANSEM.TODAY
13:52:12 INFO    [info] Yeni coin: 8nWR38M4Gf - analiz 90s sonra
13:52:15 INFO    [info] Yeni coin: AwnvjK3wEn - analiz 90s sonra
13:52:15 INFO    [info] Yeni coin: DMt1kkSbbh - analiz 90s sonra
13:52:27 INFO    [info] Yeni coin: Ew3sMoSD7T - analiz 90s sonra
13:52:31 INFO    [info] Yeni coin: FDepZg7MoV - analiz 90s sonra
13:52:31 INFO    [info] Yeni coin: F5jeKqMi4e - analiz 90s sonra
13:52:32 WARNING RPC hiz limiti (429) - RPC_RPS dusurun veya plani yukseltin
13:52:34 INFO    [info] Yeni coin: DMCKumxw7N - analiz 90s sonra
13:52:38 INFO    [info] Yeni coin: 7HbReWwtno - analiz 90s sonra
13:52:39 INFO    [info] Yeni coin: 5EYhthrNVD - analiz 90s sonra
13:52:41 INFO    [info] Yeni coin: H9HeAYkevS - analiz 90s sonra
13:52:42 INFO    [info] Yeni coin: 2RQhdPJ9pJ - analiz 90s sonra
13:52:45 INFO    [info] Yeni coin: Fz9XXkUnc8 - analiz 90s sonra
13:52:50 INFO    [info] Yeni coin: 543cTqdCjU - analiz 90s sonra
13:52:54 WARNING RPC hiz limiti (429) - RPC_RPS dusurun veya plani yukseltin
13:52:56 INFO    [info] Yeni coin: 4gKffee7jd - analiz 90s sonra
13:52:56 INFO    [info] Yeni coin: Whj5bPhESA - analiz 90s sonra
13:52:57 INFO    [info] Yeni coin: Apafon9vFF - analiz 90s sonra
13:53:06 INFO    [info] Yeni coin: 7E7WE8Xuv7 - analiz 90s sonra
13:53:10 INFO    [info] Yeni coin: GUwcSG6kD4 - analiz 90s sonra
13:53:11 WARNING RPC hiz limiti (429) - RPC_RPS dusurun veya plani yukseltin
13:53:18 INFO    [info] Yeni coin: 5Si4CdCFLG - analiz 90s sonra
13:53:24 INFO    [info] Yeni coin: BW8TGfygu9 - analiz 90s sonra
13:53:25 INFO    [info] Yeni coin: 8NseC7mDuA - analiz 90s sonra
13:53:28 INFO    [info] Yeni coin: AoUpNXGfsS - analiz 90s sonra
13:53:28 INFO    [info] Yeni coin: 2DVRvbvbUP - analiz 90s sonra
13:53:28 INFO    [info] Yeni coin: 9AwR5a8rbn - analiz 90s sonra
13:53:29 INFO    [info] Yeni coin: o24aAg3SgS - analiz 90s sonra
13:53:36 INFO    [warn] Takip edilen cuzdan yok - once skorlayip takibe alin
13:53:41 WARNING RPC hiz limiti (429) - RPC_RPS dusurun veya plani yukseltin
13:53:49 INFO    [info] Yeni coin: F4vEFNoH9H - analiz 90s sonra
13:53:49 INFO    [info] Yeni coin: JAc91B6zkU - analiz 90s sonra
13:53:50 INFO    [info] Yeni coin: 9JxxsMifhC - analiz 90s sonra
13:53:51 INFO    [info] Yeni coin: DZ4NStuh4y - analiz 90s sonra
13:53:51 INFO    [info] Yeni coin: BesSoVpQa9 - analiz 90s sonra
13:53:55 INFO    [info] Yeni coin: B1rSnF3yjB - analiz 90s sonra
13:53:56 INFO    [info] Yeni coin: 8k37LCjRRr - analiz 90s sonra
13:54:03 WARNING RPC hiz limiti (429) - RPC_RPS dusurun veya plani yukseltin
13:54:04 INFO    [info] Yeni coin: H3foyLoznJ - analiz 90s sonra
13:54:15 INFO    [info] Yeni coin: 66nkxZUf8k - analiz 90s sonra
13:54:18 INFO    [info] Yeni coin: 7iN7s6j2j4 - analiz 90s sonra
13:54:24 INFO    [info] Yeni coin: A17AwpDp6U - analiz 90s sonra
13:54:33 WARNING RPC hiz limiti (429) - RPC_RPS dusurun veya plani yukseltin
13:54:42 INFO    [info] Yeni coin: 5n5bR6XYAE - analiz 90s sonra
13:54:46 INFO    [info] Yeni coin: ArtiwXKcDu - analiz 90s sonra
13:54:54 INFO    [info] Yeni coin: AdmfofRK9Q - analiz 90s sonra
13:54:58 INFO    [info] Yeni coin: F6sjP9B7Jw - analiz 90s sonra
13:54:58 INFO    [info] Yeni coin: HVzBaXY2JD - analiz 90s sonra
13:55:07 WARNING RPC hiz limiti (429) - RPC_RPS dusurun veya plani yukseltin
13:55:12 INFO    [info] Yeni coin: DAXEFacsdu - analiz 90s sonra
13:55:12 INFO    [info] Yeni coin: DDE638Nykt - analiz 90s sonra
13:55:15 INFO    [info] Yeni coin: 792u7XG6Vi - analiz 90s sonra
13:55:16 INFO    [info] Yeni coin: 7scDumXS6t - analiz 90s sonra
13:55:25 INFO    [info] Yeni coin: ABC17ME6V7 - analiz 90s sonra
13:55:30 INFO    [info] Yeni coin: 27MufyVgkQ - analiz 90s sonra
13:55:32 INFO    [info] Yeni coin: 7DLXYfV7Ff - analiz 90s sonra
13:55:35 INFO    [info] Yeni coin: 8ont4auqyU - analiz 90s sonra
13:55:36 INFO    [warn] Takip edilen cuzdan yok - once skorlayip takibe alin
13:55:36 INFO    [success] [PAPER] ALINDI Big Harry - 0.1000 SOL @ $0.00000949 (slipaj %1.68, fee 0.00200 SOL)
13:55:37 WARNING RPC hiz limiti (429) - RPC_RPS dusurun veya plani yukseltin
13:55:43 INFO    [info] Yeni coin: 5op6aYhThh - analiz 90s sonra
13:55:43 INFO    [info] Yeni coin: 57WWgqpuWi - analiz 90s sonra
13:55:43 INFO    [info] Yeni coin: B6o3ATMq7f - analiz 90s sonra
13:55:47 INFO    [info] Yeni coin: 9DmYF17H81 - analiz 90s sonra
13:55:49 INFO    [info] Yeni coin: 8GzKvVbqg2 - analiz 90s sonra
13:55:51 INFO    [info] Yeni coin: Csp2dQGCUX - analiz 90s sonra
13:55:54 INFO    [info] Yeni coin: 3A9XjagDTe - analiz 90s sonra
13:56:05 WARNING RPC hiz limiti (429) - RPC_RPS dusurun veya plani yukseltin
13:56:06 INFO    [info] Yeni coin: J8MqrBGZSJ - analiz 90s sonra
13:56:10 INFO    [info] Yeni coin: BMdAcBN1mY - analiz 90s sonra
13:56:22 WARNING RPC hiz limiti (429) - RPC_RPS dusurun veya plani yukseltin
13:56:32 INFO    [info] Yeni coin: 31R2LuJxwH - analiz 90s sonra
13:56:33 INFO    [info] Yeni coin: 3p1GkrXeEP - analiz 90s sonra
13:56:47 INFO    [info] Yeni coin: FpAw7JFfXM - analiz 90s sonra
13:56:48 INFO    [info] Yeni coin: 2HcvPAnERs - analiz 90s sonra
13:56:52 INFO    [info] Yeni coin: 7qLCgmwQaU - analiz 90s sonra
13:56:53 WARNING RPC hiz limiti (429) - RPC_RPS dusurun veya plani yukseltin
13:56:56 INFO    [info] Yeni coin: G5XR3MRHqv - analiz 90s sonra
13:57:00 INFO    [info] Yeni coin: DastfjehxX - analiz 90s sonra
13:57:14 INFO    [info] Yeni coin: HSgKRGDBb1 - analiz 90s sonra
13:57:14 INFO    [info] Yeni coin: 226CnDUyPS - analiz 90s sonra
13:57:20 WARNING RPC hiz limiti (429) - RPC_RPS dusurun veya plani yukseltin
13:57:25 INFO    [info] Yeni coin: 4ACPKzYQ8a - analiz 90s sonra
13:57:26 INFO    [info] Yeni coin: 8dvdq5TJkQ - analiz 90s sonra
13:57:27 INFO    [info] Yeni coin: Dn5H6uYbRk - analiz 90s sonra
13:57:33 INFO    [info] Yeni coin: 2EkzgE2KBV - analiz 90s sonra
13:57:33 INFO    [info] Yeni coin: 7SQ3Bjo2fZ - analiz 90s sonra
13:57:36 INFO    [warn] Takip edilen cuzdan yok - once skorlayip takibe alin
13:57:57 WARNING RPC hiz limiti (429) - RPC_RPS dusurun veya plani yukseltin
13:57:58 INFO    [info] Yeni coin: 9u2knseq38 - analiz 90s sonra
13:57:59 INFO    [info] Yeni coin: 7FnnfKomEE - analiz 90s sonra
13:57:59 INFO    [info] Yeni coin: 7goarc5DuJ - analiz 90s sonra
13:58:02 INFO    [info] Yeni coin: 8UfK99icT6 - analiz 90s sonra
13:58:04 INFO    [info] Yeni coin: DZ3z26dmnX - analiz 90s sonra
13:58:08 INFO    [info] Yeni coin: DYQKET5vPo - analiz 90s sonra
13:58:13 INFO    [info] Yeni coin: 51DuRpsHFD - analiz 90s sonra
13:58:20 WARNING RPC hiz limiti (429) - RPC_RPS dusurun veya plani yukseltin
13:58:20 INFO    [info] Yeni coin: EmQfewHqPv - analiz 90s sonra
13:58:29 INFO    [info] Yeni coin: 3ykNyXg7pS - analiz 90s sonra
13:58:31 INFO    [info] Yeni coin: BKe6MBPA92 - analiz 90s sonra
13:58:35 INFO    [info] Yeni coin: 78e67VgABT - analiz 90s sonra
13:58:42 INFO    [info] Yeni coin: GLHVM6DuAG - analiz 90s sonra
13:58:43 WARNING RPC hiz limiti (429) - RPC_RPS dusurun veya plani yukseltin
13:58:45 INFO    [info] Yeni coin: 9z77dMFtu8 - analiz 90s sonra
13:58:46 INFO    [info] Yeni coin: 2AXRWNCoJ8 - analiz 90s sonra
13:58:47 INFO    [info] Yeni coin: Et66Ncy3S8 - analiz 90s sonra
13:58:47 INFO    [info] Yeni coin: 5CXepFXsmp - analiz 90s sonra
13:58:48 INFO    [info] Yeni coin: 8qpcgeqswd - analiz 90s sonra
13:58:52 INFO    [info] Yeni coin: 842R6XqqBk - analiz 90s sonra
13:58:57 INFO    [info] Yeni coin: AH5tgut96J - analiz 90s sonra
13:59:02 INFO    [info] Yeni coin: CCJEB3cyAg - analiz 90s sonra
13:59:06 WARNING RPC hiz limiti (429) - RPC_RPS dusurun veya plani yukseltin
13:59:06 INFO    [info] Yeni coin: 6epcKwp24H - analiz 90s sonra
13:59:09 INFO    [info] Yeni coin: Bqz65Xn4CF - analiz 90s sonra
13:59:12 INFO    [info] Yeni coin: 5kwWLjFTKB - analiz 90s sonra
13:59:15 INFO    [info] Yeni coin: 9UnqoCDD2L - analiz 90s sonra
13:59:19 INFO    [info] Yeni coin: EJfyXzcn6B - analiz 90s sonra
13:59:19 INFO    [info] Yeni coin: DFoxpkkhyy - analiz 90s sonra
13:59:20 INFO    [info] Yeni coin: HggkMASq95 - analiz 90s sonra
13:59:24 WARNING RPC hiz limiti (429) - RPC_RPS dusurun veya plani yukseltin
13:59:28 INFO    [info] Yeni coin: 3SiRCZKdWt - analiz 90s sonra
13:59:36 INFO    [warn] Takip edilen cuzdan yok - once skorlayip takibe alin
13:59:36 INFO    [info] Yeni coin: 6MzqXE5GnB - analiz 90s sonra
13:59:39 INFO    [info] Yeni coin: 8Sn11uTfo5 - analiz 90s sonra
13:59:39 INFO    [info] Yeni coin: 838fwdpywo - analiz 90s sonra
13:59:39 INFO    [info] Yeni coin: DUjvHAQ24H - analiz 90s sonra
13:59:41 INFO    [info] Yeni coin: 4YTR4trui1 - analiz 90s sonra
13:59:45 WARNING RPC hiz limiti (429) - RPC_RPS dusurun veya plani yukseltin
13:59:46 INFO    [info] Yeni coin: 3GvgCEtmhT - analiz 90s sonra
13:59:48 INFO    [info] Yeni coin: 4tQq7Gvxvp - analiz 90s sonra
13:59:48 INFO    [info] Yeni coin: H2gCvddWeR - analiz 90s sonra
13:59:53 INFO    [info] Yeni coin: E6B8Dte1wE - analiz 90s sonra
13:59:53 INFO    [info] Yeni coin: Cj2vMwW123 - analiz 90s sonra
13:59:54 INFO    [info] Yeni coin: EngCsiL7Qp - analiz 90s sonra
13:59:55 INFO    [info] Yeni coin: 2kBBj3TngF - analiz 90s sonra
13:59:55 INFO    [info] Yeni coin: 3bo8mkcuX5 - analiz 90s sonra
13:59:57 INFO    [info] Yeni coin: F9zvsTVDS2 - analiz 90s sonra
13:59:59 INFO    [info] Yeni coin: ByyhxLGSNn - analiz 90s sonra
13:59:59 INFO    [info] Yeni coin: 8ExnxdVjUx - analiz 90s sonra
13:59:59 INFO    [info] Yeni coin: Dh6HeLDMp2 - analiz 90s sonra
14:00:01 INFO    [info] Yeni coin: AHLnBtFfin - analiz 90s sonra
14:00:11 INFO    [info] Yeni coin: DJNr4TGvSc - analiz 90s sonra
14:00:11 WARNING RPC hiz limiti (429) - RPC_RPS dusurun veya plani yukseltin
14:00:11 INFO    [info] Yeni coin: HVTGc7CURE - analiz 90s sonra
14:00:12 INFO    [info] Yeni coin: 86ijEGRr3J - analiz 90s sonra
14:00:21 INFO    [info] Yeni coin: 8RMDd8vejL - analiz 90s sonra
14:00:28 INFO    [info] Yeni coin: ErbuN21Qdp - analiz 90s sonra
14:00:34 INFO    [info] Yeni coin: BCWXN7d4mN - analiz 90s sonra
14:00:34 INFO    [info] Yeni coin: 728wUj382W - analiz 90s sonra
14:00:34 INFO    [info] Yeni coin: ExCLbXQ9ef - analiz 90s sonra
14:00:40 INFO    [info] Yeni coin: HpxTHkGHJv - analiz 90s sonra
14:00:41 INFO    [info] Yeni coin: 7BN86yqHTA - analiz 90s sonra
14:00:44 INFO    [info] Yeni coin: 8NqGYDK9Yo - analiz 90s sonra
14:00:44 WARNING RPC hiz limiti (429) - RPC_RPS dusurun veya plani yukseltin
14:00:52 INFO    [info] Yeni coin: FQq9X92fAA - analiz 90s sonra
14:00:52 INFO    [info] Yeni coin: CUm1x55ZCM - analiz 90s sonra
14:01:14 INFO    [info] Yeni coin: 7YZrwN6yFA - analiz 90s sonra
14:01:15 INFO    [info] Yeni coin: F83ZRhLcUj - analiz 90s sonra
14:01:16 INFO    [info] Yeni coin: GaGEKGTc1K - analiz 90s sonra
14:01:24 INFO    [info] Yeni coin: BnYGAJN24u - analiz 90s sonra
14:01:35 INFO    [info] Yeni coin: gNSJePwMVW - analiz 90s sonra
14:01:36 WARNING RPC hiz limiti (429) - RPC_RPS dusurun veya plani yukseltin
14:01:36 INFO    [warn] Takip edilen cuzdan yok - once skorlayip takibe alin
14:01:50 INFO    [info] Yeni coin: wLmDv2rQFi - analiz 90s sonra
14:01:54 INFO    [info] Yeni coin: Do5eTF35ad - analiz 90s sonra
14:01:56 INFO    [info] Yeni coin: 2eykP5T3Vv - analiz 90s sonra
14:02:05 INFO    [info] Yeni coin: k1gE3yeooE - analiz 90s sonra
14:02:05 INFO    [info] Yeni coin: HJd8xZnM5h - analiz 90s sonra
14:02:06 WARNING RPC hiz limiti (429) - RPC_RPS dusurun veya plani yukseltin
14:02:07 INFO    [info] Yeni coin: FPJdp1QaYq - analiz 90s sonra
14:02:12 INFO    [info] Yeni coin: 2tThd4U1Q9 - analiz 90s sonra
14:02:12 INFO    [warn] Zaten acik pozisyon var, atlandi: Awesome GitHub Profile Readme
14:02:14 INFO    [info] Yeni coin: 68GYUJW31G - analiz 90s sonra
14:02:14 INFO    [info] Yeni coin: HSY3Jq5aHp - analiz 90s sonra
14:02:16 INFO    [info] Yeni coin: 3DQCT6B1mP - analiz 90s sonra
14:02:18 INFO    [info] Yeni coin: HEEuQNYew9 - analiz 90s sonra
14:02:18 INFO    [info] Yeni coin: 5VyUKkXbp5 - analiz 90s sonra
14:02:26 INFO    [info] Yeni coin: GsPJeZqcw5 - analiz 90s sonra
14:02:29 WARNING RPC hiz limiti (429) - RPC_RPS dusurun veya plani yukseltin
14:02:29 INFO    [info] Yeni coin: F16k6EJ44M - analiz 90s sonra
14:02:30 INFO    [info] Yeni coin: DwkQKXRif4 - analiz 90s sonra
14:02:31 INFO    [info] Yeni coin: AUw5JAULeJ - analiz 90s sonra
14:02:33 INFO    [info] Yeni coin: AkVziFGaeD - analiz 90s sonra
14:02:36 INFO    [info] Yeni coin: 4wZnUDdZ5R - analiz 90s sonra
14:02:38 INFO    [info] Yeni coin: J9wXo685DF - analiz 90s sonra
14:02:43 INFO    [info] Yeni coin: E3NE8w1ksz - analiz 90s sonra
14:02:55 WARNING RPC hiz limiti (429) - RPC_RPS dusurun veya plani yukseltin
14:02:55 INFO    [info] Yeni coin: CYJR8Snbhn - analiz 90s sonra
14:02:59 INFO    [info] Yeni coin: jSd3anQ3mF - analiz 90s sonra
14:03:02 INFO    [info] Yeni coin: B51CmFzUT9 - analiz 90s sonra
14:03:06 INFO    [info] Yeni coin: JAcu4URuvo - analiz 90s sonra
14:03:07 INFO    [info] Yeni coin: 61GJ4aXmaf - analiz 90s sonra
14:03:07 INFO    [info] Yeni coin: HfGQ9yxP3Z - analiz 90s sonra
14:03:08 INFO    [info] Yeni coin: ETXsZrDq3w - analiz 90s sonra
14:03:10 INFO    [info] Yeni coin: 2VyZ6VoLxr - analiz 90s sonra
14:03:12 WARNING RPC hiz limiti (429) - RPC_RPS dusurun veya plani yukseltin
14:03:12 INFO    [info] Yeni coin: 9RKY9imUbZ - analiz 90s sonra
14:03:13 INFO    [info] Yeni coin: GAp8orYnXp - analiz 90s sonra
14:03:21 INFO    [info] Yeni coin: 4Kg9JRVgNr - analiz 90s sonra
14:03:24 INFO    [info] Yeni coin: 7P9HwNsai6 - analiz 90s sonra
14:03:25 INFO    [info] Yeni coin: EkcTa8n14f - analiz 90s sonra
14:03:25 INFO    [info] Yeni coin: 6qTQJiS5S5 - analiz 90s sonra
14:03:26 INFO    [info] Yeni coin: CAXLQ5H3Ru - analiz 90s sonra
14:03:28 INFO    [info] Yeni coin: APbM2UF35S - analiz 90s sonra
14:03:29 INFO    [info] Yeni coin: 5yPrQoARVS - analiz 90s sonra
14:03:36 INFO    [warn] Takip edilen cuzdan yok - once skorlayip takibe alin
14:03:44 WARNING RPC hiz limiti (429) - RPC_RPS dusurun veya plani yukseltin
14:03:44 INFO    [info] Yeni coin: DXmEn1hoS3 - analiz 90s sonra
14:03:46 INFO    [info] Yeni coin: 6ykWK7A16r - analiz 90s sonra
14:03:47 INFO    [info] Yeni coin: HJGGiHeSqw - analiz 90s sonra
14:03:47 INFO    [info] Yeni coin: CQWMCbdQ4D - analiz 90s sonra
14:03:54 INFO    [info] Yeni coin: GrgTtDirmY - analiz 90s sonra
14:03:55 INFO    [info] Yeni coin: AgZF8gTbx2 - analiz 90s sonra
14:03:57 INFO    [info] Yeni coin: 7ZXmsszbdZ - analiz 90s sonra
14:04:01 WARNING RPC hiz limiti (429) - RPC_RPS dusurun veya plani yukseltin
14:04:13 INFO    [info] Yeni coin: FLBVpLWwYn - analiz 90s sonra
14:04:19 INFO    [info] Yeni coin: 24xxQuXwSq - analiz 90s sonra
14:04:24 INFO    [info] Yeni coin: 5N1fWYPApv - analiz 90s sonra
14:04:26 INFO    [info] Yeni coin: 36vhvqpb7V - analiz 90s sonra
14:04:31 INFO    [info] Yeni coin: ABMcLezhKn - analiz 90s sonra
14:04:32 INFO    [info] Yeni coin: H8uVB9ENU5 - analiz 90s sonra
14:04:33 WARNING RPC hiz limiti (429) - RPC_RPS dusurun veya plani yukseltin
14:04:51 INFO    [info] Yeni coin: 6P797icUN7 - analiz 90s sonra
14:04:53 WARNING RPC hiz limiti (429) - RPC_RPS dusurun veya plani yukseltin
14:04:56 INFO    [info] Yeni coin: 4UB1jy6yxm - analiz 90s sonra
14:04:57 INFO    [info] Yeni coin: 7uKW5BJXXa - analiz 90s sonra
14:04:59 INFO    [info] Yeni coin: GvQQX3khAw - analiz 90s sonra
14:05:03 INFO    [info] Yeni coin: 9FCZeNRkBP - analiz 90s sonra
14:05:09 INFO    [info] Yeni coin: E2pdCXsaEt - analiz 90s sonra
14:05:10 WARNING RPC hiz limiti (429) - RPC_RPS dusurun veya plani yukseltin
14:05:11 INFO    [info] Yeni coin: DkbYktimxx - analiz 90s sonra
14:05:11 INFO    [info] Yeni coin: EnntGcCxjm - analiz 90s sonra
14:05:17 INFO    [info] Yeni coin: 3VCHtqn2gp - analiz 90s sonra
14:05:28 INFO    [info] Yeni coin: 5pSJnvjMGR - analiz 90s sonra
14:05:36 INFO    [warn] Takip edilen cuzdan yok - once skorlayip takibe alin
14:05:37 WARNING RPC hiz limiti (429) - RPC_RPS dusurun veya plani yukseltin
14:05:51 INFO    [info] Yeni coin: ExLBKegsH7 - analiz 90s sonra
14:05:52 INFO    [info] Yeni coin: GzgeygMw79 - analiz 90s sonra
14:05:52 INFO    [info] Yeni coin: 2dTa77qwGS - analiz 90s sonra
14:05:55 INFO    [info] Yeni coin: Gfsy3yuC2n - analiz 90s sonra
14:05:59 WARNING RPC hiz limiti (429) - RPC_RPS dusurun veya plani yukseltin
14:05:59 INFO    [info] Yeni coin: 3bRMRp2PCj - analiz 90s sonra
14:06:00 INFO    [info] Yeni coin: 9iGmaqoqX6 - analiz 90s sonra
14:06:00 INFO    [info] Yeni coin: AZhcpbPSAW - analiz 90s sonra
14:06:01 INFO    [info] Yeni coin: 3L2zaNPuxY - analiz 90s sonra
14:06:05 INFO    [info] Yeni coin: 6zKDyNJ5pV - analiz 90s sonra
14:06:07 INFO    [info] Yeni coin: 575rJsvEfG - analiz 90s sonra
14:06:07 INFO    [info] Yeni coin: 31dQkWsvaB - analiz 90s sonra
14:06:09 INFO    [info] Yeni coin: B2Su7JK1US - analiz 90s sonra
14:06:10 INFO    [info] Yeni coin: 5v1atq1djC - analiz 90s sonra
14:06:14 INFO    [info] Yeni coin: AugHx6UVUC - analiz 90s sonra
14:06:15 WARNING RPC hiz limiti (429) - RPC_RPS dusurun veya plani yukseltin
14:06:17 INFO    [info] Yeni coin: 3MGG1HmVhG - analiz 90s sonra
14:06:27 INFO    [info] Yeni coin: F5NnK2eUr1 - analiz 90s sonra
14:06:52 INFO    [info] Yeni coin: 6aPXZ2oFNR - analiz 90s sonra
14:06:53 WARNING RPC hiz limiti (429) - RPC_RPS dusurun veya plani yukseltin
14:06:55 INFO    [info] Yeni coin: 7dBtNC3DGY - analiz 90s sonra
14:07:05 INFO    [info] Yeni coin: 3j9zmpgAoV - analiz 90s sonra
14:07:08 INFO    [info] Yeni coin: GYRZrWjuC7 - analiz 90s sonra
14:07:19 INFO    [info] Yeni coin: EocQ6VNsUr - analiz 90s sonra
14:07:23 INFO    [info] Yeni coin: 5quRJRBvjD - analiz 90s sonra
14:07:28 INFO    [info] Yeni coin: FKmxZx9L9C - analiz 90s sonra
14:07:28 INFO    [info] Yeni coin: wv4jLTypdW - analiz 90s sonra
14:07:29 WARNING RPC hiz limiti (429) - RPC_RPS dusurun veya plani yukseltin
14:07:32 INFO    [info] Yeni coin: 79q9fePgk4 - analiz 90s sonra
14:07:35 INFO    [info] Yeni coin: B4uugT9g24 - analiz 90s sonra
14:07:36 INFO    [info] Yeni coin: 6SSu4FYTwb - analiz 90s sonra
14:07:36 INFO    [warn] Takip edilen cuzdan yok - once skorlayip takibe alin
14:07:37 INFO    [info] Yeni coin: DRYK5L6PnL - analiz 90s sonra
14:07:38 INFO    [info] Yeni coin: 5dnDgBsCUG - analiz 90s sonra
14:07:39 INFO    [info] Yeni coin: G4xHfkprSn - analiz 90s sonra
14:07:39 INFO    [info] Yeni coin: 5AmJReQP5R - analiz 90s sonra
14:07:40 INFO    [info] Yeni coin: BCppFCC68Z - analiz 90s sonra
14:07:44 INFO    [info] Yeni coin: EB7Gj3conb - analiz 90s sonra
14:07:45 INFO    [info] Yeni coin: Fe6BXbJEC3 - analiz 90s sonra
14:07:53 INFO    [info] Yeni coin: 4QvxJKhtzh - analiz 90s sonra
14:08:00 WARNING RPC hiz limiti (429) - RPC_RPS dusurun veya plani yukseltin
14:08:07 INFO    [info] Yeni coin: GBNqTSht7z - analiz 90s sonra
14:08:10 INFO    [info] Yeni coin: A23dSUamTb - analiz 90s sonra
14:08:19 INFO    [info] Yeni coin: GsYpWwT1Li - analiz 90s sonra
14:08:25 INFO    [info] Yeni coin: HWPwzfK88o - analiz 90s sonra
14:08:30 INFO    [info] Yeni coin: ETWRNXz5hF - analiz 90s sonra
14:08:35 INFO    [info] Yeni coin: 7rcnik2czW - analiz 90s sonra
14:08:37 INFO    [info] Yeni coin: Fk9TzH45dA - analiz 90s sonra
14:08:53 INFO    [success] [PAPER] ALINDI GARDN - 0.1000 SOL @ $0.00001737 (slipaj %1.61, fee 0.00200 SOL)
14:08:56 INFO    [info] Yeni coin: 6DwShYKy8r - analiz 90s sonra
14:08:57 INFO    [info] Yeni coin: 9orDLZeB75 - analiz 90s sonra
14:08:59 INFO    [info] Yeni coin: 13EVkomZXv - analiz 90s sonra
14:09:03 INFO    [info] Yeni coin: 9P9hzSvRU1 - analiz 90s sonra
14:09:05 INFO    [info] Yeni coin: 93phhf6Tw1 - analiz 90s sonra
14:09:07 INFO    [info] Yeni coin: F1fJpd19vV - analiz 90s sonra
14:09:22 INFO    [info] Yeni coin: 4Svw4dtoon - analiz 90s sonra
14:09:24 WARNING RPC hiz limiti (429) - RPC_RPS dusurun veya plani yukseltin
14:09:26 INFO    [info] Yeni coin: 24xxT12omr - analiz 90s sonra
14:09:29 INFO    [info] Yeni coin: HcdU6ktuLu - analiz 90s sonra
14:09:31 INFO    [info] Yeni coin: 9F74Tm6Jhg - analiz 90s sonra
14:09:33 INFO    [info] Yeni coin: 9xJQYVFQJS - analiz 90s sonra
14:09:36 INFO    [warn] Takip edilen cuzdan yok - once skorlayip takibe alin
14:09:40 INFO    [info] Yeni coin: HGW7sxaHGw - analiz 90s sonra
14:09:41 INFO    [info] Yeni coin: GSPuSX72k4 - analiz 90s sonra
14:09:41 INFO    [info] Yeni coin: 6UrrAdTZYB - analiz 90s sonra
14:09:46 INFO    [info] Yeni coin: EhRh3ZNyDw - analiz 90s sonra
14:09:47 INFO    [info] Yeni coin: 6mYRBxZPYu - analiz 90s sonra
14:09:47 INFO    [info] Yeni coin: Hg5Hn8WQmc - analiz 90s sonra
14:09:48 INFO    [info] Yeni coin: AmgyvHVgf4 - analiz 90s sonra
14:09:49 INFO    [info] Yeni coin: 9xNeZeuvLd - analiz 90s sonra
14:09:51 INFO    [info] Yeni coin: 4gqtwWkAa1 - analiz 90s sonra
14:09:51 WARNING RPC hiz limiti (429) - RPC_RPS dusurun veya plani yukseltin
14:10:06 INFO    [info] Yeni coin: 6K4L5QFhE9 - analiz 90s sonra
14:10:07 INFO    [info] Yeni coin: DmYtLLqezy - analiz 90s sonra
14:10:11 INFO    [info] Yeni coin: GW3Y4hu6RA - analiz 90s sonra
14:10:11 INFO    [info] Yeni coin: 6rppU63T7M - analiz 90s sonra
14:10:13 INFO    [info] Yeni coin: 8P2t3TJfRj - analiz 90s sonra
14:10:17 WARNING RPC hiz limiti (429) - RPC_RPS dusurun veya plani yukseltin
14:10:28 INFO    [info] Yeni coin: 2CcYgZgivV - analiz 90s sonra
14:10:31 INFO    [info] Yeni coin: 3TMeQVkVPE - analiz 90s sonra
14:10:33 INFO    [info] Yeni coin: ECxgU3gsUL - analiz 90s sonra
14:10:34 INFO    [info] Yeni coin: 5BKawGw6b9 - analiz 90s sonra
14:10:42 INFO    [info] Yeni coin: unnhDWWNiY - analiz 90s sonra
14:10:42 INFO    [info] Yeni coin: FmEvyafuch - analiz 90s sonra
14:10:48 INFO    [info] Yeni coin: Hwx7QCguKz - analiz 90s sonra
14:10:52 WARNING RPC hiz limiti (429) - RPC_RPS dusurun veya plani yukseltin
14:10:53 INFO    [info] Yeni coin: DofTmxxhaN - analiz 90s sonra
14:10:57 INFO    [info] Yeni coin: 2bvBr1zAhg - analiz 90s sonra
14:10:58 INFO    [info] Yeni coin: A8cDgfn1tA - analiz 90s sonra
14:10:59 INFO    [info] Yeni coin: BK2mE7brNN - analiz 90s sonra
14:10:59 INFO    [info] Yeni coin: FVFgt3T5KE - analiz 90s sonra
14:11:00 INFO    [info] Yeni coin: 341Y4Y7Y4z - analiz 90s sonra
14:11:06 INFO    [info] Yeni coin: F5NDzpECSH - analiz 90s sonra
14:11:06 INFO    [info] Yeni coin: GfpdZ5PuaN - analiz 90s sonra
14:11:10 INFO    [info] Yeni coin: 9KysdNK6pd - analiz 90s sonra
14:11:12 INFO    [info] Yeni coin: 8teGzx5493 - analiz 90s sonra
14:11:12 INFO    [info] Yeni coin: 6qc8sp1iSb - analiz 90s sonra
14:11:16 INFO    [info] Yeni coin: GUzjvwpFKL - analiz 90s sonra
14:11:17 WARNING RPC hiz limiti (429) - RPC_RPS dusurun veya plani yukseltin
14:11:19 INFO    [info] Yeni coin: 5NQfyBMKjY - analiz 90s sonra
14:11:22 INFO    [info] Yeni coin: 8o3wMtj7cv - analiz 90s sonra
14:11:22 INFO    [info] Yeni coin: HW6sUkrsN5 - analiz 90s sonra
14:11:29 INFO    [info] Yeni coin: ARe6MdRKjP - analiz 90s sonra
14:11:30 INFO    [info] Yeni coin: 7YAxnetM98 - analiz 90s sonra
14:11:30 INFO    [info] Yeni coin: 3aHkKu6n4Z - analiz 90s sonra
14:11:32 INFO    [info] Yeni coin: 7smLCunnxn - analiz 90s sonra
14:11:36 INFO    [warn] Takip edilen cuzdan yok - once skorlayip takibe alin
14:11:36 INFO    [info] Yeni coin: 2vF8w22uLL - analiz 90s sonra
14:11:43 INFO    [info] Yeni coin: 3jKNXMbSak - analiz 90s sonra
14:11:47 INFO    [info] Yeni coin: EVAXznQPpw - analiz 90s sonra
14:11:52 INFO    [info] Yeni coin: BCXtWx4YQW - analiz 90s sonra
14:11:53 INFO    [info] Yeni coin: 7dNgrE5nT1 - analiz 90s sonra
14:11:54 INFO    [info] Yeni coin: 8yUEVA6Hip - analiz 90s sonra
14:11:54 INFO    [info] Yeni coin: FWjFuRRr4n - analiz 90s sonra
14:11:55 WARNING RPC hiz limiti (429) - RPC_RPS dusurun veya plani yukseltin
14:11:56 INFO    [info] Yeni coin: D61W6s5MFA - analiz 90s sonra
14:11:59 INFO    [info] Yeni coin: 2R3ct3Y4Sy - analiz 90s sonra
14:12:01 INFO    [info] Yeni coin: 7rKXLKfnmW - analiz 90s sonra
14:12:02 INFO    [info] Yeni coin: 4w9Y4K27Dx - analiz 90s sonra
14:12:03 INFO    [info] Yeni coin: GwU8inHSNb - analiz 90s sonra
14:12:05 INFO    [info] Yeni coin: 2iGuiEthPh - analiz 90s sonra
14:12:10 INFO    [info] Yeni coin: 5RisdcyTGr - analiz 90s sonra
14:12:14 INFO    [info] Yeni coin: 6D6yWcH9AY - analiz 90s sonra
14:12:14 INFO    [info] Yeni coin: Hyu7X6hBwP - analiz 90s sonra
14:12:15 INFO    [info] Yeni coin: 5BNgJ8fHnx - analiz 90s sonra
14:12:20 INFO    [info] Yeni coin: 4gwvFkVBZw - analiz 90s sonra
14:12:28 INFO    [info] Yeni coin: E84mwPtwAU - analiz 90s sonra
14:12:29 WARNING RPC hiz limiti (429) - RPC_RPS dusurun veya plani yukseltin
14:12:33 INFO    [info] Yeni coin: 5JnEnT5TiQ - analiz 90s sonra
14:12:34 INFO    [info] Yeni coin: 9D98bjxajq - analiz 90s sonra
14:12:35 INFO    [info] Yeni coin: 9JYboD9ifz - analiz 90s sonra
14:12:44 INFO    [info] Yeni coin: 2dNz89ea8F - analiz 90s sonra
14:12:44 INFO    [info] Yeni coin: 9QPZDnDmzo - analiz 90s sonra
14:12:49 INFO    [info] Yeni coin: Cjxq9fpavU - analiz 90s sonra
14:12:55 INFO    [info] Yeni coin: GttCew4GZW - analiz 90s sonra
14:12:57 WARNING RPC hiz limiti (429) - RPC_RPS dusurun veya plani yukseltin
14:12:59 INFO    [info] Yeni coin: 9tdWBhWYs1 - analiz 90s sonra
14:13:08 INFO    [info] Yeni coin: EJ1WckJrjm - analiz 90s sonra
14:13:13 INFO    [info] Yeni coin: 3cpjJKovZR - analiz 90s sonra
14:13:17 WARNING RPC hiz limiti (429) - RPC_RPS dusurun veya plani yukseltin
14:13:18 INFO    [info] Yeni coin: 69satxUJQ7 - analiz 90s sonra
14:13:20 INFO    [info] Yeni coin: RYm8hstCpp - analiz 90s sonra
14:13:21 INFO    [info] Yeni coin: HghjTkUqLf - analiz 90s sonra
14:13:22 INFO    [info] Yeni coin: 5amjKVDY9N - analiz 90s sonra
14:13:25 INFO    [info] Yeni coin: 6VbMJRAKbf - analiz 90s sonra
14:13:26 INFO    [info] Yeni coin: Cj9a1Wn1Y8 - analiz 90s sonra
14:13:26 INFO    [info] Yeni coin: 3s49C7PHpm - analiz 90s sonra
14:13:30 INFO    [info] Yeni coin: 9ftH86FFm8 - analiz 90s sonra
14:13:30 INFO    [info] Yeni coin: 4DZpQEv4Gj - analiz 90s sonra
14:13:31 INFO    [info] Yeni coin: FRuTofgBNY - analiz 90s sonra
14:13:32 INFO    [info] Yeni coin: AugsNr4jm6 - analiz 90s sonra
14:13:34 WARNING RPC hiz limiti (429) - RPC_RPS dusurun veya plani yukseltin
14:13:34 INFO    [info] Yeni coin: 6CjnFDJhGX - analiz 90s sonra
14:13:36 INFO    [warn] Takip edilen cuzdan yok - once skorlayip takibe alin
14:13:37 INFO    [info] Yeni coin: 4qLa1xd33z - analiz 90s sonra
14:13:37 INFO    [info] Yeni coin: EwGkUU64yg - analiz 90s sonra
14:13:42 INFO    [info] Yeni coin: 9Mh4y1iatF - analiz 90s sonra
14:13:50 INFO    [info] Yeni coin: 7iiogSdRfb - analiz 90s sonra
14:13:53 INFO    [info] Yeni coin: 2iW3rKtZ1v - analiz 90s sonra
14:13:58 INFO    [info] Yeni coin: 4eLRe7Vh6U - analiz 90s sonra
14:13:59 INFO    [info] Yeni coin: G7SgUGYakH - analiz 90s sonra
14:13:59 INFO    [info] Yeni coin: F8zMsbJXqQ - analiz 90s sonra
14:14:03 WARNING RPC hiz limiti (429) - RPC_RPS dusurun veya plani yukseltin
14:14:05 INFO    [info] Yeni coin: DsD5LFsnTC - analiz 90s sonra
14:14:10 INFO    [info] Yeni coin: 3YaNExHs6s - analiz 90s sonra
14:14:10 INFO    [info] Yeni coin: DjrSicX5Tr - analiz 90s sonra
14:14:16 INFO    [info] Yeni coin: 3X1Z5c1jXc - analiz 90s sonra
14:14:17 INFO    [info] Yeni coin: EyD4qwK1X6 - analiz 90s sonra
14:14:28 INFO    [info] Yeni coin: BJPkuFLGv4 - analiz 90s sonra
14:14:30 WARNING RPC hiz limiti (429) - RPC_RPS dusurun veya plani yukseltin
14:14:34 INFO    [info] Yeni coin: AWpgonjtNs - analiz 90s sonra
14:14:44 INFO    [info] Yeni coin: 9XU8WTaPX1 - analiz 90s sonra
14:14:45 INFO    [info] Yeni coin: 9yAowFFqc7 - analiz 90s sonra
14:14:46 INFO    [info] Yeni coin: 7bqhXptzL1 - analiz 90s sonra
14:14:49 INFO    [info] Yeni coin: ETbCJso9B5 - analiz 90s sonra
14:14:52 WARNING RPC hiz limiti (429) - RPC_RPS dusurun veya plani yukseltin
14:15:00 INFO    [info] Yeni coin: 3AKcU59HmF - analiz 90s sonra
14:15:02 INFO    [info] Yeni coin: Eo2DvtiVGW - analiz 90s sonra
14:15:03 INFO    [info] Yeni coin: HJght3Bgzk - analiz 90s sonra
14:15:09 INFO    [info] Yeni coin: BBevVLwt6p - analiz 90s sonra
14:15:10 INFO    [info] Yeni coin: BrPy4foape - analiz 90s sonra
14:15:13 INFO    [info] Yeni coin: my9dTQoS2k - analiz 90s sonra
14:15:21 INFO    [info] Yeni coin: GY8EKBxQQf - analiz 90s sonra
14:15:25 INFO    [info] Yeni coin: 7SuWNj5QnZ - analiz 90s sonra
14:15:25 INFO    [info] Yeni coin: FzVFgTpirU - analiz 90s sonra
14:15:26 INFO    [info] Yeni coin: 6X4FC25kLW - analiz 90s sonra
14:15:26 INFO    [info] Yeni coin: 5c3u62c8nV - analiz 90s sonra
14:15:27 INFO    [info] Yeni coin: 53eyVZvVUc - analiz 90s sonra
14:15:28 WARNING RPC hiz limiti (429) - RPC_RPS dusurun veya plani yukseltin
14:15:32 INFO    [info] Yeni coin: 9ntN62tZZm - analiz 90s sonra
14:15:33 INFO    [info] Yeni coin: 92AHiPMANd - analiz 90s sonra
14:15:34 INFO    [info] Yeni coin: 33itdgNkE7 - analiz 90s sonra
14:15:36 INFO    [info] Yeni coin: 9Qq7FRkJoh - analiz 90s sonra
14:15:36 INFO    [warn] Takip edilen cuzdan yok - once skorlayip takibe alin
14:15:36 INFO    [info] Yeni coin: 5CBqwbH11y - analiz 90s sonra
14:15:38 INFO    [info] Yeni coin: 9xFnJ44MX2 - analiz 90s sonra
14:15:39 INFO    [info] Yeni coin: 8EgsKx5bKN - analiz 90s sonra
14:15:45 WARNING RPC hiz limiti (429) - RPC_RPS dusurun veya plani yukseltin
14:15:45 INFO    [info] Yeni coin: DtGNZ7inFo - analiz 90s sonra
14:15:48 INFO    [info] Yeni coin: 8X4rRiuWW8 - analiz 90s sonra
14:15:51 INFO    [info] Yeni coin: EybiXcEPnM - analiz 90s sonra
14:15:53 INFO    [info] Yeni coin: EGzSEgeKcu - analiz 90s sonra
14:15:58 INFO    [info] Yeni coin: Ajx2AL3EBZ - analiz 90s sonra
14:15:58 INFO    [info] Yeni coin: AJQaAGWy9C - analiz 90s sonra
14:16:05 INFO    [info] Yeni coin: AaXfD7UCbZ - analiz 90s sonra
14:16:05 INFO    [info] Yeni coin: cetCZkNdyV - analiz 90s sonra
14:16:06 WARNING RPC hiz limiti (429) - RPC_RPS dusurun veya plani yukseltin
14:16:07 INFO    [info] Yeni coin: 5YUS8kiB5w - analiz 90s sonra
14:16:07 INFO    [info] Yeni coin: 64GUbdCRro - analiz 90s sonra
14:16:21 INFO    [info] Yeni coin: Cqn3xGUMFp - analiz 90s sonra
14:16:21 INFO    [info] Yeni coin: GHvjpR1kWJ - analiz 90s sonra
14:16:26 INFO    [warn] Zaten acik pozisyon var, atlandi: The Paper Bag Cult 
14:16:26 INFO    [info] Yeni coin: CZ4F4AxNoA - analiz 90s sonra
14:16:26 INFO    [info] Yeni coin: 2hK6S2a36P - analiz 90s sonra
14:16:27 INFO    [info] Yeni coin: qpyGp4V4WW - analiz 90s sonra
14:16:32 INFO    [info] Yeni coin: 8Cgygi7zdu - analiz 90s sonra
14:16:33 INFO    [info] Yeni coin: D2aAxkNiJT - analiz 90s sonra
14:16:34 INFO    [info] Yeni coin: BWYBEeDwSj - analiz 90s sonra
14:16:37 WARNING RPC hiz limiti (429) - RPC_RPS dusurun veya plani yukseltin
14:16:38 INFO    [info] Yeni coin: Fd6n8P6oj7 - analiz 90s sonra
14:16:39 INFO    [info] Yeni coin: Szo8Kyf6gM - analiz 90s sonra
14:16:44 INFO    [info] Yeni coin: 3zmYgmpcRA - analiz 90s sonra
14:16:45 INFO    [info] Yeni coin: Gt5eJmVkwM - analiz 90s sonra
14:16:46 INFO    [info] Yeni coin: 4gKm642EqK - analiz 90s sonra
14:16:54 INFO    [info] Yeni coin: BE6YaQCQek - analiz 90s sonra
14:16:55 INFO    [info] Yeni coin: 56n5DW7EEv - analiz 90s sonra
14:16:56 INFO    [info] Yeni coin: 9sU3Rp36T8 - analiz 90s sonra
14:16:58 INFO    [info] Yeni coin: 97eHX1EUpJ - analiz 90s sonra
14:17:01 INFO    [info] Yeni coin: niVxXM6iRH - analiz 90s sonra
14:17:07 WARNING RPC hiz limiti (429) - RPC_RPS dusurun veya plani yukseltin
14:17:14 INFO    [info] Yeni coin: HVqChfYHja - analiz 90s sonra
14:17:15 INFO    [info] Yeni coin: CJFDM9tphc - analiz 90s sonra
14:17:16 INFO    [error] Stop loss: Fear of Missing Out (-31.2%)
14:17:16 INFO    [info] [PAPER] SATIS Fear of Missing Out stop_loss %100 -> 0.06553 SOL (fee 0.00168)
14:17:16 INFO    [error] [PAPER] Fear of Missing Out | stop_loss %100 | PnL -32.25% (-0.0355 SOL)
14:17:24 INFO    [info] Yeni coin: BwjgGUQYpH - analiz 90s sonra
14:17:27 INFO    [info] Yeni coin: 5CHefspoTk - analiz 90s sonra
14:17:28 INFO    [info] Yeni coin: BQbhCtb6FX - analiz 90s sonra
14:17:33 WARNING RPC hiz limiti (429) - RPC_RPS dusurun veya plani yukseltin
14:17:33 INFO    [info] Yeni coin: 22TEmBxE6C - analiz 90s sonra
14:17:35 INFO    [info] Yeni coin: 5nQhwuZgMk - analiz 90s sonra
14:17:36 INFO    [warn] Takip edilen cuzdan yok - once skorlayip takibe alin
14:17:36 INFO    [info] Yeni coin: 2nofDN5c2X - analiz 90s sonra
14:17:39 INFO    [info] Yeni coin: 6fPghCfMRG - analiz 90s sonra
14:17:40 INFO    [info] Yeni coin: 5xb67TonpR - analiz 90s sonra
14:17:48 INFO    [info] Yeni coin: 22XLHr1Zec - analiz 90s sonra
14:17:49 INFO    [info] Yeni coin: FkejhjzxSH - analiz 90s sonra
14:17:49 INFO    [info] Yeni coin: BgMJ41pdDq - analiz 90s sonra
14:17:56 INFO    [info] Yeni coin: 4oqBgh1VcN - analiz 90s sonra
14:18:00 INFO    [info] Yeni coin: 3RZGiokZA1 - analiz 90s sonra
14:18:06 INFO    [info] Yeni coin: J3E4jdzbos - analiz 90s sonra
14:18:09 INFO    [info] Yeni coin: HAEqKWMRcd - analiz 90s sonra
14:18:18 INFO    [info] Yeni coin: 4rf2o75e6P - analiz 90s sonra
14:18:26 INFO    [info] Yeni coin: 3EkmehKs2Z - analiz 90s sonra
14:18:27 WARNING RPC hiz limiti (429) - RPC_RPS dusurun veya plani yukseltin
14:18:36 INFO    [info] Yeni coin: H5dAMHWfwx - analiz 90s sonra
14:18:37 INFO    [info] Yeni coin: HRy1afHoA9 - analiz 90s sonra
14:18:45 INFO    [info] Yeni coin: BUmjC8GCZU - analiz 90s sonra
14:18:50 WARNING RPC hiz limiti (429) - RPC_RPS dusurun veya plani yukseltin
14:18:54 INFO    [info] Yeni coin: Eff3D9JFM2 - analiz 90s sonra
14:18:56 INFO    [info] Yeni coin: FjvyxovQKd - analiz 90s sonra
14:19:00 INFO    [info] Yeni coin: 5JGtK1XZaz - analiz 90s sonra
14:19:04 INFO    [info] Yeni coin: 9zqupAVK2J - analiz 90s sonra
14:19:04 INFO    [info] Yeni coin: 6yR3ozjyQA - analiz 90s sonra
14:19:06 INFO    [info] Yeni coin: 6NJGD71mPX - analiz 90s sonra
14:19:11 INFO    [info] Yeni coin: G2Xsk7qcLo - analiz 90s sonra
14:19:17 WARNING RPC hiz limiti (429) - RPC_RPS dusurun veya plani yukseltin
14:19:17 INFO    [info] Yeni coin: Cbej6NeuvR - analiz 90s sonra
14:19:17 INFO    [info] Yeni coin: EbndrR6ALg - analiz 90s sonra
14:19:24 INFO    [info] Yeni coin: 8zR4ZM7rEU - analiz 90s sonra
14:19:27 INFO    [info] Yeni coin: 3VwRwvx31L - analiz 90s sonra
14:19:30 INFO    [info] Yeni coin: EYkypoRCJD - analiz 90s sonra
14:19:35 INFO    [info] Yeni coin: ESb5YDpT8W - analiz 90s sonra
14:19:36 INFO    [info] Yeni coin: GmjPVap32m - analiz 90s sonra
14:19:36 INFO    [warn] Takip edilen cuzdan yok - once skorlayip takibe alin
14:19:40 WARNING RPC hiz limiti (429) - RPC_RPS dusurun veya plani yukseltin
14:19:40 INFO    [info] Yeni coin: AfWVAVSGU9 - analiz 90s sonra
14:19:45 INFO    [info] Yeni coin: FjHvn6cvvn - analiz 90s sonra
14:19:47 INFO    [info] Yeni coin: Bm6KvPhS1i - analiz 90s sonra
14:19:49 INFO    [info] Yeni coin: Hm8ScZCDnc - analiz 90s sonra
14:19:51 INFO    [info] Yeni coin: 9oWY5imgea - analiz 90s sonra
14:19:52 INFO    [info] Yeni coin: DJ8m2tmvW3 - analiz 90s sonra
14:19:54 INFO    [info] Yeni coin: 8P6BdU6UZN - analiz 90s sonra
14:20:00 INFO    [info] Yeni coin: GYfTdHux1R - analiz 90s sonra
14:20:00 INFO    [info] Yeni coin: 6TB2Api7Zw - analiz 90s sonra
14:20:00 INFO    [info] Yeni coin: 8t5wqqUpKt - analiz 90s sonra
14:20:01 WARNING RPC hiz limiti (429) - RPC_RPS dusurun veya plani yukseltin
14:20:03 INFO    [info] Yeni coin: CrZpDqTpHZ - analiz 90s sonra
14:20:11 INFO    [info] Yeni coin: EaXdqiL5Rv - analiz 90s sonra
14:20:15 INFO    [info] Yeni coin: FyG5BS47yj - analiz 90s sonra
14:20:23 INFO    [info] Yeni coin: J4FpVJABvS - analiz 90s sonra
14:20:24 INFO    [info] Yeni coin: 9RmQLy2YpN - analiz 90s sonra
14:20:25 INFO    [info] Yeni coin: CGyTRPTfEB - analiz 90s sonra
14:20:27 INFO    [info] Yeni coin: EhqrppMehr - analiz 90s sonra
14:20:27 INFO    [info] Yeni coin: 4UHtFtmvoQ - analiz 90s sonra
14:20:27 INFO    [info] Yeni coin: 5YPNZTkBt3 - analiz 90s sonra
14:20:28 INFO    [info] Yeni coin: Fj132DBohU - analiz 90s sonra
14:20:30 WARNING RPC hiz limiti (429) - RPC_RPS dusurun veya plani yukseltin
14:20:31 INFO    [info] Yeni coin: AUxpQ9QktL - analiz 90s sonra
14:20:35 INFO    [info] Yeni coin: EPjFWdd5Au - analiz 90s sonra
14:20:36 INFO    [info] Yeni coin: FMWd5BVMKX - analiz 90s sonra
14:20:42 INFO    [info] Yeni coin: 24xydkQnUs - analiz 90s sonra
14:20:44 INFO    [info] Yeni coin: HqNxtBcmjJ - analiz 90s sonra
14:20:45 INFO    [info] Yeni coin: AN6fym8k6u - analiz 90s sonra
14:20:48 WARNING RPC hiz limiti (429) - RPC_RPS dusurun veya plani yukseltin
14:20:54 INFO    [info] Yeni coin: 5VE5Si48eH - analiz 90s sonra
14:20:55 INFO    [info] Yeni coin: A7WwjVxKW2 - analiz 90s sonra
14:20:58 INFO    [info] Yeni coin: 7o6wqzMsXy - analiz 90s sonra
14:21:02 INFO    [info] Yeni coin: 97vt2iMyGu - analiz 90s sonra
14:21:06 INFO    [info] Yeni coin: DKPkTCGGjZ - analiz 90s sonra
14:21:07 INFO    [info] Yeni coin: DjsVS43b27 - analiz 90s sonra
14:21:13 WARNING RPC hiz limiti (429) - RPC_RPS dusurun veya plani yukseltin
14:21:21 INFO    [info] Yeni coin: 8dGoVBNq3V - analiz 90s sonra
14:21:24 INFO    [warn] Paper bakiye yetersiz (0.0820 SOL), alim atlandi
14:21:27 INFO    [info] Yeni coin: H1tfTNLU7n - analiz 90s sonra
14:21:29 INFO    [info] Yeni coin: ABk1h3DXrv - analiz 90s sonra
14:21:30 INFO    [info] Yeni coin: 2Xx3eZqBa6 - analiz 90s sonra
14:21:31 INFO    [info] Yeni coin: Dz6MpsYbUe - analiz 90s sonra
14:21:31 INFO    [info] Yeni coin: Eon29fwtYE - analiz 90s sonra
14:21:36 INFO    [warn] Takip edilen cuzdan yok - once skorlayip takibe alin
14:21:39 WARNING RPC hiz limiti (429) - RPC_RPS dusurun veya plani yukseltin
14:21:44 INFO    [info] Yeni coin: EUtDSBJb8t - analiz 90s sonra
14:21:47 INFO    [info] Yeni coin: DuYLJbgFLJ - analiz 90s sonra
14:21:48 INFO    [info] Yeni coin: 3Lv6uvrJen - analiz 90s sonra
14:21:49 INFO    [info] Yeni coin: 32TZeVoFS1 - analiz 90s sonra
14:21:50 INFO    [info] Yeni coin: 9ip4rKGe5i - analiz 90s sonra
14:21:50 INFO    [info] Yeni coin: Gyt12BwBPg - analiz 90s sonra
14:21:50 INFO    [info] Yeni coin: G7RHBisea8 - analiz 90s sonra
14:21:51 INFO    [info] Yeni coin: T4REXHwGWc - analiz 90s sonra
14:21:51 INFO    [info] Yeni coin: CvhpyWS48T - analiz 90s sonra
14:21:51 INFO    [info] Yeni coin: Cy2R62t12d - analiz 90s sonra
14:22:00 WARNING RPC hiz limiti (429) - RPC_RPS dusurun veya plani yukseltin
14:22:00 INFO    [info] Yeni coin: 5YXNevSEJV - analiz 90s sonra
14:22:19 INFO    [info] Yeni coin: 658iLS1DkB - analiz 90s sonra
14:22:22 INFO    [info] Yeni coin: FPiXfmoWwe - analiz 90s sonra
14:22:24 INFO    [info] Yeni coin: 2wP49MNiLg - analiz 90s sonra
14:22:25 WARNING RPC hiz limiti (429) - RPC_RPS dusurun veya plani yukseltin
14:22:27 INFO    [info] Yeni coin: 5PdAjFsYrZ - analiz 90s sonra
14:22:39 INFO    [info] Yeni coin: A4axW4db7T - analiz 90s sonra
14:22:44 INFO    [info] Yeni coin: Ek5Md225mC - analiz 90s sonra
14:22:46 INFO    [info] Yeni coin: 8AMhNSPjNG - analiz 90s sonra
14:22:48 INFO    [info] Yeni coin: 9AucJZv8oH - analiz 90s sonra
14:22:48 INFO    [info] Yeni coin: FDVpZnSNTC - analiz 90s sonra
14:22:52 INFO    [info] Yeni coin: 6g7Fwwagsy - analiz 90s sonra
14:22:53 WARNING RPC hiz limiti (429) - RPC_RPS dusurun veya plani yukseltin
14:23:00 INFO    [info] Yeni coin: D2s4yabbCP - analiz 90s sonra
14:23:03 INFO    [info] Yeni coin: BEVeXbD3Jd - analiz 90s sonra
14:23:06 INFO    [info] Yeni coin: HzVBdA6n1T - analiz 90s sonra
14:23:08 INFO    [info] Yeni coin: FWvJCJHGvW - analiz 90s sonra
14:23:21 WARNING RPC hiz limiti (429) - RPC_RPS dusurun veya plani yukseltin
14:23:29 INFO    [info] Yeni coin: Ci2VW8vA3g - analiz 90s sonra
14:23:32 INFO    [info] Yeni coin: HBnjvFrSkX - analiz 90s sonra
14:23:32 INFO    [info] Yeni coin: HLmwvk9XoN - analiz 90s sonra
14:23:36 INFO    [warn] Takip edilen cuzdan yok - once skorlayip takibe alin
14:23:45 WARNING RPC hiz limiti (429) - RPC_RPS dusurun veya plani yukseltin
14:23:45 INFO    [info] Yeni coin: bTbBgK5TVE - analiz 90s sonra
14:23:52 INFO    [info] Yeni coin: 72by43ZYCE - analiz 90s sonra
14:23:55 INFO    [info] Yeni coin: 9icRaikeBR - analiz 90s sonra
14:24:01 INFO    [info] Yeni coin: 9KgQ3Eqv9D - analiz 90s sonra
14:24:02 WARNING RPC hiz limiti (429) - RPC_RPS dusurun veya plani yukseltin
14:24:03 INFO    [info] Yeni coin: 3UUEprKzEb - analiz 90s sonra
14:24:12 INFO    [info] Yeni coin: GBmbsGeg9v - analiz 90s sonra
14:24:14 INFO    [info] Yeni coin: D3ZsZEkErM - analiz 90s sonra
14:24:25 INFO    [info] Yeni coin: BdVEhwKdHu - analiz 90s sonra
14:24:26 WARNING RPC hiz limiti (429) - RPC_RPS dusurun veya plani yukseltin
14:24:26 INFO    [info] Yeni coin: CHRHKHPAKo - analiz 90s sonra
14:24:32 INFO    [info] Yeni coin: CwnD8JZueq - analiz 90s sonra
14:24:33 INFO    [info] Yeni coin: 24xytoCxF9 - analiz 90s sonra
14:24:33 INFO    [info] Yeni coin: FRZc69Bmv9 - analiz 90s sonra
14:24:34 INFO    [info] Yeni coin: B7Lz3Vepxb - analiz 90s sonra
14:24:35 INFO    [info] Yeni coin: GZMkJdmJDG - analiz 90s sonra
14:24:39 INFO    [info] Yeni coin: EPPgKirdMX - analiz 90s sonra
14:24:40 INFO    [info] Yeni coin: BpemreRjhf - analiz 90s sonra
14:24:43 INFO    [info] Yeni coin: Es9vMFrzaC - analiz 90s sonra
14:24:48 INFO    [info] Yeni coin: 5WkY2KQAjr - analiz 90s sonra
14:24:56 INFO    [info] Yeni coin: ApmB4NUybK - analiz 90s sonra
14:24:57 WARNING RPC hiz limiti (429) - RPC_RPS dusurun veya plani yukseltin
14:25:03 INFO    [info] Yeni coin: EmsAzJRnUF - analiz 90s sonra
14:25:03 INFO    [info] Yeni coin: EdsaiVaUpS - analiz 90s sonra
14:25:09 INFO    [info] Yeni coin: 8EU9fKkLXw - analiz 90s sonra
14:25:14 INFO    [info] Yeni coin: 6HrZuiyDW1 - analiz 90s sonra
14:25:14 INFO    [info] Yeni coin: HRRydBa3o5 - analiz 90s sonra
14:25:20 INFO    [info] Yeni coin: BcCB2WHfgV - analiz 90s sonra
14:25:20 INFO    [info] Yeni coin: 4HWjQ7QWUn - analiz 90s sonra
14:25:22 WARNING RPC hiz limiti (429) - RPC_RPS dusurun veya plani yukseltin
14:25:25 INFO    [info] Yeni coin: 6NrAZQuHqJ - analiz 90s sonra
14:25:27 INFO    [info] Yeni coin: J4PvsKhfNg - analiz 90s sonra
14:25:27 INFO    [info] Yeni coin: EsSJ9qsW2r - analiz 90s sonra
14:25:31 INFO    [info] Yeni coin: HeoisMREnh - analiz 90s sonra
14:25:33 INFO    [info] Yeni coin: 6Gf3nW6FDv - analiz 90s sonra
14:25:36 INFO    [warn] Takip edilen cuzdan yok - once skorlayip takibe alin
14:25:42 INFO    [info] Yeni coin: 7Lm8qJodob - analiz 90s sonra
14:25:45 WARNING RPC hiz limiti (429) - RPC_RPS dusurun veya plani yukseltin
14:25:50 INFO    [warn] Paper bakiye yetersiz (0.0820 SOL), alim atlandi
14:25:53 INFO    [info] Yeni coin: KxBcSjFTdw - analiz 90s sonra
14:26:00 INFO    [info] Yeni coin: Dr83SNvntY - analiz 90s sonra
14:26:04 INFO    [info] Yeni coin: 58tNGdEdTU - analiz 90s sonra
14:26:05 INFO    [info] Yeni coin: 4BbKgsLU7x - analiz 90s sonra
14:26:08 INFO    [info] Yeni coin: 487i9Wo3TW - analiz 90s sonra
14:26:16 INFO    [info] Yeni coin: 6n3Rzeqtcv - analiz 90s sonra
14:26:19 INFO    [info] Yeni coin: buRdLn58Xy - analiz 90s sonra
14:26:22 WARNING RPC hiz limiti (429) - RPC_RPS dusurun veya plani yukseltin
14:26:24 INFO    [info] Yeni coin: 3cKkxTzh6q - analiz 90s sonra
14:26:34 INFO    [info] Yeni coin: H4wjxEgC5o - analiz 90s sonra
14:26:35 INFO    [info] Yeni coin: 4y1dnHDYVu - analiz 90s sonra
14:26:38 INFO    [info] Yeni coin: 2nJuwkz9S5 - analiz 90s sonra
14:26:39 INFO    [info] Yeni coin: CQJWWopBt4 - analiz 90s sonra
14:26:39 INFO    [info] Yeni coin: DuMECojr9r - analiz 90s sonra
14:26:46 INFO    [info] Yeni coin: BNhFPFoZbi - analiz 90s sonra
14:26:46 INFO    [info] Yeni coin: 45kswNmU2s - analiz 90s sonra
14:26:50 INFO    [info] Yeni coin: CARSNknZwC - analiz 90s sonra
14:26:52 INFO    [info] Yeni coin: 6zk4UBc6Q3 - analiz 90s sonra
14:26:55 INFO    [info] Yeni coin: HoBKGJ8agt - analiz 90s sonra
14:26:57 WARNING RPC hiz limiti (429) - RPC_RPS dusurun veya plani yukseltin
14:26:59 INFO    [info] Yeni coin: 4kp8X5wU12 - analiz 90s sonra
14:27:03 INFO    [info] Yeni coin: 5HrrKx7EHZ - analiz 90s sonra
14:27:18 INFO    [info] Yeni coin: 5qedy1g1MK - analiz 90s sonra
14:27:19 INFO    [info] Yeni coin: E29ohFbZWX - analiz 90s sonra
14:27:20 INFO    [info] Yeni coin: F8WEnCbFcd - analiz 90s sonra
14:27:27 INFO    [info] Yeni coin: ADxLXHhBgY - analiz 90s sonra
14:27:30 INFO    [info] Yeni coin: eM4AagjvyP - analiz 90s sonra
14:27:36 INFO    [warn] Takip edilen cuzdan yok - once skorlayip takibe alin
14:27:41 WARNING RPC hiz limiti (429) - RPC_RPS dusurun veya plani yukseltin
14:27:41 INFO    [info] Yeni coin: 4VrSi2ddcw - analiz 90s sonra
14:27:47 INFO    [info] Yeni coin: ENwAX48bLR - analiz 90s sonra
14:27:52 WARNING Dexscreener 429, 3sn bekleniyor (1/2)
14:27:55 WARNING Dexscreener 429, 6sn bekleniyor (2/2)
14:27:56 INFO    [info] Yeni coin: iMt2ajjjSV - analiz 90s sonra
14:27:56 INFO    [info] Yeni coin: 24xzjE5u4c - analiz 90s sonra
14:27:57 WARNING Dexscreener 429, 3sn bekleniyor (1/3)
14:27:57 WARNING Dexscreener 429, 3sn bekleniyor (1/3)
14:28:00 INFO    [info] Yeni coin: 4aTd9QPbLd - analiz 90s sonra
14:28:00 WARNING Dexscreener 429, 6sn bekleniyor (2/3)
14:28:00 WARNING Dexscreener 429, 6sn bekleniyor (2/3)
14:28:01 WARNING Dexscreener 429, 3sn bekleniyor (1/2)
14:28:01 WARNING Dexscreener 429, 3sn bekleniyor (1/2)
14:28:04 WARNING Dexscreener 429, 6sn bekleniyor (2/2)
14:28:04 WARNING Dexscreener 429, 6sn bekleniyor (2/2)
14:28:06 WARNING Dexscreener 429, 9sn bekleniyor (3/3)
14:28:06 WARNING Dexscreener 429, 9sn bekleniyor (3/3)
14:28:13 WARNING Dexscreener 429, 3sn bekleniyor (1/2)
14:28:15 WARNING Dexscreener 429, 3sn bekleniyor (1/2)
14:28:16 WARNING Dexscreener 429, 3sn bekleniyor (1/2)
14:28:16 WARNING Dexscreener 429, 6sn bekleniyor (2/2)
14:28:18 WARNING Dexscreener 429, 6sn bekleniyor (2/2)
14:28:19 WARNING Dexscreener 429, 6sn bekleniyor (2/2)
14:28:22 WARNING Dexscreener 429, 3sn bekleniyor (1/2)
14:28:25 WARNING Dexscreener 429, 6sn bekleniyor (2/2)
14:28:27 WARNING Dexscreener 429, 3sn bekleniyor (1/3)
14:28:27 WARNING Dexscreener 429, 3sn bekleniyor (1/3)
14:28:30 WARNING Dexscreener 429, 6sn bekleniyor (2/3)
14:28:30 WARNING Dexscreener 429, 6sn bekleniyor (2/3)
14:28:32 WARNING Dexscreener 429, 3sn bekleniyor (1/2)
14:28:35 WARNING Dexscreener 429, 6sn bekleniyor (2/2)
14:28:36 WARNING Dexscreener 429, 9sn bekleniyor (3/3)
14:28:36 WARNING Dexscreener 429, 9sn bekleniyor (3/3)
14:28:40 WARNING Dexscreener 429, 3sn bekleniyor (1/2)
14:28:41 WARNING Dexscreener 429, 3sn bekleniyor (1/2)
14:28:43 WARNING Dexscreener 429, 6sn bekleniyor (2/2)
14:28:44 WARNING Dexscreener 429, 6sn bekleniyor (2/2)
14:28:45 WARNING Dexscreener 429, 3sn bekleniyor (1/2)
14:28:46 WARNING Dexscreener 429, 3sn bekleniyor (1/2)
14:28:48 WARNING Dexscreener 429, 6sn bekleniyor (2/2)
14:28:49 WARNING Dexscreener 429, 6sn bekleniyor (2/2)
14:28:50 WARNING Dexscreener 429, 3sn bekleniyor (1/2)
14:28:56 INFO    [info] Yeni coin: 24y1GxNGMZ - analiz 90s sonra
14:29:10 INFO    [info] Yeni coin: 49HwnHfPut - analiz 90s sonra
14:29:10 INFO    [info] Yeni coin: EkhTT5srcQ - analiz 90s sonra
14:29:14 INFO    [info] Yeni coin: 8gwm1hPRou - analiz 90s sonra
14:29:25 INFO    [info] Yeni coin: 6Mr8XesueD - analiz 90s sonra
14:29:25 INFO    [info] Yeni coin: mDtJZpJcis - analiz 90s sonra
14:29:33 INFO    [info] Yeni coin: 5YZ2Yb5tn4 - analiz 90s sonra
14:29:36 INFO    [warn] Takip edilen cuzdan yok - once skorlayip takibe alin
14:29:38 INFO    [info] Yeni coin: Hpok5dJxUc - analiz 90s sonra
14:29:41 WARNING RPC hiz limiti (429) - RPC_RPS dusurun veya plani yukseltin
14:29:43 INFO    [info] Yeni coin: 5xDuv9D7Ru - analiz 90s sonra
14:29:47 INFO    [info] Yeni coin: 7hPFmRx3ii - analiz 90s sonra
14:29:49 INFO    [info] Yeni coin: DbPbUVVyJt - analiz 90s sonra
14:29:54 INFO    [info] Yeni coin: 9Ds8ZxFxRq - analiz 90s sonra
14:29:54 INFO    [info] Yeni coin: EqPLMGyjdi - analiz 90s sonra
14:30:00 INFO    [info] Yeni coin: HDFXHZyVWC - analiz 90s sonra
14:30:04 INFO    [info] Yeni coin: GdyW2pW8LX - analiz 90s sonra
14:30:05 INFO    [info] Yeni coin: 9zTaWYeRma - analiz 90s sonra
14:30:22 INFO    [info] Yeni coin: EmfswWPH1h - analiz 90s sonra
14:30:38 INFO    [info] Yeni coin: 3jGPNSUvrD - analiz 90s sonra
14:30:41 INFO    [info] Yeni coin: 5EHZz9Qsw8 - analiz 90s sonra
14:30:51 WARNING RPC hiz limiti (429) - RPC_RPS dusurun veya plani yukseltin
14:30:57 INFO    [info] Yeni coin: 6gq5vh1gTP - analiz 90s sonra
14:30:59 INFO    [info] Yeni coin: 7teBufuKSX - analiz 90s sonra
14:31:01 INFO    [info] Yeni coin: CArBU7uwh2 - analiz 90s sonra
14:31:12 INFO    [info] Yeni coin: AXCi8F6fJn - analiz 90s sonra
14:31:13 INFO    [info] Yeni coin: 3xmdyDywfV - analiz 90s sonra
14:31:36 INFO    [warn] Takip edilen cuzdan yok - once skorlayip takibe alin
14:31:40 INFO    [info] Yeni coin: 42a5QEqazU - analiz 90s sonra
14:31:41 INFO    [info] Yeni coin: FYd2wgnF7A - analiz 90s sonra
14:31:42 INFO    [info] Yeni coin: K89fhKU1DY - analiz 90s sonra
14:31:42 INFO    [info] Yeni coin: Uyz9ZJyCeA - analiz 90s sonra
14:31:43 INFO    [info] Yeni coin: 2E8acHjj5P - analiz 90s sonra
14:31:43 INFO    [info] Yeni coin: 8siqUrM48X - analiz 90s sonra
14:31:43 INFO    [info] Yeni coin: HVqTdCvPsR - analiz 90s sonra
14:31:47 INFO    [info] Yeni coin: 2UXJLZJ3C2 - analiz 90s sonra
14:31:50 INFO    [info] Yeni coin: DoVjqyzhyy - analiz 90s sonra
14:32:06 INFO    [info] Yeni coin: HEGkkc9CMk - analiz 90s sonra
14:32:12 WARNING RPC hiz limiti (429) - RPC_RPS dusurun veya plani yukseltin
14:32:15 INFO    [info] Yeni coin: xwUpexmPJY - analiz 90s sonra
14:32:22 INFO    [info] Yeni coin: 3yNZUvDqv3 - analiz 90s sonra
14:32:27 INFO    [info] Yeni coin: GGztqcZ3hK - analiz 90s sonra
14:32:28 INFO    [info] Yeni coin: HFg2nrPKu6 - analiz 90s sonra
14:32:28 INFO    [info] Yeni coin: PvENqjC6Eg - analiz 90s sonra
14:32:32 INFO    [info] Yeni coin: 4buvJHH5BS - analiz 90s sonra
14:32:33 WARNING RPC hiz limiti (429) - RPC_RPS dusurun veya plani yukseltin
14:32:37 INFO    [info] Yeni coin: Ak6R6VoBxe - analiz 90s sonra
14:32:41 INFO    [info] Yeni coin: 71stTvdVUu - analiz 90s sonra
14:32:42 INFO    [info] Yeni coin: 6imVfKtJBx - analiz 90s sonra
14:32:50 INFO    [info] Yeni coin: HgjQstw9Jz - analiz 90s sonra
14:32:53 INFO    [info] Yeni coin: CTksPH9ehs - analiz 90s sonra
14:32:54 INFO    [info] Yeni coin: 4R2ZFSmhH2 - analiz 90s sonra
14:32:54 INFO    [info] Yeni coin: C6W96sytc2 - analiz 90s sonra
14:32:55 INFO    [info] Yeni coin: 96ixN33Twy - analiz 90s sonra
14:32:55 INFO    [info] Yeni coin: ns4Ck41ezu - analiz 90s sonra
14:32:55 INFO    [info] Yeni coin: H9hLJfi36H - analiz 90s sonra
14:32:56 INFO    [info] Yeni coin: J5u9U5zw9c - analiz 90s sonra
14:32:57 INFO    [info] Yeni coin: CV41DL4jd1 - analiz 90s sonra
14:33:02 WARNING RPC hiz limiti (429) - RPC_RPS dusurun veya plani yukseltin
14:33:06 INFO    [info] Yeni coin: FfViqTCv2c - analiz 90s sonra
14:33:07 INFO    [info] Yeni coin: EVtgN6TcMi - analiz 90s sonra
14:33:09 INFO    [info] Yeni coin: 4Rh8WrKXgn - analiz 90s sonra
14:33:09 INFO    [info] Yeni coin: GRsyMB73H7 - analiz 90s sonra
14:33:11 INFO    [info] Yeni coin: B7X85Ne2Qc - analiz 90s sonra
14:33:16 INFO    [info] Yeni coin: 5uQLW6HQ3S - analiz 90s sonra
14:33:16 INFO    [info] Yeni coin: FEFN34xoZp - analiz 90s sonra
14:33:16 INFO    [info] Yeni coin: 3nLCzMfaP8 - analiz 90s sonra
14:33:16 INFO    [info] Yeni coin: GcahHjfaT3 - analiz 90s sonra
14:33:17 INFO    [info] Yeni coin: 3b3hNFMmkr - analiz 90s sonra
14:33:21 INFO    [info] Yeni coin: 9ajzB9Djjb - analiz 90s sonra
14:33:25 INFO    [info] Yeni coin: FBKbCVG1uL - analiz 90s sonra
14:33:36 INFO    [warn] Takip edilen cuzdan yok - once skorlayip takibe alin
14:33:56 INFO    [warn] Helius baglantisi koptu (ConnectionClosedError), 5s sonra tekrar denenecek
14:34:01 INFO    [success] Helius websocket baglandi, pump.fun dinleniyor
14:34:05 INFO    [info] Yeni coin: 3dcR6meWbF - analiz 90s sonra
14:34:07 INFO    [info] Yeni coin: E2RG4qG3MW - analiz 90s sonra
14:34:08 WARNING RPC hiz limiti (429) - RPC_RPS dusurun veya plani yukseltin
14:34:14 INFO    [info] Yeni coin: 8sRYYpJ9xR - analiz 90s sonra
14:34:16 INFO    [info] Yeni coin: Di47wWhLme - analiz 90s sonra
14:34:16 INFO    [info] Yeni coin: Bg9rJt9keg - analiz 90s sonra
14:34:16 INFO    [info] Yeni coin: 72CV2k1VrG - analiz 90s sonra
14:34:21 INFO    [info] Yeni coin: 446Veqv6aG - analiz 90s sonra
14:34:22 INFO    [info] Yeni coin: EgGr9faLhg - analiz 90s sonra
14:34:22 INFO    [info] Yeni coin: J7YJfCGGKw - analiz 90s sonra
14:34:23 INFO    [info] Yeni coin: FSopU1oRs1 - analiz 90s sonra
14:34:23 INFO    [info] Yeni coin: AmNc9wNpGi - analiz 90s sonra
14:34:30 INFO    [info] Yeni coin: FP7GQwkDfP - analiz 90s sonra
14:34:31 INFO    [info] Yeni coin: 4stA3vzAL2 - analiz 90s sonra
14:34:35 INFO    [info] Yeni coin: 5k8i785Ntc - analiz 90s sonra
14:34:35 WARNING RPC hiz limiti (429) - RPC_RPS dusurun veya plani yukseltin
14:34:48 INFO    [info] Yeni coin: DCf3nvxwMZ - analiz 90s sonra
14:34:55 INFO    [info] Yeni coin: MUSKaWQKAB - analiz 90s sonra
14:34:57 INFO    [info] Yeni coin: C5aQx5CBXq - analiz 90s sonra
14:34:57 INFO    [info] Yeni coin: 7jfoyXmnZ6 - analiz 90s sonra
14:35:00 INFO    [info] Yeni coin: 991kQE29VR - analiz 90s sonra
14:35:04 INFO    [info] Yeni coin: EZ3szpk9ik - analiz 90s sonra
14:35:07 INFO    [info] Yeni coin: 9mBYXW4V1N - analiz 90s sonra
14:35:15 INFO    [info] Yeni coin: Bw82E9DKwA - analiz 90s sonra
14:35:19 WARNING RPC hiz limiti (429) - RPC_RPS dusurun veya plani yukseltin
14:35:23 INFO    [info] Yeni coin: 8uSNdZh8vf - analiz 90s sonra
14:35:25 INFO    [info] Yeni coin: 24y1boCLBX - analiz 90s sonra
14:35:25 INFO    [info] Yeni coin: 3ptBEdkj4z - analiz 90s sonra
14:35:26 INFO    [info] Yeni coin: DdE1FBgv5j - analiz 90s sonra
14:35:27 INFO    [info] Yeni coin: H2enmEs1s3 - analiz 90s sonra
14:35:30 INFO    [info] Yeni coin: 5dxtEh1rfq - analiz 90s sonra
14:35:32 INFO    [info] Yeni coin: 2wM8d5QicF - analiz 90s sonra
14:35:36 WARNING RPC hiz limiti (429) - RPC_RPS dusurun veya plani yukseltin
14:35:36 INFO    [warn] Takip edilen cuzdan yok - once skorlayip takibe alin
14:35:39 INFO    [info] Yeni coin: 6agB1ctmyi - analiz 90s sonra
14:35:41 INFO    [info] Yeni coin: FK6QKB7cSM - analiz 90s sonra
14:35:42 INFO    [info] Yeni coin: f6bSrKMdcy - analiz 90s sonra
14:35:46 INFO    [info] Yeni coin: CsqEu58Z79 - analiz 90s sonra
14:35:47 INFO    [info] Yeni coin: 9dvadsE1j1 - analiz 90s sonra
14:35:53 INFO    [info] Yeni coin: 9fTxWLRsNK - analiz 90s sonra
14:35:54 INFO    [info] Yeni coin: BoNyXCW3FK - analiz 90s sonra
14:35:58 INFO    [info] Yeni coin: 82EH8oK7KF - analiz 90s sonra
14:36:03 INFO    [info] Yeni coin: AEvdjJqiyE - analiz 90s sonra
14:36:05 INFO    [info] Yeni coin: HBrRGSJvfn - analiz 90s sonra
14:36:11 INFO    [info] Yeni coin: 2AhbyFkBfx - analiz 90s sonra
14:36:12 INFO    [info] Yeni coin: FeKunvfxFU - analiz 90s sonra
14:36:12 INFO    [info] Yeni coin: 9xZqA3CTSq - analiz 90s sonra
14:36:12 INFO    [info] Yeni coin: FPfnQM1193 - analiz 90s sonra
14:36:12 INFO    [info] Yeni coin: C2ofXbCxds - analiz 90s sonra
14:36:13 INFO    [info] Yeni coin: 4wFrYV72Yf - analiz 90s sonra
14:36:13 INFO    [info] Yeni coin: 9v8cWwDYfi - analiz 90s sonra
14:36:14 INFO    [info] Yeni coin: FZQrSQqWkm - analiz 90s sonra
14:36:14 INFO    [info] Yeni coin: 7cApJZADgc - analiz 90s sonra
14:36:20 INFO    [info] Yeni coin: HvSSBhpy3f - analiz 90s sonra
14:36:23 WARNING RPC hiz limiti (429) - RPC_RPS dusurun veya plani yukseltin
14:36:25 INFO    [info] Yeni coin: 4W32cPwpDh - analiz 90s sonra
14:36:39 INFO    [info] Yeni coin: 3SxrrzGd1m - analiz 90s sonra
14:36:39 INFO    [info] Yeni coin: ukWSz1Bx9Z - analiz 90s sonra
14:36:41 INFO    [info] Yeni coin: 4QB78cuTTm - analiz 90s sonra
14:36:41 INFO    [info] Yeni coin: 7y19z5vJrP - analiz 90s sonra
14:36:44 WARNING RPC hiz limiti (429) - RPC_RPS dusurun veya plani yukseltin
14:36:47 INFO    [info] Yeni coin: DbkdXYNPtA - analiz 90s sonra
14:36:48 INFO    [info] Yeni coin: 4CdVYhkdUy - analiz 90s sonra
14:36:54 INFO    [info] Yeni coin: HkFNvhRyst - analiz 90s sonra
14:36:57 INFO    [info] Yeni coin: 33b1p3CdzC - analiz 90s sonra
14:36:58 INFO    [info] Yeni coin: DLM7BEKdre - analiz 90s sonra
14:36:58 INFO    [info] Yeni coin: 6ZQQzp4uqG - analiz 90s sonra
14:37:01 INFO    [info] Yeni coin: HvEqG3D9ve - analiz 90s sonra
14:37:03 INFO    [info] Yeni coin: 3cHr63m7ii - analiz 90s sonra
14:37:04 INFO    [info] Yeni coin: 8Qe2sfeo7j - analiz 90s sonra
14:37:09 WARNING RPC hiz limiti (429) - RPC_RPS dusurun veya plani yukseltin
14:37:09 INFO    [info] Yeni coin: J49EGf2ETV - analiz 90s sonra
14:37:09 INFO    [info] Yeni coin: Fzzc97t3kA - analiz 90s sonra
14:37:09 INFO    [info] Yeni coin: E5fi8Bdb9v - analiz 90s sonra
14:37:13 INFO    [info] Yeni coin: 7rXQekwApq - analiz 90s sonra
14:37:17 INFO    [info] Yeni coin: UedotrjRfD - analiz 90s sonra
14:37:20 INFO    [info] Yeni coin: 7Tv3T87Fu3 - analiz 90s sonra
14:37:22 INFO    [info] Yeni coin: GgwohhznMY - analiz 90s sonra
14:37:23 INFO    [info] Yeni coin: 85cWHMqBd5 - analiz 90s sonra
14:37:27 INFO    [info] Yeni coin: FWCMdvdgRw - analiz 90s sonra
14:37:29 INFO    [info] Yeni coin: FLVZsEUfZT - analiz 90s sonra
14:37:30 INFO    [info] Yeni coin: 2zuzvTY3UV - analiz 90s sonra
14:37:32 INFO    [info] Yeni coin: 5LgKA4HGK8 - analiz 90s sonra
14:37:33 INFO    [info] Yeni coin: B66jaibTCK - analiz 90s sonra
14:37:36 INFO    [warn] Takip edilen cuzdan yok - once skorlayip takibe alin
14:37:37 INFO    [info] Yeni coin: 9ZViTeA7Sc - analiz 90s sonra
14:37:40 WARNING RPC hiz limiti (429) - RPC_RPS dusurun veya plani yukseltin
14:37:44 INFO    [info] Yeni coin: FGvgAAQcB1 - analiz 90s sonra
14:37:49 INFO    [info] Yeni coin: 8SVNuVjCTZ - analiz 90s sonra
14:37:50 INFO    [info] Yeni coin: 5dtntPV51y - analiz 90s sonra
14:38:02 INFO    [info] Yeni coin: 6ubcJkqt7H - analiz 90s sonra
14:38:09 WARNING RPC hiz limiti (429) - RPC_RPS dusurun veya plani yukseltin
14:38:10 INFO    [info] Yeni coin: 4gkWYydyp6 - analiz 90s sonra
14:38:11 INFO    [info] Yeni coin: ABDqnmZKMb - analiz 90s sonra
14:38:12 INFO    [info] Yeni coin: 9zfGFU6Zsx - analiz 90s sonra
14:38:15 INFO    [info] Yeni coin: 7SHa1N9iQd - analiz 90s sonra
14:38:19 INFO    [info] Yeni coin: J895nqoBGs - analiz 90s sonra
14:38:25 INFO    [info] Yeni coin: 3C2NVwF1Ti - analiz 90s sonra
14:38:26 INFO    [info] Yeni coin: 4rhXQzz5Cz - analiz 90s sonra
14:38:30 INFO    [info] Yeni coin: 5oEvsAfVYC - analiz 90s sonra
14:38:41 INFO    [info] Yeni coin: 6KxS7kbsHJ - analiz 90s sonra
14:38:42 WARNING RPC hiz limiti (429) - RPC_RPS dusurun veya plani yukseltin
14:38:42 INFO    [info] Yeni coin: ERwVWfbCQG - analiz 90s sonra
14:38:46 INFO    [info] Yeni coin: DA72WCfjV3 - analiz 90s sonra
14:38:46 INFO    [info] Yeni coin: GVmWqxXGXg - analiz 90s sonra
14:38:48 INFO    [info] Yeni coin: 3WF2MK2yJ7 - analiz 90s sonra
14:38:50 INFO    [info] Yeni coin: 6pwCgWAZYi - analiz 90s sonra
14:39:03 INFO    [info] Yeni coin: DRee9wMXUP - analiz 90s sonra
14:39:04 INFO    [info] Yeni coin: C9R9LkHPrF - analiz 90s sonra
14:39:05 INFO    [info] Yeni coin: 6MpyAFiqMo - analiz 90s sonra
14:39:07 INFO    [info] Yeni coin: 7hsEaneJTp - analiz 90s sonra
14:39:10 INFO    [info] Yeni coin: 9YCHgd1ecG - analiz 90s sonra
14:39:14 INFO    [info] Yeni coin: Fg2azYxFB8 - analiz 90s sonra
14:39:14 INFO    [info] Yeni coin: 2HuMsKCfUH - analiz 90s sonra
14:39:16 INFO    [info] Yeni coin: HJgc5ja7FE - analiz 90s sonra
14:39:16 INFO    [info] Yeni coin: 9y6UPZLFsE - analiz 90s sonra
14:39:17 WARNING RPC hiz limiti (429) - RPC_RPS dusurun veya plani yukseltin
14:39:18 INFO    [info] Yeni coin: 4ZiP6JBvY3 - analiz 90s sonra
14:39:18 INFO    [info] Yeni coin: 63qcTbc6yu - analiz 90s sonra
14:39:18 INFO    [info] Yeni coin: EhxTBjonXT - analiz 90s sonra
14:39:19 INFO    [info] Yeni coin: 74pwG7VYj5 - analiz 90s sonra
14:39:20 INFO    [info] Yeni coin: DX6YEye1Dw - analiz 90s sonra
14:39:24 INFO    [info] Yeni coin: FEgVeRRqN9 - analiz 90s sonra
14:39:26 INFO    [info] Yeni coin: DeZBoDzFMA - analiz 90s sonra
14:39:29 INFO    [info] Yeni coin: 4GVneE1kAy - analiz 90s sonra
14:39:33 INFO    [info] Yeni coin: 7yGJkmdS3B - analiz 90s sonra
14:39:34 WARNING RPC hiz limiti (429) - RPC_RPS dusurun veya plani yukseltin
14:39:36 INFO    [info] Yeni coin: 24y1wn2rMS - analiz 90s sonra
14:39:36 INFO    [warn] Takip edilen cuzdan yok - once skorlayip takibe alin
14:39:39 INFO    [info] Yeni coin: EbVcweCR5e - analiz 90s sonra
14:39:44 INFO    [info] Yeni coin: DVF6Edxke2 - analiz 90s sonra
14:39:45 INFO    [info] Yeni coin: AQrg1EbNB4 - analiz 90s sonra
14:39:52 INFO    [info] Yeni coin: B7e3C7gx2J - analiz 90s sonra
14:39:58 INFO    [info] Yeni coin: 6J3BEZNMNb - analiz 90s sonra
14:39:59 WARNING RPC hiz limiti (429) - RPC_RPS dusurun veya plani yukseltin
14:40:03 INFO    [info] Yeni coin: 2LK2XjTLMv - analiz 90s sonra
14:40:04 INFO    [info] Yeni coin: 9NXfxpSEU4 - analiz 90s sonra
14:40:04 INFO    [info] Yeni coin: Evv45ipE4V - analiz 90s sonra
14:40:07 INFO    [info] Yeni coin: 7jSvkomFA8 - analiz 90s sonra
14:40:09 INFO    [info] Yeni coin: 5KoWAaSRJv - analiz 90s sonra
14:40:20 INFO    [info] Yeni coin: EBre38RVrH - analiz 90s sonra
14:40:24 WARNING RPC hiz limiti (429) - RPC_RPS dusurun veya plani yukseltin
14:40:30 INFO    [info] Yeni coin: GmXej7DekF - analiz 90s sonra
14:40:35 INFO    [info] Yeni coin: Cw4iwQMZtA - analiz 90s sonra
14:40:38 INFO    [info] Yeni coin: 8pqPMCv5yS - analiz 90s sonra
14:40:39 INFO    [info] Yeni coin: 2P3BGKioSv - analiz 90s sonra
14:40:39 INFO    [info] Yeni coin: 37QCi7pfGK - analiz 90s sonra
14:40:39 INFO    [info] Yeni coin: 5PMpD5uDx1 - analiz 90s sonra
14:40:39 INFO    [info] Yeni coin: HY5APmXa4m - analiz 90s sonra
14:40:40 INFO    [info] Yeni coin: FdyaDLBgdA - analiz 90s sonra
14:40:41 INFO    [info] Yeni coin: 8EdeVy21iU - analiz 90s sonra
14:40:41 INFO    [info] Yeni coin: 3mW1taYT3g - analiz 90s sonra
14:40:43 INFO    [info] Yeni coin: 6cEgZoWrB4 - analiz 90s sonra
14:40:45 INFO    [info] Yeni coin: 2mJ96d4yb1 - analiz 90s sonra
14:40:46 WARNING RPC hiz limiti (429) - RPC_RPS dusurun veya plani yukseltin
14:40:49 INFO    [info] Yeni coin: Dv9VD6GPyF - analiz 90s sonra
14:40:49 INFO    [info] Yeni coin: BdDPQnZHqv - analiz 90s sonra
14:40:50 INFO    [info] Yeni coin: E7FX6dyh8t - analiz 90s sonra
14:40:51 INFO    [info] Yeni coin: 8xtjNwaUyo - analiz 90s sonra
14:40:53 INFO    [info] Yeni coin: 4HTveqZisy - analiz 90s sonra
14:40:57 INFO    [info] Yeni coin: FhxkxYo7u4 - analiz 90s sonra
14:40:57 INFO    [info] Yeni coin: HAYyCohL58 - analiz 90s sonra
14:41:00 INFO    [info] Yeni coin: 4uBG1Cbg3W - analiz 90s sonra
14:41:10 INFO    [info] Yeni coin: BSAdGm5rsx - analiz 90s sonra
14:41:17 WARNING RPC hiz limiti (429) - RPC_RPS dusurun veya plani yukseltin
14:41:18 INFO    [info] Yeni coin: 2cqwZCKfA1 - analiz 90s sonra
14:41:19 INFO    [info] Yeni coin: 4PPpfnJem7 - analiz 90s sonra
14:41:19 INFO    [info] Yeni coin: 2j9DMXJRpi - analiz 90s sonra
14:41:19 INFO    [info] Yeni coin: qYGYnmq8KZ - analiz 90s sonra
14:41:21 INFO    [info] Yeni coin: WKLUwh52Ua - analiz 90s sonra
14:41:22 INFO    [info] Yeni coin: 4mHHY1i5My - analiz 90s sonra
14:41:31 INFO    [info] Yeni coin: 7TMEzj7nqc - analiz 90s sonra
14:41:33 INFO    [info] Yeni coin: 5h1mKqGd9N - analiz 90s sonra
14:41:36 INFO    [warn] Takip edilen cuzdan yok - once skorlayip takibe alin
14:41:38 INFO    [info] Yeni coin: 6PPsmoNshX - analiz 90s sonra
14:41:39 INFO    [info] Yeni coin: GVdYKbF4nJ - analiz 90s sonra
14:41:40 INFO    [info] Yeni coin: 6i9wSqmKcK - analiz 90s sonra
14:41:43 INFO    [info] Yeni coin: 3etqKCmqa5 - analiz 90s sonra
14:41:43 INFO    [info] Yeni coin: 2gQsWzw52B - analiz 90s sonra
14:41:43 INFO    [info] Yeni coin: 75VXXKHDYF - analiz 90s sonra
14:41:45 INFO    [info] Yeni coin: 2eHrDXSk6r - analiz 90s sonra
14:41:46 INFO    [info] Yeni coin: FEzbmmNJs1 - analiz 90s sonra
14:41:46 INFO    [info] Yeni coin: AptPWy3Mqa - analiz 90s sonra
14:41:47 INFO    [info] Yeni coin: 7sYixPCipb - analiz 90s sonra
14:41:49 INFO    [info] Yeni coin: 9TrPJtJVYp - analiz 90s sonra
14:41:51 INFO    [info] Yeni coin: AdZWjmAM27 - analiz 90s sonra
14:41:52 INFO    [info] Yeni coin: 7TN55ANRyT - analiz 90s sonra
14:41:54 INFO    [info] Yeni coin: H45sYoJxAy - analiz 90s sonra
14:42:01 INFO    [info] Yeni coin: FCADCfcs6B - analiz 90s sonra
14:42:01 INFO    [info] Yeni coin: 8CgqETSxu9 - analiz 90s sonra
14:42:01 INFO    [info] Yeni coin: FjmCxw92tT - analiz 90s sonra
14:42:03 INFO    [info] Yeni coin: 5hugpJAkVL - analiz 90s sonra
14:42:06 INFO    [info] Yeni coin: AEqtdqDMxG - analiz 90s sonra
14:42:07 WARNING RPC hiz limiti (429) - RPC_RPS dusurun veya plani yukseltin
14:42:07 INFO    [info] Yeni coin: GFJ5p4btuy - analiz 90s sonra
14:42:12 INFO    [info] Yeni coin: 6kodvoSNT6 - analiz 90s sonra
14:42:22 INFO    [info] Yeni coin: AuzhjCXmuJ - analiz 90s sonra
14:42:31 INFO    [info] Yeni coin: Z7CX4TrJNk - analiz 90s sonra
14:42:31 INFO    [info] Yeni coin: 9cwWTXDAjm - analiz 90s sonra
14:42:31 INFO    [info] Yeni coin: FtCWd4bEoj - analiz 90s sonra
14:42:31 INFO    [info] Yeni coin: Ez3tdrCofh - analiz 90s sonra
14:42:35 INFO    [info] Yeni coin: 8n97uKdqx2 - analiz 90s sonra
14:42:42 INFO    [info] Yeni coin: 4UoAmBSdwA - analiz 90s sonra
14:42:48 INFO    [info] Yeni coin: 5xDHk5JbLm - analiz 90s sonra
14:42:53 INFO    [info] Yeni coin: 3KXFR4imRG - analiz 90s sonra
14:42:57 WARNING RPC hiz limiti (429) - RPC_RPS dusurun veya plani yukseltin
14:42:57 INFO    [info] Yeni coin: 8azKQZwDTu - analiz 90s sonra
14:42:58 INFO    [info] Yeni coin: Bf7t5LWtuy - analiz 90s sonra
14:43:06 INFO    [info] Yeni coin: EzL7ySHNP6 - analiz 90s sonra
14:43:13 INFO    [info] Yeni coin: 74fSQur6Ef - analiz 90s sonra
14:43:19 INFO    [info] Yeni coin: 3cRRwsW47p - analiz 90s sonra
14:43:19 INFO    [info] Yeni coin: 91Sz6fRm77 - analiz 90s sonra
14:43:28 WARNING RPC hiz limiti (429) - RPC_RPS dusurun veya plani yukseltin
14:43:35 INFO    [info] Yeni coin: EgnsXzKnJw - analiz 90s sonra
14:43:36 INFO    [warn] Takip edilen cuzdan yok - once skorlayip takibe alin
14:43:48 INFO    [info] Yeni coin: 3iemJfyHBL - analiz 90s sonra
14:43:48 INFO    [info] Yeni coin: 672VbHpi7R - analiz 90s sonra
14:43:54 INFO    [info] Yeni coin: DGFPB5SbSY - analiz 90s sonra
14:43:57 INFO    [info] Yeni coin: Bg368wvWeF - analiz 90s sonra
14:44:02 INFO    [info] Yeni coin: DrGpSD4K6u - analiz 90s sonra
14:44:02 INFO    [info] Yeni coin: GKsbnFtHFY - analiz 90s sonra
14:44:02 INFO    [info] Yeni coin: 5yN4vaZqjv - analiz 90s sonra
14:44:05 WARNING RPC hiz limiti (429) - RPC_RPS dusurun veya plani yukseltin
14:44:10 INFO    [info] Yeni coin: 4mBqFx3Lzx - analiz 90s sonra
14:44:23 INFO    [info] Yeni coin: En15TRqYew - analiz 90s sonra
14:44:24 INFO    [info] Yeni coin: 5TothVpfLN - analiz 90s sonra
14:44:26 INFO    [info] Yeni coin: HmdfHmGbCB - analiz 90s sonra
14:44:31 INFO    [info] Yeni coin: 6s1V1FEjGn - analiz 90s sonra
14:44:34 INFO    [info] Yeni coin: HcnFfobyYs - analiz 90s sonra
14:44:34 INFO    [info] Yeni coin: A78JToGQCb - analiz 90s sonra
14:44:36 WARNING RPC hiz limiti (429) - RPC_RPS dusurun veya plani yukseltin
14:44:36 INFO    [info] Yeni coin: B1RWxByLGY - analiz 90s sonra
14:44:38 INFO    [info] Yeni coin: 3x6iiHqfij - analiz 90s sonra
14:44:40 INFO    [info] Yeni coin: Gh6Xs5bDRZ - analiz 90s sonra
14:44:41 INFO    [info] Yeni coin: 5WCRy8WM6p - analiz 90s sonra
14:44:41 INFO    [info] Yeni coin: Ai4nkMws7V - analiz 90s sonra
14:44:41 INFO    [info] Yeni coin: ESkaeMR3ec - analiz 90s sonra
14:44:44 INFO    [info] Yeni coin: 6i5f5JAZMk - analiz 90s sonra
14:44:45 INFO    [info] Yeni coin: 89mfN9X68i - analiz 90s sonra
14:44:46 INFO    [info] Yeni coin: RgnQGHJrsZ - analiz 90s sonra
14:44:54 INFO    [info] Yeni coin: 77mWk8Lrzd - analiz 90s sonra
14:44:56 INFO    [info] Yeni coin: 8nwA3SkvWe - analiz 90s sonra
14:45:00 INFO    [info] Yeni coin: 8fQwFmMGyx - analiz 90s sonra
14:45:00 INFO    [info] Yeni coin: 55KF1dGZMk - analiz 90s sonra
14:45:02 INFO    [info] Yeni coin: AzVPCnu32G - analiz 90s sonra
14:45:04 INFO    [info] Yeni coin: 8Gx53evhHY - analiz 90s sonra
14:45:10 INFO    [info] Yeni coin: G7KmRov5t1 - analiz 90s sonra
14:45:10 WARNING RPC hiz limiti (429) - RPC_RPS dusurun veya plani yukseltin
14:45:11 INFO    [info] Yeni coin: AHTGvaWAmR - analiz 90s sonra
14:45:12 INFO    [info] Yeni coin: 9YoQEasv6z - analiz 90s sonra
14:45:12 INFO    [info] Yeni coin: jitodontfr - analiz 90s sonra
14:45:13 INFO    [info] Yeni coin: r6eUCeJisn - analiz 90s sonra
14:45:13 INFO    [info] Yeni coin: 9kyGa3h3Wq - analiz 90s sonra
14:45:14 INFO    [info] Yeni coin: C1rbxCqnbk - analiz 90s sonra
14:45:14 INFO    [info] Yeni coin: 97DZpT7fbP - analiz 90s sonra
14:45:20 INFO    [info] Yeni coin: AupC85ABkV - analiz 90s sonra
14:45:20 INFO    [info] Yeni coin: 31VjpYZu8D - analiz 90s sonra
14:45:21 INFO    [info] Yeni coin: xVjuQ4kVk8 - analiz 90s sonra
14:45:22 INFO    [info] Yeni coin: GhQchYg3Jm - analiz 90s sonra
14:45:23 INFO    [info] Yeni coin: DWmFHxSeX2 - analiz 90s sonra
14:45:23 INFO    [info] Yeni coin: 33JBd35K6Y - analiz 90s sonra
14:45:23 INFO    [info] Yeni coin: B64LviH7oX - analiz 90s sonra
14:45:24 INFO    [info] Yeni coin: 52SKJvqAvq - analiz 90s sonra
14:45:26 INFO    [info] Yeni coin: 2emU22EDYp - analiz 90s sonra
14:45:26 INFO    [info] Yeni coin: 5ALsagUidw - analiz 90s sonra
14:45:32 INFO    [info] Yeni coin: 23dVgVHq5f - analiz 90s sonra
14:45:32 INFO    [info] Yeni coin: 651SJqAH3a - analiz 90s sonra
14:45:32 INFO    [info] Yeni coin: C5s2Fv5RvY - analiz 90s sonra
14:45:38 INFO    [warn] Takip edilen cuzdan yok - once skorlayip takibe alin
14:45:39 INFO    [info] Yeni coin: EEsE6whf2a - analiz 90s sonra
14:45:40 WARNING RPC hiz limiti (429) - RPC_RPS dusurun veya plani yukseltin
14:45:45 INFO    [info] Yeni coin: AXQTRVExzg - analiz 90s sonra
14:45:45 INFO    [info] Yeni coin: FCdhx2re9h - analiz 90s sonra
14:45:45 INFO    [info] Yeni coin: GFJoBei9dC - analiz 90s sonra
14:45:49 INFO    [info] Yeni coin: CXn6q8Tz9g - analiz 90s sonra
14:45:51 INFO    [info] Yeni coin: H2UEmsnPeW - analiz 90s sonra
14:45:51 INFO    [info] Yeni coin: 6eRuGUgD5y - analiz 90s sonra
14:45:51 INFO    [info] Yeni coin: 97MELquwke - analiz 90s sonra
14:45:54 INFO    [info] Yeni coin: 7ahG9XknXH - analiz 90s sonra
14:46:00 INFO    [info] Yeni coin: HTB8uzaj7e - analiz 90s sonra
14:46:01 INFO    [info] Yeni coin: E2yckrTGWq - analiz 90s sonra
14:46:02 INFO    [info] Yeni coin: BbcVccmWMN - analiz 90s sonra
14:46:02 INFO    [info] Yeni coin: Am3vk1U2sP - analiz 90s sonra
14:46:02 INFO    [info] Yeni coin: 3fhC16DKNc - analiz 90s sonra
14:46:06 WARNING RPC hiz limiti (429) - RPC_RPS dusurun veya plani yukseltin
14:46:09 INFO    [info] Yeni coin: AH4mHZodEw - analiz 90s sonra
14:46:12 INFO    [info] Yeni coin: AYz1UQJzvK - analiz 90s sonra
14:46:13 INFO    [info] Yeni coin: HLLiKY6Tcj - analiz 90s sonra
14:46:14 INFO    [info] Yeni coin: Cfjrefjc62 - analiz 90s sonra
14:46:15 INFO    [info] Yeni coin: 21C8H5n48F - analiz 90s sonra
14:46:18 INFO    [info] Yeni coin: FvPbVukhN6 - analiz 90s sonra
14:46:21 INFO    [info] Yeni coin: Co3Nffogbp - analiz 90s sonra
14:46:23 WARNING RPC hiz limiti (429) - RPC_RPS dusurun veya plani yukseltin
14:46:25 INFO    [info] Yeni coin: 3qDWGRA5gk - analiz 90s sonra
14:46:28 INFO    [info] Yeni coin: 9LcAengDD7 - analiz 90s sonra
14:46:32 INFO    [info] Yeni coin: FYAazDYQKm - analiz 90s sonra
14:46:34 INFO    [info] Yeni coin: 3iAGei36pu - analiz 90s sonra
14:46:37 INFO    [info] Yeni coin: B3Xk8SgoEt - analiz 90s sonra
14:46:39 INFO    [info] Yeni coin: 6L78KjR3hK - analiz 90s sonra
14:46:42 INFO    [info] Yeni coin: 2nQD1ELwLY - analiz 90s sonra
14:46:45 INFO    [info] Yeni coin: 9nTiUGD4V5 - analiz 90s sonra
14:46:45 WARNING RPC hiz limiti (429) - RPC_RPS dusurun veya plani yukseltin
14:46:47 INFO    [info] Yeni coin: Eg7RDhrUsh - analiz 90s sonra
14:46:47 INFO    [info] Yeni coin: 4jAL4qtMRh - analiz 90s sonra
14:46:47 INFO    [info] Yeni coin: EceiNfgans - analiz 90s sonra
14:46:50 INFO    [info] Yeni coin: YScpP9qaLU - analiz 90s sonra
14:46:50 INFO    [info] Yeni coin: 8KENzLs6nr - analiz 90s sonra
14:46:50 INFO    [info] Yeni coin: 64itqGXVFk - analiz 90s sonra
14:46:51 INFO    [info] Yeni coin: BXMKbAUnLG - analiz 90s sonra
14:46:52 INFO    [info] Yeni coin: FtU8brWJQC - analiz 90s sonra
14:46:53 INFO    [info] Yeni coin: 2wxTfFi949 - analiz 90s sonra
14:46:59 INFO    [info] Yeni coin: 23hmmzDmD8 - analiz 90s sonra
14:47:02 INFO    [info] Yeni coin: CN3ExLVf4b - analiz 90s sonra
14:47:03 INFO    [info] Yeni coin: 8GFgMhzU9G - analiz 90s sonra
14:47:03 INFO    [info] Yeni coin: 5AXsgALurw - analiz 90s sonra
14:47:09 INFO    [info] Yeni coin: 8ffxwSd1Us - analiz 90s sonra
14:47:09 INFO    [info] Yeni coin: 6PaRk58XB7 - analiz 90s sonra
14:47:10 INFO    [info] Yeni coin: Gv8RZy3xSq - analiz 90s sonra
14:47:10 INFO    [info] Yeni coin: B1kHNasep5 - analiz 90s sonra
14:47:15 INFO    [info] Yeni coin: 2g3CVyDYVk - analiz 90s sonra
14:47:15 INFO    [info] Yeni coin: DKZh8B9SDM - analiz 90s sonra
14:47:19 INFO    [info] Yeni coin: 2wpXUeTLMk - analiz 90s sonra
14:47:19 INFO    [info] Yeni coin: 47NBFJtoUQ - analiz 90s sonra
14:47:21 INFO    [info] Yeni coin: cHxQxhJCPQ - analiz 90s sonra
14:47:21 INFO    [info] Yeni coin: H1soa7Rq9f - analiz 90s sonra
14:47:21 INFO    [info] Yeni coin: EmSZKvD2J3 - analiz 90s sonra
14:47:21 INFO    [info] Yeni coin: 7iRsdLBjAk - analiz 90s sonra
14:47:22 WARNING RPC hiz limiti (429) - RPC_RPS dusurun veya plani yukseltin
14:47:23 INFO    [info] Yeni coin: 9NKmXbn9v9 - analiz 90s sonra
14:47:24 INFO    [info] Yeni coin: 2gWZGDraVd - analiz 90s sonra
14:47:26 INFO    [info] Yeni coin: iPtFddFxUV - analiz 90s sonra
14:47:30 INFO    [info] Yeni coin: FMMHSXNu7M - analiz 90s sonra
14:47:36 INFO    [info] Yeni coin: 9SEcG71Avg - analiz 90s sonra
14:47:38 INFO    [warn] Takip edilen cuzdan yok - once skorlayip takibe alin
14:47:40 INFO    [info] Yeni coin: CEuSi546hQ - analiz 90s sonra
14:47:42 INFO    [info] Yeni coin: 6jCzca5dXZ - analiz 90s sonra
14:47:43 INFO    [info] Yeni coin: H8FddxnSKH - analiz 90s sonra
14:47:48 INFO    [info] Yeni coin: 5tgfuP22xf - analiz 90s sonra
14:47:49 INFO    [info] Yeni coin: hS6yuYfzsh - analiz 90s sonra
14:47:49 INFO    [info] Yeni coin: C5AxJSRkB7 - analiz 90s sonra
14:47:50 INFO    [info] Yeni coin: EAQumZkn7Y - analiz 90s sonra
14:47:51 INFO    [info] Yeni coin: AoXg9BY6Md - analiz 90s sonra
14:47:52 WARNING RPC hiz limiti (429) - RPC_RPS dusurun veya plani yukseltin
14:48:01 INFO    [info] Yeni coin: yaDPa62T5j - analiz 90s sonra
14:48:01 INFO    [info] Yeni coin: 7Vg4ArXbif - analiz 90s sonra
14:48:02 INFO    [info] Yeni coin: ATrMnmMrEx - analiz 90s sonra
14:48:05 INFO    [info] Yeni coin: 2kN5LgHHYA - analiz 90s sonra
14:48:05 INFO    [info] Yeni coin: FHsRuGcL74 - analiz 90s sonra
14:48:06 INFO    [info] Yeni coin: 4SHBM4cDYZ - analiz 90s sonra
14:48:08 INFO    [info] Yeni coin: 27ENkZ1kbi - analiz 90s sonra
14:48:08 INFO    [info] Yeni coin: 4PKyVQWUdz - analiz 90s sonra
14:48:15 INFO    [info] Yeni coin: BsEhm9Jjmq - analiz 90s sonra
14:48:15 INFO    [info] Yeni coin: AKgj4qtGS4 - analiz 90s sonra
14:48:17 INFO    [info] Yeni coin: 8v2vcq8gV2 - analiz 90s sonra
14:48:17 INFO    [info] Yeni coin: 8BHhxMxeTP - analiz 90s sonra
14:48:19 INFO    [info] Yeni coin: ACtFJnYtU1 - analiz 90s sonra
14:48:21 INFO    [info] Yeni coin: 2kRCc2VYkw - analiz 90s sonra
14:48:21 INFO    [info] Yeni coin: 6xrbUNk7uA - analiz 90s sonra
14:48:23 WARNING RPC hiz limiti (429) - RPC_RPS dusurun veya plani yukseltin
14:48:23 INFO    [info] Yeni coin: 8rfNzLYoxU - analiz 90s sonra
14:48:26 INFO    [info] Yeni coin: 4yrNEydc5o - analiz 90s sonra
14:48:26 INFO    [info] Yeni coin: 5mBsN8FDE3 - analiz 90s sonra
14:48:28 INFO    [info] Yeni coin: Xx71Qu31Re - analiz 90s sonra
14:48:37 INFO    [warn] Helius baglantisi koptu (InvalidStatus), 5s sonra tekrar denenecek
14:48:42 INFO    [warn] Helius baglantisi koptu (InvalidStatus), 5s sonra tekrar denenecek
14:48:44 WARNING RPC hiz limiti (429) - RPC_RPS dusurun veya plani yukseltin
14:48:47 INFO    [warn] Helius baglantisi koptu (InvalidStatus), 5s sonra tekrar denenecek
14:48:52 INFO    [warn] Helius baglantisi koptu (InvalidStatus), 5s sonra tekrar denenecek
14:48:53 WARNING RPC hiz limiti (429) - RPC_RPS dusurun veya plani yukseltin
14:48:58 INFO    [warn] Helius baglantisi koptu (InvalidStatus), 5s sonra tekrar denenecek
14:49:02 WARNING RPC hiz limiti (429) - RPC_RPS dusurun veya plani yukseltin
14:49:03 INFO    [warn] Helius baglantisi koptu (InvalidStatus), 5s sonra tekrar denenecek
14:49:08 INFO    [warn] Helius baglantisi koptu (InvalidStatus), 5s sonra tekrar denenecek
14:49:11 WARNING RPC hiz limiti (429) - RPC_RPS dusurun veya plani yukseltin
14:49:14 INFO    [warn] Helius baglantisi koptu (InvalidStatus), 5s sonra tekrar denenecek
14:49:19 INFO    [warn] Helius baglantisi koptu (InvalidStatus), 5s sonra tekrar denenecek
14:49:24 INFO    [warn] Helius baglantisi koptu (InvalidStatus), 5s sonra tekrar denenecek
14:49:30 INFO    [warn] Helius baglantisi koptu (InvalidStatus), 5s sonra tekrar denenecek
14:49:35 INFO    [warn] Helius baglantisi koptu (InvalidStatus), 5s sonra tekrar denenecek
14:49:38 INFO    [warn] Takip edilen cuzdan yok - once skorlayip takibe alin
14:49:40 INFO    [warn] Helius baglantisi koptu (InvalidStatus), 5s sonra tekrar denenecek
14:49:44 WARNING RPC hiz limiti (429) - RPC_RPS dusurun veya plani yukseltin
14:49:46 INFO    [warn] Trailing stop: Awesome GitHub Profile Readme (ATH $0.00000890 -> $0.00000621, 0.99x)
14:49:46 INFO    [info] [PAPER] SATIS Awesome GitHub Profile Readme trailing_stop %100 -> 0.09629 SOL (fee 0.00199)
14:49:46 INFO    [error] [PAPER] Awesome GitHub Profile Readme | trailing_stop %100 | PnL -2.71% (-0.0047 SOL)
14:49:46 INFO    [warn] Helius baglantisi koptu (InvalidStatus), 5s sonra tekrar denenecek
14:49:52 INFO    [warn] Helius baglantisi koptu (InvalidStatus), 5s sonra tekrar denenecek
14:49:57 INFO    [warn] Helius baglantisi koptu (InvalidStatus), 5s sonra tekrar denenecek
14:50:02 INFO    [warn] Helius baglantisi koptu (InvalidStatus), 5s sonra tekrar denenecek
14:50:08 INFO    [warn] Helius baglantisi koptu (InvalidStatus), 5s sonra tekrar denenecek
14:50:13 INFO    [warn] Helius baglantisi koptu (InvalidStatus), 5s sonra tekrar denenecek
14:50:28 INFO    [warn] Helius baglantisi koptu (TimeoutError), 5s sonra tekrar denenecek
14:50:34 INFO    [warn] Helius baglantisi koptu (InvalidStatus), 5s sonra tekrar denenecek
14:50:39 INFO    [warn] Helius baglantisi koptu (InvalidStatus), 5s sonra tekrar denenecek
14:50:44 INFO    [warn] Helius baglantisi koptu (InvalidStatus), 5s sonra tekrar denenecek
14:50:44 WARNING RPC hiz limiti (429) - RPC_RPS dusurun veya plani yukseltin
14:50:50 INFO    [warn] Helius baglantisi koptu (InvalidStatus), 5s sonra tekrar denenecek
14:50:55 INFO    [warn] Helius baglantisi koptu (InvalidStatus), 5s sonra tekrar denenecek
14:51:02 INFO    [warn] Helius baglantisi koptu (InvalidStatus), 5s sonra tekrar denenecek
14:51:07 INFO    [warn] Helius baglantisi koptu (InvalidStatus), 5s sonra tekrar denenecek
14:51:12 INFO    [warn] Helius baglantisi koptu (InvalidStatus), 5s sonra tekrar denenecek
14:51:18 INFO    [warn] Helius baglantisi koptu (InvalidStatus), 5s sonra tekrar denenecek
14:51:23 INFO    [warn] Helius baglantisi koptu (InvalidStatus), 5s sonra tekrar denenecek
14:51:24 WARNING RPC hiz limiti (429) - RPC_RPS dusurun veya plani yukseltin
14:51:28 INFO    [warn] Helius baglantisi koptu (InvalidStatus), 5s sonra tekrar denenecek
14:51:34 INFO    [warn] Helius baglantisi koptu (InvalidStatus), 5s sonra tekrar denenecek
14:51:38 INFO    [warn] Takip edilen cuzdan yok - once skorlayip takibe alin
14:51:40 INFO    [warn] Helius baglantisi koptu (InvalidStatus), 5s sonra tekrar denenecek
14:51:45 INFO    [warn] Helius baglantisi koptu (InvalidStatus), 5s sonra tekrar denenecek
14:51:51 INFO    [warn] Helius baglantisi koptu (InvalidStatus), 5s sonra tekrar denenecek
14:51:56 INFO    [warn] Helius baglantisi koptu (InvalidStatus), 5s sonra tekrar denenecek
14:52:02 INFO    [warn] Helius baglantisi koptu (InvalidStatus), 5s sonra tekrar denenecek
14:52:04 WARNING RPC hiz limiti (429) - RPC_RPS dusurun veya plani yukseltin
14:52:07 INFO    [warn] Helius baglantisi koptu (InvalidStatus), 5s sonra tekrar denenecek
14:52:12 INFO    [warn] Helius baglantisi koptu (InvalidStatus), 5s sonra tekrar denenecek
14:52:18 INFO    [warn] Helius baglantisi koptu (InvalidStatus), 5s sonra tekrar denenecek
14:52:23 INFO    [warn] Helius baglantisi koptu (InvalidStatus), 5s sonra tekrar denenecek
14:52:28 INFO    [warn] Helius baglantisi koptu (InvalidStatus), 5s sonra tekrar denenecek
14:52:34 INFO    [warn] Helius baglantisi koptu (InvalidStatus), 5s sonra tekrar denenecek
14:52:39 INFO    [warn] Helius baglantisi koptu (InvalidStatus), 5s sonra tekrar denenecek
14:52:44 WARNING RPC hiz limiti (429) - RPC_RPS dusurun veya plani yukseltin
14:52:44 INFO    [warn] Helius baglantisi koptu (InvalidStatus), 5s sonra tekrar denenecek
14:52:50 INFO    [warn] Helius baglantisi koptu (InvalidStatus), 5s sonra tekrar denenecek
14:52:55 INFO    [warn] Helius baglantisi koptu (InvalidStatus), 5s sonra tekrar denenecek
14:53:01 INFO    [warn] Helius baglantisi koptu (InvalidStatus), 5s sonra tekrar denenecek
14:53:06 INFO    [warn] Helius baglantisi koptu (InvalidStatus), 5s sonra tekrar denenecek
14:53:11 INFO    [warn] Helius baglantisi koptu (InvalidStatus), 5s sonra tekrar denenecek
14:53:16 INFO    [warn] Helius baglantisi koptu (InvalidStatus), 5s sonra tekrar denenecek
14:53:22 INFO    [warn] Helius baglantisi koptu (InvalidStatus), 5s sonra tekrar denenecek
14:53:23 WARNING RPC hiz limiti (429) - RPC_RPS dusurun veya plani yukseltin
14:53:27 INFO    [warn] Helius baglantisi koptu (InvalidStatus), 5s sonra tekrar denenecek
14:53:32 INFO    [warn] Helius baglantisi koptu (InvalidStatus), 5s sonra tekrar denenecek
14:53:37 INFO    [warn] Helius baglantisi koptu (InvalidStatus), 5s sonra tekrar denenecek
14:53:38 INFO    [warn] Takip edilen cuzdan yok - once skorlayip takibe alin
14:53:43 INFO    [warn] Helius baglantisi koptu (InvalidStatus), 5s sonra tekrar denenecek
14:53:48 INFO    [warn] Helius baglantisi koptu (InvalidStatus), 5s sonra tekrar denenecek
14:53:53 INFO    [warn] Helius baglantisi koptu (InvalidStatus), 5s sonra tekrar denenecek
14:53:59 INFO    [warn] Helius baglantisi koptu (InvalidStatus), 5s sonra tekrar denenecek
14:54:03 WARNING RPC hiz limiti (429) - RPC_RPS dusurun veya plani yukseltin
14:54:04 INFO    [warn] Helius baglantisi koptu (InvalidStatus), 5s sonra tekrar denenecek
14:54:09 INFO    [warn] Helius baglantisi koptu (InvalidStatus), 5s sonra tekrar denenecek
14:54:15 INFO    [warn] Helius baglantisi koptu (InvalidStatus), 5s sonra tekrar denenecek
14:54:20 INFO    [warn] Helius baglantisi koptu (InvalidStatus), 5s sonra tekrar denenecek
14:54:25 INFO    [warn] Helius baglantisi koptu (InvalidStatus), 5s sonra tekrar denenecek
14:54:30 INFO    [warn] Helius baglantisi koptu (InvalidStatus), 5s sonra tekrar denenecek
14:54:36 INFO    [warn] Helius baglantisi koptu (InvalidStatus), 5s sonra tekrar denenecek
14:54:41 INFO    [warn] Helius baglantisi koptu (InvalidStatus), 5s sonra tekrar denenecek
14:54:43 WARNING RPC hiz limiti (429) - RPC_RPS dusurun veya plani yukseltin
14:54:46 INFO    [warn] Helius baglantisi koptu (InvalidStatus), 5s sonra tekrar denenecek
14:54:52 INFO    [warn] Helius baglantisi koptu (InvalidStatus), 5s sonra tekrar denenecek
14:54:57 INFO    [warn] Helius baglantisi koptu (InvalidStatus), 5s sonra tekrar denenecek
14:55:03 INFO    [warn] Helius baglantisi koptu (InvalidStatus), 5s sonra tekrar denenecek
14:55:09 INFO    [warn] Helius baglantisi koptu (InvalidStatus), 5s sonra tekrar denenecek
14:55:14 INFO    [warn] Helius baglantisi koptu (InvalidStatus), 5s sonra tekrar denenecek
14:55:19 INFO    [warn] Helius baglantisi koptu (InvalidStatus), 5s sonra tekrar denenecek
14:55:22 WARNING RPC hiz limiti (429) - RPC_RPS dusurun veya plani yukseltin
14:55:24 INFO    [warn] Helius baglantisi koptu (InvalidStatus), 5s sonra tekrar denenecek
14:55:30 INFO    [warn] Helius baglantisi koptu (InvalidStatus), 5s sonra tekrar denenecek
14:55:35 INFO    [warn] Helius baglantisi koptu (InvalidStatus), 5s sonra tekrar denenecek
14:55:38 INFO    [warn] Takip edilen cuzdan yok - once skorlayip takibe alin
14:55:41 INFO    [warn] Helius baglantisi koptu (InvalidStatus), 5s sonra tekrar denenecek
14:55:46 INFO    [warn] Helius baglantisi koptu (InvalidStatus), 5s sonra tekrar denenecek
14:55:52 INFO    [warn] Helius baglantisi koptu (InvalidStatus), 5s sonra tekrar denenecek
14:55:57 INFO    [warn] Helius baglantisi koptu (InvalidStatus), 5s sonra tekrar denenecek
14:56:02 WARNING RPC hiz limiti (429) - RPC_RPS dusurun veya plani yukseltin
14:56:03 INFO    [warn] Helius baglantisi koptu (InvalidStatus), 5s sonra tekrar denenecek
14:56:08 INFO    [warn] Helius baglantisi koptu (InvalidStatus), 5s sonra tekrar denenecek
14:56:14 INFO    [warn] Helius baglantisi koptu (InvalidStatus), 5s sonra tekrar denenecek
14:56:19 INFO    [warn] Helius baglantisi koptu (InvalidStatus), 5s sonra tekrar denenecek
14:56:25 INFO    [warn] Helius baglantisi koptu (InvalidStatus), 5s sonra tekrar denenecek
14:56:30 INFO    [warn] Helius baglantisi koptu (InvalidStatus), 5s sonra tekrar denenecek
14:56:35 INFO    [warn] Helius baglantisi koptu (InvalidStatus), 5s sonra tekrar denenecek
14:56:41 INFO    [warn] Helius baglantisi koptu (InvalidStatus), 5s sonra tekrar denenecek
14:56:41 WARNING RPC hiz limiti (429) - RPC_RPS dusurun veya plani yukseltin
14:56:46 INFO    [warn] Helius baglantisi koptu (InvalidStatus), 5s sonra tekrar denenecek
14:56:52 INFO    [warn] Helius baglantisi koptu (InvalidStatus), 5s sonra tekrar denenecek
14:56:52 INFO    [error] Stop loss: ANSEM.TODAY (-34.8%)
14:56:53 INFO    [info] [PAPER] SATIS ANSEM.TODAY stop_loss %100 -> 0.06286 SOL (fee 0.00165)
14:56:53 INFO    [error] [PAPER] ANSEM.TODAY | stop_loss %100 | PnL -35.74% (-0.0381 SOL)
14:56:57 INFO    [warn] Helius baglantisi koptu (InvalidStatus), 5s sonra tekrar denenecek
14:57:03 INFO    [warn] Helius baglantisi koptu (InvalidStatus), 5s sonra tekrar denenecek
14:57:08 INFO    [warn] Helius baglantisi koptu (InvalidStatus), 5s sonra tekrar denenecek
14:57:13 INFO    [warn] Helius baglantisi koptu (InvalidStatus), 5s sonra tekrar denenecek
14:57:18 INFO    [warn] Helius baglantisi koptu (InvalidStatus), 5s sonra tekrar denenecek
14:57:21 WARNING RPC hiz limiti (429) - RPC_RPS dusurun veya plani yukseltin
14:57:24 INFO    [warn] Helius baglantisi koptu (InvalidStatus), 5s sonra tekrar denenecek
14:57:30 INFO    [warn] Helius baglantisi koptu (InvalidStatus), 5s sonra tekrar denenecek
14:57:35 INFO    [warn] Helius baglantisi koptu (InvalidStatus), 5s sonra tekrar denenecek
14:57:38 INFO    [warn] Takip edilen cuzdan yok - once skorlayip takibe alin
14:57:41 INFO    [warn] Helius baglantisi koptu (InvalidStatus), 5s sonra tekrar denenecek
14:57:46 INFO    [warn] Helius baglantisi koptu (InvalidStatus), 5s sonra tekrar denenecek
14:57:52 INFO    [warn] Helius baglantisi koptu (InvalidStatus), 5s sonra tekrar denenecek
14:57:58 INFO    [warn] Helius baglantisi koptu (InvalidStatus), 5s sonra tekrar denenecek
14:58:03 INFO    [warn] Helius baglantisi koptu (InvalidStatus), 5s sonra tekrar denenecek
14:58:04 WARNING RPC hiz limiti (429) - RPC_RPS dusurun veya plani yukseltin
14:58:09 INFO    [warn] Helius baglantisi koptu (InvalidStatus), 5s sonra tekrar denenecek
14:58:14 INFO    [warn] Helius baglantisi koptu (InvalidStatus), 5s sonra tekrar denenecek
14:58:19 INFO    [warn] Helius baglantisi koptu (InvalidStatus), 5s sonra tekrar denenecek
14:58:25 INFO    [warn] Helius baglantisi koptu (InvalidStatus), 5s sonra tekrar denenecek
14:58:31 INFO    [warn] Helius baglantisi koptu (InvalidStatus), 5s sonra tekrar denenecek
14:58:37 INFO    [warn] Helius baglantisi koptu (InvalidStatus), 5s sonra tekrar denenecek
14:58:43 WARNING RPC hiz limiti (429) - RPC_RPS dusurun veya plani yukseltin
14:58:43 INFO    [warn] Helius baglantisi koptu (InvalidStatus), 5s sonra tekrar denenecek
14:58:48 INFO    [warn] Helius baglantisi koptu (InvalidStatus), 5s sonra tekrar denenecek
14:58:54 INFO    [warn] Helius baglantisi koptu (InvalidStatus), 5s sonra tekrar denenecek
14:59:00 INFO    [warn] Helius baglantisi koptu (InvalidStatus), 5s sonra tekrar denenecek
14:59:05 INFO    [warn] Helius baglantisi koptu (InvalidStatus), 5s sonra tekrar denenecek
14:59:11 INFO    [warn] Helius baglantisi koptu (InvalidStatus), 5s sonra tekrar denenecek
14:59:16 INFO    [warn] Helius baglantisi koptu (InvalidStatus), 5s sonra tekrar denenecek
14:59:22 INFO    [warn] Helius baglantisi koptu (InvalidStatus), 5s sonra tekrar denenecek
14:59:23 WARNING RPC hiz limiti (429) - RPC_RPS dusurun veya plani yukseltin
14:59:27 INFO    [warn] Helius baglantisi koptu (InvalidStatus), 5s sonra tekrar denenecek
14:59:33 INFO    [warn] Helius baglantisi koptu (InvalidStatus), 5s sonra tekrar denenecek
14:59:38 INFO    [warn] Takip edilen cuzdan yok - once skorlayip takibe alin
14:59:38 INFO    [warn] Helius baglantisi koptu (InvalidStatus), 5s sonra tekrar denenecek
14:59:44 INFO    [warn] Helius baglantisi koptu (InvalidStatus), 5s sonra tekrar denenecek
14:59:50 INFO    [warn] Helius baglantisi koptu (InvalidStatus), 5s sonra tekrar denenecek
14:59:55 INFO    [warn] Helius baglantisi koptu (InvalidStatus), 5s sonra tekrar denenecek
15:00:02 INFO    [warn] Helius baglantisi koptu (InvalidStatus), 5s sonra tekrar denenecek
15:00:03 WARNING RPC hiz limiti (429) - RPC_RPS dusurun veya plani yukseltin
15:00:07 INFO    [warn] Helius baglantisi koptu (InvalidStatus), 5s sonra tekrar denenecek
15:00:12 INFO    [warn] Helius baglantisi koptu (InvalidStatus), 5s sonra tekrar denenecek
15:00:18 INFO    [warn] Helius baglantisi koptu (InvalidStatus), 5s sonra tekrar denenecek
15:00:23 INFO    [warn] Helius baglantisi koptu (InvalidStatus), 5s sonra tekrar denenecek
15:00:29 INFO    [warn] Helius baglantisi koptu (InvalidStatus), 5s sonra tekrar denenecek
15:00:34 INFO    [warn] Helius baglantisi koptu (InvalidStatus), 5s sonra tekrar denenecek
15:00:40 INFO    [warn] Helius baglantisi koptu (InvalidStatus), 5s sonra tekrar denenecek
15:00:43 WARNING RPC hiz limiti (429) - RPC_RPS dusurun veya plani yukseltin
15:00:45 INFO    [warn] Helius baglantisi koptu (InvalidStatus), 5s sonra tekrar denenecek
15:00:51 INFO    [warn] Helius baglantisi koptu (InvalidStatus), 5s sonra tekrar denenecek
15:00:56 INFO    [warn] Helius baglantisi koptu (InvalidStatus), 5s sonra tekrar denenecek
15:01:02 INFO    [warn] Helius baglantisi koptu (InvalidStatus), 5s sonra tekrar denenecek
15:01:14 INFO    [warn] Helius baglantisi koptu (InvalidStatus), 5s sonra tekrar denenecek
15:01:19 INFO    [error] Stop loss: bing chilling (-33.0%)
15:01:19 INFO    [info] [PAPER] SATIS bing chilling stop_loss %100 -> 0.06492 SOL (fee 0.00167)
15:01:19 INFO    [error] [PAPER] bing chilling | stop_loss %100 | PnL -34.05% (-0.0361 SOL)
15:01:20 INFO    [warn] Helius baglantisi koptu (InvalidStatus), 5s sonra tekrar denenecek
15:01:25 INFO    [warn] Helius baglantisi koptu (InvalidStatus), 5s sonra tekrar denenecek
15:01:30 INFO    [warn] Helius baglantisi koptu (InvalidStatus), 5s sonra tekrar denenecek
15:01:34 WARNING RPC hiz limiti (429) - RPC_RPS dusurun veya plani yukseltin
15:01:36 INFO    [warn] Helius baglantisi koptu (InvalidStatus), 5s sonra tekrar denenecek
15:01:38 INFO    [warn] Takip edilen cuzdan yok - once skorlayip takibe alin
15:01:41 INFO    [warn] Helius baglantisi koptu (InvalidStatus), 5s sonra tekrar denenecek
15:01:46 INFO    [warn] Helius baglantisi koptu (InvalidStatus), 5s sonra tekrar denenecek
15:01:51 INFO    [warn] Helius baglantisi koptu (InvalidStatus), 5s sonra tekrar denenecek
15:01:57 INFO    [warn] Helius baglantisi koptu (InvalidStatus), 5s sonra tekrar denenecek
15:02:02 INFO    [warn] Helius baglantisi koptu (InvalidStatus), 5s sonra tekrar denenecek
15:02:07 INFO    [warn] Helius baglantisi koptu (InvalidStatus), 5s sonra tekrar denenecek
15:02:13 INFO    [warn] Helius baglantisi koptu (InvalidStatus), 5s sonra tekrar denenecek
15:02:13 WARNING RPC hiz limiti (429) - RPC_RPS dusurun veya plani yukseltin
15:02:18 INFO    [warn] Helius baglantisi koptu (InvalidStatus), 5s sonra tekrar denenecek
15:02:24 INFO    [warn] Helius baglantisi koptu (InvalidStatus), 5s sonra tekrar denenecek
15:02:24 INFO    [warn] Trailing stop: The Survivor (ATH $0.00000898 -> $0.00000532, 1.01x)
15:02:24 INFO    [info] [PAPER] SATIS The Survivor trailing_stop %100 -> 0.09817 SOL (fee 0.00201)
15:02:24 INFO    [error] [PAPER] The Survivor | trailing_stop %100 | PnL -0.14% (-0.0028 SOL)
15:02:29 INFO    [warn] Helius baglantisi koptu (InvalidStatus), 5s sonra tekrar denenecek
15:02:34 INFO    [warn] Helius baglantisi koptu (InvalidStatus), 5s sonra tekrar denenecek
15:02:39 INFO    [warn] Helius baglantisi koptu (InvalidStatus), 5s sonra tekrar denenecek
15:02:45 INFO    [warn] Helius baglantisi koptu (InvalidStatus), 5s sonra tekrar denenecek
15:02:51 INFO    [warn] Helius baglantisi koptu (InvalidStatus), 5s sonra tekrar denenecek
15:02:52 WARNING RPC hiz limiti (429) - RPC_RPS dusurun veya plani yukseltin
15:02:57 INFO    [warn] Helius baglantisi koptu (InvalidStatus), 5s sonra tekrar denenecek
15:03:03 INFO    [warn] Helius baglantisi koptu (InvalidStatus), 5s sonra tekrar denenecek
15:03:09 INFO    [warn] Helius baglantisi koptu (InvalidStatus), 5s sonra tekrar denenecek
15:03:14 INFO    [warn] Helius baglantisi koptu (InvalidStatus), 5s sonra tekrar denenecek
15:03:19 INFO    [warn] Helius baglantisi koptu (InvalidStatus), 5s sonra tekrar denenecek
15:03:25 INFO    [warn] Helius baglantisi koptu (InvalidStatus), 5s sonra tekrar denenecek
15:03:30 INFO    [warn] Helius baglantisi koptu (InvalidStatus), 5s sonra tekrar denenecek
15:03:35 WARNING RPC hiz limiti (429) - RPC_RPS dusurun veya plani yukseltin
15:03:36 INFO    [warn] Helius baglantisi koptu (InvalidStatus), 5s sonra tekrar denenecek
15:03:38 INFO    [warn] Takip edilen cuzdan yok - once skorlayip takibe alin
15:03:41 INFO    [warn] Helius baglantisi koptu (InvalidStatus), 5s sonra tekrar denenecek
15:03:47 INFO    [warn] Helius baglantisi koptu (InvalidStatus), 5s sonra tekrar denenecek
15:03:52 INFO    [warn] Helius baglantisi koptu (InvalidStatus), 5s sonra tekrar denenecek
15:03:58 INFO    [warn] Helius baglantisi koptu (InvalidStatus), 5s sonra tekrar denenecek
15:04:03 INFO    [warn] Helius baglantisi koptu (InvalidStatus), 5s sonra tekrar denenecek
15:04:08 INFO    [warn] Helius baglantisi koptu (InvalidStatus), 5s sonra tekrar denenecek
15:04:14 INFO    [warn] Helius baglantisi koptu (InvalidStatus), 5s sonra tekrar denenecek
15:04:14 WARNING RPC hiz limiti (429) - RPC_RPS dusurun veya plani yukseltin
15:04:19 INFO    [warn] Helius baglantisi koptu (InvalidStatus), 5s sonra tekrar denenecek
15:04:25 INFO    [warn] Helius baglantisi koptu (InvalidStatus), 5s sonra tekrar denenecek
15:04:31 INFO    [warn] Helius baglantisi koptu (InvalidStatus), 5s sonra tekrar denenecek
15:04:36 INFO    [warn] Helius baglantisi koptu (InvalidStatus), 5s sonra tekrar denenecek
15:04:41 INFO    [warn] Helius baglantisi koptu (InvalidStatus), 5s sonra tekrar denenecek
15:04:47 INFO    [warn] Helius baglantisi koptu (InvalidStatus), 5s sonra tekrar denenecek
15:04:52 INFO    [warn] Helius baglantisi koptu (InvalidStatus), 5s sonra tekrar denenecek
15:04:55 WARNING RPC hiz limiti (429) - RPC_RPS dusurun veya plani yukseltin
15:04:58 INFO    [warn] Helius baglantisi koptu (InvalidStatus), 5s sonra tekrar denenecek
15:05:03 INFO    [warn] Helius baglantisi koptu (InvalidStatus), 5s sonra tekrar denenecek
15:05:08 INFO    [warn] Helius baglantisi koptu (InvalidStatus), 5s sonra tekrar denenecek
15:05:14 INFO    [warn] Helius baglantisi koptu (InvalidStatus), 5s sonra tekrar denenecek
15:05:19 INFO    [warn] Helius baglantisi koptu (InvalidStatus), 5s sonra tekrar denenecek
15:05:25 INFO    [warn] Helius baglantisi koptu (InvalidStatus), 5s sonra tekrar denenecek
15:05:30 INFO    [warn] Helius baglantisi koptu (InvalidStatus), 5s sonra tekrar denenecek
15:05:35 WARNING RPC hiz limiti (429) - RPC_RPS dusurun veya plani yukseltin
15:05:36 INFO    [warn] Helius baglantisi koptu (InvalidStatus), 5s sonra tekrar denenecek
15:05:38 INFO    [warn] Takip edilen cuzdan yok - once skorlayip takibe alin
15:05:41 INFO    [warn] Helius baglantisi koptu (InvalidStatus), 5s sonra tekrar denenecek
15:05:47 INFO    [warn] Helius baglantisi koptu (InvalidStatus), 5s sonra tekrar denenecek
15:05:52 INFO    [warn] Helius baglantisi koptu (InvalidStatus), 5s sonra tekrar denenecek
15:05:57 INFO    [warn] Helius baglantisi koptu (InvalidStatus), 5s sonra tekrar denenecek
15:06:03 INFO    [warn] Helius baglantisi koptu (InvalidStatus), 5s sonra tekrar denenecek
15:06:08 INFO    [warn] Helius baglantisi koptu (InvalidStatus), 5s sonra tekrar denenecek
15:06:13 INFO    [warn] Helius baglantisi koptu (InvalidStatus), 5s sonra tekrar denenecek
15:06:15 WARNING RPC hiz limiti (429) - RPC_RPS dusurun veya plani yukseltin
15:06:19 INFO    [warn] Helius baglantisi koptu (InvalidStatus), 5s sonra tekrar denenecek
15:06:24 INFO    [warn] Helius baglantisi koptu (InvalidStatus), 5s sonra tekrar denenecek
15:06:30 INFO    [warn] Helius baglantisi koptu (InvalidStatus), 5s sonra tekrar denenecek
15:06:35 INFO    [warn] Helius baglantisi koptu (InvalidStatus), 5s sonra tekrar denenecek
15:06:40 INFO    [warn] Helius baglantisi koptu (InvalidStatus), 5s sonra tekrar denenecek
15:06:46 INFO    [warn] Helius baglantisi koptu (InvalidStatus), 5s sonra tekrar denenecek
15:06:51 INFO    [warn] Helius baglantisi koptu (InvalidStatus), 5s sonra tekrar denenecek
15:06:55 WARNING RPC hiz limiti (429) - RPC_RPS dusurun veya plani yukseltin
15:06:56 INFO    [warn] Helius baglantisi koptu (InvalidStatus), 5s sonra tekrar denenecek
15:07:02 INFO    [warn] Helius baglantisi koptu (InvalidStatus), 5s sonra tekrar denenecek
15:07:08 INFO    [warn] Helius baglantisi koptu (InvalidStatus), 5s sonra tekrar denenecek
15:07:14 INFO    [warn] Helius baglantisi koptu (InvalidStatus), 5s sonra tekrar denenecek
15:07:19 INFO    [warn] Helius baglantisi koptu (InvalidStatus), 5s sonra tekrar denenecek
15:07:24 INFO    [warn] Helius baglantisi koptu (InvalidStatus), 5s sonra tekrar denenecek
15:07:30 INFO    [warn] Helius baglantisi koptu (InvalidStatus), 5s sonra tekrar denenecek
15:07:34 WARNING RPC hiz limiti (429) - RPC_RPS dusurun veya plani yukseltin
15:07:35 INFO    [warn] Helius baglantisi koptu (InvalidStatus), 5s sonra tekrar denenecek
15:07:38 INFO    [warn] Takip edilen cuzdan yok - once skorlayip takibe alin
15:07:40 INFO    [warn] Helius baglantisi koptu (InvalidStatus), 5s sonra tekrar denenecek
15:07:46 INFO    [warn] Helius baglantisi koptu (InvalidStatus), 5s sonra tekrar denenecek
15:07:51 INFO    [warn] Helius baglantisi koptu (InvalidStatus), 5s sonra tekrar denenecek
15:07:57 INFO    [warn] Helius baglantisi koptu (InvalidStatus), 5s sonra tekrar denenecek
15:08:02 INFO    [warn] Helius baglantisi koptu (InvalidStatus), 5s sonra tekrar denenecek
15:08:07 INFO    [warn] Helius baglantisi koptu (InvalidStatus), 5s sonra tekrar denenecek
15:08:13 INFO    [warn] Helius baglantisi koptu (InvalidStatus), 5s sonra tekrar denenecek
15:08:16 WARNING RPC hiz limiti (429) - RPC_RPS dusurun veya plani yukseltin
15:08:18 INFO    [warn] Helius baglantisi koptu (InvalidStatus), 5s sonra tekrar denenecek
15:08:23 INFO    [warn] Helius baglantisi koptu (InvalidStatus), 5s sonra tekrar denenecek
15:08:29 INFO    [warn] Helius baglantisi koptu (InvalidStatus), 5s sonra tekrar denenecek
15:08:34 INFO    [warn] Helius baglantisi koptu (InvalidStatus), 5s sonra tekrar denenecek
15:08:40 INFO    [warn] Helius baglantisi koptu (InvalidStatus), 5s sonra tekrar denenecek
15:08:46 INFO    [warn] Helius baglantisi koptu (InvalidStatus), 5s sonra tekrar denenecek
15:08:51 INFO    [warn] Helius baglantisi koptu (InvalidStatus), 5s sonra tekrar denenecek
15:08:56 INFO    [warn] Helius baglantisi koptu (InvalidStatus), 5s sonra tekrar denenecek
15:08:57 WARNING RPC hiz limiti (429) - RPC_RPS dusurun veya plani yukseltin
15:09:02 INFO    [warn] Helius baglantisi koptu (InvalidStatus), 5s sonra tekrar denenecek
15:09:09 INFO    [warn] Helius baglantisi koptu (InvalidStatus), 5s sonra tekrar denenecek
15:09:14 INFO    [warn] Helius baglantisi koptu (InvalidStatus), 5s sonra tekrar denenecek
15:09:20 INFO    [warn] Helius baglantisi koptu (InvalidStatus), 5s sonra tekrar denenecek
15:09:25 INFO    [warn] Helius baglantisi koptu (InvalidStatus), 5s sonra tekrar denenecek
15:09:30 INFO    [warn] Helius baglantisi koptu (InvalidStatus), 5s sonra tekrar denenecek
15:09:36 INFO    [warn] Helius baglantisi koptu (InvalidStatus), 5s sonra tekrar denenecek
15:09:38 INFO    [warn] Takip edilen cuzdan yok - once skorlayip takibe alin
15:09:40 WARNING RPC hiz limiti (429) - RPC_RPS dusurun veya plani yukseltin
15:09:41 INFO    [warn] Helius baglantisi koptu (InvalidStatus), 5s sonra tekrar denenecek
15:09:46 INFO    [warn] Helius baglantisi koptu (InvalidStatus), 5s sonra tekrar denenecek
15:09:52 INFO    [warn] Helius baglantisi koptu (InvalidStatus), 5s sonra tekrar denenecek
15:09:58 INFO    [warn] Helius baglantisi koptu (InvalidStatus), 5s sonra tekrar denenecek
15:10:03 INFO    [warn] Helius baglantisi koptu (InvalidStatus), 5s sonra tekrar denenecek
15:10:08 INFO    [warn] Helius baglantisi koptu (InvalidStatus), 5s sonra tekrar denenecek
15:10:14 INFO    [warn] Helius baglantisi koptu (InvalidStatus), 5s sonra tekrar denenecek
15:10:19 INFO    [warn] Helius baglantisi koptu (InvalidStatus), 5s sonra tekrar denenecek
15:10:22 WARNING RPC hiz limiti (429) - RPC_RPS dusurun veya plani yukseltin
15:10:24 INFO    [warn] Helius baglantisi koptu (InvalidStatus), 5s sonra tekrar denenecek
15:10:31 INFO    [warn] Helius baglantisi koptu (InvalidStatus), 5s sonra tekrar denenecek
15:10:36 INFO    [warn] Helius baglantisi koptu (InvalidStatus), 5s sonra tekrar denenecek
15:10:42 INFO    [warn] Helius baglantisi koptu (InvalidStatus), 5s sonra tekrar denenecek
15:10:48 INFO    [warn] Helius baglantisi koptu (InvalidStatus), 5s sonra tekrar denenecek
15:10:53 INFO    [warn] Helius baglantisi koptu (InvalidStatus), 5s sonra tekrar denenecek
15:10:59 INFO    [warn] Helius baglantisi koptu (InvalidStatus), 5s sonra tekrar denenecek
15:11:01 WARNING RPC hiz limiti (429) - RPC_RPS dusurun veya plani yukseltin
15:11:04 INFO    [warn] Helius baglantisi koptu (InvalidStatus), 5s sonra tekrar denenecek
15:11:10 INFO    [warn] Helius baglantisi koptu (InvalidStatus), 5s sonra tekrar denenecek
15:11:15 INFO    [warn] Helius baglantisi koptu (InvalidStatus), 5s sonra tekrar denenecek
15:11:20 INFO    [warn] Helius baglantisi koptu (InvalidStatus), 5s sonra tekrar denenecek
15:11:26 INFO    [warn] Helius baglantisi koptu (InvalidStatus), 5s sonra tekrar denenecek
15:11:31 INFO    [warn] Helius baglantisi koptu (InvalidStatus), 5s sonra tekrar denenecek
15:11:36 INFO    [warn] Helius baglantisi koptu (InvalidStatus), 5s sonra tekrar denenecek
15:11:38 INFO    [warn] Takip edilen cuzdan yok - once skorlayip takibe alin
15:11:41 INFO    [warn] Helius baglantisi koptu (InvalidStatus), 5s sonra tekrar denenecek
15:11:42 WARNING RPC hiz limiti (429) - RPC_RPS dusurun veya plani yukseltin
15:11:47 INFO    [warn] Helius baglantisi koptu (InvalidStatus), 5s sonra tekrar denenecek
15:11:52 INFO    [warn] Helius baglantisi koptu (InvalidStatus), 5s sonra tekrar denenecek
15:11:57 INFO    [warn] Helius baglantisi koptu (InvalidStatus), 5s sonra tekrar denenecek
15:12:03 INFO    [warn] Helius baglantisi koptu (InvalidStatus), 5s sonra tekrar denenecek
15:12:08 INFO    [warn] Helius baglantisi koptu (InvalidStatus), 5s sonra tekrar denenecek
15:12:13 INFO    [warn] Helius baglantisi koptu (InvalidStatus), 5s sonra tekrar denenecek
15:12:18 INFO    [warn] Helius baglantisi koptu (InvalidStatus), 5s sonra tekrar denenecek
15:12:23 WARNING RPC hiz limiti (429) - RPC_RPS dusurun veya plani yukseltin
15:12:24 INFO    [warn] Helius baglantisi koptu (InvalidStatus), 5s sonra tekrar denenecek
15:12:29 INFO    [warn] Helius baglantisi koptu (InvalidStatus), 5s sonra tekrar denenecek
15:12:35 INFO    [warn] Helius baglantisi koptu (InvalidStatus), 5s sonra tekrar denenecek
15:12:40 INFO    [warn] Helius baglantisi koptu (InvalidStatus), 5s sonra tekrar denenecek
15:12:45 INFO    [warn] Helius baglantisi koptu (InvalidStatus), 5s sonra tekrar denenecek
15:12:51 INFO    [warn] Helius baglantisi koptu (InvalidStatus), 5s sonra tekrar denenecek
15:12:56 INFO    [warn] Helius baglantisi koptu (InvalidStatus), 5s sonra tekrar denenecek
15:13:02 INFO    [warn] Helius baglantisi koptu (InvalidStatus), 5s sonra tekrar denenecek
15:13:02 WARNING RPC hiz limiti (429) - RPC_RPS dusurun veya plani yukseltin
15:13:07 INFO    [warn] Helius baglantisi koptu (InvalidStatus), 5s sonra tekrar denenecek
15:13:12 INFO    [warn] Helius baglantisi koptu (InvalidStatus), 5s sonra tekrar denenecek
15:13:17 INFO    [warn] Helius baglantisi koptu (InvalidStatus), 5s sonra tekrar denenecek
15:13:23 INFO    [warn] Helius baglantisi koptu (InvalidStatus), 5s sonra tekrar denenecek
15:13:28 INFO    [warn] Helius baglantisi koptu (InvalidStatus), 5s sonra tekrar denenecek
15:13:33 INFO    [warn] Helius baglantisi koptu (InvalidStatus), 5s sonra tekrar denenecek
15:13:38 INFO    [warn] Takip edilen cuzdan yok - once skorlayip takibe alin
15:13:39 INFO    [warn] Helius baglantisi koptu (InvalidStatus), 5s sonra tekrar denenecek
15:13:47 WARNING RPC hiz limiti (429) - RPC_RPS dusurun veya plani yukseltin
15:13:51 INFO    [warn] Helius baglantisi koptu (InvalidStatus), 5s sonra tekrar denenecek
15:13:56 INFO    [warn] Helius baglantisi koptu (InvalidStatus), 5s sonra tekrar denenecek
15:14:02 INFO    [warn] Helius baglantisi koptu (InvalidStatus), 5s sonra tekrar denenecek
15:14:07 INFO    [warn] Helius baglantisi koptu (InvalidStatus), 5s sonra tekrar denenecek
15:14:13 INFO    [warn] Helius baglantisi koptu (InvalidStatus), 5s sonra tekrar denenecek
15:14:18 INFO    [warn] Helius baglantisi koptu (InvalidStatus), 5s sonra tekrar denenecek
15:14:23 INFO    [warn] Helius baglantisi koptu (InvalidStatus), 5s sonra tekrar denenecek
15:14:25 WARNING RPC hiz limiti (429) - RPC_RPS dusurun veya plani yukseltin
15:14:28 INFO    [warn] Helius baglantisi koptu (InvalidStatus), 5s sonra tekrar denenecek
15:14:34 INFO    [warn] Helius baglantisi koptu (InvalidStatus), 5s sonra tekrar denenecek
15:14:39 INFO    [warn] Helius baglantisi koptu (InvalidStatus), 5s sonra tekrar denenecek
15:14:45 INFO    [warn] Helius baglantisi koptu (InvalidStatus), 5s sonra tekrar denenecek
15:14:51 INFO    [warn] Helius baglantisi koptu (InvalidStatus), 5s sonra tekrar denenecek
15:14:56 INFO    [warn] Helius baglantisi koptu (InvalidStatus), 5s sonra tekrar denenecek
15:15:01 INFO    [warn] Helius baglantisi koptu (InvalidStatus), 5s sonra tekrar denenecek
15:15:06 WARNING RPC hiz limiti (429) - RPC_RPS dusurun veya plani yukseltin
15:15:06 INFO    [warn] Helius baglantisi koptu (InvalidStatus), 5s sonra tekrar denenecek
15:15:12 INFO    [warn] Helius baglantisi koptu (InvalidStatus), 5s sonra tekrar denenecek
15:15:17 INFO    [warn] Helius baglantisi koptu (InvalidStatus), 5s sonra tekrar denenecek
15:15:22 INFO    [warn] Helius baglantisi koptu (InvalidStatus), 5s sonra tekrar denenecek
15:15:28 INFO    [warn] Helius baglantisi koptu (InvalidStatus), 5s sonra tekrar denenecek
15:15:33 INFO    [warn] Helius baglantisi koptu (InvalidStatus), 5s sonra tekrar denenecek
15:15:38 INFO    [warn] Helius baglantisi koptu (InvalidStatus), 5s sonra tekrar denenecek
15:15:39 INFO    [warn] Takip edilen cuzdan yok - once skorlayip takibe alin
15:15:44 WARNING RPC hiz limiti (429) - RPC_RPS dusurun veya plani yukseltin
15:15:44 INFO    [warn] Helius baglantisi koptu (InvalidStatus), 5s sonra tekrar denenecek
15:15:49 INFO    [warn] Helius baglantisi koptu (InvalidStatus), 5s sonra tekrar denenecek
15:15:54 INFO    [warn] Helius baglantisi koptu (InvalidStatus), 5s sonra tekrar denenecek
15:16:00 INFO    [warn] Helius baglantisi koptu (InvalidStatus), 5s sonra tekrar denenecek
15:16:05 INFO    [warn] Helius baglantisi koptu (InvalidStatus), 5s sonra tekrar denenecek
15:16:10 INFO    [warn] Helius baglantisi koptu (InvalidStatus), 5s sonra tekrar denenecek
15:16:16 INFO    [warn] Helius baglantisi koptu (InvalidStatus), 5s sonra tekrar denenecek
15:16:21 INFO    [warn] Helius baglantisi koptu (InvalidStatus), 5s sonra tekrar denenecek
15:16:26 WARNING RPC hiz limiti (429) - RPC_RPS dusurun veya plani yukseltin
15:16:26 INFO    [warn] Helius baglantisi koptu (InvalidStatus), 5s sonra tekrar denenecek
15:16:32 INFO    [warn] Helius baglantisi koptu (InvalidStatus), 5s sonra tekrar denenecek
15:16:37 INFO    [warn] Helius baglantisi koptu (InvalidStatus), 5s sonra tekrar denenecek
15:16:42 INFO    [warn] Helius baglantisi koptu (InvalidStatus), 5s sonra tekrar denenecek
15:16:47 INFO    [warn] Helius baglantisi koptu (InvalidStatus), 5s sonra tekrar denenecek
15:16:53 INFO    [warn] Helius baglantisi koptu (InvalidStatus), 5s sonra tekrar denenecek
15:16:58 INFO    [warn] Helius baglantisi koptu (InvalidStatus), 5s sonra tekrar denenecek
15:17:03 INFO    [warn] Helius baglantisi koptu (InvalidStatus), 5s sonra tekrar denenecek
15:17:04 WARNING RPC hiz limiti (429) - RPC_RPS dusurun veya plani yukseltin
15:17:08 INFO    [warn] Helius baglantisi koptu (InvalidStatus), 5s sonra tekrar denenecek
15:17:14 INFO    [warn] Helius baglantisi koptu (InvalidStatus), 5s sonra tekrar denenecek
15:17:19 INFO    [warn] Helius baglantisi koptu (InvalidStatus), 5s sonra tekrar denenecek
15:17:25 INFO    [warn] Helius baglantisi koptu (InvalidStatus), 5s sonra tekrar denenecek
15:17:30 INFO    [warn] Helius baglantisi koptu (InvalidStatus), 5s sonra tekrar denenecek
15:17:35 INFO    [warn] Helius baglantisi koptu (InvalidStatus), 5s sonra tekrar denenecek
15:17:38 INFO    [warn] Takip edilen cuzdan yok - once skorlayip takibe alin
15:17:40 INFO    [warn] Helius baglantisi koptu (InvalidStatus), 5s sonra tekrar denenecek
15:17:43 WARNING RPC hiz limiti (429) - RPC_RPS dusurun veya plani yukseltin
15:17:46 INFO    [warn] Helius baglantisi koptu (InvalidStatus), 5s sonra tekrar denenecek
15:17:51 INFO    [warn] Helius baglantisi koptu (InvalidStatus), 5s sonra tekrar denenecek
15:17:57 INFO    [warn] Helius baglantisi koptu (InvalidStatus), 5s sonra tekrar denenecek
15:18:02 INFO    [warn] Helius baglantisi koptu (InvalidStatus), 5s sonra tekrar denenecek
15:18:07 INFO    [warn] Helius baglantisi koptu (InvalidStatus), 5s sonra tekrar denenecek
15:18:12 INFO    [warn] Helius baglantisi koptu (InvalidStatus), 5s sonra tekrar denenecek
15:18:18 INFO    [warn] Helius baglantisi koptu (InvalidStatus), 5s sonra tekrar denenecek
15:18:21 WARNING RPC hiz limiti (429) - RPC_RPS dusurun veya plani yukseltin
15:18:23 INFO    [warn] Helius baglantisi koptu (InvalidStatus), 5s sonra tekrar denenecek
15:18:29 INFO    [warn] Helius baglantisi koptu (InvalidStatus), 5s sonra tekrar denenecek
15:18:34 INFO    [warn] Helius baglantisi koptu (InvalidStatus), 5s sonra tekrar denenecek
15:18:39 INFO    [warn] Helius baglantisi koptu (InvalidStatus), 5s sonra tekrar denenecek
15:18:45 INFO    [warn] Helius baglantisi koptu (InvalidStatus), 5s sonra tekrar denenecek
15:18:50 INFO    [warn] Helius baglantisi koptu (InvalidStatus), 5s sonra tekrar denenecek
15:18:55 INFO    [warn] Helius baglantisi koptu (InvalidStatus), 5s sonra tekrar denenecek
15:19:01 INFO    [warn] Helius baglantisi koptu (InvalidStatus), 5s sonra tekrar denenecek
15:19:02 WARNING RPC hiz limiti (429) - RPC_RPS dusurun veya plani yukseltin
15:19:06 INFO    [warn] Helius baglantisi koptu (InvalidStatus), 5s sonra tekrar denenecek
15:19:11 INFO    [warn] Helius baglantisi koptu (InvalidStatus), 5s sonra tekrar denenecek
15:19:17 INFO    [warn] Helius baglantisi koptu (InvalidStatus), 5s sonra tekrar denenecek
15:19:22 INFO    [warn] Helius baglantisi koptu (InvalidStatus), 5s sonra tekrar denenecek
15:19:27 INFO    [warn] Helius baglantisi koptu (InvalidStatus), 5s sonra tekrar denenecek
15:19:33 INFO    [warn] Helius baglantisi koptu (InvalidStatus), 5s sonra tekrar denenecek
15:19:38 INFO    [warn] Helius baglantisi koptu (InvalidStatus), 5s sonra tekrar denenecek
15:19:39 INFO    [warn] Takip edilen cuzdan yok - once skorlayip takibe alin
15:19:39 WARNING RPC hiz limiti (429) - RPC_RPS dusurun veya plani yukseltin
15:19:44 INFO    [warn] Helius baglantisi koptu (InvalidStatus), 5s sonra tekrar denenecek
15:19:49 INFO    [warn] Helius baglantisi koptu (InvalidStatus), 5s sonra tekrar denenecek
15:19:54 INFO    [warn] Helius baglantisi koptu (InvalidStatus), 5s sonra tekrar denenecek
15:19:59 INFO    [warn] Helius baglantisi koptu (InvalidStatus), 5s sonra tekrar denenecek
15:20:05 INFO    [warn] Helius baglantisi koptu (InvalidStatus), 5s sonra tekrar denenecek
15:20:10 INFO    [warn] Helius baglantisi koptu (InvalidStatus), 5s sonra tekrar denenecek
15:20:16 INFO    [warn] Helius baglantisi koptu (InvalidStatus), 5s sonra tekrar denenecek
15:20:21 INFO    [warn] Helius baglantisi koptu (InvalidStatus), 5s sonra tekrar denenecek
15:20:21 WARNING RPC hiz limiti (429) - RPC_RPS dusurun veya plani yukseltin
15:20:26 INFO    [warn] Helius baglantisi koptu (InvalidStatus), 5s sonra tekrar denenecek
15:20:32 INFO    [warn] Helius baglantisi koptu (InvalidStatus), 5s sonra tekrar denenecek
15:20:37 INFO    [warn] Helius baglantisi koptu (InvalidStatus), 5s sonra tekrar denenecek
15:20:43 INFO    [warn] Helius baglantisi koptu (InvalidStatus), 5s sonra tekrar denenecek
15:20:49 INFO    [warn] Helius baglantisi koptu (InvalidStatus), 5s sonra tekrar denenecek
15:20:55 INFO    [warn] Helius baglantisi koptu (InvalidStatus), 5s sonra tekrar denenecek
15:21:00 WARNING RPC hiz limiti (429) - RPC_RPS dusurun veya plani yukseltin
15:21:00 INFO    [warn] Helius baglantisi koptu (InvalidStatus), 5s sonra tekrar denenecek
15:21:05 INFO    [warn] Helius baglantisi koptu (InvalidStatus), 5s sonra tekrar denenecek
15:21:11 INFO    [warn] Helius baglantisi koptu (InvalidStatus), 5s sonra tekrar denenecek
15:21:16 INFO    [warn] Helius baglantisi koptu (InvalidStatus), 5s sonra tekrar denenecek
15:21:21 INFO    [warn] Helius baglantisi koptu (InvalidStatus), 5s sonra tekrar denenecek
15:21:27 INFO    [warn] Helius baglantisi koptu (InvalidStatus), 5s sonra tekrar denenecek
15:21:32 INFO    [warn] Helius baglantisi koptu (InvalidStatus), 5s sonra tekrar denenecek
15:21:37 INFO    [warn] Helius baglantisi koptu (InvalidStatus), 5s sonra tekrar denenecek
15:21:38 WARNING RPC hiz limiti (429) - RPC_RPS dusurun veya plani yukseltin
15:21:39 INFO    [warn] Takip edilen cuzdan yok - once skorlayip takibe alin
15:21:43 INFO    [warn] Helius baglantisi koptu (InvalidStatus), 5s sonra tekrar denenecek
15:21:48 INFO    [warn] Helius baglantisi koptu (InvalidStatus), 5s sonra tekrar denenecek
15:21:53 INFO    [warn] Helius baglantisi koptu (InvalidStatus), 5s sonra tekrar denenecek
15:21:58 INFO    [warn] Helius baglantisi koptu (InvalidStatus), 5s sonra tekrar denenecek
15:22:05 INFO    [warn] Helius baglantisi koptu (InvalidStatus), 5s sonra tekrar denenecek
15:22:10 INFO    [warn] Helius baglantisi koptu (InvalidStatus), 5s sonra tekrar denenecek
15:22:16 INFO    [warn] Helius baglantisi koptu (InvalidStatus), 5s sonra tekrar denenecek
15:22:17 WARNING RPC hiz limiti (429) - RPC_RPS dusurun veya plani yukseltin
15:22:21 INFO    [warn] Helius baglantisi koptu (InvalidStatus), 5s sonra tekrar denenecek
15:22:26 INFO    [warn] Helius baglantisi koptu (InvalidStatus), 5s sonra tekrar denenecek
15:22:32 INFO    [warn] Helius baglantisi koptu (InvalidStatus), 5s sonra tekrar denenecek
15:22:38 INFO    [warn] Helius baglantisi koptu (InvalidStatus), 5s sonra tekrar denenecek
15:22:44 INFO    [warn] Helius baglantisi koptu (InvalidStatus), 5s sonra tekrar denenecek
15:22:49 INFO    [warn] Helius baglantisi koptu (InvalidStatus), 5s sonra tekrar denenecek
15:22:55 INFO    [warn] Helius baglantisi koptu (InvalidStatus), 5s sonra tekrar denenecek
15:23:00 INFO    [warn] Helius baglantisi koptu (InvalidStatus), 5s sonra tekrar denenecek
15:23:01 WARNING RPC hiz limiti (429) - RPC_RPS dusurun veya plani yukseltin
15:23:05 INFO    [warn] Helius baglantisi koptu (InvalidStatus), 5s sonra tekrar denenecek
15:23:11 INFO    [warn] Helius baglantisi koptu (InvalidStatus), 5s sonra tekrar denenecek
15:23:16 INFO    [warn] Helius baglantisi koptu (InvalidStatus), 5s sonra tekrar denenecek
15:23:21 INFO    [warn] Helius baglantisi koptu (InvalidStatus), 5s sonra tekrar denenecek
15:23:27 INFO    [warn] Helius baglantisi koptu (InvalidStatus), 5s sonra tekrar denenecek
15:23:32 INFO    [warn] Helius baglantisi koptu (InvalidStatus), 5s sonra tekrar denenecek
15:23:38 INFO    [warn] Helius baglantisi koptu (InvalidStatus), 5s sonra tekrar denenecek
15:23:39 INFO    [warn] Takip edilen cuzdan yok - once skorlayip takibe alin
15:23:39 WARNING RPC hiz limiti (429) - RPC_RPS dusurun veya plani yukseltin
15:23:43 INFO    [warn] Helius baglantisi koptu (InvalidStatus), 5s sonra tekrar denenecek
15:23:48 INFO    [warn] Helius baglantisi koptu (InvalidStatus), 5s sonra tekrar denenecek
15:23:54 INFO    [warn] Helius baglantisi koptu (InvalidStatus), 5s sonra tekrar denenecek
15:23:59 INFO    [warn] Helius baglantisi koptu (InvalidStatus), 5s sonra tekrar denenecek
15:24:04 INFO    [warn] Helius baglantisi koptu (InvalidStatus), 5s sonra tekrar denenecek
15:24:10 INFO    [warn] Helius baglantisi koptu (InvalidStatus), 5s sonra tekrar denenecek
15:24:16 INFO    [warn] Helius baglantisi koptu (InvalidStatus), 5s sonra tekrar denenecek
15:24:21 INFO    [warn] Helius baglantisi koptu (InvalidStatus), 5s sonra tekrar denenecek
15:24:22 WARNING RPC hiz limiti (429) - RPC_RPS dusurun veya plani yukseltin
15:24:26 INFO    [warn] Helius baglantisi koptu (InvalidStatus), 5s sonra tekrar denenecek
15:24:32 INFO    [warn] Helius baglantisi koptu (InvalidStatus), 5s sonra tekrar denenecek
15:24:38 INFO    [warn] Helius baglantisi koptu (InvalidStatus), 5s sonra tekrar denenecek
15:24:43 INFO    [warn] Helius baglantisi koptu (InvalidStatus), 5s sonra tekrar denenecek
15:24:49 INFO    [warn] Helius baglantisi koptu (InvalidStatus), 5s sonra tekrar denenecek
15:24:54 INFO    [warn] Helius baglantisi koptu (InvalidStatus), 5s sonra tekrar denenecek
15:25:00 INFO    [warn] Helius baglantisi koptu (InvalidStatus), 5s sonra tekrar denenecek
15:25:02 WARNING RPC hiz limiti (429) - RPC_RPS dusurun veya plani yukseltin
15:25:06 INFO    [warn] Helius baglantisi koptu (InvalidStatus), 5s sonra tekrar denenecek
15:25:12 INFO    [warn] Helius baglantisi koptu (InvalidStatus), 5s sonra tekrar denenecek
15:25:17 INFO    [warn] Helius baglantisi koptu (InvalidStatus), 5s sonra tekrar denenecek
15:25:23 INFO    [warn] Helius baglantisi koptu (InvalidStatus), 5s sonra tekrar denenecek
15:25:28 INFO    [warn] Helius baglantisi koptu (InvalidStatus), 5s sonra tekrar denenecek
15:25:33 INFO    [warn] Helius baglantisi koptu (InvalidStatus), 5s sonra tekrar denenecek
15:25:39 INFO    [warn] Helius baglantisi koptu (InvalidStatus), 5s sonra tekrar denenecek
15:25:39 INFO    [warn] Takip edilen cuzdan yok - once skorlayip takibe alin
15:25:42 WARNING RPC hiz limiti (429) - RPC_RPS dusurun veya plani yukseltin
15:25:44 INFO    [warn] Helius baglantisi koptu (InvalidStatus), 5s sonra tekrar denenecek
15:25:49 INFO    [warn] Helius baglantisi koptu (InvalidStatus), 5s sonra tekrar denenecek
15:25:55 INFO    [warn] Helius baglantisi koptu (InvalidStatus), 5s sonra tekrar denenecek
15:26:00 INFO    [warn] Helius baglantisi koptu (InvalidStatus), 5s sonra tekrar denenecek
15:26:06 INFO    [warn] Helius baglantisi koptu (InvalidStatus), 5s sonra tekrar denenecek
15:26:12 INFO    [warn] Helius baglantisi koptu (InvalidStatus), 5s sonra tekrar denenecek
15:26:18 INFO    [warn] Helius baglantisi koptu (InvalidStatus), 5s sonra tekrar denenecek
15:26:22 WARNING RPC hiz limiti (429) - RPC_RPS dusurun veya plani yukseltin
15:26:23 INFO    [warn] Helius baglantisi koptu (InvalidStatus), 5s sonra tekrar denenecek
15:26:28 INFO    [warn] Helius baglantisi koptu (InvalidStatus), 5s sonra tekrar denenecek
15:26:34 INFO    [warn] Helius baglantisi koptu (InvalidStatus), 5s sonra tekrar denenecek
15:26:39 INFO    [warn] Helius baglantisi koptu (InvalidStatus), 5s sonra tekrar denenecek
15:26:45 INFO    [warn] Helius baglantisi koptu (InvalidStatus), 5s sonra tekrar denenecek
15:26:50 INFO    [warn] Helius baglantisi koptu (InvalidStatus), 5s sonra tekrar denenecek
15:26:55 INFO    [warn] Helius baglantisi koptu (InvalidStatus), 5s sonra tekrar denenecek
15:27:01 INFO    [warn] Helius baglantisi koptu (InvalidStatus), 5s sonra tekrar denenecek
15:27:01 WARNING RPC hiz limiti (429) - RPC_RPS dusurun veya plani yukseltin
15:27:06 INFO    [warn] Helius baglantisi koptu (InvalidStatus), 5s sonra tekrar denenecek
15:27:11 INFO    [warn] Helius baglantisi koptu (InvalidStatus), 5s sonra tekrar denenecek
15:27:17 INFO    [warn] Helius baglantisi koptu (InvalidStatus), 5s sonra tekrar denenecek
15:27:22 INFO    [warn] Helius baglantisi koptu (InvalidStatus), 5s sonra tekrar denenecek
15:27:27 INFO    [warn] Helius baglantisi koptu (InvalidStatus), 5s sonra tekrar denenecek
15:27:32 INFO    [warn] Helius baglantisi koptu (InvalidStatus), 5s sonra tekrar denenecek
15:27:38 INFO    [warn] Helius baglantisi koptu (InvalidStatus), 5s sonra tekrar denenecek
15:27:39 INFO    [warn] Takip edilen cuzdan yok - once skorlayip takibe alin
15:27:40 WARNING RPC hiz limiti (429) - RPC_RPS dusurun veya plani yukseltin
15:27:43 INFO    [warn] Helius baglantisi koptu (InvalidStatus), 5s sonra tekrar denenecek
15:27:48 INFO    [warn] Helius baglantisi koptu (InvalidStatus), 5s sonra tekrar denenecek
15:28:03 INFO    [warn] Helius baglantisi koptu (TimeoutError), 5s sonra tekrar denenecek
15:28:08 INFO    [warn] Helius baglantisi koptu (InvalidStatus), 5s sonra tekrar denenecek
15:28:14 INFO    [warn] Helius baglantisi koptu (InvalidStatus), 5s sonra tekrar denenecek
15:28:19 INFO    [warn] Helius baglantisi koptu (InvalidStatus), 5s sonra tekrar denenecek
15:28:24 INFO    [warn] Helius baglantisi koptu (InvalidStatus), 5s sonra tekrar denenecek
15:28:29 INFO    [warn] Helius baglantisi koptu (InvalidStatus), 5s sonra tekrar denenecek
15:28:35 INFO    [warn] Helius baglantisi koptu (InvalidStatus), 5s sonra tekrar denenecek
15:28:39 WARNING RPC hiz limiti (429) - RPC_RPS dusurun veya plani yukseltin
15:28:40 INFO    [warn] Helius baglantisi koptu (InvalidStatus), 5s sonra tekrar denenecek
15:28:45 INFO    [warn] Helius baglantisi koptu (InvalidStatus), 5s sonra tekrar denenecek
15:28:51 INFO    [warn] Helius baglantisi koptu (InvalidStatus), 5s sonra tekrar denenecek
15:28:56 INFO    [warn] Helius baglantisi koptu (InvalidStatus), 5s sonra tekrar denenecek
15:29:01 INFO    [warn] Helius baglantisi koptu (InvalidStatus), 5s sonra tekrar denenecek
15:29:06 INFO    [warn] Helius baglantisi koptu (InvalidStatus), 5s sonra tekrar denenecek
15:29:12 INFO    [warn] Helius baglantisi koptu (InvalidStatus), 5s sonra tekrar denenecek
15:29:18 INFO    [warn] Helius baglantisi koptu (InvalidStatus), 5s sonra tekrar denenecek
15:29:18 WARNING RPC hiz limiti (429) - RPC_RPS dusurun veya plani yukseltin
15:29:23 INFO    [warn] Helius baglantisi koptu (InvalidStatus), 5s sonra tekrar denenecek
15:29:29 INFO    [warn] Helius baglantisi koptu (InvalidStatus), 5s sonra tekrar denenecek
15:29:34 INFO    [warn] Helius baglantisi koptu (InvalidStatus), 5s sonra tekrar denenecek
15:29:39 INFO    [warn] Takip edilen cuzdan yok - once skorlayip takibe alin
15:29:39 INFO    [warn] Helius baglantisi koptu (InvalidStatus), 5s sonra tekrar denenecek
15:29:45 INFO    [warn] Helius baglantisi koptu (InvalidStatus), 5s sonra tekrar denenecek
15:29:50 INFO    [warn] Helius baglantisi koptu (InvalidStatus), 5s sonra tekrar denenecek
15:29:55 INFO    [warn] Helius baglantisi koptu (InvalidStatus), 5s sonra tekrar denenecek
15:29:57 WARNING RPC hiz limiti (429) - RPC_RPS dusurun veya plani yukseltin
15:30:01 INFO    [warn] Helius baglantisi koptu (InvalidStatus), 5s sonra tekrar denenecek
15:30:06 INFO    [warn] Helius baglantisi koptu (InvalidStatus), 5s sonra tekrar denenecek
15:30:12 INFO    [warn] Helius baglantisi koptu (InvalidStatus), 5s sonra tekrar denenecek
15:30:17 INFO    [warn] Helius baglantisi koptu (InvalidStatus), 5s sonra tekrar denenecek
15:30:23 INFO    [warn] Helius baglantisi koptu (InvalidStatus), 5s sonra tekrar denenecek
15:30:29 INFO    [warn] Helius baglantisi koptu (InvalidStatus), 5s sonra tekrar denenecek
15:30:35 INFO    [warn] Helius baglantisi koptu (InvalidStatus), 5s sonra tekrar denenecek
15:30:39 WARNING RPC hiz limiti (429) - RPC_RPS dusurun veya plani yukseltin
15:30:41 INFO    [warn] Helius baglantisi koptu (InvalidStatus), 5s sonra tekrar denenecek
15:30:46 INFO    [warn] Helius baglantisi koptu (InvalidStatus), 5s sonra tekrar denenecek
15:30:52 INFO    [warn] Helius baglantisi koptu (InvalidStatus), 5s sonra tekrar denenecek
15:30:58 INFO    [warn] Helius baglantisi koptu (InvalidStatus), 5s sonra tekrar denenecek
15:31:03 INFO    [warn] Helius baglantisi koptu (InvalidStatus), 5s sonra tekrar denenecek
15:31:09 INFO    [warn] Helius baglantisi koptu (InvalidStatus), 5s sonra tekrar denenecek
15:31:14 INFO    [warn] Helius baglantisi koptu (InvalidStatus), 5s sonra tekrar denenecek
15:31:19 WARNING RPC hiz limiti (429) - RPC_RPS dusurun veya plani yukseltin
15:31:20 INFO    [warn] Helius baglantisi koptu (InvalidStatus), 5s sonra tekrar denenecek
15:31:25 INFO    [warn] Helius baglantisi koptu (InvalidStatus), 5s sonra tekrar denenecek
15:31:32 INFO    [warn] Helius baglantisi koptu (InvalidStatus), 5s sonra tekrar denenecek
15:31:37 INFO    [warn] Helius baglantisi koptu (InvalidStatus), 5s sonra tekrar denenecek
15:31:39 INFO    [warn] Takip edilen cuzdan yok - once skorlayip takibe alin
15:31:42 INFO    [warn] Helius baglantisi koptu (InvalidStatus), 5s sonra tekrar denenecek
15:31:47 INFO    [warn] Helius baglantisi koptu (InvalidStatus), 5s sonra tekrar denenecek
15:31:53 INFO    [warn] Helius baglantisi koptu (InvalidStatus), 5s sonra tekrar denenecek
15:31:58 INFO    [warn] Helius baglantisi koptu (InvalidStatus), 5s sonra tekrar denenecek
15:32:01 WARNING RPC hiz limiti (429) - RPC_RPS dusurun veya plani yukseltin
15:32:04 INFO    [warn] Helius baglantisi koptu (InvalidStatus), 5s sonra tekrar denenecek
15:32:10 INFO    [warn] Helius baglantisi koptu (InvalidStatus), 5s sonra tekrar denenecek
15:32:15 INFO    [warn] Helius baglantisi koptu (InvalidStatus), 5s sonra tekrar denenecek
15:32:21 INFO    [warn] Helius baglantisi koptu (InvalidStatus), 5s sonra tekrar denenecek
15:32:26 INFO    [warn] Helius baglantisi koptu (InvalidStatus), 5s sonra tekrar denenecek
15:32:31 INFO    [warn] Helius baglantisi koptu (InvalidStatus), 5s sonra tekrar denenecek
15:32:37 INFO    [warn] Helius baglantisi koptu (InvalidStatus), 5s sonra tekrar denenecek
15:32:42 INFO    [warn] Helius baglantisi koptu (InvalidStatus), 5s sonra tekrar denenecek
15:32:43 WARNING RPC hiz limiti (429) - RPC_RPS dusurun veya plani yukseltin
15:32:47 INFO    [warn] Helius baglantisi koptu (InvalidStatus), 5s sonra tekrar denenecek
15:32:54 INFO    [warn] Helius baglantisi koptu (InvalidStatus), 5s sonra tekrar denenecek
15:32:59 INFO    [warn] Helius baglantisi koptu (InvalidStatus), 5s sonra tekrar denenecek
15:33:05 INFO    [warn] Helius baglantisi koptu (InvalidStatus), 5s sonra tekrar denenecek
15:33:10 INFO    [warn] Helius baglantisi koptu (InvalidStatus), 5s sonra tekrar denenecek
15:33:16 INFO    [warn] Helius baglantisi koptu (InvalidStatus), 5s sonra tekrar denenecek
15:33:31 INFO    [warn] Helius baglantisi koptu (TimeoutError), 5s sonra tekrar denenecek
15:33:36 INFO    [warn] Helius baglantisi koptu (InvalidStatus), 5s sonra tekrar denenecek
15:33:36 WARNING RPC hiz limiti (429) - RPC_RPS dusurun veya plani yukseltin
15:33:39 INFO    [warn] Takip edilen cuzdan yok - once skorlayip takibe alin
15:33:41 INFO    [warn] Helius baglantisi koptu (InvalidStatus), 5s sonra tekrar denenecek
15:33:46 INFO    [warn] Helius baglantisi koptu (InvalidStatus), 5s sonra tekrar denenecek
15:33:52 INFO    [warn] Helius baglantisi koptu (InvalidStatus), 5s sonra tekrar denenecek
15:33:57 INFO    [warn] Helius baglantisi koptu (InvalidStatus), 5s sonra tekrar denenecek
15:34:03 INFO    [warn] Helius baglantisi koptu (InvalidStatus), 5s sonra tekrar denenecek
15:34:08 INFO    [warn] Helius baglantisi koptu (InvalidStatus), 5s sonra tekrar denenecek
15:34:13 INFO    [warn] Helius baglantisi koptu (InvalidStatus), 5s sonra tekrar denenecek
15:34:16 WARNING RPC hiz limiti (429) - RPC_RPS dusurun veya plani yukseltin
15:34:19 INFO    [warn] Helius baglantisi koptu (InvalidStatus), 5s sonra tekrar denenecek
15:34:25 INFO    [warn] Helius baglantisi koptu (InvalidStatus), 5s sonra tekrar denenecek
15:34:30 INFO    [warn] Helius baglantisi koptu (InvalidStatus), 5s sonra tekrar denenecek
15:34:35 INFO    [warn] Helius baglantisi koptu (InvalidStatus), 5s sonra tekrar denenecek
15:34:41 INFO    [warn] Helius baglantisi koptu (InvalidStatus), 5s sonra tekrar denenecek
15:34:46 INFO    [warn] Helius baglantisi koptu (InvalidStatus), 5s sonra tekrar denenecek
15:34:52 INFO    [warn] Helius baglantisi koptu (InvalidStatus), 5s sonra tekrar denenecek
15:34:55 WARNING RPC hiz limiti (429) - RPC_RPS dusurun veya plani yukseltin
15:34:57 INFO    [warn] Helius baglantisi koptu (InvalidStatus), 5s sonra tekrar denenecek
15:35:03 INFO    [warn] Helius baglantisi koptu (InvalidStatus), 5s sonra tekrar denenecek
15:35:08 INFO    [warn] Helius baglantisi koptu (InvalidStatus), 5s sonra tekrar denenecek
15:35:14 INFO    [warn] Helius baglantisi koptu (InvalidStatus), 5s sonra tekrar denenecek
15:35:19 INFO    [warn] Helius baglantisi koptu (InvalidStatus), 5s sonra tekrar denenecek
15:35:25 INFO    [warn] Helius baglantisi koptu (InvalidStatus), 5s sonra tekrar denenecek
15:35:30 INFO    [warn] Helius baglantisi koptu (InvalidStatus), 5s sonra tekrar denenecek
15:35:35 WARNING RPC hiz limiti (429) - RPC_RPS dusurun veya plani yukseltin
15:35:36 INFO    [warn] Helius baglantisi koptu (InvalidStatus), 5s sonra tekrar denenecek
15:35:39 INFO    [warn] Takip edilen cuzdan yok - once skorlayip takibe alin
15:35:41 INFO    [warn] Helius baglantisi koptu (InvalidStatus), 5s sonra tekrar denenecek
15:35:47 INFO    [warn] Helius baglantisi koptu (InvalidStatus), 5s sonra tekrar denenecek
15:35:52 INFO    [warn] Helius baglantisi koptu (InvalidStatus), 5s sonra tekrar denenecek
15:35:57 INFO    [warn] Helius baglantisi koptu (InvalidStatus), 5s sonra tekrar denenecek
15:36:03 INFO    [warn] Helius baglantisi koptu (InvalidStatus), 5s sonra tekrar denenecek
15:36:09 INFO    [warn] Helius baglantisi koptu (InvalidStatus), 5s sonra tekrar denenecek
15:36:14 WARNING RPC hiz limiti (429) - RPC_RPS dusurun veya plani yukseltin
15:36:14 INFO    [warn] Helius baglantisi koptu (InvalidStatus), 5s sonra tekrar denenecek
15:36:19 INFO    [warn] Helius baglantisi koptu (InvalidStatus), 5s sonra tekrar denenecek
15:36:25 INFO    [warn] Helius baglantisi koptu (InvalidStatus), 5s sonra tekrar denenecek
15:36:30 INFO    [warn] Helius baglantisi koptu (InvalidStatus), 5s sonra tekrar denenecek
15:36:35 INFO    [warn] Helius baglantisi koptu (InvalidStatus), 5s sonra tekrar denenecek
15:36:41 INFO    [warn] Helius baglantisi koptu (InvalidStatus), 5s sonra tekrar denenecek
15:36:46 INFO    [warn] Helius baglantisi koptu (InvalidStatus), 5s sonra tekrar denenecek
15:36:52 INFO    [warn] Helius baglantisi koptu (InvalidStatus), 5s sonra tekrar denenecek
15:36:52 WARNING RPC hiz limiti (429) - RPC_RPS dusurun veya plani yukseltin
15:36:58 INFO    [warn] Helius baglantisi koptu (InvalidStatus), 5s sonra tekrar denenecek
15:37:04 INFO    [warn] Helius baglantisi koptu (InvalidStatus), 5s sonra tekrar denenecek
15:37:09 INFO    [warn] Helius baglantisi koptu (InvalidStatus), 5s sonra tekrar denenecek
15:37:15 INFO    [warn] Helius baglantisi koptu (InvalidStatus), 5s sonra tekrar denenecek
15:37:20 INFO    [warn] Helius baglantisi koptu (InvalidStatus), 5s sonra tekrar denenecek
15:37:26 INFO    [warn] Helius baglantisi koptu (InvalidStatus), 5s sonra tekrar denenecek
15:37:31 INFO    [warn] Helius baglantisi koptu (InvalidStatus), 5s sonra tekrar denenecek
15:37:33 WARNING RPC hiz limiti (429) - RPC_RPS dusurun veya plani yukseltin
15:37:37 INFO    [warn] Helius baglantisi koptu (InvalidStatus), 5s sonra tekrar denenecek
15:37:39 INFO    [warn] Takip edilen cuzdan yok - once skorlayip takibe alin
15:37:42 INFO    [warn] Helius baglantisi koptu (InvalidStatus), 5s sonra tekrar denenecek
15:37:48 INFO    [warn] Helius baglantisi koptu (InvalidStatus), 5s sonra tekrar denenecek
15:37:53 INFO    [warn] Helius baglantisi koptu (InvalidStatus), 5s sonra tekrar denenecek
15:37:58 INFO    [warn] Helius baglantisi koptu (InvalidStatus), 5s sonra tekrar denenecek
15:38:04 INFO    [warn] Helius baglantisi koptu (InvalidStatus), 5s sonra tekrar denenecek
15:38:09 INFO    [warn] Helius baglantisi koptu (InvalidStatus), 5s sonra tekrar denenecek
15:38:12 WARNING RPC hiz limiti (429) - RPC_RPS dusurun veya plani yukseltin
15:38:15 INFO    [warn] Helius baglantisi koptu (InvalidStatus), 5s sonra tekrar denenecek
15:38:20 INFO    [warn] Helius baglantisi koptu (InvalidStatus), 5s sonra tekrar denenecek
15:38:26 INFO    [warn] Helius baglantisi koptu (InvalidStatus), 5s sonra tekrar denenecek
15:38:31 INFO    [warn] Helius baglantisi koptu (InvalidStatus), 5s sonra tekrar denenecek
15:38:36 INFO    [warn] Helius baglantisi koptu (InvalidStatus), 5s sonra tekrar denenecek
15:38:42 INFO    [warn] Helius baglantisi koptu (InvalidStatus), 5s sonra tekrar denenecek
15:38:47 INFO    [warn] Helius baglantisi koptu (InvalidStatus), 5s sonra tekrar denenecek
15:38:52 WARNING RPC hiz limiti (429) - RPC_RPS dusurun veya plani yukseltin
15:38:52 INFO    [warn] Helius baglantisi koptu (InvalidStatus), 5s sonra tekrar denenecek
15:38:58 INFO    [warn] Helius baglantisi koptu (InvalidStatus), 5s sonra tekrar denenecek
15:39:03 INFO    [warn] Helius baglantisi koptu (InvalidStatus), 5s sonra tekrar denenecek
15:39:08 INFO    [warn] Helius baglantisi koptu (InvalidStatus), 5s sonra tekrar denenecek
15:39:14 INFO    [warn] Helius baglantisi koptu (InvalidStatus), 5s sonra tekrar denenecek
15:39:19 INFO    [warn] Helius baglantisi koptu (InvalidStatus), 5s sonra tekrar denenecek
15:39:24 INFO    [warn] Helius baglantisi koptu (InvalidStatus), 5s sonra tekrar denenecek
15:39:30 INFO    [warn] Helius baglantisi koptu (InvalidStatus), 5s sonra tekrar denenecek
15:39:33 WARNING RPC hiz limiti (429) - RPC_RPS dusurun veya plani yukseltin
15:39:35 INFO    [warn] Helius baglantisi koptu (InvalidStatus), 5s sonra tekrar denenecek
15:39:39 INFO    [warn] Takip edilen cuzdan yok - once skorlayip takibe alin
15:39:41 INFO    [warn] Helius baglantisi koptu (InvalidStatus), 5s sonra tekrar denenecek
15:39:46 INFO    [warn] Helius baglantisi koptu (InvalidStatus), 5s sonra tekrar denenecek
15:39:52 INFO    [warn] Helius baglantisi koptu (InvalidStatus), 5s sonra tekrar denenecek
15:39:57 INFO    [warn] Helius baglantisi koptu (InvalidStatus), 5s sonra tekrar denenecek
15:40:03 INFO    [warn] Helius baglantisi koptu (InvalidStatus), 5s sonra tekrar denenecek
15:40:08 INFO    [warn] Helius baglantisi koptu (InvalidStatus), 5s sonra tekrar denenecek
15:40:11 WARNING RPC hiz limiti (429) - RPC_RPS dusurun veya plani yukseltin
15:40:14 INFO    [warn] Helius baglantisi koptu (InvalidStatus), 5s sonra tekrar denenecek
15:40:19 INFO    [warn] Helius baglantisi koptu (InvalidStatus), 5s sonra tekrar denenecek
15:40:25 INFO    [warn] Helius baglantisi koptu (InvalidStatus), 5s sonra tekrar denenecek
15:40:30 INFO    [warn] Helius baglantisi koptu (InvalidStatus), 5s sonra tekrar denenecek
15:40:36 INFO    [warn] Helius baglantisi koptu (InvalidStatus), 5s sonra tekrar denenecek
15:40:41 INFO    [warn] Helius baglantisi koptu (InvalidStatus), 5s sonra tekrar denenecek
15:40:46 INFO    [warn] Helius baglantisi koptu (InvalidStatus), 5s sonra tekrar denenecek
15:40:50 WARNING RPC hiz limiti (429) - RPC_RPS dusurun veya plani yukseltin
15:40:52 INFO    [warn] Helius baglantisi koptu (InvalidStatus), 5s sonra tekrar denenecek
15:40:58 INFO    [warn] Helius baglantisi koptu (InvalidStatus), 5s sonra tekrar denenecek
15:41:03 INFO    [warn] Helius baglantisi koptu (InvalidStatus), 5s sonra tekrar denenecek
15:41:09 INFO    [warn] Helius baglantisi koptu (InvalidStatus), 5s sonra tekrar denenecek
15:41:14 INFO    [warn] Helius baglantisi koptu (InvalidStatus), 5s sonra tekrar denenecek
15:41:20 INFO    [warn] Helius baglantisi koptu (InvalidStatus), 5s sonra tekrar denenecek
15:41:25 INFO    [warn] Helius baglantisi koptu (InvalidStatus), 5s sonra tekrar denenecek
15:41:30 INFO    [warn] Helius baglantisi koptu (InvalidStatus), 5s sonra tekrar denenecek
15:41:32 WARNING RPC hiz limiti (429) - RPC_RPS dusurun veya plani yukseltin
15:41:36 INFO    [warn] Helius baglantisi koptu (InvalidStatus), 5s sonra tekrar denenecek
15:41:39 INFO    [warn] Takip edilen cuzdan yok - once skorlayip takibe alin
15:41:42 INFO    [warn] Helius baglantisi koptu (InvalidStatus), 5s sonra tekrar denenecek
15:41:48 INFO    [warn] Helius baglantisi koptu (InvalidStatus), 5s sonra tekrar denenecek
15:41:53 INFO    [warn] Helius baglantisi koptu (InvalidStatus), 5s sonra tekrar denenecek
15:41:58 INFO    [warn] Helius baglantisi koptu (InvalidStatus), 5s sonra tekrar denenecek
15:42:04 INFO    [warn] Helius baglantisi koptu (InvalidStatus), 5s sonra tekrar denenecek
15:42:10 INFO    [warn] Helius baglantisi koptu (InvalidStatus), 5s sonra tekrar denenecek
15:42:13 WARNING RPC hiz limiti (429) - RPC_RPS dusurun veya plani yukseltin
15:42:16 INFO    [warn] Helius baglantisi koptu (InvalidStatus), 5s sonra tekrar denenecek
15:42:21 INFO    [warn] Helius baglantisi koptu (InvalidStatus), 5s sonra tekrar denenecek
15:42:26 INFO    [warn] Helius baglantisi koptu (InvalidStatus), 5s sonra tekrar denenecek
15:42:31 INFO    [warn] Helius baglantisi koptu (InvalidStatus), 5s sonra tekrar denenecek
15:42:37 INFO    [warn] Helius baglantisi koptu (InvalidStatus), 5s sonra tekrar denenecek
15:42:42 INFO    [warn] Helius baglantisi koptu (InvalidStatus), 5s sonra tekrar denenecek
15:42:48 INFO    [warn] Helius baglantisi koptu (InvalidStatus), 5s sonra tekrar denenecek
15:42:53 WARNING RPC hiz limiti (429) - RPC_RPS dusurun veya plani yukseltin
15:42:53 INFO    [warn] Helius baglantisi koptu (InvalidStatus), 5s sonra tekrar denenecek
15:42:59 INFO    [warn] Helius baglantisi koptu (InvalidStatus), 5s sonra tekrar denenecek
15:43:04 INFO    [warn] Helius baglantisi koptu (InvalidStatus), 5s sonra tekrar denenecek
15:43:09 INFO    [warn] Helius baglantisi koptu (InvalidStatus), 5s sonra tekrar denenecek
15:43:15 INFO    [warn] Helius baglantisi koptu (InvalidStatus), 5s sonra tekrar denenecek
15:43:20 INFO    [warn] Helius baglantisi koptu (InvalidStatus), 5s sonra tekrar denenecek
15:43:26 INFO    [warn] Helius baglantisi koptu (InvalidStatus), 5s sonra tekrar denenecek
15:43:31 INFO    [warn] Helius baglantisi koptu (InvalidStatus), 5s sonra tekrar denenecek
15:43:33 WARNING RPC hiz limiti (429) - RPC_RPS dusurun veya plani yukseltin
15:43:37 INFO    [warn] Helius baglantisi koptu (InvalidStatus), 5s sonra tekrar denenecek
15:43:39 INFO    [warn] Takip edilen cuzdan yok - once skorlayip takibe alin
15:43:42 INFO    [warn] Helius baglantisi koptu (InvalidStatus), 5s sonra tekrar denenecek
15:43:47 INFO    [warn] Helius baglantisi koptu (InvalidStatus), 5s sonra tekrar denenecek
15:43:53 INFO    [warn] Helius baglantisi koptu (InvalidStatus), 5s sonra tekrar denenecek
15:43:58 INFO    [warn] Helius baglantisi koptu (InvalidStatus), 5s sonra tekrar denenecek
15:44:03 INFO    [warn] Helius baglantisi koptu (InvalidStatus), 5s sonra tekrar denenecek
15:44:09 INFO    [warn] Helius baglantisi koptu (InvalidStatus), 5s sonra tekrar denenecek
15:44:12 WARNING RPC hiz limiti (429) - RPC_RPS dusurun veya plani yukseltin
15:44:15 INFO    [warn] Helius baglantisi koptu (InvalidStatus), 5s sonra tekrar denenecek
15:44:21 INFO    [warn] Helius baglantisi koptu (InvalidStatus), 5s sonra tekrar denenecek
15:44:26 INFO    [warn] Helius baglantisi koptu (InvalidStatus), 5s sonra tekrar denenecek
15:44:32 INFO    [warn] Helius baglantisi koptu (InvalidStatus), 5s sonra tekrar denenecek
15:44:37 INFO    [warn] Helius baglantisi koptu (InvalidStatus), 5s sonra tekrar denenecek
15:44:43 INFO    [warn] Helius baglantisi koptu (InvalidStatus), 5s sonra tekrar denenecek
15:44:48 INFO    [warn] Helius baglantisi koptu (InvalidStatus), 5s sonra tekrar denenecek
15:44:52 WARNING RPC hiz limiti (429) - RPC_RPS dusurun veya plani yukseltin
15:44:54 INFO    [warn] Helius baglantisi koptu (InvalidStatus), 5s sonra tekrar denenecek
15:44:59 INFO    [warn] Helius baglantisi koptu (InvalidStatus), 5s sonra tekrar denenecek
15:45:04 INFO    [warn] Helius baglantisi koptu (InvalidStatus), 5s sonra tekrar denenecek
15:45:10 INFO    [warn] Helius baglantisi koptu (InvalidStatus), 5s sonra tekrar denenecek
15:45:15 INFO    [warn] Helius baglantisi koptu (InvalidStatus), 5s sonra tekrar denenecek
15:45:20 INFO    [warn] Helius baglantisi koptu (InvalidStatus), 5s sonra tekrar denenecek
15:45:26 INFO    [warn] Helius baglantisi koptu (InvalidStatus), 5s sonra tekrar denenecek
15:45:31 INFO    [warn] Helius baglantisi koptu (InvalidStatus), 5s sonra tekrar denenecek
15:45:33 WARNING RPC hiz limiti (429) - RPC_RPS dusurun veya plani yukseltin
15:45:37 INFO    [warn] Helius baglantisi koptu (InvalidStatus), 5s sonra tekrar denenecek
15:45:39 INFO    [warn] Takip edilen cuzdan yok - once skorlayip takibe alin
15:45:42 INFO    [warn] Helius baglantisi koptu (InvalidStatus), 5s sonra tekrar denenecek
15:45:48 INFO    [warn] Helius baglantisi koptu (InvalidStatus), 5s sonra tekrar denenecek
15:45:53 INFO    [warn] Helius baglantisi koptu (InvalidStatus), 5s sonra tekrar denenecek
15:45:59 INFO    [warn] Helius baglantisi koptu (InvalidStatus), 5s sonra tekrar denenecek
15:46:04 INFO    [warn] Helius baglantisi koptu (InvalidStatus), 5s sonra tekrar denenecek
15:46:10 INFO    [warn] Helius baglantisi koptu (InvalidStatus), 5s sonra tekrar denenecek
15:46:14 WARNING RPC hiz limiti (429) - RPC_RPS dusurun veya plani yukseltin
15:46:15 INFO    [warn] Helius baglantisi koptu (InvalidStatus), 5s sonra tekrar denenecek
15:46:21 INFO    [warn] Helius baglantisi koptu (InvalidStatus), 5s sonra tekrar denenecek
15:46:26 INFO    [warn] Helius baglantisi koptu (InvalidStatus), 5s sonra tekrar denenecek
15:46:32 INFO    [warn] Helius baglantisi koptu (InvalidStatus), 5s sonra tekrar denenecek
15:46:37 INFO    [warn] Helius baglantisi koptu (InvalidStatus), 5s sonra tekrar denenecek
15:46:43 INFO    [warn] Helius baglantisi koptu (InvalidStatus), 5s sonra tekrar denenecek
15:46:48 INFO    [warn] Helius baglantisi koptu (InvalidStatus), 5s sonra tekrar denenecek
15:46:53 WARNING RPC hiz limiti (429) - RPC_RPS dusurun veya plani yukseltin
15:46:54 INFO    [warn] Helius baglantisi koptu (InvalidStatus), 5s sonra tekrar denenecek
15:46:59 INFO    [warn] Helius baglantisi koptu (InvalidStatus), 5s sonra tekrar denenecek
15:47:04 INFO    [warn] Helius baglantisi koptu (InvalidStatus), 5s sonra tekrar denenecek
15:47:09 INFO    [warn] Helius baglantisi koptu (InvalidStatus), 5s sonra tekrar denenecek
15:47:15 INFO    [warn] Helius baglantisi koptu (InvalidStatus), 5s sonra tekrar denenecek
15:47:20 INFO    [warn] Helius baglantisi koptu (InvalidStatus), 5s sonra tekrar denenecek
15:47:27 INFO    [warn] Helius baglantisi koptu (InvalidStatus), 5s sonra tekrar denenecek
15:47:32 WARNING RPC hiz limiti (429) - RPC_RPS dusurun veya plani yukseltin
15:47:33 INFO    [warn] Helius baglantisi koptu (InvalidStatus), 5s sonra tekrar denenecek
15:47:39 INFO    [warn] Helius baglantisi koptu (InvalidStatus), 5s sonra tekrar denenecek
15:47:39 INFO    [warn] Takip edilen cuzdan yok - once skorlayip takibe alin
15:47:45 INFO    [warn] Helius baglantisi koptu (InvalidStatus), 5s sonra tekrar denenecek
15:47:50 INFO    [warn] Helius baglantisi koptu (InvalidStatus), 5s sonra tekrar denenecek
15:47:55 INFO    [warn] Helius baglantisi koptu (InvalidStatus), 5s sonra tekrar denenecek
15:47:59 INFO    [success] TIER1 tetiklendi: Smoking Chill Monkey (2.09x) - %25 satiliyor
15:47:59 INFO    [info] [PAPER] SATIS Smoking Chill Monkey tier1 %25 -> 0.04977 SOL (fee 0.00152)
15:47:59 INFO    [success] [PAPER] Smoking Chill Monkey | tier1 %25 | PnL 105.70% (0.0245 SOL)
15:48:01 INFO    [warn] Helius baglantisi koptu (InvalidStatus), 5s sonra tekrar denenecek
15:48:06 INFO    [warn] Helius baglantisi koptu (InvalidStatus), 5s sonra tekrar denenecek
15:48:11 WARNING RPC hiz limiti (429) - RPC_RPS dusurun veya plani yukseltin
15:48:12 INFO    [warn] Helius baglantisi koptu (InvalidStatus), 5s sonra tekrar denenecek
15:48:18 INFO    [warn] Helius baglantisi koptu (InvalidStatus), 5s sonra tekrar denenecek
15:48:24 INFO    [warn] Helius baglantisi koptu (InvalidStatus), 5s sonra tekrar denenecek
15:48:30 INFO    [warn] Helius baglantisi koptu (InvalidStatus), 5s sonra tekrar denenecek
15:48:35 INFO    [warn] Helius baglantisi koptu (InvalidStatus), 5s sonra tekrar denenecek
15:48:41 INFO    [warn] Helius baglantisi koptu (InvalidStatus), 5s sonra tekrar denenecek
15:48:46 INFO    [warn] Helius baglantisi koptu (InvalidStatus), 5s sonra tekrar denenecek
15:48:52 INFO    [warn] Helius baglantisi koptu (InvalidStatus), 5s sonra tekrar denenecek
15:48:53 WARNING RPC hiz limiti (429) - RPC_RPS dusurun veya plani yukseltin
15:48:57 INFO    [warn] Helius baglantisi koptu (InvalidStatus), 5s sonra tekrar denenecek
15:49:02 INFO    [warn] Helius baglantisi koptu (InvalidStatus), 5s sonra tekrar denenecek
15:49:08 INFO    [warn] Helius baglantisi koptu (InvalidStatus), 5s sonra tekrar denenecek
15:49:13 INFO    [warn] Helius baglantisi koptu (InvalidStatus), 5s sonra tekrar denenecek
15:49:19 INFO    [warn] Helius baglantisi koptu (InvalidStatus), 5s sonra tekrar denenecek
15:49:24 INFO    [warn] Helius baglantisi koptu (InvalidStatus), 5s sonra tekrar denenecek
15:49:29 INFO    [warn] Helius baglantisi koptu (InvalidStatus), 5s sonra tekrar denenecek
15:49:32 WARNING RPC hiz limiti (429) - RPC_RPS dusurun veya plani yukseltin
15:49:35 INFO    [warn] Helius baglantisi koptu (InvalidStatus), 5s sonra tekrar denenecek
15:49:40 INFO    [warn] Takip edilen cuzdan yok - once skorlayip takibe alin
15:49:40 INFO    [warn] Helius baglantisi koptu (InvalidStatus), 5s sonra tekrar denenecek
15:49:46 INFO    [warn] Helius baglantisi koptu (InvalidStatus), 5s sonra tekrar denenecek
15:49:51 INFO    [warn] Helius baglantisi koptu (InvalidStatus), 5s sonra tekrar denenecek
15:49:57 INFO    [warn] Helius baglantisi koptu (InvalidStatus), 5s sonra tekrar denenecek
15:50:02 INFO    [warn] Helius baglantisi koptu (InvalidStatus), 5s sonra tekrar denenecek
15:50:08 INFO    [warn] Helius baglantisi koptu (InvalidStatus), 5s sonra tekrar denenecek
15:50:13 INFO    [warn] Helius baglantisi koptu (InvalidStatus), 5s sonra tekrar denenecek
15:50:15 WARNING RPC hiz limiti (429) - RPC_RPS dusurun veya plani yukseltin
15:50:18 INFO    [warn] Helius baglantisi koptu (InvalidStatus), 5s sonra tekrar denenecek
15:50:24 INFO    [warn] Helius baglantisi koptu (InvalidStatus), 5s sonra tekrar denenecek
15:50:29 INFO    [warn] Helius baglantisi koptu (InvalidStatus), 5s sonra tekrar denenecek
15:50:34 INFO    [warn] Helius baglantisi koptu (InvalidStatus), 5s sonra tekrar denenecek
15:50:40 INFO    [warn] Helius baglantisi koptu (InvalidStatus), 5s sonra tekrar denenecek
15:50:45 INFO    [warn] Helius baglantisi koptu (InvalidStatus), 5s sonra tekrar denenecek
15:50:50 INFO    [warn] Helius baglantisi koptu (InvalidStatus), 5s sonra tekrar denenecek
15:50:54 WARNING RPC hiz limiti (429) - RPC_RPS dusurun veya plani yukseltin
15:50:56 INFO    [warn] Helius baglantisi koptu (InvalidStatus), 5s sonra tekrar denenecek
15:51:01 INFO    [warn] Helius baglantisi koptu (InvalidStatus), 5s sonra tekrar denenecek
15:51:07 INFO    [warn] Helius baglantisi koptu (InvalidStatus), 5s sonra tekrar denenecek
15:51:12 INFO    [warn] Helius baglantisi koptu (InvalidStatus), 5s sonra tekrar denenecek
15:51:17 INFO    [warn] Helius baglantisi koptu (InvalidStatus), 5s sonra tekrar denenecek
15:51:23 INFO    [warn] Helius baglantisi koptu (InvalidStatus), 5s sonra tekrar denenecek
15:51:29 INFO    [warn] Helius baglantisi koptu (InvalidStatus), 5s sonra tekrar denenecek
15:51:33 WARNING RPC hiz limiti (429) - RPC_RPS dusurun veya plani yukseltin
15:51:34 INFO    [warn] Helius baglantisi koptu (InvalidStatus), 5s sonra tekrar denenecek
15:51:40 INFO    [warn] Takip edilen cuzdan yok - once skorlayip takibe alin
15:51:40 INFO    [warn] Helius baglantisi koptu (InvalidStatus), 5s sonra tekrar denenecek
15:51:45 INFO    [warn] Helius baglantisi koptu (InvalidStatus), 5s sonra tekrar denenecek
15:51:50 INFO    [warn] Helius baglantisi koptu (InvalidStatus), 5s sonra tekrar denenecek
15:51:56 INFO    [warn] Helius baglantisi koptu (InvalidStatus), 5s sonra tekrar denenecek
15:52:01 INFO    [warn] Helius baglantisi koptu (InvalidStatus), 5s sonra tekrar denenecek
15:52:06 INFO    [warn] Helius baglantisi koptu (InvalidStatus), 5s sonra tekrar denenecek
15:52:11 WARNING RPC hiz limiti (429) - RPC_RPS dusurun veya plani yukseltin
15:52:12 INFO    [warn] Helius baglantisi koptu (InvalidStatus), 5s sonra tekrar denenecek
15:52:17 INFO    [warn] Helius baglantisi koptu (InvalidStatus), 5s sonra tekrar denenecek
15:52:23 INFO    [warn] Helius baglantisi koptu (InvalidStatus), 5s sonra tekrar denenecek
15:52:29 INFO    [warn] Helius baglantisi koptu (InvalidStatus), 5s sonra tekrar denenecek
15:52:35 INFO    [warn] Helius baglantisi koptu (InvalidStatus), 5s sonra tekrar denenecek
15:52:40 INFO    [warn] Helius baglantisi koptu (InvalidStatus), 5s sonra tekrar denenecek
15:52:45 INFO    [warn] Helius baglantisi koptu (InvalidStatus), 5s sonra tekrar denenecek
15:52:51 INFO    [warn] Helius baglantisi koptu (InvalidStatus), 5s sonra tekrar denenecek
15:52:52 WARNING RPC hiz limiti (429) - RPC_RPS dusurun veya plani yukseltin
15:52:56 INFO    [warn] Helius baglantisi koptu (InvalidStatus), 5s sonra tekrar denenecek
15:53:01 INFO    [warn] Helius baglantisi koptu (InvalidStatus), 5s sonra tekrar denenecek
15:53:07 INFO    [warn] Helius baglantisi koptu (InvalidStatus), 5s sonra tekrar denenecek
15:53:12 INFO    [warn] Helius baglantisi koptu (InvalidStatus), 5s sonra tekrar denenecek
15:53:17 INFO    [warn] Helius baglantisi koptu (InvalidStatus), 5s sonra tekrar denenecek
15:53:23 INFO    [warn] Helius baglantisi koptu (InvalidStatus), 5s sonra tekrar denenecek
15:53:28 INFO    [warn] Helius baglantisi koptu (InvalidStatus), 5s sonra tekrar denenecek
15:53:31 WARNING RPC hiz limiti (429) - RPC_RPS dusurun veya plani yukseltin
15:53:33 INFO    [warn] Helius baglantisi koptu (InvalidStatus), 5s sonra tekrar denenecek
15:53:39 INFO    [warn] Helius baglantisi koptu (InvalidStatus), 5s sonra tekrar denenecek
15:53:40 INFO    [warn] Takip edilen cuzdan yok - once skorlayip takibe alin
15:53:44 INFO    [warn] Helius baglantisi koptu (InvalidStatus), 5s sonra tekrar denenecek
15:53:49 INFO    [warn] Helius baglantisi koptu (InvalidStatus), 5s sonra tekrar denenecek
15:53:55 INFO    [warn] Helius baglantisi koptu (InvalidStatus), 5s sonra tekrar denenecek
15:54:00 INFO    [warn] Helius baglantisi koptu (InvalidStatus), 5s sonra tekrar denenecek
15:54:05 INFO    [warn] Helius baglantisi koptu (InvalidStatus), 5s sonra tekrar denenecek
15:54:11 INFO    [warn] Helius baglantisi koptu (InvalidStatus), 5s sonra tekrar denenecek
15:54:14 WARNING RPC hiz limiti (429) - RPC_RPS dusurun veya plani yukseltin
15:54:16 INFO    [warn] Helius baglantisi koptu (InvalidStatus), 5s sonra tekrar denenecek
15:54:21 INFO    [warn] Helius baglantisi koptu (InvalidStatus), 5s sonra tekrar denenecek
15:54:27 INFO    [warn] Helius baglantisi koptu (InvalidStatus), 5s sonra tekrar denenecek
15:54:32 INFO    [warn] Helius baglantisi koptu (InvalidStatus), 5s sonra tekrar denenecek
15:54:38 INFO    [warn] Helius baglantisi koptu (InvalidStatus), 5s sonra tekrar denenecek
15:54:44 INFO    [warn] Helius baglantisi koptu (InvalidStatus), 5s sonra tekrar denenecek
15:54:49 INFO    [warn] Helius baglantisi koptu (InvalidStatus), 5s sonra tekrar denenecek
15:54:53 WARNING RPC hiz limiti (429) - RPC_RPS dusurun veya plani yukseltin
15:54:55 INFO    [warn] Helius baglantisi koptu (InvalidStatus), 5s sonra tekrar denenecek
15:55:02 INFO    [warn] Helius baglantisi koptu (InvalidStatus), 5s sonra tekrar denenecek
15:55:08 INFO    [warn] Helius baglantisi koptu (InvalidStatus), 5s sonra tekrar denenecek
15:55:13 INFO    [warn] Helius baglantisi koptu (InvalidStatus), 5s sonra tekrar denenecek
15:55:19 INFO    [warn] Helius baglantisi koptu (InvalidStatus), 5s sonra tekrar denenecek
15:55:24 INFO    [warn] Helius baglantisi koptu (InvalidStatus), 5s sonra tekrar denenecek
15:55:30 INFO    [warn] Helius baglantisi koptu (InvalidStatus), 5s sonra tekrar denenecek
15:55:32 WARNING RPC hiz limiti (429) - RPC_RPS dusurun veya plani yukseltin
15:55:35 INFO    [warn] Helius baglantisi koptu (InvalidStatus), 5s sonra tekrar denenecek
15:55:40 INFO    [warn] Takip edilen cuzdan yok - once skorlayip takibe alin
15:55:41 INFO    [warn] Helius baglantisi koptu (InvalidStatus), 5s sonra tekrar denenecek
15:55:47 INFO    [warn] Helius baglantisi koptu (InvalidStatus), 5s sonra tekrar denenecek
15:55:52 INFO    [warn] Helius baglantisi koptu (InvalidStatus), 5s sonra tekrar denenecek
15:55:58 INFO    [warn] Helius baglantisi koptu (InvalidStatus), 5s sonra tekrar denenecek
15:56:04 INFO    [warn] Helius baglantisi koptu (InvalidStatus), 5s sonra tekrar denenecek
15:56:09 INFO    [warn] Helius baglantisi koptu (InvalidStatus), 5s sonra tekrar denenecek
15:56:12 WARNING RPC hiz limiti (429) - RPC_RPS dusurun veya plani yukseltin
15:56:14 INFO    [warn] Helius baglantisi koptu (InvalidStatus), 5s sonra tekrar denenecek
15:56:20 INFO    [warn] Helius baglantisi koptu (InvalidStatus), 5s sonra tekrar denenecek
15:56:25 INFO    [warn] Helius baglantisi koptu (InvalidStatus), 5s sonra tekrar denenecek
15:56:31 INFO    [warn] Helius baglantisi koptu (InvalidStatus), 5s sonra tekrar denenecek
15:56:36 INFO    [warn] Helius baglantisi koptu (InvalidStatus), 5s sonra tekrar denenecek
15:56:42 INFO    [warn] Helius baglantisi koptu (InvalidStatus), 5s sonra tekrar denenecek
15:56:47 INFO    [warn] Helius baglantisi koptu (InvalidStatus), 5s sonra tekrar denenecek
15:56:52 WARNING RPC hiz limiti (429) - RPC_RPS dusurun veya plani yukseltin
15:56:52 INFO    [warn] Helius baglantisi koptu (InvalidStatus), 5s sonra tekrar denenecek
15:56:59 INFO    [warn] Helius baglantisi koptu (InvalidStatus), 5s sonra tekrar denenecek
15:57:04 INFO    [warn] Helius baglantisi koptu (InvalidStatus), 5s sonra tekrar denenecek
15:57:10 INFO    [warn] Helius baglantisi koptu (InvalidStatus), 5s sonra tekrar denenecek
15:57:15 INFO    [warn] Helius baglantisi koptu (InvalidStatus), 5s sonra tekrar denenecek
15:57:21 INFO    [warn] Helius baglantisi koptu (InvalidStatus), 5s sonra tekrar denenecek
15:57:26 INFO    [warn] Helius baglantisi koptu (InvalidStatus), 5s sonra tekrar denenecek
15:57:32 INFO    [warn] Helius baglantisi koptu (InvalidStatus), 5s sonra tekrar denenecek
15:57:36 WARNING RPC hiz limiti (429) - RPC_RPS dusurun veya plani yukseltin
15:57:37 INFO    [warn] Helius baglantisi koptu (InvalidStatus), 5s sonra tekrar denenecek
15:57:40 INFO    [warn] Takip edilen cuzdan yok - once skorlayip takibe alin
15:57:43 INFO    [warn] Helius baglantisi koptu (InvalidStatus), 5s sonra tekrar denenecek
15:57:48 INFO    [warn] Helius baglantisi koptu (InvalidStatus), 5s sonra tekrar denenecek
15:57:54 INFO    [warn] Helius baglantisi koptu (InvalidStatus), 5s sonra tekrar denenecek
15:57:59 INFO    [warn] Helius baglantisi koptu (InvalidStatus), 5s sonra tekrar denenecek
15:58:05 INFO    [warn] Helius baglantisi koptu (InvalidStatus), 5s sonra tekrar denenecek
15:58:10 INFO    [warn] Helius baglantisi koptu (InvalidStatus), 5s sonra tekrar denenecek
15:58:14 WARNING RPC hiz limiti (429) - RPC_RPS dusurun veya plani yukseltin
15:58:15 INFO    [warn] Helius baglantisi koptu (InvalidStatus), 5s sonra tekrar denenecek
15:58:21 INFO    [warn] Helius baglantisi koptu (InvalidStatus), 5s sonra tekrar denenecek
15:58:26 INFO    [warn] Helius baglantisi koptu (InvalidStatus), 5s sonra tekrar denenecek
15:58:40 INFO    [warn] Helius baglantisi koptu (InvalidStatus), 5s sonra tekrar denenecek
15:58:46 INFO    [warn] Helius baglantisi koptu (InvalidStatus), 5s sonra tekrar denenecek
15:58:51 INFO    [warn] Helius baglantisi koptu (InvalidStatus), 5s sonra tekrar denenecek
15:58:57 INFO    [warn] Helius baglantisi koptu (InvalidStatus), 5s sonra tekrar denenecek
15:58:57 WARNING RPC hiz limiti (429) - RPC_RPS dusurun veya plani yukseltin
15:59:02 INFO    [warn] Helius baglantisi koptu (InvalidStatus), 5s sonra tekrar denenecek
15:59:07 INFO    [warn] Helius baglantisi koptu (InvalidStatus), 5s sonra tekrar denenecek
15:59:12 INFO    [warn] Helius baglantisi koptu (InvalidStatus), 5s sonra tekrar denenecek
15:59:18 INFO    [warn] Helius baglantisi koptu (InvalidStatus), 5s sonra tekrar denenecek
15:59:23 INFO    [warn] Helius baglantisi koptu (InvalidStatus), 5s sonra tekrar denenecek
15:59:29 INFO    [warn] Helius baglantisi koptu (InvalidStatus), 5s sonra tekrar denenecek
15:59:34 INFO    [warn] Helius baglantisi koptu (InvalidStatus), 5s sonra tekrar denenecek
15:59:37 WARNING RPC hiz limiti (429) - RPC_RPS dusurun veya plani yukseltin
15:59:40 INFO    [warn] Helius baglantisi koptu (InvalidStatus), 5s sonra tekrar denenecek
15:59:40 INFO    [warn] Takip edilen cuzdan yok - once skorlayip takibe alin
15:59:45 INFO    [warn] Helius baglantisi koptu (InvalidStatus), 5s sonra tekrar denenecek
15:59:50 INFO    [warn] Helius baglantisi koptu (InvalidStatus), 5s sonra tekrar denenecek
15:59:55 INFO    [warn] Helius baglantisi koptu (InvalidStatus), 5s sonra tekrar denenecek
16:00:01 INFO    [warn] Helius baglantisi koptu (InvalidStatus), 5s sonra tekrar denenecek
16:00:06 INFO    [warn] Helius baglantisi koptu (InvalidStatus), 5s sonra tekrar denenecek
16:00:12 INFO    [warn] Helius baglantisi koptu (InvalidStatus), 5s sonra tekrar denenecek
16:00:16 WARNING RPC hiz limiti (429) - RPC_RPS dusurun veya plani yukseltin
16:00:17 INFO    [warn] Helius baglantisi koptu (InvalidStatus), 5s sonra tekrar denenecek
16:00:22 INFO    [warn] Helius baglantisi koptu (InvalidStatus), 5s sonra tekrar denenecek
16:00:28 INFO    [warn] Helius baglantisi koptu (InvalidStatus), 5s sonra tekrar denenecek
16:00:33 INFO    [warn] Helius baglantisi koptu (InvalidStatus), 5s sonra tekrar denenecek
16:00:38 INFO    [warn] Helius baglantisi koptu (InvalidStatus), 5s sonra tekrar denenecek
16:00:44 INFO    [warn] Helius baglantisi koptu (InvalidStatus), 5s sonra tekrar denenecek
16:00:51 INFO    [warn] Helius baglantisi koptu (InvalidStatus), 5s sonra tekrar denenecek
16:00:57 INFO    [warn] Helius baglantisi koptu (InvalidStatus), 5s sonra tekrar denenecek
16:00:57 WARNING RPC hiz limiti (429) - RPC_RPS dusurun veya plani yukseltin
16:01:03 INFO    [warn] Helius baglantisi koptu (InvalidStatus), 5s sonra tekrar denenecek
16:01:08 INFO    [warn] Helius baglantisi koptu (InvalidStatus), 5s sonra tekrar denenecek
16:01:14 INFO    [warn] Helius baglantisi koptu (InvalidStatus), 5s sonra tekrar denenecek
16:01:19 INFO    [warn] Helius baglantisi koptu (InvalidStatus), 5s sonra tekrar denenecek
16:01:25 INFO    [warn] Helius baglantisi koptu (InvalidStatus), 5s sonra tekrar denenecek
16:01:30 INFO    [warn] Helius baglantisi koptu (InvalidStatus), 5s sonra tekrar denenecek
16:01:35 INFO    [warn] Helius baglantisi koptu (InvalidStatus), 5s sonra tekrar denenecek
16:01:39 WARNING RPC hiz limiti (429) - RPC_RPS dusurun veya plani yukseltin
16:01:40 INFO    [warn] Takip edilen cuzdan yok - once skorlayip takibe alin
16:01:41 INFO    [warn] Helius baglantisi koptu (InvalidStatus), 5s sonra tekrar denenecek
16:01:46 INFO    [warn] Helius baglantisi koptu (InvalidStatus), 5s sonra tekrar denenecek
16:01:52 INFO    [warn] Helius baglantisi koptu (InvalidStatus), 5s sonra tekrar denenecek
16:01:57 INFO    [warn] Helius baglantisi koptu (InvalidStatus), 5s sonra tekrar denenecek
16:02:02 INFO    [warn] Helius baglantisi koptu (InvalidStatus), 5s sonra tekrar denenecek
16:02:08 INFO    [warn] Helius baglantisi koptu (InvalidStatus), 5s sonra tekrar denenecek
16:02:13 INFO    [warn] Helius baglantisi koptu (InvalidStatus), 5s sonra tekrar denenecek
16:02:19 WARNING RPC hiz limiti (429) - RPC_RPS dusurun veya plani yukseltin
16:02:19 INFO    [warn] Helius baglantisi koptu (InvalidStatus), 5s sonra tekrar denenecek
16:02:24 INFO    [warn] Helius baglantisi koptu (InvalidStatus), 5s sonra tekrar denenecek
16:02:30 INFO    [warn] Helius baglantisi koptu (InvalidStatus), 5s sonra tekrar denenecek
16:02:35 INFO    [warn] Helius baglantisi koptu (InvalidStatus), 5s sonra tekrar denenecek
16:02:41 INFO    [warn] Helius baglantisi koptu (InvalidStatus), 5s sonra tekrar denenecek
16:02:47 INFO    [warn] Helius baglantisi koptu (InvalidStatus), 5s sonra tekrar denenecek
16:02:52 INFO    [warn] Helius baglantisi koptu (InvalidStatus), 5s sonra tekrar denenecek
16:02:57 INFO    [warn] Helius baglantisi koptu (InvalidStatus), 5s sonra tekrar denenecek
16:03:00 WARNING RPC hiz limiti (429) - RPC_RPS dusurun veya plani yukseltin
16:03:03 INFO    [warn] Helius baglantisi koptu (InvalidStatus), 5s sonra tekrar denenecek
16:03:08 INFO    [warn] Helius baglantisi koptu (InvalidStatus), 5s sonra tekrar denenecek
16:03:13 INFO    [warn] Helius baglantisi koptu (InvalidStatus), 5s sonra tekrar denenecek
16:03:19 INFO    [warn] Helius baglantisi koptu (InvalidStatus), 5s sonra tekrar denenecek
16:03:24 INFO    [warn] Helius baglantisi koptu (InvalidStatus), 5s sonra tekrar denenecek
16:03:30 INFO    [warn] Helius baglantisi koptu (InvalidStatus), 5s sonra tekrar denenecek
16:03:35 INFO    [warn] Helius baglantisi koptu (InvalidStatus), 5s sonra tekrar denenecek
16:03:40 INFO    [warn] Takip edilen cuzdan yok - once skorlayip takibe alin
16:03:40 INFO    [warn] Helius baglantisi koptu (InvalidStatus), 5s sonra tekrar denenecek
16:03:40 WARNING RPC hiz limiti (429) - RPC_RPS dusurun veya plani yukseltin
16:03:46 INFO    [warn] Helius baglantisi koptu (InvalidStatus), 5s sonra tekrar denenecek
16:03:51 INFO    [warn] Helius baglantisi koptu (InvalidStatus), 5s sonra tekrar denenecek
16:03:56 INFO    [warn] Helius baglantisi koptu (InvalidStatus), 5s sonra tekrar denenecek
16:04:02 INFO    [warn] Helius baglantisi koptu (InvalidStatus), 5s sonra tekrar denenecek
16:04:07 INFO    [warn] Helius baglantisi koptu (InvalidStatus), 5s sonra tekrar denenecek
16:04:13 INFO    [warn] Helius baglantisi koptu (InvalidStatus), 5s sonra tekrar denenecek
16:04:18 INFO    [warn] Helius baglantisi koptu (InvalidStatus), 5s sonra tekrar denenecek
16:04:20 WARNING RPC hiz limiti (429) - RPC_RPS dusurun veya plani yukseltin
16:04:23 INFO    [warn] Helius baglantisi koptu (InvalidStatus), 5s sonra tekrar denenecek
16:04:29 INFO    [warn] Helius baglantisi koptu (InvalidStatus), 5s sonra tekrar denenecek
16:04:35 INFO    [warn] Helius baglantisi koptu (InvalidStatus), 5s sonra tekrar denenecek
16:04:40 INFO    [warn] Helius baglantisi koptu (InvalidStatus), 5s sonra tekrar denenecek
16:04:45 INFO    [warn] Helius baglantisi koptu (InvalidStatus), 5s sonra tekrar denenecek
16:04:51 INFO    [warn] Helius baglantisi koptu (InvalidStatus), 5s sonra tekrar denenecek
16:04:56 INFO    [warn] Helius baglantisi koptu (InvalidStatus), 5s sonra tekrar denenecek
16:05:02 WARNING RPC hiz limiti (429) - RPC_RPS dusurun veya plani yukseltin
16:05:02 INFO    [warn] Helius baglantisi koptu (InvalidStatus), 5s sonra tekrar denenecek
16:05:08 INFO    [warn] Helius baglantisi koptu (InvalidStatus), 5s sonra tekrar denenecek
16:05:13 INFO    [warn] Helius baglantisi koptu (InvalidStatus), 5s sonra tekrar denenecek
16:05:19 INFO    [warn] Helius baglantisi koptu (InvalidStatus), 5s sonra tekrar denenecek
16:05:25 INFO    [warn] Helius baglantisi koptu (InvalidStatus), 5s sonra tekrar denenecek
16:05:30 INFO    [warn] Helius baglantisi koptu (InvalidStatus), 5s sonra tekrar denenecek
16:05:36 INFO    [warn] Helius baglantisi koptu (InvalidStatus), 5s sonra tekrar denenecek
16:05:40 INFO    [warn] Takip edilen cuzdan yok - once skorlayip takibe alin
16:05:42 INFO    [warn] Helius baglantisi koptu (InvalidStatus), 5s sonra tekrar denenecek
16:05:45 WARNING RPC hiz limiti (429) - RPC_RPS dusurun veya plani yukseltin
16:05:47 INFO    [warn] Helius baglantisi koptu (InvalidStatus), 5s sonra tekrar denenecek
16:05:53 INFO    [warn] Helius baglantisi koptu (InvalidStatus), 5s sonra tekrar denenecek
16:05:59 INFO    [warn] Helius baglantisi koptu (InvalidStatus), 5s sonra tekrar denenecek
16:06:06 INFO    [warn] Helius baglantisi koptu (InvalidStatus), 5s sonra tekrar denenecek
16:06:11 INFO    [warn] Helius baglantisi koptu (InvalidStatus), 5s sonra tekrar denenecek
16:06:17 INFO    [warn] Helius baglantisi koptu (InvalidStatus), 5s sonra tekrar denenecek
16:06:22 INFO    [warn] Helius baglantisi koptu (InvalidStatus), 5s sonra tekrar denenecek
16:06:26 WARNING RPC hiz limiti (429) - RPC_RPS dusurun veya plani yukseltin
16:06:27 INFO    [warn] Helius baglantisi koptu (InvalidStatus), 5s sonra tekrar denenecek
16:06:33 INFO    [warn] Helius baglantisi koptu (InvalidStatus), 5s sonra tekrar denenecek
16:06:38 INFO    [warn] Helius baglantisi koptu (InvalidStatus), 5s sonra tekrar denenecek
16:06:43 INFO    [warn] Helius baglantisi koptu (InvalidStatus), 5s sonra tekrar denenecek
16:06:49 INFO    [warn] Helius baglantisi koptu (InvalidStatus), 5s sonra tekrar denenecek
16:06:54 INFO    [warn] Helius baglantisi koptu (InvalidStatus), 5s sonra tekrar denenecek
16:07:00 INFO    [warn] Helius baglantisi koptu (InvalidStatus), 5s sonra tekrar denenecek
16:07:05 INFO    [warn] Helius baglantisi koptu (InvalidStatus), 5s sonra tekrar denenecek
16:07:07 WARNING RPC hiz limiti (429) - RPC_RPS dusurun veya plani yukseltin
16:07:10 INFO    [warn] Helius baglantisi koptu (InvalidStatus), 5s sonra tekrar denenecek
16:07:16 INFO    [warn] Helius baglantisi koptu (InvalidStatus), 5s sonra tekrar denenecek
16:07:21 INFO    [warn] Helius baglantisi koptu (InvalidStatus), 5s sonra tekrar denenecek
16:07:26 INFO    [warn] Helius baglantisi koptu (InvalidStatus), 5s sonra tekrar denenecek
16:07:32 INFO    [warn] Helius baglantisi koptu (InvalidStatus), 5s sonra tekrar denenecek
16:07:38 INFO    [warn] Helius baglantisi koptu (InvalidStatus), 5s sonra tekrar denenecek
16:07:40 INFO    [warn] Takip edilen cuzdan yok - once skorlayip takibe alin
16:07:43 INFO    [warn] Helius baglantisi koptu (InvalidStatus), 5s sonra tekrar denenecek
16:07:46 WARNING RPC hiz limiti (429) - RPC_RPS dusurun veya plani yukseltin
16:07:49 INFO    [warn] Helius baglantisi koptu (InvalidStatus), 5s sonra tekrar denenecek
16:07:54 INFO    [warn] Helius baglantisi koptu (InvalidStatus), 5s sonra tekrar denenecek
16:07:59 INFO    [warn] Helius baglantisi koptu (InvalidStatus), 5s sonra tekrar denenecek
16:08:04 INFO    [warn] Helius baglantisi koptu (InvalidStatus), 5s sonra tekrar denenecek
16:08:10 INFO    [warn] Helius baglantisi koptu (InvalidStatus), 5s sonra tekrar denenecek
16:08:15 INFO    [warn] Helius baglantisi koptu (InvalidStatus), 5s sonra tekrar denenecek
16:08:21 INFO    [warn] Helius baglantisi koptu (InvalidStatus), 5s sonra tekrar denenecek
16:08:25 WARNING RPC hiz limiti (429) - RPC_RPS dusurun veya plani yukseltin
16:08:26 INFO    [warn] Helius baglantisi koptu (InvalidStatus), 5s sonra tekrar denenecek
16:08:32 INFO    [warn] Helius baglantisi koptu (InvalidStatus), 5s sonra tekrar denenecek
16:08:37 INFO    [warn] Helius baglantisi koptu (InvalidStatus), 5s sonra tekrar denenecek
16:08:43 INFO    [warn] Helius baglantisi koptu (InvalidStatus), 5s sonra tekrar denenecek
16:08:48 INFO    [warn] Helius baglantisi koptu (InvalidStatus), 5s sonra tekrar denenecek
16:08:54 INFO    [warn] Helius baglantisi koptu (InvalidStatus), 5s sonra tekrar denenecek
16:09:00 INFO    [warn] Helius baglantisi koptu (InvalidStatus), 5s sonra tekrar denenecek
16:09:05 INFO    [warn] Helius baglantisi koptu (InvalidStatus), 5s sonra tekrar denenecek
16:09:07 WARNING RPC hiz limiti (429) - RPC_RPS dusurun veya plani yukseltin
16:09:10 INFO    [warn] Helius baglantisi koptu (InvalidStatus), 5s sonra tekrar denenecek
16:09:16 INFO    [warn] Helius baglantisi koptu (InvalidStatus), 5s sonra tekrar denenecek
16:09:21 INFO    [warn] Helius baglantisi koptu (InvalidStatus), 5s sonra tekrar denenecek
16:09:27 INFO    [warn] Helius baglantisi koptu (InvalidStatus), 5s sonra tekrar denenecek
16:09:33 INFO    [warn] Helius baglantisi koptu (InvalidStatus), 5s sonra tekrar denenecek
16:09:38 INFO    [warn] Helius baglantisi koptu (InvalidStatus), 5s sonra tekrar denenecek
16:09:40 INFO    [warn] Takip edilen cuzdan yok - once skorlayip takibe alin
16:09:44 INFO    [warn] Helius baglantisi koptu (InvalidStatus), 5s sonra tekrar denenecek
16:09:49 INFO    [warn] Helius baglantisi koptu (InvalidStatus), 5s sonra tekrar denenecek
16:09:55 INFO    [warn] Helius baglantisi koptu (InvalidStatus), 5s sonra tekrar denenecek
16:09:57 WARNING RPC hiz limiti (429) - RPC_RPS dusurun veya plani yukseltin
16:10:01 INFO    [warn] Helius baglantisi koptu (InvalidStatus), 5s sonra tekrar denenecek
16:10:06 INFO    [warn] Helius baglantisi koptu (InvalidStatus), 5s sonra tekrar denenecek
16:10:14 INFO    [warn] Helius baglantisi koptu (InvalidStatus), 5s sonra tekrar denenecek
16:10:19 INFO    [warn] Helius baglantisi koptu (InvalidStatus), 5s sonra tekrar denenecek
16:10:24 INFO    [warn] Helius baglantisi koptu (InvalidStatus), 5s sonra tekrar denenecek
16:10:30 INFO    [warn] Helius baglantisi koptu (InvalidStatus), 5s sonra tekrar denenecek
16:10:35 INFO    [warn] Helius baglantisi koptu (InvalidStatus), 5s sonra tekrar denenecek
16:10:36 WARNING RPC hiz limiti (429) - RPC_RPS dusurun veya plani yukseltin
16:10:40 INFO    [warn] Helius baglantisi koptu (InvalidStatus), 5s sonra tekrar denenecek
16:10:47 INFO    [warn] Helius baglantisi koptu (InvalidStatus), 5s sonra tekrar denenecek
16:10:53 INFO    [warn] Helius baglantisi koptu (InvalidStatus), 5s sonra tekrar denenecek
16:10:58 INFO    [warn] Helius baglantisi koptu (InvalidStatus), 5s sonra tekrar denenecek
16:11:04 INFO    [warn] Helius baglantisi koptu (InvalidStatus), 5s sonra tekrar denenecek
16:11:09 INFO    [warn] Helius baglantisi koptu (InvalidStatus), 5s sonra tekrar denenecek
16:11:15 INFO    [warn] Helius baglantisi koptu (InvalidStatus), 5s sonra tekrar denenecek
16:11:16 WARNING RPC hiz limiti (429) - RPC_RPS dusurun veya plani yukseltin
16:11:22 INFO    [warn] Helius baglantisi koptu (InvalidStatus), 5s sonra tekrar denenecek
16:11:28 INFO    [warn] Helius baglantisi koptu (InvalidStatus), 5s sonra tekrar denenecek
16:11:33 INFO    [warn] Helius baglantisi koptu (InvalidStatus), 5s sonra tekrar denenecek
16:11:39 INFO    [warn] Helius baglantisi koptu (InvalidStatus), 5s sonra tekrar denenecek
16:11:40 INFO    [warn] Takip edilen cuzdan yok - once skorlayip takibe alin
16:11:44 INFO    [warn] Helius baglantisi koptu (InvalidStatus), 5s sonra tekrar denenecek
16:11:50 INFO    [warn] Helius baglantisi koptu (InvalidStatus), 5s sonra tekrar denenecek
16:11:55 INFO    [warn] Helius baglantisi koptu (InvalidStatus), 5s sonra tekrar denenecek
16:11:57 WARNING RPC hiz limiti (429) - RPC_RPS dusurun veya plani yukseltin
16:12:00 INFO    [warn] Helius baglantisi koptu (InvalidStatus), 5s sonra tekrar denenecek
16:12:07 INFO    [warn] Helius baglantisi koptu (InvalidStatus), 5s sonra tekrar denenecek
16:12:12 INFO    [warn] Helius baglantisi koptu (InvalidStatus), 5s sonra tekrar denenecek
16:12:18 INFO    [warn] Helius baglantisi koptu (InvalidStatus), 5s sonra tekrar denenecek
16:12:23 INFO    [warn] Helius baglantisi koptu (InvalidStatus), 5s sonra tekrar denenecek
16:12:29 INFO    [warn] Helius baglantisi koptu (InvalidStatus), 5s sonra tekrar denenecek
16:12:35 INFO    [warn] Helius baglantisi koptu (InvalidStatus), 5s sonra tekrar denenecek
16:12:38 WARNING RPC hiz limiti (429) - RPC_RPS dusurun veya plani yukseltin
16:12:41 INFO    [warn] Helius baglantisi koptu (InvalidStatus), 5s sonra tekrar denenecek
16:12:46 INFO    [warn] Helius baglantisi koptu (InvalidStatus), 5s sonra tekrar denenecek
16:12:52 INFO    [warn] Helius baglantisi koptu (InvalidStatus), 5s sonra tekrar denenecek
16:12:57 INFO    [warn] Helius baglantisi koptu (InvalidStatus), 5s sonra tekrar denenecek
16:13:03 INFO    [warn] Helius baglantisi koptu (InvalidStatus), 5s sonra tekrar denenecek
16:13:08 INFO    [warn] Helius baglantisi koptu (InvalidStatus), 5s sonra tekrar denenecek
16:13:13 INFO    [warn] Helius baglantisi koptu (InvalidStatus), 5s sonra tekrar denenecek
16:13:18 WARNING RPC hiz limiti (429) - RPC_RPS dusurun veya plani yukseltin
16:13:19 INFO    [warn] Helius baglantisi koptu (InvalidStatus), 5s sonra tekrar denenecek
16:13:24 INFO    [warn] Helius baglantisi koptu (InvalidStatus), 5s sonra tekrar denenecek
16:13:30 INFO    [warn] Helius baglantisi koptu (InvalidStatus), 5s sonra tekrar denenecek
16:13:35 INFO    [warn] Helius baglantisi koptu (InvalidStatus), 5s sonra tekrar denenecek
16:13:40 INFO    [warn] Takip edilen cuzdan yok - once skorlayip takibe alin
16:13:41 INFO    [warn] Helius baglantisi koptu (InvalidStatus), 5s sonra tekrar denenecek
16:13:46 INFO    [warn] Helius baglantisi koptu (InvalidStatus), 5s sonra tekrar denenecek
16:13:52 INFO    [warn] Helius baglantisi koptu (InvalidStatus), 5s sonra tekrar denenecek
16:13:58 INFO    [warn] Helius baglantisi koptu (InvalidStatus), 5s sonra tekrar denenecek
16:14:00 WARNING RPC hiz limiti (429) - RPC_RPS dusurun veya plani yukseltin
16:14:03 INFO    [warn] Helius baglantisi koptu (InvalidStatus), 5s sonra tekrar denenecek
16:14:09 INFO    [warn] Helius baglantisi koptu (InvalidStatus), 5s sonra tekrar denenecek
16:14:14 INFO    [warn] Helius baglantisi koptu (InvalidStatus), 5s sonra tekrar denenecek
16:14:19 INFO    [warn] Helius baglantisi koptu (InvalidStatus), 5s sonra tekrar denenecek
16:14:24 INFO    [warn] Helius baglantisi koptu (InvalidStatus), 5s sonra tekrar denenecek
16:14:30 INFO    [warn] Helius baglantisi koptu (InvalidStatus), 5s sonra tekrar denenecek
16:14:35 INFO    [warn] Helius baglantisi koptu (InvalidStatus), 5s sonra tekrar denenecek
16:14:39 WARNING RPC hiz limiti (429) - RPC_RPS dusurun veya plani yukseltin
16:14:41 INFO    [warn] Helius baglantisi koptu (InvalidStatus), 5s sonra tekrar denenecek
16:14:47 INFO    [warn] Helius baglantisi koptu (InvalidStatus), 5s sonra tekrar denenecek
16:14:52 INFO    [warn] Helius baglantisi koptu (InvalidStatus), 5s sonra tekrar denenecek
16:14:57 INFO    [warn] Helius baglantisi koptu (InvalidStatus), 5s sonra tekrar denenecek
16:15:03 INFO    [warn] Helius baglantisi koptu (InvalidStatus), 5s sonra tekrar denenecek
16:15:08 INFO    [warn] Helius baglantisi koptu (InvalidStatus), 5s sonra tekrar denenecek
16:15:13 INFO    [warn] Helius baglantisi koptu (InvalidStatus), 5s sonra tekrar denenecek
16:15:18 INFO    [warn] Helius baglantisi koptu (InvalidStatus), 5s sonra tekrar denenecek
16:15:20 WARNING RPC hiz limiti (429) - RPC_RPS dusurun veya plani yukseltin
16:15:24 INFO    [warn] Helius baglantisi koptu (InvalidStatus), 5s sonra tekrar denenecek
16:15:29 INFO    [warn] Helius baglantisi koptu (InvalidStatus), 5s sonra tekrar denenecek
16:15:34 INFO    [warn] Helius baglantisi koptu (InvalidStatus), 5s sonra tekrar denenecek
16:15:40 INFO    [warn] Takip edilen cuzdan yok - once skorlayip takibe alin
16:15:40 INFO    [warn] Helius baglantisi koptu (InvalidStatus), 5s sonra tekrar denenecek
16:15:46 INFO    [warn] Helius baglantisi koptu (InvalidStatus), 5s sonra tekrar denenecek
16:15:51 INFO    [warn] Helius baglantisi koptu (InvalidStatus), 5s sonra tekrar denenecek
16:15:56 INFO    [warn] Helius baglantisi koptu (InvalidStatus), 5s sonra tekrar denenecek
16:16:01 WARNING RPC hiz limiti (429) - RPC_RPS dusurun veya plani yukseltin
16:16:02 INFO    [warn] Helius baglantisi koptu (InvalidStatus), 5s sonra tekrar denenecek
16:16:07 INFO    [warn] Helius baglantisi koptu (InvalidStatus), 5s sonra tekrar denenecek
16:16:12 INFO    [warn] Helius baglantisi koptu (InvalidStatus), 5s sonra tekrar denenecek
16:16:18 INFO    [warn] Helius baglantisi koptu (InvalidStatus), 5s sonra tekrar denenecek
16:16:23 INFO    [warn] Helius baglantisi koptu (InvalidStatus), 5s sonra tekrar denenecek
16:16:29 INFO    [warn] Helius baglantisi koptu (InvalidStatus), 5s sonra tekrar denenecek
16:16:34 INFO    [warn] Helius baglantisi koptu (InvalidStatus), 5s sonra tekrar denenecek
16:16:39 INFO    [warn] Helius baglantisi koptu (InvalidStatus), 5s sonra tekrar denenecek
16:16:40 WARNING RPC hiz limiti (429) - RPC_RPS dusurun veya plani yukseltin
16:16:44 INFO    [warn] Helius baglantisi koptu (InvalidStatus), 5s sonra tekrar denenecek
16:16:50 INFO    [warn] Helius baglantisi koptu (InvalidStatus), 5s sonra tekrar denenecek
16:16:55 INFO    [warn] Helius baglantisi koptu (InvalidStatus), 5s sonra tekrar denenecek
16:17:00 INFO    [warn] Helius baglantisi koptu (InvalidStatus), 5s sonra tekrar denenecek
16:17:05 INFO    [warn] Helius baglantisi koptu (InvalidStatus), 5s sonra tekrar denenecek
16:17:11 INFO    [warn] Helius baglantisi koptu (InvalidStatus), 5s sonra tekrar denenecek
16:17:16 INFO    [warn] Helius baglantisi koptu (InvalidStatus), 5s sonra tekrar denenecek
16:17:17 WARNING RPC hiz limiti (429) - RPC_RPS dusurun veya plani yukseltin
16:17:21 INFO    [warn] Helius baglantisi koptu (InvalidStatus), 5s sonra tekrar denenecek
16:17:27 INFO    [warn] Helius baglantisi koptu (InvalidStatus), 5s sonra tekrar denenecek
16:17:32 INFO    [warn] Helius baglantisi koptu (InvalidStatus), 5s sonra tekrar denenecek
16:17:37 INFO    [warn] Helius baglantisi koptu (InvalidStatus), 5s sonra tekrar denenecek
16:17:40 INFO    [warn] Takip edilen cuzdan yok - once skorlayip takibe alin
16:17:43 INFO    [warn] Helius baglantisi koptu (InvalidStatus), 5s sonra tekrar denenecek
16:17:48 INFO    [warn] Helius baglantisi koptu (InvalidStatus), 5s sonra tekrar denenecek
16:17:53 INFO    [warn] Helius baglantisi koptu (InvalidStatus), 5s sonra tekrar denenecek
16:17:58 WARNING RPC hiz limiti (429) - RPC_RPS dusurun veya plani yukseltin
16:17:58 INFO    [warn] Helius baglantisi koptu (InvalidStatus), 5s sonra tekrar denenecek
16:18:04 INFO    [warn] Helius baglantisi koptu (InvalidStatus), 5s sonra tekrar denenecek
16:18:09 INFO    [warn] Helius baglantisi koptu (InvalidStatus), 5s sonra tekrar denenecek
16:18:14 INFO    [warn] Helius baglantisi koptu (InvalidStatus), 5s sonra tekrar denenecek
16:18:20 INFO    [warn] Helius baglantisi koptu (InvalidStatus), 5s sonra tekrar denenecek
16:18:25 INFO    [warn] Helius baglantisi koptu (InvalidStatus), 5s sonra tekrar denenecek
16:18:30 INFO    [warn] Helius baglantisi koptu (InvalidStatus), 5s sonra tekrar denenecek
16:18:35 INFO    [warn] Helius baglantisi koptu (InvalidStatus), 5s sonra tekrar denenecek
16:18:37 WARNING RPC hiz limiti (429) - RPC_RPS dusurun veya plani yukseltin
16:18:41 INFO    [warn] Helius baglantisi koptu (InvalidStatus), 5s sonra tekrar denenecek
16:18:46 INFO    [warn] Helius baglantisi koptu (InvalidStatus), 5s sonra tekrar denenecek
16:18:51 INFO    [warn] Helius baglantisi koptu (InvalidStatus), 5s sonra tekrar denenecek
16:18:56 INFO    [warn] Helius baglantisi koptu (InvalidStatus), 5s sonra tekrar denenecek
16:19:02 INFO    [warn] Helius baglantisi koptu (InvalidStatus), 5s sonra tekrar denenecek
16:19:07 INFO    [warn] Helius baglantisi koptu (InvalidStatus), 5s sonra tekrar denenecek
16:19:12 INFO    [warn] Helius baglantisi koptu (InvalidStatus), 5s sonra tekrar denenecek
16:19:16 WARNING RPC hiz limiti (429) - RPC_RPS dusurun veya plani yukseltin
16:19:18 INFO    [warn] Helius baglantisi koptu (InvalidStatus), 5s sonra tekrar denenecek
16:19:23 INFO    [warn] Helius baglantisi koptu (InvalidStatus), 5s sonra tekrar denenecek
16:19:28 INFO    [warn] Helius baglantisi koptu (InvalidStatus), 5s sonra tekrar denenecek
16:19:33 INFO    [warn] Helius baglantisi koptu (InvalidStatus), 5s sonra tekrar denenecek
16:19:39 INFO    [warn] Helius baglantisi koptu (InvalidStatus), 5s sonra tekrar denenecek
16:19:41 INFO    [warn] Takip edilen cuzdan yok - once skorlayip takibe alin
16:19:44 INFO    [warn] Helius baglantisi koptu (InvalidStatus), 5s sonra tekrar denenecek
16:19:49 INFO    [warn] Helius baglantisi koptu (InvalidStatus), 5s sonra tekrar denenecek
16:19:54 INFO    [warn] Helius baglantisi koptu (InvalidStatus), 5s sonra tekrar denenecek
16:19:55 WARNING RPC hiz limiti (429) - RPC_RPS dusurun veya plani yukseltin
16:20:00 INFO    [warn] Helius baglantisi koptu (InvalidStatus), 5s sonra tekrar denenecek
16:20:05 INFO    [warn] Helius baglantisi koptu (InvalidStatus), 5s sonra tekrar denenecek
16:20:10 INFO    [warn] Helius baglantisi koptu (InvalidStatus), 5s sonra tekrar denenecek
16:20:15 INFO    [warn] Helius baglantisi koptu (InvalidStatus), 5s sonra tekrar denenecek
16:20:21 INFO    [warn] Helius baglantisi koptu (InvalidStatus), 5s sonra tekrar denenecek
16:20:26 INFO    [warn] Helius baglantisi koptu (InvalidStatus), 5s sonra tekrar denenecek
16:20:31 INFO    [warn] Helius baglantisi koptu (InvalidStatus), 5s sonra tekrar denenecek
16:20:34 WARNING RPC hiz limiti (429) - RPC_RPS dusurun veya plani yukseltin
16:20:37 INFO    [warn] Helius baglantisi koptu (InvalidStatus), 5s sonra tekrar denenecek
16:20:42 INFO    [warn] Helius baglantisi koptu (InvalidStatus), 5s sonra tekrar denenecek
16:20:47 INFO    [warn] Helius baglantisi koptu (InvalidStatus), 5s sonra tekrar denenecek
16:20:52 INFO    [warn] Helius baglantisi koptu (InvalidStatus), 5s sonra tekrar denenecek
16:20:58 INFO    [warn] Helius baglantisi koptu (InvalidStatus), 5s sonra tekrar denenecek
16:21:03 INFO    [warn] Helius baglantisi koptu (InvalidStatus), 5s sonra tekrar denenecek
16:21:08 INFO    [warn] Helius baglantisi koptu (InvalidStatus), 5s sonra tekrar denenecek
16:21:12 WARNING RPC hiz limiti (429) - RPC_RPS dusurun veya plani yukseltin
16:21:14 INFO    [warn] Helius baglantisi koptu (InvalidStatus), 5s sonra tekrar denenecek
16:21:19 INFO    [warn] Helius baglantisi koptu (InvalidStatus), 5s sonra tekrar denenecek
16:21:24 INFO    [warn] Helius baglantisi koptu (InvalidStatus), 5s sonra tekrar denenecek
16:21:30 INFO    [warn] Helius baglantisi koptu (InvalidStatus), 5s sonra tekrar denenecek
16:21:35 INFO    [warn] Helius baglantisi koptu (InvalidStatus), 5s sonra tekrar denenecek
16:21:40 INFO    [warn] Helius baglantisi koptu (InvalidStatus), 5s sonra tekrar denenecek
16:21:41 INFO    [warn] Takip edilen cuzdan yok - once skorlayip takibe alin
16:21:45 INFO    [warn] Helius baglantisi koptu (InvalidStatus), 5s sonra tekrar denenecek
16:21:51 INFO    [warn] Helius baglantisi koptu (InvalidStatus), 5s sonra tekrar denenecek
16:21:52 WARNING RPC hiz limiti (429) - RPC_RPS dusurun veya plani yukseltin
16:21:56 INFO    [warn] Helius baglantisi koptu (InvalidStatus), 5s sonra tekrar denenecek
16:22:03 INFO    [warn] Helius baglantisi koptu (InvalidStatus), 5s sonra tekrar denenecek
16:22:08 INFO    [warn] Helius baglantisi koptu (InvalidStatus), 5s sonra tekrar denenecek
16:22:13 INFO    [warn] Helius baglantisi koptu (InvalidStatus), 5s sonra tekrar denenecek
16:22:19 INFO    [warn] Helius baglantisi koptu (InvalidStatus), 5s sonra tekrar denenecek
16:22:24 INFO    [warn] Helius baglantisi koptu (InvalidStatus), 5s sonra tekrar denenecek
16:22:29 INFO    [warn] Helius baglantisi koptu (InvalidStatus), 5s sonra tekrar denenecek
16:22:32 WARNING RPC hiz limiti (429) - RPC_RPS dusurun veya plani yukseltin
16:22:35 INFO    [warn] Helius baglantisi koptu (InvalidStatus), 5s sonra tekrar denenecek
16:22:37 INFO    [warn] Trailing stop: Feralized Agents (ATH $0.00001178 -> $0.00000791, 1.13x)
16:22:37 INFO    [info] [PAPER] SATIS Feralized Agents trailing_stop %100 -> 0.11012 SOL (fee 0.00213)
16:22:37 INFO    [success] [PAPER] Feralized Agents | trailing_stop %100 | PnL 11.17% (0.0091 SOL)
16:22:40 INFO    [warn] Helius baglantisi koptu (InvalidStatus), 5s sonra tekrar denenecek
16:22:45 INFO    [warn] Helius baglantisi koptu (InvalidStatus), 5s sonra tekrar denenecek
16:22:51 INFO    [warn] Helius baglantisi koptu (InvalidStatus), 5s sonra tekrar denenecek
16:22:56 INFO    [warn] Helius baglantisi koptu (InvalidStatus), 5s sonra tekrar denenecek
16:23:01 INFO    [warn] Helius baglantisi koptu (InvalidStatus), 5s sonra tekrar denenecek
16:23:07 INFO    [warn] Helius baglantisi koptu (InvalidStatus), 5s sonra tekrar denenecek
16:23:11 WARNING RPC hiz limiti (429) - RPC_RPS dusurun veya plani yukseltin
16:23:12 INFO    [warn] Helius baglantisi koptu (InvalidStatus), 5s sonra tekrar denenecek
16:23:17 INFO    [warn] Helius baglantisi koptu (InvalidStatus), 5s sonra tekrar denenecek
16:23:23 INFO    [warn] Helius baglantisi koptu (InvalidStatus), 5s sonra tekrar denenecek
16:23:28 INFO    [warn] Helius baglantisi koptu (InvalidStatus), 5s sonra tekrar denenecek
16:23:33 INFO    [warn] Helius baglantisi koptu (InvalidStatus), 5s sonra tekrar denenecek
16:23:38 INFO    [warn] Helius baglantisi koptu (InvalidStatus), 5s sonra tekrar denenecek
16:23:41 INFO    [warn] Takip edilen cuzdan yok - once skorlayip takibe alin
16:23:44 INFO    [warn] Helius baglantisi koptu (InvalidStatus), 5s sonra tekrar denenecek
16:23:49 INFO    [warn] Helius baglantisi koptu (InvalidStatus), 5s sonra tekrar denenecek
16:23:51 WARNING RPC hiz limiti (429) - RPC_RPS dusurun veya plani yukseltin
16:23:54 INFO    [warn] Helius baglantisi koptu (InvalidStatus), 5s sonra tekrar denenecek
16:23:59 INFO    [warn] Helius baglantisi koptu (InvalidStatus), 5s sonra tekrar denenecek
16:24:05 INFO    [warn] Helius baglantisi koptu (InvalidStatus), 5s sonra tekrar denenecek
16:24:11 INFO    [warn] Helius baglantisi koptu (InvalidStatus), 5s sonra tekrar denenecek
16:24:16 INFO    [warn] Helius baglantisi koptu (InvalidStatus), 5s sonra tekrar denenecek
16:24:21 INFO    [warn] Helius baglantisi koptu (InvalidStatus), 5s sonra tekrar denenecek
16:24:27 INFO    [warn] Helius baglantisi koptu (InvalidStatus), 5s sonra tekrar denenecek
16:24:30 WARNING RPC hiz limiti (429) - RPC_RPS dusurun veya plani yukseltin
16:24:32 INFO    [warn] Helius baglantisi koptu (InvalidStatus), 5s sonra tekrar denenecek
16:24:37 INFO    [warn] Helius baglantisi koptu (InvalidStatus), 5s sonra tekrar denenecek
16:24:43 INFO    [warn] Helius baglantisi koptu (InvalidStatus), 5s sonra tekrar denenecek
16:24:48 INFO    [warn] Helius baglantisi koptu (InvalidStatus), 5s sonra tekrar denenecek
16:24:53 INFO    [warn] Helius baglantisi koptu (InvalidStatus), 5s sonra tekrar denenecek
16:24:59 INFO    [warn] Helius baglantisi koptu (InvalidStatus), 5s sonra tekrar denenecek
16:25:06 INFO    [warn] Helius baglantisi koptu (InvalidStatus), 5s sonra tekrar denenecek
16:25:10 WARNING RPC hiz limiti (429) - RPC_RPS dusurun veya plani yukseltin
16:25:11 INFO    [warn] Helius baglantisi koptu (InvalidStatus), 5s sonra tekrar denenecek
16:25:17 INFO    [warn] Helius baglantisi koptu (InvalidStatus), 5s sonra tekrar denenecek
16:25:22 INFO    [warn] Helius baglantisi koptu (InvalidStatus), 5s sonra tekrar denenecek
16:25:27 INFO    [warn] Helius baglantisi koptu (InvalidStatus), 5s sonra tekrar denenecek
16:25:33 INFO    [warn] Helius baglantisi koptu (InvalidStatus), 5s sonra tekrar denenecek
16:25:39 INFO    [warn] Helius baglantisi koptu (InvalidStatus), 5s sonra tekrar denenecek
16:25:41 INFO    [warn] Takip edilen cuzdan yok - once skorlayip takibe alin
16:25:45 INFO    [warn] Helius baglantisi koptu (InvalidStatus), 5s sonra tekrar denenecek
16:25:50 INFO    [warn] Helius baglantisi koptu (InvalidStatus), 5s sonra tekrar denenecek
16:25:51 WARNING RPC hiz limiti (429) - RPC_RPS dusurun veya plani yukseltin
16:25:56 INFO    [warn] Helius baglantisi koptu (InvalidStatus), 5s sonra tekrar denenecek
16:26:02 INFO    [warn] Helius baglantisi koptu (InvalidStatus), 5s sonra tekrar denenecek
16:26:08 INFO    [warn] Helius baglantisi koptu (InvalidStatus), 5s sonra tekrar denenecek
16:26:13 INFO    [warn] Helius baglantisi koptu (InvalidStatus), 5s sonra tekrar denenecek
16:26:18 INFO    [warn] Helius baglantisi koptu (InvalidStatus), 5s sonra tekrar denenecek
16:26:24 INFO    [warn] Helius baglantisi koptu (InvalidStatus), 5s sonra tekrar denenecek
16:26:29 INFO    [warn] Helius baglantisi koptu (InvalidStatus), 5s sonra tekrar denenecek
16:26:33 WARNING RPC hiz limiti (429) - RPC_RPS dusurun veya plani yukseltin
16:26:35 INFO    [warn] Helius baglantisi koptu (InvalidStatus), 5s sonra tekrar denenecek
16:26:40 INFO    [warn] Helius baglantisi koptu (InvalidStatus), 5s sonra tekrar denenecek
16:26:46 INFO    [warn] Helius baglantisi koptu (InvalidStatus), 5s sonra tekrar denenecek
16:26:51 INFO    [warn] Helius baglantisi koptu (InvalidStatus), 5s sonra tekrar denenecek
16:26:56 INFO    [warn] Helius baglantisi koptu (InvalidStatus), 5s sonra tekrar denenecek
16:27:02 INFO    [warn] Helius baglantisi koptu (InvalidStatus), 5s sonra tekrar denenecek
16:27:07 INFO    [warn] Helius baglantisi koptu (InvalidStatus), 5s sonra tekrar denenecek
16:27:12 WARNING RPC hiz limiti (429) - RPC_RPS dusurun veya plani yukseltin
16:27:12 INFO    [warn] Helius baglantisi koptu (InvalidStatus), 5s sonra tekrar denenecek
16:27:18 INFO    [warn] Helius baglantisi koptu (InvalidStatus), 5s sonra tekrar denenecek
16:27:23 INFO    [warn] Helius baglantisi koptu (InvalidStatus), 5s sonra tekrar denenecek
16:27:29 INFO    [warn] Helius baglantisi koptu (InvalidStatus), 5s sonra tekrar denenecek
16:27:34 INFO    [warn] Helius baglantisi koptu (InvalidStatus), 5s sonra tekrar denenecek
16:27:39 INFO    [warn] Helius baglantisi koptu (InvalidStatus), 5s sonra tekrar denenecek
16:27:41 INFO    [warn] Takip edilen cuzdan yok - once skorlayip takibe alin
16:27:45 INFO    [warn] Helius baglantisi koptu (InvalidStatus), 5s sonra tekrar denenecek
16:27:50 INFO    [warn] Helius baglantisi koptu (InvalidStatus), 5s sonra tekrar denenecek
16:27:51 WARNING RPC hiz limiti (429) - RPC_RPS dusurun veya plani yukseltin
16:27:55 INFO    [warn] Helius baglantisi koptu (InvalidStatus), 5s sonra tekrar denenecek
16:28:01 INFO    [warn] Helius baglantisi koptu (InvalidStatus), 5s sonra tekrar denenecek
16:28:06 INFO    [warn] Helius baglantisi koptu (InvalidStatus), 5s sonra tekrar denenecek
16:28:11 INFO    [warn] Helius baglantisi koptu (InvalidStatus), 5s sonra tekrar denenecek
16:28:18 INFO    [warn] Helius baglantisi koptu (InvalidStatus), 5s sonra tekrar denenecek
16:28:24 INFO    [warn] Helius baglantisi koptu (InvalidStatus), 5s sonra tekrar denenecek
16:28:29 INFO    [warn] Helius baglantisi koptu (InvalidStatus), 5s sonra tekrar denenecek
16:28:31 WARNING RPC hiz limiti (429) - RPC_RPS dusurun veya plani yukseltin
16:28:34 INFO    [warn] Helius baglantisi koptu (InvalidStatus), 5s sonra tekrar denenecek
16:28:39 INFO    [warn] Helius baglantisi koptu (InvalidStatus), 5s sonra tekrar denenecek
16:28:45 INFO    [warn] Helius baglantisi koptu (InvalidStatus), 5s sonra tekrar denenecek
16:28:51 INFO    [warn] Helius baglantisi koptu (InvalidStatus), 5s sonra tekrar denenecek
16:28:56 INFO    [warn] Helius baglantisi koptu (InvalidStatus), 5s sonra tekrar denenecek
16:29:01 INFO    [warn] Helius baglantisi koptu (InvalidStatus), 5s sonra tekrar denenecek
16:29:07 INFO    [warn] Helius baglantisi koptu (InvalidStatus), 5s sonra tekrar denenecek
16:29:12 INFO    [warn] Helius baglantisi koptu (InvalidStatus), 5s sonra tekrar denenecek
16:29:15 WARNING RPC hiz limiti (429) - RPC_RPS dusurun veya plani yukseltin
16:29:17 INFO    [warn] Helius baglantisi koptu (InvalidStatus), 5s sonra tekrar denenecek
16:29:22 INFO    [warn] Helius baglantisi koptu (InvalidStatus), 5s sonra tekrar denenecek
16:29:28 INFO    [warn] Helius baglantisi koptu (InvalidStatus), 5s sonra tekrar denenecek
16:29:33 INFO    [warn] Helius baglantisi koptu (InvalidStatus), 5s sonra tekrar denenecek
16:29:39 INFO    [warn] Helius baglantisi koptu (InvalidStatus), 5s sonra tekrar denenecek
16:29:41 INFO    [warn] Takip edilen cuzdan yok - once skorlayip takibe alin
16:29:45 INFO    [warn] Helius baglantisi koptu (InvalidStatus), 5s sonra tekrar denenecek
16:29:50 INFO    [warn] Helius baglantisi koptu (InvalidStatus), 5s sonra tekrar denenecek
16:29:54 WARNING RPC hiz limiti (429) - RPC_RPS dusurun veya plani yukseltin
16:29:55 INFO    [warn] Helius baglantisi koptu (InvalidStatus), 5s sonra tekrar denenecek
16:30:01 INFO    [warn] Helius baglantisi koptu (InvalidStatus), 5s sonra tekrar denenecek
16:30:07 INFO    [warn] Helius baglantisi koptu (InvalidStatus), 5s sonra tekrar denenecek
16:30:12 INFO    [warn] Helius baglantisi koptu (InvalidStatus), 5s sonra tekrar denenecek
16:30:18 INFO    [warn] Helius baglantisi koptu (InvalidStatus), 5s sonra tekrar denenecek
16:30:23 INFO    [warn] Helius baglantisi koptu (InvalidStatus), 5s sonra tekrar denenecek
16:30:29 INFO    [warn] Helius baglantisi koptu (InvalidStatus), 5s sonra tekrar denenecek
16:30:34 INFO    [warn] Helius baglantisi koptu (InvalidStatus), 5s sonra tekrar denenecek
16:30:35 WARNING RPC hiz limiti (429) - RPC_RPS dusurun veya plani yukseltin
16:30:40 INFO    [warn] Helius baglantisi koptu (InvalidStatus), 5s sonra tekrar denenecek
16:30:45 INFO    [warn] Helius baglantisi koptu (InvalidStatus), 5s sonra tekrar denenecek
16:30:50 INFO    [warn] Helius baglantisi koptu (InvalidStatus), 5s sonra tekrar denenecek
16:30:55 INFO    [warn] Helius baglantisi koptu (InvalidStatus), 5s sonra tekrar denenecek
16:31:02 INFO    [warn] Helius baglantisi koptu (InvalidStatus), 5s sonra tekrar denenecek
16:31:07 INFO    [warn] Helius baglantisi koptu (InvalidStatus), 5s sonra tekrar denenecek
16:31:13 INFO    [warn] Helius baglantisi koptu (InvalidStatus), 5s sonra tekrar denenecek
16:31:13 WARNING RPC hiz limiti (429) - RPC_RPS dusurun veya plani yukseltin
16:31:19 INFO    [warn] Helius baglantisi koptu (InvalidStatus), 5s sonra tekrar denenecek
16:31:24 INFO    [warn] Helius baglantisi koptu (InvalidStatus), 5s sonra tekrar denenecek
16:31:29 INFO    [warn] Helius baglantisi koptu (InvalidStatus), 5s sonra tekrar denenecek
16:31:35 INFO    [warn] Helius baglantisi koptu (InvalidStatus), 5s sonra tekrar denenecek
16:31:40 INFO    [warn] Helius baglantisi koptu (InvalidStatus), 5s sonra tekrar denenecek
16:31:41 INFO    [warn] Takip edilen cuzdan yok - once skorlayip takibe alin
16:31:45 INFO    [warn] Helius baglantisi koptu (InvalidStatus), 5s sonra tekrar denenecek
16:31:51 INFO    [warn] Helius baglantisi koptu (InvalidStatus), 5s sonra tekrar denenecek
16:31:53 WARNING RPC hiz limiti (429) - RPC_RPS dusurun veya plani yukseltin
16:31:56 INFO    [warn] Helius baglantisi koptu (InvalidStatus), 5s sonra tekrar denenecek
16:32:01 INFO    [warn] Helius baglantisi koptu (InvalidStatus), 5s sonra tekrar denenecek
16:32:07 INFO    [warn] Helius baglantisi koptu (InvalidStatus), 5s sonra tekrar denenecek
16:32:12 INFO    [warn] Helius baglantisi koptu (InvalidStatus), 5s sonra tekrar denenecek
16:32:18 INFO    [warn] Helius baglantisi koptu (InvalidStatus), 5s sonra tekrar denenecek
16:32:23 INFO    [warn] Helius baglantisi koptu (InvalidStatus), 5s sonra tekrar denenecek
16:32:29 INFO    [warn] Helius baglantisi koptu (InvalidStatus), 5s sonra tekrar denenecek
16:32:34 WARNING RPC hiz limiti (429) - RPC_RPS dusurun veya plani yukseltin
16:32:34 INFO    [warn] Helius baglantisi koptu (InvalidStatus), 5s sonra tekrar denenecek
16:32:39 INFO    [warn] Helius baglantisi koptu (InvalidStatus), 5s sonra tekrar denenecek
16:32:45 INFO    [warn] Helius baglantisi koptu (InvalidStatus), 5s sonra tekrar denenecek
16:32:50 INFO    [warn] Helius baglantisi koptu (InvalidStatus), 5s sonra tekrar denenecek
16:32:55 INFO    [warn] Helius baglantisi koptu (InvalidStatus), 5s sonra tekrar denenecek
16:33:01 INFO    [warn] Helius baglantisi koptu (InvalidStatus), 5s sonra tekrar denenecek
16:33:06 INFO    [warn] Helius baglantisi koptu (InvalidStatus), 5s sonra tekrar denenecek
16:33:11 INFO    [warn] Helius baglantisi koptu (InvalidStatus), 5s sonra tekrar denenecek
16:33:12 WARNING RPC hiz limiti (429) - RPC_RPS dusurun veya plani yukseltin
16:33:17 INFO    [warn] Helius baglantisi koptu (InvalidStatus), 5s sonra tekrar denenecek
16:33:22 INFO    [warn] Helius baglantisi koptu (InvalidStatus), 5s sonra tekrar denenecek
16:33:27 INFO    [warn] Helius baglantisi koptu (InvalidStatus), 5s sonra tekrar denenecek
16:33:33 INFO    [warn] Helius baglantisi koptu (InvalidStatus), 5s sonra tekrar denenecek
16:33:38 INFO    [warn] Helius baglantisi koptu (InvalidStatus), 5s sonra tekrar denenecek
16:33:41 INFO    [warn] Takip edilen cuzdan yok - once skorlayip takibe alin
16:33:44 INFO    [warn] Helius baglantisi koptu (InvalidStatus), 5s sonra tekrar denenecek
16:33:49 INFO    [warn] Helius baglantisi koptu (InvalidStatus), 5s sonra tekrar denenecek
16:33:52 WARNING RPC hiz limiti (429) - RPC_RPS dusurun veya plani yukseltin
16:33:54 INFO    [warn] Helius baglantisi koptu (InvalidStatus), 5s sonra tekrar denenecek
16:33:59 INFO    [warn] Helius baglantisi koptu (InvalidStatus), 5s sonra tekrar denenecek
16:34:05 INFO    [warn] Helius baglantisi koptu (InvalidStatus), 5s sonra tekrar denenecek
16:34:10 INFO    [warn] Helius baglantisi koptu (InvalidStatus), 5s sonra tekrar denenecek
16:34:16 INFO    [warn] Helius baglantisi koptu (InvalidStatus), 5s sonra tekrar denenecek
16:34:21 INFO    [warn] Helius baglantisi koptu (InvalidStatus), 5s sonra tekrar denenecek
16:34:26 INFO    [warn] Helius baglantisi koptu (InvalidStatus), 5s sonra tekrar denenecek
16:34:31 INFO    [warn] Helius baglantisi koptu (InvalidStatus), 5s sonra tekrar denenecek
16:34:32 WARNING RPC hiz limiti (429) - RPC_RPS dusurun veya plani yukseltin
16:34:37 INFO    [warn] Helius baglantisi koptu (InvalidStatus), 5s sonra tekrar denenecek
16:34:42 INFO    [warn] Helius baglantisi koptu (InvalidStatus), 5s sonra tekrar denenecek
16:34:48 INFO    [warn] Helius baglantisi koptu (InvalidStatus), 5s sonra tekrar denenecek
16:34:53 INFO    [warn] Helius baglantisi koptu (InvalidStatus), 5s sonra tekrar denenecek
16:34:58 INFO    [warn] Helius baglantisi koptu (InvalidStatus), 5s sonra tekrar denenecek
16:35:04 INFO    [warn] Helius baglantisi koptu (InvalidStatus), 5s sonra tekrar denenecek
16:35:09 INFO    [warn] Helius baglantisi koptu (InvalidStatus), 5s sonra tekrar denenecek
16:35:11 WARNING RPC hiz limiti (429) - RPC_RPS dusurun veya plani yukseltin
16:35:15 INFO    [warn] Helius baglantisi koptu (InvalidStatus), 5s sonra tekrar denenecek
16:35:20 INFO    [warn] Helius baglantisi koptu (InvalidStatus), 5s sonra tekrar denenecek
16:35:27 INFO    [warn] Helius baglantisi koptu (InvalidStatus), 5s sonra tekrar denenecek
16:35:32 INFO    [warn] Helius baglantisi koptu (InvalidStatus), 5s sonra tekrar denenecek
16:35:37 INFO    [warn] Helius baglantisi koptu (InvalidStatus), 5s sonra tekrar denenecek
16:35:41 INFO    [warn] Takip edilen cuzdan yok - once skorlayip takibe alin
16:35:43 INFO    [warn] Helius baglantisi koptu (InvalidStatus), 5s sonra tekrar denenecek
16:35:48 INFO    [warn] Helius baglantisi koptu (InvalidStatus), 5s sonra tekrar denenecek
16:35:50 WARNING RPC hiz limiti (429) - RPC_RPS dusurun veya plani yukseltin
16:35:53 INFO    [warn] Helius baglantisi koptu (InvalidStatus), 5s sonra tekrar denenecek
16:35:59 INFO    [warn] Helius baglantisi koptu (InvalidStatus), 5s sonra tekrar denenecek
16:36:04 INFO    [warn] Helius baglantisi koptu (InvalidStatus), 5s sonra tekrar denenecek
16:36:09 INFO    [warn] Helius baglantisi koptu (InvalidStatus), 5s sonra tekrar denenecek
16:36:19 INFO    [warn] Helius baglantisi koptu (InvalidStatus), 5s sonra tekrar denenecek
16:36:25 INFO    [warn] Helius baglantisi koptu (InvalidStatus), 5s sonra tekrar denenecek
16:36:31 INFO    [warn] Helius baglantisi koptu (InvalidStatus), 5s sonra tekrar denenecek
16:36:33 WARNING RPC hiz limiti (429) - RPC_RPS dusurun veya plani yukseltin
16:36:37 INFO    [warn] Helius baglantisi koptu (InvalidStatus), 5s sonra tekrar denenecek
16:36:42 INFO    [warn] Helius baglantisi koptu (InvalidStatus), 5s sonra tekrar denenecek
16:36:47 INFO    [warn] Helius baglantisi koptu (InvalidStatus), 5s sonra tekrar denenecek
16:36:53 INFO    [warn] Helius baglantisi koptu (InvalidStatus), 5s sonra tekrar denenecek
16:36:58 INFO    [warn] Helius baglantisi koptu (InvalidStatus), 5s sonra tekrar denenecek
16:37:04 INFO    [warn] Helius baglantisi koptu (InvalidStatus), 5s sonra tekrar denenecek
16:37:09 INFO    [warn] Helius baglantisi koptu (InvalidStatus), 5s sonra tekrar denenecek
16:37:11 WARNING RPC hiz limiti (429) - RPC_RPS dusurun veya plani yukseltin
16:37:14 INFO    [warn] Helius baglantisi koptu (InvalidStatus), 5s sonra tekrar denenecek
16:37:19 INFO    [warn] Helius baglantisi koptu (InvalidStatus), 5s sonra tekrar denenecek
16:37:25 INFO    [warn] Helius baglantisi koptu (InvalidStatus), 5s sonra tekrar denenecek
16:37:30 INFO    [warn] Helius baglantisi koptu (InvalidStatus), 5s sonra tekrar denenecek
16:37:36 INFO    [warn] Helius baglantisi koptu (InvalidStatus), 5s sonra tekrar denenecek
16:37:41 INFO    [warn] Takip edilen cuzdan yok - once skorlayip takibe alin
16:37:41 INFO    [warn] Helius baglantisi koptu (InvalidStatus), 5s sonra tekrar denenecek
16:37:47 INFO    [warn] Helius baglantisi koptu (InvalidStatus), 5s sonra tekrar denenecek
16:37:52 INFO    [warn] Helius baglantisi koptu (InvalidStatus), 5s sonra tekrar denenecek
16:37:55 WARNING RPC hiz limiti (429) - RPC_RPS dusurun veya plani yukseltin
16:37:57 INFO    [warn] Helius baglantisi koptu (InvalidStatus), 5s sonra tekrar denenecek
16:38:03 INFO    [warn] Helius baglantisi koptu (InvalidStatus), 5s sonra tekrar denenecek
16:38:08 INFO    [warn] Helius baglantisi koptu (InvalidStatus), 5s sonra tekrar denenecek
16:38:13 INFO    [warn] Helius baglantisi koptu (InvalidStatus), 5s sonra tekrar denenecek
16:38:19 INFO    [warn] Helius baglantisi koptu (InvalidStatus), 5s sonra tekrar denenecek
16:38:24 INFO    [warn] Helius baglantisi koptu (InvalidStatus), 5s sonra tekrar denenecek
16:38:29 INFO    [warn] Helius baglantisi koptu (InvalidStatus), 5s sonra tekrar denenecek
16:38:35 INFO    [warn] Helius baglantisi koptu (InvalidStatus), 5s sonra tekrar denenecek
16:38:35 WARNING RPC hiz limiti (429) - RPC_RPS dusurun veya plani yukseltin
16:38:40 INFO    [warn] Helius baglantisi koptu (InvalidStatus), 5s sonra tekrar denenecek
16:38:45 INFO    [warn] Helius baglantisi koptu (InvalidStatus), 5s sonra tekrar denenecek
16:38:50 INFO    [warn] Helius baglantisi koptu (InvalidStatus), 5s sonra tekrar denenecek
16:38:56 INFO    [warn] Helius baglantisi koptu (InvalidStatus), 5s sonra tekrar denenecek
16:39:01 INFO    [warn] Helius baglantisi koptu (InvalidStatus), 5s sonra tekrar denenecek
16:39:06 INFO    [warn] Helius baglantisi koptu (InvalidStatus), 5s sonra tekrar denenecek
16:39:12 INFO    [warn] Helius baglantisi koptu (InvalidStatus), 5s sonra tekrar denenecek
16:39:13 WARNING RPC hiz limiti (429) - RPC_RPS dusurun veya plani yukseltin
16:39:17 INFO    [warn] Helius baglantisi koptu (InvalidStatus), 5s sonra tekrar denenecek
16:39:22 INFO    [warn] Helius baglantisi koptu (InvalidStatus), 5s sonra tekrar denenecek
16:39:28 INFO    [warn] Helius baglantisi koptu (InvalidStatus), 5s sonra tekrar denenecek
16:39:33 INFO    [warn] Helius baglantisi koptu (InvalidStatus), 5s sonra tekrar denenecek
16:39:38 INFO    [warn] Helius baglantisi koptu (InvalidStatus), 5s sonra tekrar denenecek
16:39:41 INFO    [warn] Takip edilen cuzdan yok - once skorlayip takibe alin
16:39:45 INFO    [warn] Helius baglantisi koptu (InvalidStatus), 5s sonra tekrar denenecek
16:39:50 INFO    [warn] Helius baglantisi koptu (InvalidStatus), 5s sonra tekrar denenecek
16:39:52 WARNING RPC hiz limiti (429) - RPC_RPS dusurun veya plani yukseltin
16:39:56 INFO    [warn] Helius baglantisi koptu (InvalidStatus), 5s sonra tekrar denenecek
16:40:02 INFO    [warn] Helius baglantisi koptu (InvalidStatus), 5s sonra tekrar denenecek
16:40:07 INFO    [warn] Helius baglantisi koptu (InvalidStatus), 5s sonra tekrar denenecek
16:40:13 INFO    [warn] Helius baglantisi koptu (InvalidStatus), 5s sonra tekrar denenecek
16:40:18 INFO    [warn] Helius baglantisi koptu (InvalidStatus), 5s sonra tekrar denenecek
16:40:23 INFO    [warn] Helius baglantisi koptu (InvalidStatus), 5s sonra tekrar denenecek
16:40:29 INFO    [warn] Helius baglantisi koptu (InvalidStatus), 5s sonra tekrar denenecek
16:40:32 WARNING RPC hiz limiti (429) - RPC_RPS dusurun veya plani yukseltin
16:40:34 INFO    [warn] Helius baglantisi koptu (InvalidStatus), 5s sonra tekrar denenecek
16:40:40 INFO    [warn] Helius baglantisi koptu (InvalidStatus), 5s sonra tekrar denenecek
16:40:45 INFO    [warn] Helius baglantisi koptu (InvalidStatus), 5s sonra tekrar denenecek
16:40:50 INFO    [warn] Helius baglantisi koptu (InvalidStatus), 5s sonra tekrar denenecek
16:40:56 INFO    [warn] Helius baglantisi koptu (InvalidStatus), 5s sonra tekrar denenecek
16:41:01 INFO    [warn] Helius baglantisi koptu (InvalidStatus), 5s sonra tekrar denenecek
16:41:07 INFO    [warn] Helius baglantisi koptu (InvalidStatus), 5s sonra tekrar denenecek
16:41:11 WARNING RPC hiz limiti (429) - RPC_RPS dusurun veya plani yukseltin
16:41:12 INFO    [warn] Helius baglantisi koptu (InvalidStatus), 5s sonra tekrar denenecek
16:41:17 INFO    [warn] Helius baglantisi koptu (InvalidStatus), 5s sonra tekrar denenecek
16:41:23 INFO    [warn] Helius baglantisi koptu (InvalidStatus), 5s sonra tekrar denenecek
16:41:28 INFO    [warn] Helius baglantisi koptu (InvalidStatus), 5s sonra tekrar denenecek
16:41:34 INFO    [warn] Helius baglantisi koptu (InvalidStatus), 5s sonra tekrar denenecek
16:41:39 INFO    [warn] Helius baglantisi koptu (InvalidStatus), 5s sonra tekrar denenecek
16:41:41 INFO    [warn] Takip edilen cuzdan yok - once skorlayip takibe alin
16:41:44 INFO    [warn] Helius baglantisi koptu (InvalidStatus), 5s sonra tekrar denenecek
16:41:50 INFO    [warn] Helius baglantisi koptu (InvalidStatus), 5s sonra tekrar denenecek
16:41:50 WARNING RPC hiz limiti (429) - RPC_RPS dusurun veya plani yukseltin
16:41:55 INFO    [warn] Helius baglantisi koptu (InvalidStatus), 5s sonra tekrar denenecek
16:42:00 INFO    [warn] Helius baglantisi koptu (InvalidStatus), 5s sonra tekrar denenecek
16:42:06 INFO    [warn] Helius baglantisi koptu (InvalidStatus), 5s sonra tekrar denenecek
16:42:11 INFO    [warn] Helius baglantisi koptu (InvalidStatus), 5s sonra tekrar denenecek
16:42:16 INFO    [warn] Helius baglantisi koptu (InvalidStatus), 5s sonra tekrar denenecek
16:42:22 INFO    [warn] Helius baglantisi koptu (InvalidStatus), 5s sonra tekrar denenecek
16:42:27 INFO    [warn] Helius baglantisi koptu (InvalidStatus), 5s sonra tekrar denenecek
16:42:31 WARNING RPC hiz limiti (429) - RPC_RPS dusurun veya plani yukseltin
16:42:32 INFO    [warn] Helius baglantisi koptu (InvalidStatus), 5s sonra tekrar denenecek
16:42:37 INFO    [warn] Helius baglantisi koptu (InvalidStatus), 5s sonra tekrar denenecek
16:42:43 INFO    [warn] Helius baglantisi koptu (InvalidStatus), 5s sonra tekrar denenecek
16:42:48 INFO    [warn] Helius baglantisi koptu (InvalidStatus), 5s sonra tekrar denenecek
16:42:53 INFO    [warn] Helius baglantisi koptu (InvalidStatus), 5s sonra tekrar denenecek
16:42:59 INFO    [warn] Helius baglantisi koptu (InvalidStatus), 5s sonra tekrar denenecek
16:43:04 INFO    [warn] Helius baglantisi koptu (InvalidStatus), 5s sonra tekrar denenecek
16:43:09 INFO    [warn] Helius baglantisi koptu (InvalidStatus), 5s sonra tekrar denenecek
16:43:10 WARNING RPC hiz limiti (429) - RPC_RPS dusurun veya plani yukseltin
16:43:15 INFO    [warn] Helius baglantisi koptu (InvalidStatus), 5s sonra tekrar denenecek
16:43:20 INFO    [warn] Helius baglantisi koptu (InvalidStatus), 5s sonra tekrar denenecek
16:43:25 INFO    [warn] Helius baglantisi koptu (InvalidStatus), 5s sonra tekrar denenecek
16:43:30 INFO    [warn] Helius baglantisi koptu (InvalidStatus), 5s sonra tekrar denenecek
16:43:36 INFO    [warn] Helius baglantisi koptu (InvalidStatus), 5s sonra tekrar denenecek
16:43:41 INFO    [warn] Takip edilen cuzdan yok - once skorlayip takibe alin
16:43:41 INFO    [warn] Helius baglantisi koptu (InvalidStatus), 5s sonra tekrar denenecek
16:43:46 INFO    [warn] Helius baglantisi koptu (InvalidStatus), 5s sonra tekrar denenecek
16:43:48 WARNING RPC hiz limiti (429) - RPC_RPS dusurun veya plani yukseltin
16:43:52 INFO    [warn] Helius baglantisi koptu (InvalidStatus), 5s sonra tekrar denenecek
16:43:57 INFO    [warn] Helius baglantisi koptu (InvalidStatus), 5s sonra tekrar denenecek
16:44:03 INFO    [warn] Helius baglantisi koptu (InvalidStatus), 5s sonra tekrar denenecek
16:44:08 INFO    [warn] Helius baglantisi koptu (InvalidStatus), 5s sonra tekrar denenecek
16:44:13 INFO    [warn] Helius baglantisi koptu (InvalidStatus), 5s sonra tekrar denenecek
16:44:19 INFO    [warn] Helius baglantisi koptu (InvalidStatus), 5s sonra tekrar denenecek
16:44:24 INFO    [warn] Helius baglantisi koptu (InvalidStatus), 5s sonra tekrar denenecek
16:44:27 WARNING RPC hiz limiti (429) - RPC_RPS dusurun veya plani yukseltin
16:44:36 INFO    [warn] Helius baglantisi koptu (InvalidStatus), 5s sonra tekrar denenecek
16:44:41 INFO    [warn] Helius baglantisi koptu (InvalidStatus), 5s sonra tekrar denenecek
16:44:46 INFO    [warn] Helius baglantisi koptu (InvalidStatus), 5s sonra tekrar denenecek
16:44:52 INFO    [warn] Helius baglantisi koptu (InvalidStatus), 5s sonra tekrar denenecek
16:44:57 INFO    [warn] Helius baglantisi koptu (InvalidStatus), 5s sonra tekrar denenecek
16:45:03 INFO    [warn] Helius baglantisi koptu (InvalidStatus), 5s sonra tekrar denenecek
16:45:08 INFO    [warn] Helius baglantisi koptu (InvalidStatus), 5s sonra tekrar denenecek
16:45:09 WARNING RPC hiz limiti (429) - RPC_RPS dusurun veya plani yukseltin
16:45:13 INFO    [warn] Helius baglantisi koptu (InvalidStatus), 5s sonra tekrar denenecek
16:45:19 INFO    [warn] Helius baglantisi koptu (InvalidStatus), 5s sonra tekrar denenecek
16:45:24 INFO    [warn] Helius baglantisi koptu (InvalidStatus), 5s sonra tekrar denenecek
16:45:29 INFO    [warn] Helius baglantisi koptu (InvalidStatus), 5s sonra tekrar denenecek
16:45:35 INFO    [warn] Helius baglantisi koptu (InvalidStatus), 5s sonra tekrar denenecek
16:45:40 INFO    [warn] Helius baglantisi koptu (InvalidStatus), 5s sonra tekrar denenecek
16:45:41 INFO    [warn] Takip edilen cuzdan yok - once skorlayip takibe alin
16:45:45 INFO    [warn] Helius baglantisi koptu (InvalidStatus), 5s sonra tekrar denenecek
16:45:50 WARNING RPC hiz limiti (429) - RPC_RPS dusurun veya plani yukseltin
16:45:51 INFO    [warn] Helius baglantisi koptu (InvalidStatus), 5s sonra tekrar denenecek
16:45:56 INFO    [warn] Helius baglantisi koptu (InvalidStatus), 5s sonra tekrar denenecek
16:46:01 INFO    [warn] Helius baglantisi koptu (InvalidStatus), 5s sonra tekrar denenecek
16:46:07 INFO    [warn] Helius baglantisi koptu (InvalidStatus), 5s sonra tekrar denenecek
16:46:12 INFO    [warn] Helius baglantisi koptu (InvalidStatus), 5s sonra tekrar denenecek
16:46:17 INFO    [warn] Helius baglantisi koptu (InvalidStatus), 5s sonra tekrar denenecek
16:46:23 INFO    [warn] Helius baglantisi koptu (InvalidStatus), 5s sonra tekrar denenecek
16:46:29 INFO    [warn] Helius baglantisi koptu (InvalidStatus), 5s sonra tekrar denenecek
16:46:30 WARNING RPC hiz limiti (429) - RPC_RPS dusurun veya plani yukseltin
16:46:34 INFO    [warn] Helius baglantisi koptu (InvalidStatus), 5s sonra tekrar denenecek
16:46:40 INFO    [warn] Helius baglantisi koptu (InvalidStatus), 5s sonra tekrar denenecek
16:46:45 INFO    [warn] Helius baglantisi koptu (InvalidStatus), 5s sonra tekrar denenecek
16:46:50 INFO    [warn] Helius baglantisi koptu (InvalidStatus), 5s sonra tekrar denenecek
16:46:56 INFO    [warn] Helius baglantisi koptu (InvalidStatus), 5s sonra tekrar denenecek
16:47:01 INFO    [warn] Helius baglantisi koptu (InvalidStatus), 5s sonra tekrar denenecek
16:47:06 INFO    [warn] Helius baglantisi koptu (InvalidStatus), 5s sonra tekrar denenecek
16:47:09 WARNING RPC hiz limiti (429) - RPC_RPS dusurun veya plani yukseltin
16:47:12 INFO    [warn] Helius baglantisi koptu (InvalidStatus), 5s sonra tekrar denenecek
16:47:17 INFO    [warn] Helius baglantisi koptu (InvalidStatus), 5s sonra tekrar denenecek
16:47:23 INFO    [warn] Helius baglantisi koptu (InvalidStatus), 5s sonra tekrar denenecek
16:47:28 INFO    [warn] Helius baglantisi koptu (InvalidStatus), 5s sonra tekrar denenecek
16:47:33 INFO    [warn] Helius baglantisi koptu (InvalidStatus), 5s sonra tekrar denenecek
16:47:38 INFO    [warn] Helius baglantisi koptu (InvalidStatus), 5s sonra tekrar denenecek
16:47:41 INFO    [warn] Takip edilen cuzdan yok - once skorlayip takibe alin
16:47:44 INFO    [warn] Helius baglantisi koptu (InvalidStatus), 5s sonra tekrar denenecek
16:47:47 WARNING RPC hiz limiti (429) - RPC_RPS dusurun veya plani yukseltin
16:47:49 INFO    [warn] Helius baglantisi koptu (InvalidStatus), 5s sonra tekrar denenecek
16:47:54 INFO    [warn] Helius baglantisi koptu (InvalidStatus), 5s sonra tekrar denenecek
16:48:00 INFO    [warn] Helius baglantisi koptu (InvalidStatus), 5s sonra tekrar denenecek
16:48:05 INFO    [warn] Helius baglantisi koptu (InvalidStatus), 5s sonra tekrar denenecek
16:48:11 INFO    [warn] Helius baglantisi koptu (InvalidStatus), 5s sonra tekrar denenecek
16:48:16 INFO    [warn] Helius baglantisi koptu (InvalidStatus), 5s sonra tekrar denenecek
16:48:21 INFO    [warn] Helius baglantisi koptu (InvalidStatus), 5s sonra tekrar denenecek
16:48:27 INFO    [warn] Helius baglantisi koptu (InvalidStatus), 5s sonra tekrar denenecek
16:48:27 WARNING RPC hiz limiti (429) - RPC_RPS dusurun veya plani yukseltin
16:48:32 INFO    [warn] Helius baglantisi koptu (InvalidStatus), 5s sonra tekrar denenecek
16:48:37 INFO    [warn] Helius baglantisi koptu (InvalidStatus), 5s sonra tekrar denenecek
16:48:42 INFO    [warn] Helius baglantisi koptu (InvalidStatus), 5s sonra tekrar denenecek
16:48:48 INFO    [warn] Helius baglantisi koptu (InvalidStatus), 5s sonra tekrar denenecek
16:48:53 INFO    [warn] Helius baglantisi koptu (InvalidStatus), 5s sonra tekrar denenecek
16:48:58 INFO    [warn] Helius baglantisi koptu (InvalidStatus), 5s sonra tekrar denenecek
16:49:04 INFO    [warn] Helius baglantisi koptu (InvalidStatus), 5s sonra tekrar denenecek
16:49:05 WARNING RPC hiz limiti (429) - RPC_RPS dusurun veya plani yukseltin
16:49:09 INFO    [warn] Helius baglantisi koptu (InvalidStatus), 5s sonra tekrar denenecek
16:49:15 INFO    [warn] Helius baglantisi koptu (InvalidStatus), 5s sonra tekrar denenecek
16:49:20 INFO    [warn] Helius baglantisi koptu (InvalidStatus), 5s sonra tekrar denenecek
16:49:25 INFO    [warn] Helius baglantisi koptu (InvalidStatus), 5s sonra tekrar denenecek
16:49:30 INFO    [warn] Helius baglantisi koptu (InvalidStatus), 5s sonra tekrar denenecek
16:49:36 INFO    [warn] Helius baglantisi koptu (InvalidStatus), 5s sonra tekrar denenecek
16:49:41 INFO    [warn] Helius baglantisi koptu (InvalidStatus), 5s sonra tekrar denenecek
16:49:41 INFO    [warn] Takip edilen cuzdan yok - once skorlayip takibe alin
16:49:45 WARNING RPC hiz limiti (429) - RPC_RPS dusurun veya plani yukseltin
16:49:46 INFO    [warn] Helius baglantisi koptu (InvalidStatus), 5s sonra tekrar denenecek
16:49:52 INFO    [warn] Helius baglantisi koptu (InvalidStatus), 5s sonra tekrar denenecek
16:49:57 INFO    [warn] Helius baglantisi koptu (InvalidStatus), 5s sonra tekrar denenecek
16:50:02 INFO    [warn] Helius baglantisi koptu (InvalidStatus), 5s sonra tekrar denenecek
16:50:08 INFO    [warn] Helius baglantisi koptu (InvalidStatus), 5s sonra tekrar denenecek
16:50:13 INFO    [warn] Helius baglantisi koptu (InvalidStatus), 5s sonra tekrar denenecek
16:50:18 INFO    [warn] Helius baglantisi koptu (InvalidStatus), 5s sonra tekrar denenecek
16:50:23 INFO    [warn] Helius baglantisi koptu (InvalidStatus), 5s sonra tekrar denenecek
16:50:25 WARNING RPC hiz limiti (429) - RPC_RPS dusurun veya plani yukseltin
16:50:29 INFO    [warn] Helius baglantisi koptu (InvalidStatus), 5s sonra tekrar denenecek
16:50:34 INFO    [warn] Helius baglantisi koptu (InvalidStatus), 5s sonra tekrar denenecek
16:50:39 INFO    [warn] Helius baglantisi koptu (InvalidStatus), 5s sonra tekrar denenecek
16:50:45 INFO    [warn] Helius baglantisi koptu (InvalidStatus), 5s sonra tekrar denenecek
16:50:50 INFO    [warn] Helius baglantisi koptu (InvalidStatus), 5s sonra tekrar denenecek
16:50:55 INFO    [warn] Helius baglantisi koptu (InvalidStatus), 5s sonra tekrar denenecek
16:51:01 INFO    [warn] Helius baglantisi koptu (InvalidStatus), 5s sonra tekrar denenecek
16:51:04 WARNING RPC hiz limiti (429) - RPC_RPS dusurun veya plani yukseltin
16:51:06 INFO    [warn] Helius baglantisi koptu (InvalidStatus), 5s sonra tekrar denenecek
16:51:12 INFO    [warn] Helius baglantisi koptu (InvalidStatus), 5s sonra tekrar denenecek
16:51:17 INFO    [warn] Helius baglantisi koptu (InvalidStatus), 5s sonra tekrar denenecek
16:51:22 INFO    [warn] Helius baglantisi koptu (InvalidStatus), 5s sonra tekrar denenecek
16:51:28 INFO    [warn] Helius baglantisi koptu (InvalidStatus), 5s sonra tekrar denenecek
16:51:33 INFO    [warn] Helius baglantisi koptu (InvalidStatus), 5s sonra tekrar denenecek
16:51:38 INFO    [warn] Helius baglantisi koptu (InvalidStatus), 5s sonra tekrar denenecek
16:51:41 INFO    [warn] Takip edilen cuzdan yok - once skorlayip takibe alin
16:51:43 WARNING RPC hiz limiti (429) - RPC_RPS dusurun veya plani yukseltin
16:51:44 INFO    [warn] Helius baglantisi koptu (InvalidStatus), 5s sonra tekrar denenecek
16:51:49 INFO    [warn] Helius baglantisi koptu (InvalidStatus), 5s sonra tekrar denenecek
16:51:54 INFO    [warn] Helius baglantisi koptu (InvalidStatus), 5s sonra tekrar denenecek
16:52:00 INFO    [warn] Helius baglantisi koptu (InvalidStatus), 5s sonra tekrar denenecek
16:52:05 INFO    [warn] Helius baglantisi koptu (InvalidStatus), 5s sonra tekrar denenecek
16:52:10 INFO    [warn] Helius baglantisi koptu (InvalidStatus), 5s sonra tekrar denenecek
16:52:15 INFO    [warn] Helius baglantisi koptu (InvalidStatus), 5s sonra tekrar denenecek
16:52:21 INFO    [warn] Helius baglantisi koptu (InvalidStatus), 5s sonra tekrar denenecek
16:52:22 WARNING RPC hiz limiti (429) - RPC_RPS dusurun veya plani yukseltin
16:52:26 INFO    [warn] Helius baglantisi koptu (InvalidStatus), 5s sonra tekrar denenecek
16:52:31 INFO    [warn] Helius baglantisi koptu (InvalidStatus), 5s sonra tekrar denenecek
16:52:37 INFO    [warn] Helius baglantisi koptu (InvalidStatus), 5s sonra tekrar denenecek
16:52:42 INFO    [warn] Helius baglantisi koptu (InvalidStatus), 5s sonra tekrar denenecek
16:52:47 INFO    [warn] Helius baglantisi koptu (InvalidStatus), 5s sonra tekrar denenecek
16:52:53 INFO    [warn] Helius baglantisi koptu (InvalidStatus), 5s sonra tekrar denenecek
16:52:58 INFO    [warn] Helius baglantisi koptu (InvalidStatus), 5s sonra tekrar denenecek
16:53:00 WARNING RPC hiz limiti (429) - RPC_RPS dusurun veya plani yukseltin
16:53:04 INFO    [warn] Helius baglantisi koptu (InvalidStatus), 5s sonra tekrar denenecek
16:53:09 INFO    [warn] Helius baglantisi koptu (InvalidStatus), 5s sonra tekrar denenecek
16:53:14 INFO    [warn] Helius baglantisi koptu (InvalidStatus), 5s sonra tekrar denenecek
16:53:19 INFO    [warn] Helius baglantisi koptu (InvalidStatus), 5s sonra tekrar denenecek
16:53:25 INFO    [warn] Helius baglantisi koptu (InvalidStatus), 5s sonra tekrar denenecek
16:53:30 INFO    [warn] Helius baglantisi koptu (InvalidStatus), 5s sonra tekrar denenecek
16:53:35 INFO    [warn] Helius baglantisi koptu (InvalidStatus), 5s sonra tekrar denenecek
16:53:41 INFO    [warn] Helius baglantisi koptu (InvalidStatus), 5s sonra tekrar denenecek
16:53:41 WARNING RPC hiz limiti (429) - RPC_RPS dusurun veya plani yukseltin
16:53:41 INFO    [warn] Takip edilen cuzdan yok - once skorlayip takibe alin
16:53:46 INFO    [warn] Helius baglantisi koptu (InvalidStatus), 5s sonra tekrar denenecek
16:53:51 INFO    [warn] Helius baglantisi koptu (InvalidStatus), 5s sonra tekrar denenecek
16:53:57 INFO    [warn] Helius baglantisi koptu (InvalidStatus), 5s sonra tekrar denenecek
16:54:02 INFO    [warn] Helius baglantisi koptu (InvalidStatus), 5s sonra tekrar denenecek
16:54:08 INFO    [warn] Helius baglantisi koptu (InvalidStatus), 5s sonra tekrar denenecek
16:54:13 INFO    [warn] Helius baglantisi koptu (InvalidStatus), 5s sonra tekrar denenecek
16:54:18 INFO    [warn] Helius baglantisi koptu (InvalidStatus), 5s sonra tekrar denenecek
16:54:20 WARNING RPC hiz limiti (429) - RPC_RPS dusurun veya plani yukseltin
16:54:24 INFO    [warn] Helius baglantisi koptu (InvalidStatus), 5s sonra tekrar denenecek
16:54:29 INFO    [warn] Helius baglantisi koptu (InvalidStatus), 5s sonra tekrar denenecek
16:54:34 INFO    [warn] Helius baglantisi koptu (InvalidStatus), 5s sonra tekrar denenecek
16:54:39 INFO    [warn] Helius baglantisi koptu (InvalidStatus), 5s sonra tekrar denenecek
16:54:45 INFO    [warn] Helius baglantisi koptu (InvalidStatus), 5s sonra tekrar denenecek
16:54:50 INFO    [warn] Helius baglantisi koptu (InvalidStatus), 5s sonra tekrar denenecek
16:54:55 INFO    [warn] Helius baglantisi koptu (InvalidStatus), 5s sonra tekrar denenecek
16:54:59 WARNING RPC hiz limiti (429) - RPC_RPS dusurun veya plani yukseltin
16:55:01 INFO    [warn] Helius baglantisi koptu (InvalidStatus), 5s sonra tekrar denenecek
16:55:06 INFO    [warn] Helius baglantisi koptu (InvalidStatus), 5s sonra tekrar denenecek
16:55:11 INFO    [warn] Helius baglantisi koptu (InvalidStatus), 5s sonra tekrar denenecek
16:55:17 INFO    [warn] Helius baglantisi koptu (InvalidStatus), 5s sonra tekrar denenecek
16:55:22 INFO    [warn] Helius baglantisi koptu (InvalidStatus), 5s sonra tekrar denenecek
16:55:28 INFO    [warn] Helius baglantisi koptu (InvalidStatus), 5s sonra tekrar denenecek
16:55:33 INFO    [warn] Helius baglantisi koptu (InvalidStatus), 5s sonra tekrar denenecek
16:55:36 INFO    [warn] Trailing stop: Big Harry (ATH $0.00001438 -> $0.00001003, 1.06x)
16:55:36 INFO    [info] [PAPER] SATIS Big Harry trailing_stop %100 -> 0.10151 SOL (fee 0.00204)
16:55:36 INFO    [success] [PAPER] Big Harry | trailing_stop %100 | PnL 4.06% (0.0005 SOL)
16:55:38 INFO    [warn] Helius baglantisi koptu (InvalidStatus), 5s sonra tekrar denenecek
16:55:39 WARNING RPC hiz limiti (429) - RPC_RPS dusurun veya plani yukseltin
16:55:41 INFO    [warn] Takip edilen cuzdan yok - once skorlayip takibe alin
16:55:43 INFO    [warn] Helius baglantisi koptu (InvalidStatus), 5s sonra tekrar denenecek
16:55:49 INFO    [warn] Helius baglantisi koptu (InvalidStatus), 5s sonra tekrar denenecek
16:55:54 INFO    [warn] Helius baglantisi koptu (InvalidStatus), 5s sonra tekrar denenecek
16:56:00 INFO    [warn] Helius baglantisi koptu (InvalidStatus), 5s sonra tekrar denenecek
16:56:05 INFO    [warn] Helius baglantisi koptu (InvalidStatus), 5s sonra tekrar denenecek
16:56:10 INFO    [warn] Helius baglantisi koptu (InvalidStatus), 5s sonra tekrar denenecek
16:56:16 INFO    [warn] Helius baglantisi koptu (InvalidStatus), 5s sonra tekrar denenecek
16:56:18 WARNING RPC hiz limiti (429) - RPC_RPS dusurun veya plani yukseltin
16:56:21 INFO    [warn] Helius baglantisi koptu (InvalidStatus), 5s sonra tekrar denenecek
16:56:27 INFO    [warn] Helius baglantisi koptu (InvalidStatus), 5s sonra tekrar denenecek
16:56:32 INFO    [warn] Helius baglantisi koptu (InvalidStatus), 5s sonra tekrar denenecek
16:56:37 INFO    [warn] Helius baglantisi koptu (InvalidStatus), 5s sonra tekrar denenecek
16:56:43 INFO    [warn] Helius baglantisi koptu (InvalidStatus), 5s sonra tekrar denenecek
16:56:48 INFO    [warn] Helius baglantisi koptu (InvalidStatus), 5s sonra tekrar denenecek
16:56:54 INFO    [warn] Helius baglantisi koptu (InvalidStatus), 5s sonra tekrar denenecek
16:56:56 WARNING RPC hiz limiti (429) - RPC_RPS dusurun veya plani yukseltin
16:56:59 INFO    [warn] Helius baglantisi koptu (InvalidStatus), 5s sonra tekrar denenecek
16:57:04 INFO    [warn] Helius baglantisi koptu (InvalidStatus), 5s sonra tekrar denenecek
16:57:10 INFO    [warn] Helius baglantisi koptu (InvalidStatus), 5s sonra tekrar denenecek
16:57:15 INFO    [warn] Helius baglantisi koptu (InvalidStatus), 5s sonra tekrar denenecek
16:57:20 INFO    [warn] Helius baglantisi koptu (InvalidStatus), 5s sonra tekrar denenecek
16:57:26 INFO    [warn] Helius baglantisi koptu (InvalidStatus), 5s sonra tekrar denenecek
16:57:31 INFO    [warn] Helius baglantisi koptu (InvalidStatus), 5s sonra tekrar denenecek
16:57:36 WARNING RPC hiz limiti (429) - RPC_RPS dusurun veya plani yukseltin
16:57:37 INFO    [warn] Helius baglantisi koptu (InvalidStatus), 5s sonra tekrar denenecek
16:57:41 INFO    [warn] Takip edilen cuzdan yok - once skorlayip takibe alin
16:57:42 INFO    [warn] Helius baglantisi koptu (InvalidStatus), 5s sonra tekrar denenecek
16:57:47 INFO    [warn] Helius baglantisi koptu (InvalidStatus), 5s sonra tekrar denenecek
16:57:53 INFO    [warn] Helius baglantisi koptu (InvalidStatus), 5s sonra tekrar denenecek
16:57:58 INFO    [warn] Helius baglantisi koptu (InvalidStatus), 5s sonra tekrar denenecek
16:58:04 INFO    [warn] Helius baglantisi koptu (InvalidStatus), 5s sonra tekrar denenecek
16:58:09 INFO    [warn] Helius baglantisi koptu (InvalidStatus), 5s sonra tekrar denenecek
16:58:14 INFO    [warn] Helius baglantisi koptu (InvalidStatus), 5s sonra tekrar denenecek
16:58:16 WARNING RPC hiz limiti (429) - RPC_RPS dusurun veya plani yukseltin
16:58:19 INFO    [warn] Helius baglantisi koptu (InvalidStatus), 5s sonra tekrar denenecek
16:58:25 INFO    [warn] Helius baglantisi koptu (InvalidStatus), 5s sonra tekrar denenecek
16:58:30 INFO    [warn] Helius baglantisi koptu (InvalidStatus), 5s sonra tekrar denenecek
16:58:36 INFO    [warn] Helius baglantisi koptu (InvalidStatus), 5s sonra tekrar denenecek
16:58:41 INFO    [warn] Helius baglantisi koptu (InvalidStatus), 5s sonra tekrar denenecek
16:58:46 INFO    [warn] Helius baglantisi koptu (InvalidStatus), 5s sonra tekrar denenecek
16:58:51 INFO    [warn] Helius baglantisi koptu (InvalidStatus), 5s sonra tekrar denenecek
16:58:55 WARNING RPC hiz limiti (429) - RPC_RPS dusurun veya plani yukseltin
16:58:57 INFO    [warn] Helius baglantisi koptu (InvalidStatus), 5s sonra tekrar denenecek
16:59:02 INFO    [warn] Helius baglantisi koptu (InvalidStatus), 5s sonra tekrar denenecek
16:59:08 INFO    [warn] Helius baglantisi koptu (InvalidStatus), 5s sonra tekrar denenecek
16:59:13 INFO    [warn] Helius baglantisi koptu (InvalidStatus), 5s sonra tekrar denenecek
16:59:18 INFO    [warn] Helius baglantisi koptu (InvalidStatus), 5s sonra tekrar denenecek
16:59:24 INFO    [warn] Helius baglantisi koptu (InvalidStatus), 5s sonra tekrar denenecek
16:59:29 INFO    [warn] Helius baglantisi koptu (InvalidStatus), 5s sonra tekrar denenecek
16:59:35 WARNING RPC hiz limiti (429) - RPC_RPS dusurun veya plani yukseltin
16:59:35 INFO    [warn] Helius baglantisi koptu (InvalidStatus), 5s sonra tekrar denenecek
16:59:40 INFO    [warn] Helius baglantisi koptu (InvalidStatus), 5s sonra tekrar denenecek
16:59:41 INFO    [warn] Takip edilen cuzdan yok - once skorlayip takibe alin
16:59:46 INFO    [warn] Helius baglantisi koptu (InvalidStatus), 5s sonra tekrar denenecek
16:59:52 INFO    [warn] Helius baglantisi koptu (InvalidStatus), 5s sonra tekrar denenecek
16:59:59 INFO    [warn] Helius baglantisi koptu (InvalidStatus), 5s sonra tekrar denenecek
17:00:08 INFO    [warn] Helius baglantisi koptu (InvalidStatus), 5s sonra tekrar denenecek
17:00:14 INFO    [warn] Helius baglantisi koptu (InvalidStatus), 5s sonra tekrar denenecek
17:00:19 INFO    [warn] Helius baglantisi koptu (InvalidStatus), 5s sonra tekrar denenecek
17:00:22 WARNING RPC hiz limiti (429) - RPC_RPS dusurun veya plani yukseltin
17:00:25 INFO    [warn] Helius baglantisi koptu (InvalidStatus), 5s sonra tekrar denenecek
17:00:30 INFO    [warn] Helius baglantisi koptu (InvalidStatus), 5s sonra tekrar denenecek
17:00:35 INFO    [warn] Helius baglantisi koptu (InvalidStatus), 5s sonra tekrar denenecek
17:00:41 INFO    [warn] Helius baglantisi koptu (InvalidStatus), 5s sonra tekrar denenecek
17:00:46 INFO    [warn] Helius baglantisi koptu (InvalidStatus), 5s sonra tekrar denenecek
17:00:52 INFO    [warn] Helius baglantisi koptu (InvalidStatus), 5s sonra tekrar denenecek
17:00:57 INFO    [warn] Helius baglantisi koptu (InvalidStatus), 5s sonra tekrar denenecek
17:01:02 WARNING RPC hiz limiti (429) - RPC_RPS dusurun veya plani yukseltin
17:01:03 INFO    [warn] Helius baglantisi koptu (InvalidStatus), 5s sonra tekrar denenecek
17:01:08 INFO    [warn] Helius baglantisi koptu (InvalidStatus), 5s sonra tekrar denenecek
17:01:13 INFO    [warn] Helius baglantisi koptu (InvalidStatus), 5s sonra tekrar denenecek
17:01:19 INFO    [warn] Helius baglantisi koptu (InvalidStatus), 5s sonra tekrar denenecek
17:01:24 INFO    [warn] Helius baglantisi koptu (InvalidStatus), 5s sonra tekrar denenecek
17:01:30 INFO    [warn] Helius baglantisi koptu (InvalidStatus), 5s sonra tekrar denenecek
17:01:35 INFO    [warn] Helius baglantisi koptu (InvalidStatus), 5s sonra tekrar denenecek
17:01:40 INFO    [warn] Helius baglantisi koptu (InvalidStatus), 5s sonra tekrar denenecek
17:01:41 INFO    [warn] Takip edilen cuzdan yok - once skorlayip takibe alin
17:01:42 WARNING RPC hiz limiti (429) - RPC_RPS dusurun veya plani yukseltin
17:01:46 INFO    [warn] Helius baglantisi koptu (InvalidStatus), 5s sonra tekrar denenecek
17:01:51 INFO    [warn] Helius baglantisi koptu (InvalidStatus), 5s sonra tekrar denenecek
17:01:56 INFO    [warn] Helius baglantisi koptu (InvalidStatus), 5s sonra tekrar denenecek
17:02:02 INFO    [warn] Helius baglantisi koptu (InvalidStatus), 5s sonra tekrar denenecek
17:02:07 INFO    [warn] Helius baglantisi koptu (InvalidStatus), 5s sonra tekrar denenecek
17:02:12 INFO    [warn] Helius baglantisi koptu (InvalidStatus), 5s sonra tekrar denenecek
17:02:18 INFO    [warn] Helius baglantisi koptu (InvalidStatus), 5s sonra tekrar denenecek
17:02:21 WARNING RPC hiz limiti (429) - RPC_RPS dusurun veya plani yukseltin
17:02:23 INFO    [warn] Helius baglantisi koptu (InvalidStatus), 5s sonra tekrar denenecek
17:02:28 INFO    [warn] Helius baglantisi koptu (InvalidStatus), 5s sonra tekrar denenecek
17:02:34 INFO    [warn] Helius baglantisi koptu (InvalidStatus), 5s sonra tekrar denenecek
17:02:39 INFO    [warn] Helius baglantisi koptu (InvalidStatus), 5s sonra tekrar denenecek
17:02:44 INFO    [warn] Helius baglantisi koptu (InvalidStatus), 5s sonra tekrar denenecek
17:02:49 INFO    [warn] Helius baglantisi koptu (InvalidStatus), 5s sonra tekrar denenecek
17:02:55 INFO    [warn] Helius baglantisi koptu (InvalidStatus), 5s sonra tekrar denenecek
17:03:00 INFO    [warn] Helius baglantisi koptu (InvalidStatus), 5s sonra tekrar denenecek
17:03:00 WARNING RPC hiz limiti (429) - RPC_RPS dusurun veya plani yukseltin
17:03:05 INFO    [warn] Helius baglantisi koptu (InvalidStatus), 5s sonra tekrar denenecek
17:03:11 INFO    [warn] Helius baglantisi koptu (InvalidStatus), 5s sonra tekrar denenecek
17:03:16 INFO    [warn] Helius baglantisi koptu (InvalidStatus), 5s sonra tekrar denenecek
17:03:22 INFO    [warn] Helius baglantisi koptu (InvalidStatus), 5s sonra tekrar denenecek
17:03:28 INFO    [warn] Helius baglantisi koptu (InvalidStatus), 5s sonra tekrar denenecek
17:03:33 INFO    [warn] Helius baglantisi koptu (InvalidStatus), 5s sonra tekrar denenecek
17:03:38 INFO    [warn] Helius baglantisi koptu (InvalidStatus), 5s sonra tekrar denenecek
17:03:41 INFO    [warn] Takip edilen cuzdan yok - once skorlayip takibe alin
17:03:41 WARNING RPC hiz limiti (429) - RPC_RPS dusurun veya plani yukseltin
17:03:44 INFO    [warn] Helius baglantisi koptu (InvalidStatus), 5s sonra tekrar denenecek
17:03:49 INFO    [warn] Helius baglantisi koptu (InvalidStatus), 5s sonra tekrar denenecek
17:03:54 INFO    [warn] Helius baglantisi koptu (InvalidStatus), 5s sonra tekrar denenecek
17:04:00 INFO    [warn] Helius baglantisi koptu (InvalidStatus), 5s sonra tekrar denenecek
17:04:05 INFO    [warn] Helius baglantisi koptu (InvalidStatus), 5s sonra tekrar denenecek
17:04:10 INFO    [warn] Helius baglantisi koptu (InvalidStatus), 5s sonra tekrar denenecek
17:04:15 INFO    [warn] Helius baglantisi koptu (InvalidStatus), 5s sonra tekrar denenecek
17:04:20 WARNING RPC hiz limiti (429) - RPC_RPS dusurun veya plani yukseltin
17:04:21 INFO    [warn] Helius baglantisi koptu (InvalidStatus), 5s sonra tekrar denenecek
17:04:26 INFO    [warn] Helius baglantisi koptu (InvalidStatus), 5s sonra tekrar denenecek
17:04:31 INFO    [warn] Helius baglantisi koptu (InvalidStatus), 5s sonra tekrar denenecek
17:04:37 INFO    [warn] Helius baglantisi koptu (InvalidStatus), 5s sonra tekrar denenecek
17:04:43 INFO    [warn] Helius baglantisi koptu (InvalidStatus), 5s sonra tekrar denenecek
17:04:48 INFO    [warn] Helius baglantisi koptu (InvalidStatus), 5s sonra tekrar denenecek
17:04:53 INFO    [warn] Helius baglantisi koptu (InvalidStatus), 5s sonra tekrar denenecek
17:04:58 INFO    [warn] Helius baglantisi koptu (InvalidStatus), 5s sonra tekrar denenecek
17:04:59 WARNING RPC hiz limiti (429) - RPC_RPS dusurun veya plani yukseltin
17:05:04 INFO    [warn] Helius baglantisi koptu (InvalidStatus), 5s sonra tekrar denenecek
17:05:09 INFO    [warn] Helius baglantisi koptu (InvalidStatus), 5s sonra tekrar denenecek
17:05:15 INFO    [warn] Helius baglantisi koptu (InvalidStatus), 5s sonra tekrar denenecek
17:05:20 INFO    [warn] Helius baglantisi koptu (InvalidStatus), 5s sonra tekrar denenecek
17:05:25 INFO    [warn] Helius baglantisi koptu (InvalidStatus), 5s sonra tekrar denenecek
17:05:31 INFO    [warn] Helius baglantisi koptu (InvalidStatus), 5s sonra tekrar denenecek
17:05:36 INFO    [warn] Helius baglantisi koptu (InvalidStatus), 5s sonra tekrar denenecek
17:05:39 WARNING RPC hiz limiti (429) - RPC_RPS dusurun veya plani yukseltin
17:05:41 INFO    [warn] Helius baglantisi koptu (InvalidStatus), 5s sonra tekrar denenecek
17:05:42 INFO    [warn] Takip edilen cuzdan yok - once skorlayip takibe alin
17:05:47 INFO    [warn] Helius baglantisi koptu (InvalidStatus), 5s sonra tekrar denenecek
17:05:53 INFO    [warn] Helius baglantisi koptu (InvalidStatus), 5s sonra tekrar denenecek
17:05:58 INFO    [warn] Helius baglantisi koptu (InvalidStatus), 5s sonra tekrar denenecek
17:06:03 INFO    [warn] Helius baglantisi koptu (InvalidStatus), 5s sonra tekrar denenecek
17:06:09 INFO    [warn] Helius baglantisi koptu (InvalidStatus), 5s sonra tekrar denenecek
17:06:14 INFO    [warn] Helius baglantisi koptu (InvalidStatus), 5s sonra tekrar denenecek
17:06:18 WARNING RPC hiz limiti (429) - RPC_RPS dusurun veya plani yukseltin
17:06:19 INFO    [warn] Helius baglantisi koptu (InvalidStatus), 5s sonra tekrar denenecek
17:06:24 INFO    [warn] Helius baglantisi koptu (InvalidStatus), 5s sonra tekrar denenecek
17:06:30 INFO    [warn] Helius baglantisi koptu (InvalidStatus), 5s sonra tekrar denenecek
17:06:35 INFO    [warn] Helius baglantisi koptu (InvalidStatus), 5s sonra tekrar denenecek
17:06:40 INFO    [warn] Helius baglantisi koptu (InvalidStatus), 5s sonra tekrar denenecek
17:06:45 INFO    [warn] Helius baglantisi koptu (InvalidStatus), 5s sonra tekrar denenecek
17:06:51 INFO    [warn] Helius baglantisi koptu (InvalidStatus), 5s sonra tekrar denenecek
17:06:56 INFO    [warn] Helius baglantisi koptu (InvalidStatus), 5s sonra tekrar denenecek
17:06:57 WARNING RPC hiz limiti (429) - RPC_RPS dusurun veya plani yukseltin
17:07:01 INFO    [warn] Helius baglantisi koptu (InvalidStatus), 5s sonra tekrar denenecek
17:07:06 INFO    [warn] Helius baglantisi koptu (InvalidStatus), 5s sonra tekrar denenecek
17:07:12 INFO    [warn] Helius baglantisi koptu (InvalidStatus), 5s sonra tekrar denenecek
17:07:17 INFO    [error] Stop loss: Onecoin (-35.0%)
17:07:17 INFO    [info] [PAPER] SATIS Onecoin stop_loss %100 -> 0.06223 SOL (fee 0.00164)
17:07:17 INFO    [error] [PAPER] Onecoin | stop_loss %100 | PnL -35.96% (-0.0388 SOL)
17:07:17 INFO    [warn] Helius baglantisi koptu (InvalidStatus), 5s sonra tekrar denenecek
17:07:22 INFO    [warn] Helius baglantisi koptu (InvalidStatus), 5s sonra tekrar denenecek
17:07:28 INFO    [warn] Helius baglantisi koptu (InvalidStatus), 5s sonra tekrar denenecek
17:07:33 INFO    [warn] Helius baglantisi koptu (InvalidStatus), 5s sonra tekrar denenecek
17:07:37 WARNING RPC hiz limiti (429) - RPC_RPS dusurun veya plani yukseltin
17:07:38 INFO    [warn] Helius baglantisi koptu (InvalidStatus), 5s sonra tekrar denenecek
17:07:42 INFO    [warn] Takip edilen cuzdan yok - once skorlayip takibe alin
17:07:43 INFO    [warn] Helius baglantisi koptu (InvalidStatus), 5s sonra tekrar denenecek
17:07:49 INFO    [warn] Helius baglantisi koptu (InvalidStatus), 5s sonra tekrar denenecek
17:07:54 INFO    [warn] Helius baglantisi koptu (InvalidStatus), 5s sonra tekrar denenecek
17:07:59 INFO    [warn] Helius baglantisi koptu (InvalidStatus), 5s sonra tekrar denenecek
17:08:05 INFO    [warn] Helius baglantisi koptu (InvalidStatus), 5s sonra tekrar denenecek
17:08:10 INFO    [warn] Helius baglantisi koptu (InvalidStatus), 5s sonra tekrar denenecek
17:08:15 WARNING RPC hiz limiti (429) - RPC_RPS dusurun veya plani yukseltin
17:08:15 INFO    [warn] Helius baglantisi koptu (InvalidStatus), 5s sonra tekrar denenecek
17:08:20 INFO    [warn] Helius baglantisi koptu (InvalidStatus), 5s sonra tekrar denenecek
17:08:26 INFO    [warn] Helius baglantisi koptu (InvalidStatus), 5s sonra tekrar denenecek
17:08:31 INFO    [warn] Helius baglantisi koptu (InvalidStatus), 5s sonra tekrar denenecek
17:08:36 INFO    [warn] Helius baglantisi koptu (InvalidStatus), 5s sonra tekrar denenecek
17:08:42 INFO    [warn] Helius baglantisi koptu (InvalidStatus), 5s sonra tekrar denenecek
17:08:47 INFO    [warn] Helius baglantisi koptu (InvalidStatus), 5s sonra tekrar denenecek
17:08:52 INFO    [warn] Helius baglantisi koptu (InvalidStatus), 5s sonra tekrar denenecek
17:08:54 WARNING RPC hiz limiti (429) - RPC_RPS dusurun veya plani yukseltin
17:08:58 INFO    [warn] Helius baglantisi koptu (InvalidStatus), 5s sonra tekrar denenecek
17:09:03 INFO    [warn] Helius baglantisi koptu (InvalidStatus), 5s sonra tekrar denenecek
17:09:08 INFO    [warn] Helius baglantisi koptu (InvalidStatus), 5s sonra tekrar denenecek
17:09:14 INFO    [warn] Helius baglantisi koptu (InvalidStatus), 5s sonra tekrar denenecek
17:09:19 INFO    [warn] Helius baglantisi koptu (InvalidStatus), 5s sonra tekrar denenecek
17:09:25 INFO    [warn] Helius baglantisi koptu (InvalidStatus), 5s sonra tekrar denenecek
17:09:30 INFO    [warn] Helius baglantisi koptu (InvalidStatus), 5s sonra tekrar denenecek
17:09:35 WARNING RPC hiz limiti (429) - RPC_RPS dusurun veya plani yukseltin
17:09:35 INFO    [warn] Helius baglantisi koptu (InvalidStatus), 5s sonra tekrar denenecek
17:09:42 INFO    [warn] Takip edilen cuzdan yok - once skorlayip takibe alin
17:09:44 INFO    [warn] Helius baglantisi koptu (InvalidStatus), 5s sonra tekrar denenecek
17:09:49 INFO    [warn] Helius baglantisi koptu (InvalidStatus), 5s sonra tekrar denenecek
17:09:54 INFO    [warn] Helius baglantisi koptu (InvalidStatus), 5s sonra tekrar denenecek
17:09:59 INFO    [warn] Helius baglantisi koptu (InvalidStatus), 5s sonra tekrar denenecek
17:10:05 INFO    [warn] Helius baglantisi koptu (InvalidStatus), 5s sonra tekrar denenecek
17:10:10 INFO    [warn] Helius baglantisi koptu (InvalidStatus), 5s sonra tekrar denenecek
17:10:15 INFO    [warn] Helius baglantisi koptu (InvalidStatus), 5s sonra tekrar denenecek
17:10:17 WARNING RPC hiz limiti (429) - RPC_RPS dusurun veya plani yukseltin
17:10:21 INFO    [warn] Helius baglantisi koptu (InvalidStatus), 5s sonra tekrar denenecek
17:10:26 INFO    [warn] Helius baglantisi koptu (InvalidStatus), 5s sonra tekrar denenecek
17:10:32 INFO    [warn] Helius baglantisi koptu (InvalidStatus), 5s sonra tekrar denenecek
17:10:37 INFO    [warn] Helius baglantisi koptu (InvalidStatus), 5s sonra tekrar denenecek
17:10:42 INFO    [warn] Helius baglantisi koptu (InvalidStatus), 5s sonra tekrar denenecek
17:10:48 INFO    [warn] Helius baglantisi koptu (InvalidStatus), 5s sonra tekrar denenecek
17:10:53 INFO    [warn] Helius baglantisi koptu (InvalidStatus), 5s sonra tekrar denenecek
17:10:55 WARNING RPC hiz limiti (429) - RPC_RPS dusurun veya plani yukseltin
17:10:58 INFO    [warn] Helius baglantisi koptu (InvalidStatus), 5s sonra tekrar denenecek
17:11:03 INFO    [warn] Helius baglantisi koptu (InvalidStatus), 5s sonra tekrar denenecek
17:11:08 INFO    [warn] Helius baglantisi koptu (InvalidStatus), 5s sonra tekrar denenecek
17:11:14 INFO    [warn] Helius baglantisi koptu (InvalidStatus), 5s sonra tekrar denenecek
17:11:19 INFO    [warn] Helius baglantisi koptu (InvalidStatus), 5s sonra tekrar denenecek
17:11:25 INFO    [warn] Helius baglantisi koptu (InvalidStatus), 5s sonra tekrar denenecek
17:11:30 INFO    [warn] Helius baglantisi koptu (InvalidStatus), 5s sonra tekrar denenecek
17:11:35 INFO    [warn] Helius baglantisi koptu (InvalidStatus), 5s sonra tekrar denenecek
17:11:36 WARNING RPC hiz limiti (429) - RPC_RPS dusurun veya plani yukseltin
17:11:40 INFO    [warn] Helius baglantisi koptu (InvalidStatus), 5s sonra tekrar denenecek
17:11:42 INFO    [warn] Takip edilen cuzdan yok - once skorlayip takibe alin
17:11:46 INFO    [warn] Helius baglantisi koptu (InvalidStatus), 5s sonra tekrar denenecek
17:11:51 INFO    [warn] Helius baglantisi koptu (InvalidStatus), 5s sonra tekrar denenecek
17:11:56 INFO    [warn] Helius baglantisi koptu (InvalidStatus), 5s sonra tekrar denenecek
17:12:02 INFO    [warn] Helius baglantisi koptu (InvalidStatus), 5s sonra tekrar denenecek
17:12:07 INFO    [warn] Helius baglantisi koptu (InvalidStatus), 5s sonra tekrar denenecek
17:12:13 INFO    [warn] Helius baglantisi koptu (InvalidStatus), 5s sonra tekrar denenecek
17:12:13 WARNING RPC hiz limiti (429) - RPC_RPS dusurun veya plani yukseltin
17:12:18 INFO    [warn] Helius baglantisi koptu (InvalidStatus), 5s sonra tekrar denenecek
17:12:24 INFO    [warn] Helius baglantisi koptu (InvalidStatus), 5s sonra tekrar denenecek
17:12:30 INFO    [warn] Helius baglantisi koptu (InvalidStatus), 5s sonra tekrar denenecek
17:12:35 INFO    [warn] Helius baglantisi koptu (InvalidStatus), 5s sonra tekrar denenecek
17:12:40 INFO    [warn] Helius baglantisi koptu (InvalidStatus), 5s sonra tekrar denenecek
17:12:46 INFO    [warn] Helius baglantisi koptu (InvalidStatus), 5s sonra tekrar denenecek
17:12:51 INFO    [warn] Helius baglantisi koptu (InvalidStatus), 5s sonra tekrar denenecek
17:12:53 WARNING RPC hiz limiti (429) - RPC_RPS dusurun veya plani yukseltin
17:12:56 INFO    [warn] Helius baglantisi koptu (InvalidStatus), 5s sonra tekrar denenecek
17:13:02 INFO    [warn] Helius baglantisi koptu (InvalidStatus), 5s sonra tekrar denenecek
17:13:07 INFO    [warn] Helius baglantisi koptu (InvalidStatus), 5s sonra tekrar denenecek
17:13:12 INFO    [warn] Helius baglantisi koptu (InvalidStatus), 5s sonra tekrar denenecek
17:13:18 INFO    [warn] Helius baglantisi koptu (InvalidStatus), 5s sonra tekrar denenecek
17:13:23 INFO    [warn] Helius baglantisi koptu (InvalidStatus), 5s sonra tekrar denenecek
17:13:28 INFO    [warn] Helius baglantisi koptu (InvalidStatus), 5s sonra tekrar denenecek
17:13:33 WARNING RPC hiz limiti (429) - RPC_RPS dusurun veya plani yukseltin
17:13:33 INFO    [warn] Helius baglantisi koptu (InvalidStatus), 5s sonra tekrar denenecek
17:13:39 INFO    [warn] Helius baglantisi koptu (InvalidStatus), 5s sonra tekrar denenecek
17:13:42 INFO    [warn] Takip edilen cuzdan yok - once skorlayip takibe alin
17:13:44 INFO    [warn] Helius baglantisi koptu (InvalidStatus), 5s sonra tekrar denenecek
17:13:49 INFO    [warn] Helius baglantisi koptu (InvalidStatus), 5s sonra tekrar denenecek
17:13:54 INFO    [warn] Helius baglantisi koptu (InvalidStatus), 5s sonra tekrar denenecek
17:14:00 INFO    [warn] Helius baglantisi koptu (InvalidStatus), 5s sonra tekrar denenecek
17:14:05 INFO    [warn] Helius baglantisi koptu (InvalidStatus), 5s sonra tekrar denenecek
17:14:10 INFO    [warn] Helius baglantisi koptu (InvalidStatus), 5s sonra tekrar denenecek
17:14:12 WARNING RPC hiz limiti (429) - RPC_RPS dusurun veya plani yukseltin
17:14:16 INFO    [warn] Helius baglantisi koptu (InvalidStatus), 5s sonra tekrar denenecek
17:14:22 INFO    [warn] Helius baglantisi koptu (InvalidStatus), 5s sonra tekrar denenecek
