00:02:34 INFO    http://127.0.0.1:8000 adresinde baslatiliyor
INFO:     Started server process [20748]
INFO:     Waiting for application startup.
00:02:34 INFO    Veritabani hazir: C:\Users\fevzi\market-fucker\trades.db
00:02:34 WARNING WALLET_PRIVATE_KEY yok - sadece PAPER modu kullanilabilir
00:02:34 INFO    [warn] PAPER modu aktif - gercek islem yapilmayacak
00:02:34 INFO    [info] Strateji modu: SNIPER
00:02:34 INFO    [success] Sunucu hazir
00:02:34 INFO    [warn] Takip edilen cuzdan yok - once skorlayip takibe alin
00:02:34 INFO    [info] Pozisyon takibi basladi
INFO:     Application startup complete.
INFO:     Uvicorn running on http://0.0.0.0:8000 (Press CTRL+C to quit)
00:02:34 INFO    [success] Helius websocket baglandi, pump.fun dinleniyor
00:02:46 INFO    [success] Bot BASLATILDI
00:03:23 INFO    [info] Yeni coin: F4vEFNoH9H - analiz 40s sonra
00:03:23 INFO    [info] Yeni coin: 7vgxPbzKV6 - analiz 40s sonra
00:03:45 INFO    [info] Yeni coin: 67L4rbNyVx - analiz 40s sonra
00:03:45 INFO    [info] Yeni coin: XemqGkqMXK - analiz 40s sonra
00:03:45 INFO    [info] Yeni coin: 7MoZ6Nt8Uy - analiz 40s sonra
00:03:45 INFO    [info] Yeni coin: 5u9mbD3osJ - analiz 40s sonra
00:03:45 INFO    [info] Yeni coin: BvKwyF8ywX - analiz 40s sonra
00:03:46 INFO    [info] Yeni coin: DE9RWVMpRm - analiz 40s sonra
00:03:46 INFO    [info] Yeni coin: Hvv1EzFapi - analiz 40s sonra
00:03:46 INFO    [info] Yeni coin: 4S1qWgNpUP - analiz 40s sonra
00:03:46 INFO    [info] Yeni coin: Amtxtm9J3Q - analiz 40s sonra
00:03:46 INFO    [info] Yeni coin: 3BHxMP5jyV - analiz 40s sonra
00:03:46 INFO    [info] Yeni coin: HAZykr9Feo - analiz 40s sonra
00:03:46 INFO    [info] Yeni coin: BZdP6hX91r - analiz 40s sonra
00:03:47 INFO    [info] Yeni coin: E493FfhusZ - analiz 40s sonra
00:03:47 INFO    [info] Yeni coin: 2PJ1z8NHLN - analiz 40s sonra
00:03:47 INFO    [info] Yeni coin: CmoYTUumhk - analiz 40s sonra
00:03:47 INFO    [info] Yeni coin: AndzwmsjSi - analiz 40s sonra
00:03:47 INFO    [info] Yeni coin: GBByKcs4WL - analiz 40s sonra
00:03:47 INFO    [info] Yeni coin: CP9LUkgeuD - analiz 40s sonra
00:03:47 INFO    [info] Yeni coin: AtMVbBioon - analiz 40s sonra
00:03:48 INFO    [info] Yeni coin: DGePGYhhFC - analiz 40s sonra
00:03:48 INFO    [info] Yeni coin: 9ykQNcnuNf - analiz 40s sonra
00:03:48 INFO    [info] Yeni coin: 8Y9km6qg1i - analiz 40s sonra
00:03:48 INFO    [info] Yeni coin: 9tLxwXWb48 - analiz 40s sonra
00:04:04 INFO    [info] Yeni coin: 7jF69Xx6QE - analiz 40s sonra
00:04:04 INFO    [info] Yeni coin: uEBiK6xR7d - analiz 40s sonra
00:04:04 INFO    [info] Yeni coin: BYyXX8eTfW - analiz 40s sonra
00:04:05 INFO    [info] Yeni coin: 7RgTfd94vE - analiz 40s sonra
00:04:12 INFO    [info] Yeni coin: 6QePZdgJbz - analiz 40s sonra
00:04:18 INFO    [info] Yeni coin: Vpm3yhgro6 - analiz 40s sonra
00:04:26 INFO    [info] Yeni coin: G2xHzhcjpr - analiz 40s sonra
00:04:30 INFO    [info] Yeni coin: BK1isXwE6o - analiz 40s sonra
00:04:32 INFO    [info] Yeni coin: Dm7aoxVTsW - analiz 40s sonra
00:04:32 INFO    [info] Yeni coin: 9qZAsMtuq5 - analiz 40s sonra
00:04:33 INFO    [info] Yeni coin: 4EAoCPHAhY - analiz 40s sonra
00:04:34 INFO    [warn] Takip edilen cuzdan yok - once skorlayip takibe alin
00:04:35 INFO    [info] Yeni coin: 2DdEV6tmYJ - analiz 40s sonra
00:04:36 INFO    [info] Yeni coin: 7FUeyZcSTp - analiz 40s sonra
00:04:37 INFO    [info] Yeni coin: 7pheEujddr - analiz 40s sonra
00:04:39 INFO    [info] Yeni coin: 4W5ifWWW52 - analiz 40s sonra
00:04:43 INFO    [info] Yeni coin: 3FLNNj83GC - analiz 40s sonra
00:04:49 INFO    [info] Yeni coin: DvHNfcCim6 - analiz 40s sonra
00:04:52 WARNING RPC hiz limiti (429) - RPC_RPS dusurun veya plani yukseltin
00:05:09 INFO    [info] Yeni coin: EPjFWdd5Au - analiz 40s sonra
00:05:10 INFO    [info] Yeni coin: HT7QpV4hdV - analiz 40s sonra
00:05:12 INFO    [info] Yeni coin: 9QeCpFBs12 - analiz 40s sonra
00:05:16 INFO    [info] Yeni coin: DwPnNbqqpf - analiz 40s sonra
00:05:19 WARNING RPC hiz limiti (429) - RPC_RPS dusurun veya plani yukseltin
00:05:20 INFO    [info] Yeni coin: 4udC851KbY - analiz 40s sonra
00:05:20 INFO    [info] Yeni coin: 56FzX2QQmC - analiz 40s sonra
00:05:23 INFO    [info] Yeni coin: 4ojENeuAoF - analiz 40s sonra
00:05:23 INFO    [info] Yeni coin: 24wNeTYQbq - analiz 40s sonra
00:05:23 INFO    [info] Yeni coin: Afnt718Neb - analiz 40s sonra
00:05:23 INFO    [info] Yeni coin: AQ7AMhmjA5 - analiz 40s sonra
00:05:24 INFO    [info] Yeni coin: HnEheA9sgQ - analiz 40s sonra
00:05:24 INFO    [info] Yeni coin: HJzJuPTyfw - analiz 40s sonra
00:05:25 INFO    [info] Yeni coin: 9K1em3VYDH - analiz 40s sonra
00:05:25 INFO    [info] Yeni coin: BbWgiKUuNH - analiz 40s sonra
00:05:26 INFO    [info] Yeni coin: 9qfbxfGhc3 - analiz 40s sonra
00:05:29 INFO    [info] Yeni coin: 6WQFQ7Lijk - analiz 40s sonra
00:05:29 INFO    [info] Yeni coin: 35Bia2wBDM - analiz 40s sonra
00:05:29 INFO    [info] Yeni coin: 7YfuV6YqV6 - analiz 40s sonra
00:05:30 INFO    [info] Yeni coin: 5kBUrjEs3R - analiz 40s sonra
00:05:30 INFO    [info] Yeni coin: 8ha6Lqz3Sy - analiz 40s sonra
00:05:30 INFO    [info] Yeni coin: Mj8RUKXNoN - analiz 40s sonra
00:05:30 INFO    [info] Yeni coin: HeNuWgRL7x - analiz 40s sonra
00:05:30 INFO    [info] Yeni coin: GNVXMLS3Qu - analiz 40s sonra
00:05:31 INFO    [info] Yeni coin: HYyJqNz5VK - analiz 40s sonra
00:05:31 INFO    [info] Yeni coin: 96kPxm6aKS - analiz 40s sonra
00:05:32 INFO    [info] Yeni coin: ASi83rnt6t - analiz 40s sonra
00:05:32 INFO    [info] Yeni coin: GY5uGSWwf3 - analiz 40s sonra
00:05:32 INFO    [info] Yeni coin: D3pWSSJnc4 - analiz 40s sonra
00:05:32 INFO    [info] Yeni coin: GsBvzVnDR6 - analiz 40s sonra
00:05:32 INFO    [info] Yeni coin: AFphZKaFx6 - analiz 40s sonra
00:05:33 INFO    [info] Yeni coin: FJozk9V9sr - analiz 40s sonra
00:05:33 INFO    [info] Yeni coin: 2V896uHLMY - analiz 40s sonra
00:05:35 INFO    [info] Yeni coin: CjLnHXQEDn - analiz 40s sonra
00:05:35 INFO    [info] Yeni coin: 6Yx4W8W23o - analiz 40s sonra
00:05:36 INFO    [info] Yeni coin: 7PvqwMrTVU - analiz 40s sonra
00:05:37 INFO    [info] Yeni coin: 6Kv7jejPiB - analiz 40s sonra
00:05:37 INFO    [info] Yeni coin: E3d4mTWUS6 - analiz 40s sonra
00:05:38 INFO    [info] Yeni coin: 2UACBa1Ecz - analiz 40s sonra
00:05:39 INFO    [info] Yeni coin: 2ZFVu5cB46 - analiz 40s sonra
00:05:40 WARNING RPC hiz limiti (429) - RPC_RPS dusurun veya plani yukseltin
00:05:41 INFO    [info] Yeni coin: 2JmcZvMdp6 - analiz 40s sonra
00:05:42 INFO    [info] Yeni coin: 56tN3k7gow - analiz 40s sonra
00:05:43 INFO    [info] Yeni coin: AKgs9QWYNt - analiz 40s sonra
00:05:44 INFO    [info] Yeni coin: Br75jXVfRT - analiz 40s sonra
00:05:44 INFO    [info] Yeni coin: 6eJuLEc5mc - analiz 40s sonra
00:05:44 INFO    [info] Yeni coin: Dxf3Pdytks - analiz 40s sonra
00:05:44 INFO    [info] Yeni coin: HfyahTgSCs - analiz 40s sonra
00:05:45 INFO    [info] Yeni coin: GThUTFfqZr - analiz 40s sonra
00:05:45 INFO    [info] Yeni coin: BUwcPhP68u - analiz 40s sonra
00:05:46 INFO    [info] Yeni coin: H1igH8Ht32 - analiz 40s sonra
00:05:46 INFO    [info] Yeni coin: CS1wvhEBqt - analiz 40s sonra
00:05:46 INFO    [info] Yeni coin: 9B39eR9d7G - analiz 40s sonra
00:05:46 INFO    [info] Yeni coin: E7LTqe9sdY - analiz 40s sonra
00:05:46 INFO    [info] Yeni coin: C7GpMMdvYH - analiz 40s sonra
00:05:47 INFO    [info] Yeni coin: EFcfd1opAr - analiz 40s sonra
00:05:47 INFO    [info] Yeni coin: HsowhrnPhr - analiz 40s sonra
00:05:47 INFO    [info] Yeni coin: PuhEqjwFEf - analiz 40s sonra
00:05:47 INFO    [info] Yeni coin: 9UPA3sya4o - analiz 40s sonra
00:05:47 INFO    [info] Yeni coin: 6gJX9hdYtw - analiz 40s sonra
00:05:48 INFO    [info] Yeni coin: GmvXNggmBD - analiz 40s sonra
00:05:48 INFO    [info] Yeni coin: HBfvfG7ase - analiz 40s sonra
00:05:48 INFO    [info] Yeni coin: HSsAQH2G26 - analiz 40s sonra
00:05:48 INFO    [info] Yeni coin: 2LGQZgBCSB - analiz 40s sonra
00:05:49 INFO    [info] Yeni coin: dyV8ChuvP7 - analiz 40s sonra
00:05:51 INFO    [info] Yeni coin: 2zJ5KKFD34 - analiz 40s sonra
00:05:55 INFO    [info] Yeni coin: Hes1SQdd9d - analiz 40s sonra
00:05:57 INFO    [info] Yeni coin: CjmQSNZz49 - analiz 40s sonra
00:05:58 INFO    [info] Yeni coin: 5nuB7w3oK5 - analiz 40s sonra
00:05:58 INFO    [info] Yeni coin: 5Vj7LzEJg9 - analiz 40s sonra
00:06:01 INFO    [info] Yeni coin: 7Zwif9PB7Y - analiz 40s sonra
00:06:03 INFO    [info] Yeni coin: B6bnf6rMpL - analiz 40s sonra
00:06:07 INFO    [info] Yeni coin: ChH5Yfr3zH - analiz 40s sonra
00:06:08 WARNING RPC hiz limiti (429) - RPC_RPS dusurun veya plani yukseltin
00:06:11 INFO    [info] Yeni coin: D7PMwSoY3F - analiz 40s sonra
00:06:12 INFO    [info] Yeni coin: C5aC94cad4 - analiz 40s sonra
00:06:16 INFO    [info] Yeni coin: F2aku6J1d1 - analiz 40s sonra
00:06:31 WARNING RPC hiz limiti (429) - RPC_RPS dusurun veya plani yukseltin
00:06:34 INFO    [info] Yeni coin: Fe2XUcXUp4 - analiz 40s sonra
00:06:34 INFO    [warn] Takip edilen cuzdan yok - once skorlayip takibe alin
00:06:38 INFO    [info] Yeni coin: Zf5jtQyiHm - analiz 40s sonra
00:06:41 INFO    [info] Yeni coin: EEuH94o7Ko - analiz 40s sonra
00:06:45 INFO    [info] Yeni coin: FRqD6t8A7L - analiz 40s sonra
00:06:45 INFO    [info] Yeni coin: AvTQjFsYm1 - analiz 40s sonra
00:06:45 INFO    [info] Yeni coin: G6JkpZyhhC - analiz 40s sonra
00:06:48 INFO    [info] Yeni coin: Fku622ed4e - analiz 40s sonra
00:06:48 INFO    [info] Yeni coin: 5H6qfaCWYB - analiz 40s sonra
00:06:48 INFO    [info] Yeni coin: 9q3hJdG2pD - analiz 40s sonra
00:06:48 INFO    [info] Yeni coin: 5sddSqpxVN - analiz 40s sonra
00:06:49 INFO    [info] Yeni coin: 9YH3BgTJ9a - analiz 40s sonra
00:06:49 INFO    [info] Yeni coin: aP5E11W5SQ - analiz 40s sonra
00:06:49 INFO    [info] Yeni coin: 4Twp8nJVqg - analiz 40s sonra
00:06:49 INFO    [info] Yeni coin: AECUTPFWq9 - analiz 40s sonra
00:06:49 WARNING RPC hiz limiti (429) - RPC_RPS dusurun veya plani yukseltin
00:06:50 INFO    [info] Yeni coin: HJAQeTPaBS - analiz 40s sonra
00:06:50 INFO    [info] Yeni coin: 58SKtgbTRg - analiz 40s sonra
00:06:51 INFO    [info] Yeni coin: E64FrvQMVQ - analiz 40s sonra
00:06:55 INFO    [info] Yeni coin: ECxhG8NnFJ - analiz 40s sonra
00:06:55 INFO    [info] Yeni coin: 5NmwhKt6eV - analiz 40s sonra
00:07:01 INFO    [info] Yeni coin: EAHbd3vFXu - analiz 40s sonra
00:07:02 INFO    [info] Yeni coin: 8RJSeEbnPY - analiz 40s sonra
00:07:03 INFO    [info] Yeni coin: 3DMUv8Hdh8 - analiz 40s sonra
00:07:04 INFO    [info] Yeni coin: BgmZz3BN63 - analiz 40s sonra
00:07:04 INFO    [info] Yeni coin: AuLPKs2vcg - analiz 40s sonra
00:07:21 INFO    [info] Yeni coin: A8GXfPYSc8 - analiz 40s sonra
00:07:22 WARNING RPC hiz limiti (429) - RPC_RPS dusurun veya plani yukseltin
00:07:23 INFO    [info] Yeni coin: 5hmWCemqac - analiz 40s sonra
00:07:23 INFO    [info] Yeni coin: BpKDKsyAj3 - analiz 40s sonra
00:07:24 INFO    [info] Yeni coin: JBa6EDEQ2t - analiz 40s sonra
00:07:26 INFO    [info] Yeni coin: 7utzLf2Lw8 - analiz 40s sonra
00:07:33 INFO    [info] Yeni coin: 2EAe81LdqL - analiz 40s sonra
00:07:34 INFO    [info] Yeni coin: 3NL3vCnChj - analiz 40s sonra
00:07:40 INFO    [info] Yeni coin: 65e4CdmbDC - analiz 40s sonra
00:07:42 INFO    [info] Yeni coin: 86VFmn6vbW - analiz 40s sonra
00:07:43 INFO    [info] Yeni coin: 24wNyN1ctL - analiz 40s sonra
00:07:44 INFO    [info] Yeni coin: FThhuNZLxh - analiz 40s sonra
00:07:44 WARNING RPC hiz limiti (429) - RPC_RPS dusurun veya plani yukseltin
00:07:46 INFO    [info] Ayarlar kaydedildi
00:07:46 INFO    Paper gecmisi sifirlandi
00:07:46 INFO    [warn] Paper cuzdan sifirlandi: 1.1406 SOL ($100.00)
00:07:46 INFO    [info] Yeni coin: GHiHmt7s3b - analiz 40s sonra
00:07:46 INFO    [info] Yeni coin: 3sZ3yLeSLz - analiz 40s sonra
00:07:47 INFO    [info] Yeni coin: EF5psL1UXT - analiz 40s sonra
00:07:52 INFO    [info] Yeni coin: 7CGk3sUwwj - analiz 40s sonra
00:07:52 INFO    [info] Yeni coin: C84B31RfBY - analiz 40s sonra
00:07:55 INFO    [info] Yeni coin: 6dwmUQFK6F - analiz 40s sonra
00:07:56 INFO    [info] Yeni coin: 2Jbtyq27wc - analiz 40s sonra
00:07:57 INFO    [info] Yeni coin: FN5Vo1RaoW - analiz 40s sonra
00:08:00 INFO    [info] Yeni coin: 5V4r5XTkJB - analiz 40s sonra
00:08:01 INFO    [info] Yeni coin: 8ntuAU8SpA - analiz 40s sonra
00:08:02 INFO    [info] Yeni coin: B8wxxs7797 - analiz 40s sonra
00:08:03 INFO    [info] Yeni coin: 8bQkpQj1aS - analiz 40s sonra
00:08:04 INFO    [info] Yeni coin: F68iy2n5fq - analiz 40s sonra
00:08:05 INFO    [info] Yeni coin: 2BU85AHH1K - analiz 40s sonra
00:08:05 INFO    [info] Yeni coin: D3Vh2yiMV3 - analiz 40s sonra
00:08:06 INFO    [info] Yeni coin: 2PAoezvtQp - analiz 40s sonra
00:08:06 INFO    [info] Yeni coin: F8XBsWf38w - analiz 40s sonra
00:08:06 INFO    [info] Yeni coin: 4GDyN1PqhR - analiz 40s sonra
00:08:09 INFO    [info] Yeni coin: BBDR4LUBC9 - analiz 40s sonra
00:08:12 INFO    [info] Yeni coin: BnLjvh21iJ - analiz 40s sonra
00:08:15 INFO    [info] Yeni coin: 54UM4vjwru - analiz 40s sonra
00:08:16 INFO    [info] Yeni coin: 6EeK3wXmY5 - analiz 40s sonra
00:08:17 INFO    [info] Yeni coin: 2jsu8yizTg - analiz 40s sonra
00:08:18 INFO    [info] Yeni coin: 9CVJxCTZ6K - analiz 40s sonra
00:08:18 INFO    [info] Yeni coin: 2kCyyNVVjN - analiz 40s sonra
00:08:18 WARNING RPC hiz limiti (429) - RPC_RPS dusurun veya plani yukseltin
00:08:20 INFO    [info] Yeni coin: J3vBnjYYd4 - analiz 40s sonra
00:08:21 INFO    [info] Yeni coin: JAxm9oMMB6 - analiz 40s sonra
00:08:21 INFO    [info] Yeni coin: 58mjkb6RKF - analiz 40s sonra
00:08:21 INFO    [info] Yeni coin: AofpkHLsvh - analiz 40s sonra
00:08:23 INFO    [info] Yeni coin: iZiNmdnYBH - analiz 40s sonra
00:08:24 INFO    [info] Yeni coin: 36vCEJgXwN - analiz 40s sonra
00:08:25 INFO    [info] Yeni coin: 6N1inzwteN - analiz 40s sonra
00:08:28 INFO    [info] Yeni coin: DYCvo5m34v - analiz 40s sonra
00:08:29 INFO    [info] Yeni coin: 9b5pbz3KUN - analiz 40s sonra
00:08:29 INFO    [info] Yeni coin: 2KGMfwBcPa - analiz 40s sonra
00:08:29 INFO    [info] Yeni coin: JUyvSU3hb4 - analiz 40s sonra
00:08:30 INFO    [info] Yeni coin: D5ooRZYnGb - analiz 40s sonra
00:08:34 INFO    [warn] Takip edilen cuzdan yok - once skorlayip takibe alin
00:08:34 WARNING RPC hiz limiti (429) - RPC_RPS dusurun veya plani yukseltin
00:08:35 INFO    [info] Yeni coin: 8eBDVCtqFa - analiz 40s sonra
00:08:35 INFO    [info] Yeni coin: cx1V4Minnq - analiz 40s sonra
00:08:43 INFO    [info] Yeni coin: 2PQFR2HZSg - analiz 40s sonra
00:08:48 INFO    [info] Yeni coin: 4ZKKcjyBT1 - analiz 40s sonra
00:08:57 INFO    [info] Yeni coin: 74GitUycoS - analiz 40s sonra
00:08:58 WARNING RPC hiz limiti (429) - RPC_RPS dusurun veya plani yukseltin
00:09:00 INFO    [info] Yeni coin: 611A9cmRcb - analiz 40s sonra
00:09:01 INFO    [info] Yeni coin: 4QLq1D1uA3 - analiz 40s sonra
00:09:02 INFO    [info] Yeni coin: 64hWF6jXBG - analiz 40s sonra
00:09:03 INFO    [info] Yeni coin: GNcXCCNbT8 - analiz 40s sonra
00:09:05 INFO    [info] Yeni coin: 5HjoquRSpd - analiz 40s sonra
00:09:32 INFO    [info] Yeni coin: Hn69C9tWFJ - analiz 40s sonra
00:09:38 INFO    [info] Yeni coin: kTh5Pohzkr - analiz 40s sonra
00:09:39 INFO    [info] Yeni coin: 7NdkyUU1FP - analiz 40s sonra
00:09:41 INFO    [info] Yeni coin: GFAH935ZsD - analiz 40s sonra
00:09:43 INFO    [info] Yeni coin: EDDnjSCbJM - analiz 40s sonra
00:09:43 INFO    [info] Yeni coin: Dpxae7djho - analiz 40s sonra
00:09:45 INFO    [info] Yeni coin: BFBBcTkas6 - analiz 40s sonra
00:09:45 WARNING RPC hiz limiti (429) - RPC_RPS dusurun veya plani yukseltin
00:09:46 INFO    [info] Yeni coin: CndEs2vrbw - analiz 40s sonra
00:09:46 INFO    [info] Yeni coin: GAiHhoWAxE - analiz 40s sonra
00:09:47 INFO    Paper gecmisi sifirlandi
00:09:47 INFO    [warn] Paper cuzdan sifirlandi: 2.2823 SOL ($200.00)
00:09:51 INFO    [info] Yeni coin: 9gBzfCpeQB - analiz 40s sonra
00:09:52 INFO    [info] Yeni coin: DTab6H15AE - analiz 40s sonra
00:09:52 INFO    [info] Yeni coin: 6NKJFe9xpR - analiz 40s sonra
00:09:52 INFO    [info] Yeni coin: P6rhuKxQef - analiz 40s sonra
00:09:53 INFO    [info] Yeni coin: 71bU13jxaK - analiz 40s sonra
00:09:53 INFO    [info] Yeni coin: HHp8dbk1PP - analiz 40s sonra
00:09:54 INFO    [info] Yeni coin: FWN9Zkv3k8 - analiz 40s sonra
00:09:54 INFO    [info] Yeni coin: BpoHVXeQiX - analiz 40s sonra
00:09:55 INFO    [info] Yeni coin: Du5mZs9AQm - analiz 40s sonra
00:09:55 INFO    [info] Yeni coin: BpyfLY2RKp - analiz 40s sonra
00:09:56 INFO    [info] Yeni coin: 4RMi7xZP7T - analiz 40s sonra
00:09:57 INFO    [info] Yeni coin: Hdx5Cr9N5U - analiz 40s sonra
00:09:57 INFO    [info] Yeni coin: 3SqxP3YmXc - analiz 40s sonra
00:09:58 INFO    [info] Yeni coin: 97ZFe99tvT - analiz 40s sonra
00:09:59 INFO    [info] Yeni coin: 23iy733J6n - analiz 40s sonra
00:09:59 INFO    [info] Yeni coin: BghbKnJ7Kn - analiz 40s sonra
00:09:59 INFO    [info] Yeni coin: 8bFUBQjiok - analiz 40s sonra
00:10:00 INFO    [info] Yeni coin: BqiXtt7JHK - analiz 40s sonra
00:10:00 INFO    [info] Yeni coin: 2GVY7A3ygm - analiz 40s sonra
00:10:01 INFO    [info] Yeni coin: FLvu4cweLA - analiz 40s sonra
00:10:01 INFO    [info] Yeni coin: 6FSRF3ZT6b - analiz 40s sonra
00:10:03 INFO    [info] Yeni coin: 7fDdLy2rmQ - analiz 40s sonra
00:10:03 INFO    [info] Yeni coin: Uv2c6YaVh9 - analiz 40s sonra
00:10:04 INFO    [info] Yeni coin: JBLdVmBRST - analiz 40s sonra
00:10:09 INFO    [info] Yeni coin: 9Y8nWk32z6 - analiz 40s sonra
00:10:09 INFO    [info] Yeni coin: 8JTLPmzZce - analiz 40s sonra
00:10:10 INFO    [info] Yeni coin: 5n9C9Muurv - analiz 40s sonra
00:10:10 INFO    [info] Yeni coin: 7Gh4m8E7au - analiz 40s sonra
00:10:11 INFO    [info] Yeni coin: AzoyECzeEb - analiz 40s sonra
00:10:11 INFO    [info] Yeni coin: Gu6pr8pZso - analiz 40s sonra
00:10:12 INFO    [info] Yeni coin: HcXhypEgb9 - analiz 40s sonra
00:10:13 INFO    [info] Yeni coin: 5qkkH9JpFa - analiz 40s sonra
00:10:13 INFO    [info] Yeni coin: BVW6JunRRT - analiz 40s sonra
00:10:15 WARNING RPC hiz limiti (429) - RPC_RPS dusurun veya plani yukseltin
00:10:16 INFO    [info] Yeni coin: 9nxQBjUiiR - analiz 40s sonra
00:10:16 INFO    [info] Yeni coin: EjdvJJ7xA8 - analiz 40s sonra
00:10:17 INFO    [info] Yeni coin: 7PjxKLNB1D - analiz 40s sonra
00:10:17 INFO    [info] Yeni coin: GtcTVUrUKA - analiz 40s sonra
00:10:17 INFO    [info] Yeni coin: CfKFnVucNu - analiz 40s sonra
00:10:18 INFO    [info] Yeni coin: Aycp8dSNAi - analiz 40s sonra
00:10:19 INFO    [info] Yeni coin: ArJXqzdZjL - analiz 40s sonra
00:10:20 INFO    [info] Yeni coin: 9XuDbdPR5f - analiz 40s sonra
00:10:20 INFO    [info] Yeni coin: 9Emi3dAhtk - analiz 40s sonra
00:10:20 INFO    [info] Yeni coin: CLNpRHihMX - analiz 40s sonra
00:10:21 INFO    [info] Yeni coin: 8L5QvHd8qr - analiz 40s sonra
INFO:     127.0.0.1:65105 - "WebSocket /ws" [accepted]
INFO:     connection open
00:10:25 INFO    [info] Yeni coin: 9tGgi15AiT - analiz 40s sonra
00:10:27 INFO    [info] Yeni coin: HmPg55UmUX - analiz 40s sonra
00:10:27 INFO    [info] Yeni coin: J3umWFkJow - analiz 40s sonra
00:10:28 INFO    [info] Yeni coin: 6QfE8U1iFH - analiz 40s sonra
00:10:29 INFO    [info] Yeni coin: 7iwbKNJ6C6 - analiz 40s sonra
00:10:31 INFO    [info] Yeni coin: 7QXgisURqW - analiz 40s sonra
00:10:31 INFO    [info] Yeni coin: D9kAtRjpBE - analiz 40s sonra
00:10:32 INFO    [info] Yeni coin: Bi3rZHZgUS - analiz 40s sonra
00:10:34 INFO    [info] Yeni coin: ibSiVeU9rX - analiz 40s sonra
00:10:34 INFO    [warn] Takip edilen cuzdan yok - once skorlayip takibe alin
00:10:34 INFO    [info] Yeni coin: FwMqkTkiGw - analiz 40s sonra
00:10:35 INFO    [info] Yeni coin: BZabw9vHNQ - analiz 40s sonra
00:10:35 INFO    [info] Yeni coin: 9u9qHzF6PA - analiz 40s sonra
00:10:36 INFO    [info] Yeni coin: H8iLdJBj32 - analiz 40s sonra
00:10:37 INFO    [info] Yeni coin: B7XWHL1oe4 - analiz 40s sonra
00:10:37 INFO    [info] Yeni coin: DeajErqF8E - analiz 40s sonra
00:10:38 INFO    [info] Yeni coin: BQtVd99wPG - analiz 40s sonra
00:10:38 INFO    [info] Yeni coin: 7Sq1zL56ja - analiz 40s sonra
00:10:41 INFO    [info] Yeni coin: H8bQRuf6Ur - analiz 40s sonra
00:10:42 INFO    [info] Yeni coin: tSRgHav76C - analiz 40s sonra
00:10:45 INFO    [info] Yeni coin: FtiKArxdff - analiz 40s sonra
00:10:45 INFO    [info] Yeni coin: En6dGKF2RS - analiz 40s sonra
00:10:46 INFO    [info] Yeni coin: EaBXS4uAUZ - analiz 40s sonra
00:10:48 INFO    [info] Yeni coin: Dfs757bTdu - analiz 40s sonra
00:10:48 INFO    [info] Yeni coin: 98D2d26TFr - analiz 40s sonra
00:10:48 INFO    [info] Yeni coin: EDd499QxCe - analiz 40s sonra
00:10:49 INFO    [info] Yeni coin: 7CGYtx9tSF - analiz 40s sonra
00:10:50 INFO    [info] Yeni coin: PWbtC6eFhU - analiz 40s sonra
00:10:51 INFO    [info] Yeni coin: 2Cf7DviuB8 - analiz 40s sonra
00:10:53 INFO    [info] Yeni coin: 8Zi8Fdoxmo - analiz 40s sonra
00:10:55 INFO    [info] Yeni coin: D1ugYAYr8q - analiz 40s sonra
00:10:55 WARNING RPC hiz limiti (429) - RPC_RPS dusurun veya plani yukseltin
00:10:55 INFO    [info] Yeni coin: FTd6wGcdW4 - analiz 40s sonra
00:10:56 INFO    [info] Yeni coin: Eyg7MYViio - analiz 40s sonra
00:10:58 INFO    [info] Yeni coin: 3BEVn1LVdh - analiz 40s sonra
00:11:04 INFO    [info] Yeni coin: HzpxHC9YWg - analiz 40s sonra
00:11:04 INFO    [info] Yeni coin: BCucQasYcT - analiz 40s sonra
00:11:05 INFO    [info] Yeni coin: U5ZF9aQDXR - analiz 40s sonra
00:11:05 INFO    [info] Yeni coin: 7z6FjRk9Kb - analiz 40s sonra
00:11:09 INFO    [info] Yeni coin: 95M2uQAiEn - analiz 40s sonra
00:11:16 INFO    [info] Yeni coin: 79wJHK8Gq4 - analiz 40s sonra
00:11:17 INFO    [info] Yeni coin: 56NmxndLgh - analiz 40s sonra
00:11:20 INFO    [info] Yeni coin: 6xmw9TN1iz - analiz 40s sonra
00:11:20 INFO    [info] Yeni coin: 95zAvVLFmj - analiz 40s sonra
00:11:21 INFO    [info] Yeni coin: 7v7rEUYvj5 - analiz 40s sonra
00:11:22 INFO    [info] Yeni coin: CjZHhaeK6b - analiz 40s sonra
00:11:30 INFO    [info] Yeni coin: GnSgRL94VU - analiz 40s sonra
00:11:31 INFO    [info] Yeni coin: xGxUi5RH5M - analiz 40s sonra
00:11:34 INFO    [info] Yeni coin: BjRPvsbBwZ - analiz 40s sonra
00:11:35 INFO    [info] Yeni coin: 79vdYcGEvd - analiz 40s sonra
00:11:36 INFO    [info] Yeni coin: 4shZ8zAwxf - analiz 40s sonra
00:11:36 INFO    [info] Yeni coin: 3WKfhwF6a3 - analiz 40s sonra
00:11:37 INFO    [info] Yeni coin: 4CXEx2nADA - analiz 40s sonra
00:11:46 WARNING RPC hiz limiti (429) - RPC_RPS dusurun veya plani yukseltin
00:11:48 INFO    [info] Yeni coin: AHh3PZn2Gs - analiz 40s sonra
00:11:53 INFO    [info] Yeni coin: 8mXqmTonJk - analiz 40s sonra
00:11:54 INFO    [info] Yeni coin: DVzVmV6Sja - analiz 40s sonra
00:11:55 INFO    [info] Yeni coin: 9YT56iDLxe - analiz 40s sonra
00:11:59 INFO    [info] Yeni coin: AG5itVVeNf - analiz 40s sonra
00:12:01 INFO    [info] Yeni coin: 7BA3qtZdL9 - analiz 40s sonra
00:12:02 WARNING RPC hiz limiti (429) - RPC_RPS dusurun veya plani yukseltin
00:12:06 INFO    [info] Yeni coin: EeXAai5QwR - analiz 40s sonra
00:12:07 INFO    [info] Yeni coin: 8P6BdU6UZN - analiz 40s sonra
00:12:08 INFO    [info] Yeni coin: 53JHTwTGDD - analiz 40s sonra
00:12:13 INFO    [info] Yeni coin: Bt7NbGvu2v - analiz 40s sonra
00:12:14 INFO    [info] Yeni coin: FwwKxerP39 - analiz 40s sonra
00:12:14 INFO    [info] Yeni coin: A8aXDPayhk - analiz 40s sonra
00:12:15 INFO    [info] Yeni coin: HnJHZVpsw6 - analiz 40s sonra
00:12:15 INFO    [info] Yeni coin: EzxSqC4yae - analiz 40s sonra
00:12:17 INFO    [info] Yeni coin: 5No8xMTnJ5 - analiz 40s sonra
00:12:18 INFO    [info] Yeni coin: GA7dnVHxCo - analiz 40s sonra
00:12:18 INFO    [info] Yeni coin: A9GqbFfaHJ - analiz 40s sonra
00:12:21 INFO    [info] Yeni coin: HR3qUaJjx6 - analiz 40s sonra
00:12:22 INFO    [info] Yeni coin: HXrSqv2wYU - analiz 40s sonra
00:12:22 WARNING RPC hiz limiti (429) - RPC_RPS dusurun veya plani yukseltin
00:12:23 INFO    [info] Yeni coin: h5aU5h2rAV - analiz 40s sonra
00:12:27 INFO    [info] Yeni coin: JAP9zEUBY5 - analiz 40s sonra
00:12:34 INFO    [info] Yeni coin: 8DmnhUSkrZ - analiz 40s sonra
00:12:34 INFO    [warn] Takip edilen cuzdan yok - once skorlayip takibe alin
00:12:35 INFO    [info] Yeni coin: 5TXbNUYQSL - analiz 40s sonra
00:12:36 INFO    [info] Yeni coin: 7yUD3ZKYXn - analiz 40s sonra
00:12:37 INFO    [info] Yeni coin: 8g3HuQDDWf - analiz 40s sonra
00:12:37 INFO    [info] Yeni coin: JB1D1c4t5t - analiz 40s sonra
00:12:37 INFO    [info] Yeni coin: EvA2JL6GKX - analiz 40s sonra
00:12:37 INFO    [info] Yeni coin: 7V5u91Zsei - analiz 40s sonra
00:12:38 INFO    [info] Yeni coin: 7r1Dibyvda - analiz 40s sonra
00:12:39 INFO    [info] Yeni coin: CDAE93Y8Tb - analiz 40s sonra
00:12:43 INFO    [info] Yeni coin: CvaiDZQJco - analiz 40s sonra
00:12:44 INFO    [info] Yeni coin: J1CNzJUnbs - analiz 40s sonra
00:12:44 INFO    [info] Yeni coin: 6rnjXPzvsw - analiz 40s sonra
00:12:46 WARNING RPC hiz limiti (429) - RPC_RPS dusurun veya plani yukseltin
00:12:47 INFO    [info] Yeni coin: HZoisBs4Ls - analiz 40s sonra
00:12:48 INFO    [info] Yeni coin: 5fAWgL5U94 - analiz 40s sonra
00:12:49 INFO    [info] Yeni coin: C5qJTz8bkQ - analiz 40s sonra
00:12:53 INFO    [info] Yeni coin: 5uathxH2Jg - analiz 40s sonra
00:12:53 INFO    [info] Yeni coin: 2bEk674Eq5 - analiz 40s sonra
00:12:56 INFO    [info] Yeni coin: 7bRVk8qVvF - analiz 40s sonra
00:12:57 INFO    [info] Yeni coin: 57fnttEYan - analiz 40s sonra
00:12:58 INFO    [info] Yeni coin: EB7LDGnKxb - analiz 40s sonra
00:13:03 INFO    [info] Yeni coin: 9JLb8qubAR - analiz 40s sonra
00:13:05 INFO    [info] Yeni coin: CCWzo3nCii - analiz 40s sonra
00:13:07 INFO    [info] Yeni coin: 9Vt8iEcxZc - analiz 40s sonra
00:13:08 INFO    [info] Yeni coin: HyTp3QfnUP - analiz 40s sonra
00:13:08 INFO    [info] Yeni coin: J2wMSPciQf - analiz 40s sonra
00:13:12 WARNING RPC hiz limiti (429) - RPC_RPS dusurun veya plani yukseltin
00:13:22 INFO    [info] Yeni coin: 9iZghYCek9 - analiz 40s sonra
00:13:26 INFO    [info] Yeni coin: 9EWZhszKBT - analiz 40s sonra
00:13:28 INFO    [info] Yeni coin: FNN3WZka5Y - analiz 40s sonra
00:13:28 INFO    [info] Yeni coin: 8s9hYSbGDm - analiz 40s sonra
00:13:28 INFO    [info] Yeni coin: 23oi2AVrbh - analiz 40s sonra
00:13:28 INFO    [info] Yeni coin: HRBUv9JjQN - analiz 40s sonra
00:13:32 INFO    [info] Yeni coin: FKniewxwDj - analiz 40s sonra
00:13:36 INFO    [info] Yeni coin: CSAiUFY2iP - analiz 40s sonra
00:13:36 INFO    [info] Yeni coin: 39t2HwcLmo - analiz 40s sonra
00:13:38 INFO    [info] Yeni coin: 3pxWzA1vwo - analiz 40s sonra
00:13:39 INFO    [info] Yeni coin: BxwM8iBBnE - analiz 40s sonra
00:13:39 INFO    [info] Yeni coin: n5BDwYnbi7 - analiz 40s sonra
00:13:39 INFO    [info] Yeni coin: 8oLrLJUkpM - analiz 40s sonra
00:13:40 INFO    [info] Yeni coin: FMNPxPCZHp - analiz 40s sonra
00:13:40 WARNING RPC hiz limiti (429) - RPC_RPS dusurun veya plani yukseltin
00:13:41 INFO    [info] Yeni coin: 8sx4EU1f4Z - analiz 40s sonra
00:13:43 INFO    [info] Yeni coin: He4PTVTLpu - analiz 40s sonra
00:13:44 INFO    [info] Yeni coin: 8Neg9hQPBG - analiz 40s sonra
00:13:44 INFO    [info] Yeni coin: H1vVHr784A - analiz 40s sonra
00:13:45 INFO    [info] Yeni coin: 9QdArAqgoQ - analiz 40s sonra
00:13:49 INFO    [info] Yeni coin: BCth783RYP - analiz 40s sonra
00:13:50 INFO    [info] Yeni coin: 6zXjTZrZym - analiz 40s sonra
00:13:50 INFO    [info] Yeni coin: BC5WpRdggN - analiz 40s sonra
00:13:51 INFO    [info] Yeni coin: FuvMFNWkFR - analiz 40s sonra
00:13:52 INFO    [info] Yeni coin: YABe2V63vA - analiz 40s sonra
00:13:55 INFO    [info] Yeni coin: 7YJtc98hca - analiz 40s sonra
00:13:56 WARNING RPC hiz limiti (429) - RPC_RPS dusurun veya plani yukseltin
00:13:58 INFO    [info] Yeni coin: ANE3fW3rX6 - analiz 40s sonra
00:13:59 INFO    [info] Yeni coin: HJqe55HAJp - analiz 40s sonra
00:14:01 INFO    [info] Yeni coin: Ji3ffL8JtU - analiz 40s sonra
00:14:01 INFO    [info] Yeni coin: 9eUuhbA3hq - analiz 40s sonra
00:14:02 INFO    [info] Yeni coin: 2vnwVhaipz - analiz 40s sonra
00:14:06 INFO    [info] Yeni coin: BkvEG5wgTo - analiz 40s sonra
00:14:08 INFO    [info] Yeni coin: 2zodd47z4V - analiz 40s sonra
00:14:08 INFO    [info] Yeni coin: d2ag6L6Lh5 - analiz 40s sonra
00:14:08 INFO    [info] Yeni coin: 9uCU7obS8w - analiz 40s sonra
00:14:09 INFO    [info] Yeni coin: 7pkqvfHe6W - analiz 40s sonra
00:14:10 INFO    [info] Yeni coin: BRFogroS2D - analiz 40s sonra
00:14:11 INFO    [info] Yeni coin: Hdcyg7dSPT - analiz 40s sonra
00:14:11 INFO    [info] Yeni coin: 2RNu9Kz1oP - analiz 40s sonra
00:14:12 INFO    [info] Yeni coin: EEFCcVzeV1 - analiz 40s sonra
00:14:13 INFO    [info] Yeni coin: BFEsCif3NA - analiz 40s sonra
00:14:13 INFO    [info] Yeni coin: 3WRPqc2eud - analiz 40s sonra
00:14:13 INFO    [info] Yeni coin: BHfKE2z52s - analiz 40s sonra
00:14:14 INFO    [info] Yeni coin: BT7yNoMnnK - analiz 40s sonra
00:14:15 INFO    [info] Yeni coin: GHQgxENp9o - analiz 40s sonra
00:14:17 INFO    [info] Yeni coin: 9McenKYJ9L - analiz 40s sonra
00:14:18 INFO    [info] Yeni coin: 94LPARfs97 - analiz 40s sonra
00:14:21 INFO    [info] Yeni coin: ApAaM7KWfu - analiz 40s sonra
00:14:26 INFO    [info] Yeni coin: BTuLB4LNVC - analiz 40s sonra
00:14:33 WARNING RPC hiz limiti (429) - RPC_RPS dusurun veya plani yukseltin
00:14:34 INFO    [warn] Takip edilen cuzdan yok - once skorlayip takibe alin
00:14:36 INFO    [info] Yeni coin: LcSCQjK9bU - analiz 40s sonra
00:14:36 INFO    [info] Yeni coin: 8uAwdVfkVD - analiz 40s sonra
00:14:38 INFO    [info] Yeni coin: 3tos2seq2H - analiz 40s sonra
00:14:41 INFO    [info] Yeni coin: 279FEKBDZ2 - analiz 40s sonra
00:14:42 INFO    [info] Yeni coin: 8Z6qXHPP9P - analiz 40s sonra
00:14:43 INFO    [info] Yeni coin: 7yenJxYtMZ - analiz 40s sonra
00:14:44 INFO    [info] Yeni coin: 66xxDWTPRR - analiz 40s sonra
00:14:44 INFO    [info] Yeni coin: 85P7vbR7CU - analiz 40s sonra
00:14:45 INFO    [info] Yeni coin: AMbfqBjR7b - analiz 40s sonra
00:14:45 INFO    [info] Yeni coin: 5hcJhMYdQy - analiz 40s sonra
00:14:45 INFO    [info] Yeni coin: AHTGvaWAmR - analiz 40s sonra
00:14:56 INFO    [info] Yeni coin: 7tykDJAbu9 - analiz 40s sonra
00:14:59 INFO    [info] Yeni coin: HQ321Tvxdg - analiz 40s sonra
00:15:02 WARNING RPC hiz limiti (429) - RPC_RPS dusurun veya plani yukseltin
00:15:03 INFO    [info] Yeni coin: GfH8BYbuc9 - analiz 40s sonra
00:15:04 INFO    [info] Yeni coin: 9L7Cry8WCC - analiz 40s sonra
00:15:09 INFO    [info] Yeni coin: 96B3F8TMjW - analiz 40s sonra
00:15:10 INFO    [info] Yeni coin: D4rPeipegf - analiz 40s sonra
00:15:10 INFO    [info] Yeni coin: 8pVF3bfEQW - analiz 40s sonra
00:15:12 INFO    [info] Yeni coin: 5Dp2FWETxa - analiz 40s sonra
00:15:13 INFO    [info] Yeni coin: AkLW8oj1VH - analiz 40s sonra
00:15:18 INFO    [info] Yeni coin: BaTZR3nJ72 - analiz 40s sonra
00:15:18 INFO    [info] Yeni coin: JCa7cXqtyf - analiz 40s sonra
00:15:19 INFO    [info] Yeni coin: APs5cE1LG5 - analiz 40s sonra
00:15:20 INFO    [info] Yeni coin: GsPfesu3Mp - analiz 40s sonra
00:15:22 INFO    [info] Yeni coin: 2VWp9LEStT - analiz 40s sonra
00:15:22 INFO    [info] Yeni coin: ABsNKSqLRN - analiz 40s sonra
00:15:25 INFO    [info] Yeni coin: 6bFNHSWDEP - analiz 40s sonra
00:15:28 INFO    [info] Yeni coin: EyJ4qscKyT - analiz 40s sonra
00:15:30 INFO    [info] Yeni coin: Gg5rRtTgPp - analiz 40s sonra
00:15:31 INFO    [info] Yeni coin: FXS4uFoyEw - analiz 40s sonra
00:15:32 INFO    [info] Yeni coin: 5k4e9FvYe6 - analiz 40s sonra
00:15:32 INFO    [info] Yeni coin: fQWmoiwAe6 - analiz 40s sonra
00:15:32 WARNING RPC hiz limiti (429) - RPC_RPS dusurun veya plani yukseltin
00:15:33 INFO    [info] Yeni coin: 4JMcbzBMRG - analiz 40s sonra
00:15:33 INFO    [info] Yeni coin: 27sYP7gYUA - analiz 40s sonra
00:15:36 INFO    [info] Yeni coin: Cw7YLX9oLf - analiz 40s sonra
00:15:37 INFO    [info] Yeni coin: H2Q4jZbkFE - analiz 40s sonra
00:15:37 INFO    [info] Yeni coin: 8hYNgfsDc4 - analiz 40s sonra
00:15:38 INFO    [info] Yeni coin: 8cWPXqkgZy - analiz 40s sonra
00:15:40 INFO    [info] Yeni coin: G8oGDcQ9Gx - analiz 40s sonra
00:15:41 INFO    [info] Yeni coin: B1VdZQfCre - analiz 40s sonra
00:15:41 INFO    [info] Yeni coin: GvqPXMSKK2 - analiz 40s sonra
00:15:41 INFO    [info] Yeni coin: EwJa7Zckcz - analiz 40s sonra
00:15:42 INFO    [info] Yeni coin: HAQ3AFaXSA - analiz 40s sonra
00:15:44 INFO    [info] Yeni coin: EieU3nw9Mx - analiz 40s sonra
00:15:44 INFO    [info] Yeni coin: 38dtd3B5ot - analiz 40s sonra
00:15:44 INFO    [info] Yeni coin: 6PCyvqjBUJ - analiz 40s sonra
00:15:44 INFO    [info] Yeni coin: 8DReEZMNZR - analiz 40s sonra
00:15:45 INFO    [info] Yeni coin: 9ysbK6sGnZ - analiz 40s sonra
00:15:46 INFO    [info] Yeni coin: C7mz9kiz2q - analiz 40s sonra
00:15:46 INFO    [info] Yeni coin: 2bUuk2jZf7 - analiz 40s sonra
00:15:47 INFO    [info] Yeni coin: 2vfLKXC1DQ - analiz 40s sonra
00:15:47 INFO    [info] Yeni coin: BHUJSJpdem - analiz 40s sonra
00:15:48 INFO    [info] Yeni coin: Eok31Lufw6 - analiz 40s sonra
00:15:49 INFO    [info] Yeni coin: 4nm4bdvrpt - analiz 40s sonra
00:15:49 INFO    [info] Yeni coin: CX6rAPYdEo - analiz 40s sonra
00:15:52 WARNING RPC hiz limiti (429) - RPC_RPS dusurun veya plani yukseltin
00:15:52 INFO    [info] Yeni coin: 41d4SzRYHG - analiz 40s sonra
00:16:00 INFO    [info] Yeni coin: 56xkhk9u3N - analiz 40s sonra
00:16:04 INFO    [info] Yeni coin: FpqLs67kBA - analiz 40s sonra
00:16:06 INFO    [info] Yeni coin: GCJgcuJxAq - analiz 40s sonra
00:16:06 INFO    [info] Yeni coin: 3xEnLkpsbh - analiz 40s sonra
00:16:10 INFO    [info] Yeni coin: 6fnMSaQVGd - analiz 40s sonra
00:16:14 INFO    [info] Yeni coin: AacshGRnAL - analiz 40s sonra
00:16:16 INFO    [info] Yeni coin: HuN4EA62nw - analiz 40s sonra
00:16:16 WARNING RPC hiz limiti (429) - RPC_RPS dusurun veya plani yukseltin
00:16:17 INFO    [info] Yeni coin: 5qRrHdhJrV - analiz 40s sonra
00:16:17 INFO    [info] Yeni coin: HyG9RyZjaG - analiz 40s sonra
00:16:21 INFO    [info] Yeni coin: 2rBgkJxFAA - analiz 40s sonra
00:16:24 INFO    [info] Yeni coin: 8dJi8CmoGH - analiz 40s sonra
00:16:32 INFO    [info] Yeni coin: 24wQ4rv1FY - analiz 40s sonra
00:16:34 INFO    [warn] Takip edilen cuzdan yok - once skorlayip takibe alin
00:16:35 INFO    [info] Yeni coin: HLtivgQa4u - analiz 40s sonra
00:16:38 INFO    [info] Yeni coin: 4821gbxeKx - analiz 40s sonra
00:16:38 INFO    [info] Yeni coin: Fmg9boecMZ - analiz 40s sonra
00:16:39 WARNING RPC hiz limiti (429) - RPC_RPS dusurun veya plani yukseltin
00:16:41 INFO    [info] Yeni coin: 7GoVSBCc52 - analiz 40s sonra
00:16:41 INFO    [info] Yeni coin: 8LV1VfjAWx - analiz 40s sonra
00:16:49 INFO    [info] Yeni coin: 5WhQcRezVv - analiz 40s sonra
00:16:49 INFO    [info] Yeni coin: 6nyfYqMJf9 - analiz 40s sonra
00:16:52 INFO    [info] Yeni coin: Ei6e3BCEZB - analiz 40s sonra
00:16:53 INFO    [info] Yeni coin: 6sCTKH5dSo - analiz 40s sonra
00:16:55 INFO    [info] Yeni coin: 7Hnwrmihv5 - analiz 40s sonra
00:16:58 INFO    [info] Yeni coin: Cg4CMv8sCF - analiz 40s sonra
00:17:01 INFO    [info] Yeni coin: 2JgLdm34XM - analiz 40s sonra
00:17:04 INFO    [info] Yeni coin: brTHALa7Qr - analiz 40s sonra
00:17:07 INFO    [info] Yeni coin: 3FxoxcSLow - analiz 40s sonra
00:17:10 INFO    [info] Yeni coin: ABc1UDyEcc - analiz 40s sonra
00:17:12 INFO    [info] Yeni coin: 7wZtGujpE1 - analiz 40s sonra
00:17:12 INFO    [info] Yeni coin: HiD9XLU7V1 - analiz 40s sonra
00:17:16 WARNING RPC hiz limiti (429) - RPC_RPS dusurun veya plani yukseltin
00:17:17 INFO    [info] Yeni coin: Drt4q3xQEx - analiz 40s sonra
00:17:17 INFO    [info] Yeni coin: 4KjUZoKcJM - analiz 40s sonra
00:17:17 INFO    [info] Yeni coin: 7ZXPS9A4MJ - analiz 40s sonra
00:17:18 INFO    [info] Yeni coin: Bh3FzGeNyq - analiz 40s sonra
00:17:18 INFO    [info] Yeni coin: CBJj87pevm - analiz 40s sonra
00:17:19 INFO    [info] Yeni coin: H2k1qStp2f - analiz 40s sonra
00:17:20 INFO    [info] Yeni coin: 3adq1vT42i - analiz 40s sonra
00:17:21 INFO    [info] Yeni coin: 6zkcnNSYv8 - analiz 40s sonra
00:17:21 INFO    [info] Yeni coin: 2VyZ6VoLxr - analiz 40s sonra
00:17:21 INFO    [info] Yeni coin: gH2qfyGm76 - analiz 40s sonra
00:17:21 INFO    [info] Yeni coin: ASncw5Spjz - analiz 40s sonra
00:17:33 INFO    [info] Yeni coin: 48pxfuEUBh - analiz 40s sonra
00:17:42 INFO    [info] Yeni coin: Bith86mFjZ - analiz 40s sonra
00:17:46 INFO    [info] Yeni coin: 6JsZdiMCM6 - analiz 40s sonra
00:17:51 WARNING RPC hiz limiti (429) - RPC_RPS dusurun veya plani yukseltin
00:17:54 INFO    [info] Yeni coin: 3xecJDhKhE - analiz 40s sonra
00:17:56 INFO    [info] Yeni coin: BmVhoh5coV - analiz 40s sonra
00:17:57 INFO    [info] Yeni coin: Hacp2DxZu8 - analiz 40s sonra
00:17:59 INFO    [info] Yeni coin: 76Ga1GaYQx - analiz 40s sonra
00:18:01 INFO    [info] Yeni coin: 24wQG7c6xh - analiz 40s sonra
00:18:01 INFO    [info] Yeni coin: 2wNxdx7RS7 - analiz 40s sonra
00:18:06 INFO    [info] Yeni coin: GJincNqHVV - analiz 40s sonra
00:18:07 INFO    [info] Yeni coin: 3osa7s96yx - analiz 40s sonra
00:18:08 INFO    [info] Yeni coin: 8nVrQ6pVzi - analiz 40s sonra
00:18:09 INFO    [info] Yeni coin: Ek3kjKn7Jf - analiz 40s sonra
00:18:10 INFO    [info] Yeni coin: 2AiH5NCwTH - analiz 40s sonra
00:18:10 INFO    [info] Yeni coin: BGTdbAKLfb - analiz 40s sonra
00:18:11 INFO    [info] Yeni coin: XcZ8TgcDP7 - analiz 40s sonra
00:18:11 INFO    [info] Yeni coin: kw8FvuSiNq - analiz 40s sonra
00:18:12 INFO    [info] Yeni coin: 5xJBQ17Q8t - analiz 40s sonra
00:18:13 WARNING RPC hiz limiti (429) - RPC_RPS dusurun veya plani yukseltin
00:18:15 INFO    [info] Yeni coin: GCB3EYgvTz - analiz 40s sonra
00:18:18 INFO    [info] Yeni coin: DeTATCEvtm - analiz 40s sonra
00:18:20 INFO    [info] Yeni coin: GgiEqKkpRQ - analiz 40s sonra
00:18:22 INFO    [info] Yeni coin: 1nikhUn8Ms - analiz 40s sonra
00:18:28 INFO    [info] Yeni coin: qAheyRCUmA - analiz 40s sonra
00:18:33 INFO    [info] Yeni coin: CrPUAvqPEn - analiz 40s sonra
00:18:34 INFO    [warn] Takip edilen cuzdan yok - once skorlayip takibe alin
00:18:35 WARNING RPC hiz limiti (429) - RPC_RPS dusurun veya plani yukseltin
00:18:36 INFO    [info] Yeni coin: A1v6EHdQVy - analiz 40s sonra
00:18:37 INFO    [info] Yeni coin: HAfpTMtTcw - analiz 40s sonra
00:18:46 INFO    [info] Yeni coin: BWfAvrBVqa - analiz 40s sonra
00:18:46 INFO    [info] Yeni coin: GDiSJxusFP - analiz 40s sonra
00:18:46 INFO    [info] Yeni coin: E2vyhWku5C - analiz 40s sonra
00:18:46 INFO    [info] Yeni coin: 9shw1FMyLi - analiz 40s sonra
00:18:47 INFO    [info] Yeni coin: DUjRYTJcLs - analiz 40s sonra
00:18:47 INFO    [info] Yeni coin: CgQbunjixq - analiz 40s sonra
00:18:47 INFO    [info] Yeni coin: Zyxk3PyLuq - analiz 40s sonra
00:18:49 INFO    [info] Yeni coin: 3SzUZa12Jt - analiz 40s sonra
00:18:52 INFO    [info] Yeni coin: 2GXGurYzrX - analiz 40s sonra
00:18:56 INFO    [info] Yeni coin: 5dZUX7KwEo - analiz 40s sonra
00:18:58 INFO    [info] Yeni coin: 4pWEEiWNT1 - analiz 40s sonra
00:19:03 INFO    [info] Yeni coin: 5oRX3sHVCQ - analiz 40s sonra
00:19:08 INFO    [info] Yeni coin: 7Ni2Nhn4fV - analiz 40s sonra
00:19:08 WARNING RPC hiz limiti (429) - RPC_RPS dusurun veya plani yukseltin
00:19:09 INFO    [info] Yeni coin: 44WksFLkCU - analiz 40s sonra
00:19:10 INFO    [info] Yeni coin: 3tKtKz9Faf - analiz 40s sonra
00:19:11 INFO    [info] Yeni coin: BH8PFnebSw - analiz 40s sonra
00:19:12 INFO    [info] Yeni coin: Bz4aUJ1jU8 - analiz 40s sonra
00:19:13 INFO    [info] Yeni coin: 7DuHfMtZfu - analiz 40s sonra
00:19:14 INFO    [info] Yeni coin: HR7vw2VEfi - analiz 40s sonra
00:19:19 INFO    [info] Yeni coin: 2rXUfvsNjT - analiz 40s sonra
00:19:22 INFO    [info] Yeni coin: UEnt2BpypN - analiz 40s sonra
00:19:25 INFO    [info] Yeni coin: HzkHw1HxQ5 - analiz 40s sonra
00:19:26 INFO    [info] Yeni coin: 4h3uRnADRj - analiz 40s sonra
00:19:27 INFO    [info] Yeni coin: HCE4ddT4tB - analiz 40s sonra
00:19:28 INFO    [info] Yeni coin: EjFmQJwRB9 - analiz 40s sonra
00:19:28 INFO    [info] Yeni coin: 8ZpGGSkQEe - analiz 40s sonra
00:19:28 INFO    [info] Yeni coin: G9fUttLi6E - analiz 40s sonra
00:19:28 INFO    [info] Yeni coin: EikXEy7S1j - analiz 40s sonra
00:19:28 INFO    [info] Yeni coin: 9vGBygSGPN - analiz 40s sonra
00:19:29 INFO    [info] Yeni coin: 4NxeUTXx2s - analiz 40s sonra
00:19:29 INFO    [info] Yeni coin: Gwm7PrsLuC - analiz 40s sonra
00:19:29 INFO    [info] Yeni coin: EvciMP5CJc - analiz 40s sonra
00:19:29 WARNING RPC hiz limiti (429) - RPC_RPS dusurun veya plani yukseltin
00:19:29 INFO    [info] Yeni coin: 6cqpqBaT1p - analiz 40s sonra
00:19:29 INFO    [info] Yeni coin: EUqtcHqsye - analiz 40s sonra
00:19:30 INFO    [info] Yeni coin: 45qJRQC4ij - analiz 40s sonra
00:19:30 INFO    [info] Yeni coin: DNZgzc2onp - analiz 40s sonra
00:19:30 INFO    [info] Yeni coin: GBWK7tURTS - analiz 40s sonra
00:19:30 INFO    [info] Yeni coin: 9f66APqTgu - analiz 40s sonra
00:19:35 INFO    [info] Yeni coin: 8p23SFRzJs - analiz 40s sonra
00:19:37 INFO    [info] Yeni coin: HZvEi3sDgT - analiz 40s sonra
00:19:41 INFO    [info] Yeni coin: yRNVCMoLGZ - analiz 40s sonra
00:19:43 INFO    [info] Yeni coin: BHT6B5Zm3u - analiz 40s sonra
00:19:43 INFO    [info] Yeni coin: 7fioGRqh8f - analiz 40s sonra
00:19:43 INFO    [info] Yeni coin: EdFAnjChDp - analiz 40s sonra
00:19:44 INFO    [info] Yeni coin: J9UiefqMyo - analiz 40s sonra
00:19:44 INFO    [info] Yeni coin: 2fkBYyzpEU - analiz 40s sonra
00:19:46 INFO    [info] Yeni coin: HH4ZwdJdmk - analiz 40s sonra
00:19:47 INFO    [info] Yeni coin: AyTsSF4Tym - analiz 40s sonra
00:19:52 INFO    [info] Yeni coin: 47qKe92gWh - analiz 40s sonra
00:19:52 INFO    [info] Yeni coin: 7U6dXXrZS7 - analiz 40s sonra
00:19:56 WARNING RPC hiz limiti (429) - RPC_RPS dusurun veya plani yukseltin
00:19:57 INFO    [info] Yeni coin: 4bqYzYgz1p - analiz 40s sonra
00:20:00 INFO    [info] Yeni coin: 4TBvb2RGpM - analiz 40s sonra
00:20:04 INFO    [info] Yeni coin: Ekd2uQo6MJ - analiz 40s sonra
00:20:05 INFO    [info] Yeni coin: 3zQUSR7KUs - analiz 40s sonra
00:20:07 INFO    [info] Yeni coin: Hzv9RT2Nyj - analiz 40s sonra
00:20:07 INFO    [info] Yeni coin: FGeLgQ722E - analiz 40s sonra
00:20:10 INFO    [info] Yeni coin: 2BegMPBaEh - analiz 40s sonra
00:20:14 INFO    [info] Yeni coin: EdGCnhj9Ha - analiz 40s sonra
00:20:16 INFO    [info] Yeni coin: 2qHtGGxNH8 - analiz 40s sonra
00:20:16 WARNING RPC hiz limiti (429) - RPC_RPS dusurun veya plani yukseltin
00:20:23 INFO    [info] Yeni coin: C3c1fpPXyL - analiz 40s sonra
00:20:28 INFO    [info] Yeni coin: 2wPgGqoq4t - analiz 40s sonra
00:20:28 INFO    [info] Yeni coin: EHRToPztEY - analiz 40s sonra
00:20:30 INFO    [info] Yeni coin: AibrbokhYB - analiz 40s sonra
00:20:30 INFO    [info] Yeni coin: GscnQxaawh - analiz 40s sonra
00:20:31 INFO    [info] Yeni coin: HH8EXH13TB - analiz 40s sonra
00:20:31 INFO    [info] Yeni coin: 65hxXiJkrb - analiz 40s sonra
00:20:32 INFO    [info] Yeni coin: F5jL8AraSz - analiz 40s sonra
00:20:32 INFO    [info] Yeni coin: GwpP6mioMK - analiz 40s sonra
00:20:33 INFO    [info] Yeni coin: 4WtmVUv5P7 - analiz 40s sonra
00:20:33 INFO    [info] Yeni coin: 6XtdJFAtVz - analiz 40s sonra
00:20:33 INFO    [info] Yeni coin: 4hPcY86kJu - analiz 40s sonra
00:20:34 INFO    [info] Yeni coin: HmcDN8Fr3K - analiz 40s sonra
00:20:34 INFO    [warn] Takip edilen cuzdan yok - once skorlayip takibe alin
00:20:34 INFO    [info] Yeni coin: 89QFJzHoU8 - analiz 40s sonra
00:20:34 INFO    [info] Yeni coin: GhdYb3XwiR - analiz 40s sonra
00:20:35 INFO    [info] Yeni coin: H9thUDCARE - analiz 40s sonra
00:20:38 INFO    [info] Yeni coin: 24wQKjh8rK - analiz 40s sonra
00:20:39 INFO    [info] Yeni coin: FwPRQ6FPS6 - analiz 40s sonra
00:20:41 INFO    [info] Yeni coin: 8HMoeSMJLF - analiz 40s sonra
00:20:42 INFO    [info] Yeni coin: BVihDKJ75q - analiz 40s sonra
00:20:43 INFO    [info] Yeni coin: D22MXcp1Dz - analiz 40s sonra
00:20:43 WARNING RPC hiz limiti (429) - RPC_RPS dusurun veya plani yukseltin
00:20:44 INFO    [info] Yeni coin: 8BLesPCW7e - analiz 40s sonra
00:20:44 INFO    [info] Yeni coin: AWHMsdeZGe - analiz 40s sonra
00:20:45 INFO    [info] Yeni coin: 7iawbGUfPS - analiz 40s sonra
00:20:45 INFO    [info] Yeni coin: EG3KzoNB6u - analiz 40s sonra
00:20:46 INFO    [info] Yeni coin: FTxP6h6fX8 - analiz 40s sonra
00:20:46 INFO    [info] Yeni coin: 4QKjWvb8HJ - analiz 40s sonra
00:20:48 INFO    [info] Yeni coin: Vq2mPA5nE6 - analiz 40s sonra
00:20:48 INFO    [info] Yeni coin: GXx1iGxkD7 - analiz 40s sonra
00:20:49 INFO    [info] Yeni coin: 89X47Sfn2F - analiz 40s sonra
00:20:53 INFO    [info] Yeni coin: 8RTPwQayHb - analiz 40s sonra
00:20:55 INFO    [info] Yeni coin: CYEfMAsqaS - analiz 40s sonra
00:20:56 INFO    [info] Yeni coin: AmPLzK2Yg5 - analiz 40s sonra
00:20:56 INFO    [info] Yeni coin: 43irVaGMbm - analiz 40s sonra
00:20:58 INFO    [info] Yeni coin: EfbBgECdWY - analiz 40s sonra
00:21:00 INFO    [info] Yeni coin: 51L55Dj17i - analiz 40s sonra
00:21:00 INFO    [info] Yeni coin: FkosZmHkS2 - analiz 40s sonra
00:21:02 INFO    [info] Yeni coin: A7sQAWW1Y9 - analiz 40s sonra
00:21:03 INFO    [info] Yeni coin: G6tLYFseq7 - analiz 40s sonra
00:21:05 INFO    [info] Yeni coin: 8snRKEMhDH - analiz 40s sonra
00:21:12 INFO    [info] Yeni coin: 2KgbCDRGBB - analiz 40s sonra
00:21:13 INFO    [info] Yeni coin: HHknKShdzR - analiz 40s sonra
00:21:13 WARNING RPC hiz limiti (429) - RPC_RPS dusurun veya plani yukseltin
00:21:15 INFO    [info] Yeni coin: 4fegBMgNNw - analiz 40s sonra
00:21:15 INFO    [info] Yeni coin: He3hLf36HQ - analiz 40s sonra
00:21:18 INFO    [info] Yeni coin: F9JPBi2hFR - analiz 40s sonra
00:21:20 INFO    [info] Yeni coin: A6UmyrWF7R - analiz 40s sonra
00:21:26 INFO    [info] Yeni coin: 4Ew19ncUne - analiz 40s sonra
00:21:32 INFO    [info] Yeni coin: 98yrsJyFv4 - analiz 40s sonra
00:21:33 INFO    [info] Yeni coin: EebD3QWvw3 - analiz 40s sonra
00:21:34 INFO    [info] Yeni coin: Fi2cEA45KV - analiz 40s sonra
00:21:35 INFO    [info] Yeni coin: osou2STW4h - analiz 40s sonra
00:21:35 INFO    [info] Yeni coin: 24wR33faN4 - analiz 40s sonra
00:21:36 INFO    [info] Yeni coin: 4r5RKdkVYL - analiz 40s sonra
00:21:36 INFO    [info] Yeni coin: 6qnt5cw8PG - analiz 40s sonra
00:21:37 INFO    [info] Yeni coin: HDTKETuxxr - analiz 40s sonra
00:21:38 INFO    [info] Yeni coin: Hthdo3C2cj - analiz 40s sonra
00:21:38 INFO    [info] Yeni coin: 664tbe9UZu - analiz 40s sonra
00:21:38 INFO    [info] Yeni coin: 7qGgbUj2r6 - analiz 40s sonra
00:21:39 INFO    [info] Yeni coin: 9tzPLu4tMe - analiz 40s sonra
00:21:40 INFO    [info] Yeni coin: ANkuESdH6X - analiz 40s sonra
00:21:41 WARNING RPC hiz limiti (429) - RPC_RPS dusurun veya plani yukseltin
00:21:42 INFO    [info] Yeni coin: HuG89N6Cmj - analiz 40s sonra
00:21:42 INFO    [info] Yeni coin: 4KtdUvE8D7 - analiz 40s sonra
00:21:42 INFO    [info] Yeni coin: 895jiUMMDV - analiz 40s sonra
00:21:48 INFO    [info] Yeni coin: E5DPP6SJaW - analiz 40s sonra
00:21:51 INFO    [info] Yeni coin: 5WMKxFPgai - analiz 40s sonra
00:21:52 INFO    [info] Yeni coin: 69APFcTXJP - analiz 40s sonra
00:21:54 INFO    [info] Yeni coin: 5oqE7mm4DS - analiz 40s sonra
00:21:55 INFO    [info] Yeni coin: 47TTomUftv - analiz 40s sonra
00:21:59 INFO    [info] Yeni coin: aisPcK9REm - analiz 40s sonra
00:22:00 INFO    [info] Yeni coin: Ataijhng2b - analiz 40s sonra
00:22:05 INFO    [info] Yeni coin: JEEaNVH2yF - analiz 40s sonra
00:22:07 INFO    [info] Yeni coin: 5FkZTtdY5Q - analiz 40s sonra
00:22:07 WARNING RPC hiz limiti (429) - RPC_RPS dusurun veya plani yukseltin
00:22:07 INFO    [info] Yeni coin: nc2nZnSuqJ - analiz 40s sonra
00:22:08 INFO    [info] Yeni coin: 6Dyjnyeir3 - analiz 40s sonra
00:22:08 INFO    [info] Yeni coin: 6jQ5jdN5EQ - analiz 40s sonra
00:22:09 INFO    [info] Yeni coin: G4jQbbNK3b - analiz 40s sonra
00:22:13 INFO    [info] Yeni coin: DNSPMmUm3v - analiz 40s sonra
00:22:13 INFO    [info] Yeni coin: ZKVM8q7kSY - analiz 40s sonra
00:22:13 INFO    [info] Yeni coin: 3uEyuaGpX1 - analiz 40s sonra
00:22:15 INFO    [info] Yeni coin: 5C5PTD9Sj1 - analiz 40s sonra
00:22:18 INFO    [info] Yeni coin: Hu8XVP11hH - analiz 40s sonra
00:22:27 INFO    [info] Yeni coin: 8fnWW53BPH - analiz 40s sonra
00:22:29 INFO    [info] Yeni coin: DwtSuihGF9 - analiz 40s sonra
00:22:29 INFO    [info] Yeni coin: DPSXwqCYtn - analiz 40s sonra
00:22:29 INFO    [info] Yeni coin: DtphQGPPy8 - analiz 40s sonra
00:22:30 INFO    [info] Yeni coin: 8iJSykiCCk - analiz 40s sonra
00:22:33 INFO    [info] Yeni coin: HMafrcwSj7 - analiz 40s sonra
00:22:34 INFO    [info] Yeni coin: AjfptXFW3w - analiz 40s sonra
00:22:34 INFO    [warn] Takip edilen cuzdan yok - once skorlayip takibe alin
00:22:37 WARNING RPC hiz limiti (429) - RPC_RPS dusurun veya plani yukseltin
00:22:38 INFO    [info] Yeni coin: 55gYNoJKYW - analiz 40s sonra
00:22:39 INFO    [info] Yeni coin: AesZp2gB8C - analiz 40s sonra
00:22:39 INFO    [info] Yeni coin: FpoiDGLGjG - analiz 40s sonra
00:22:45 INFO    [info] Yeni coin: 6sCtC3B6su - analiz 40s sonra
00:22:47 INFO    [info] Yeni coin: 6BwB1N9w9U - analiz 40s sonra
00:22:55 INFO    [info] Yeni coin: DZ5wSyZWWx - analiz 40s sonra
00:22:55 INFO    [info] Yeni coin: 2ssZuFxT8c - analiz 40s sonra
00:22:55 INFO    [info] Yeni coin: 4zvLtoUxj4 - analiz 40s sonra
00:22:58 INFO    [info] Yeni coin: 6a1YmdiAY3 - analiz 40s sonra
00:22:58 WARNING RPC hiz limiti (429) - RPC_RPS dusurun veya plani yukseltin
00:22:59 INFO    [info] Yeni coin: 9XF4x6RZXo - analiz 40s sonra
00:23:00 INFO    [info] Yeni coin: F7vvZsfXwx - analiz 40s sonra
00:23:01 INFO    [info] Yeni coin: BGQtLeJKhS - analiz 40s sonra
00:23:02 INFO    [info] Yeni coin: 7urWYj9oRZ - analiz 40s sonra
00:23:03 INFO    [info] Yeni coin: 6MvKcX64cY - analiz 40s sonra
00:23:04 INFO    [info] Yeni coin: C6A1u4xujC - analiz 40s sonra
00:23:05 INFO    [info] Yeni coin: HJro8FYadg - analiz 40s sonra
00:23:05 INFO    [info] Yeni coin: FJBR7nvM9s - analiz 40s sonra
00:23:06 INFO    [info] Yeni coin: B18DUksD9y - analiz 40s sonra
00:23:09 INFO    [info] Yeni coin: 8F93wzDhW1 - analiz 40s sonra
00:23:13 INFO    [info] Yeni coin: 4cPFCngnwx - analiz 40s sonra
00:23:14 INFO    [info] Yeni coin: ENiUBVo4ht - analiz 40s sonra
00:23:15 WARNING RPC hiz limiti (429) - RPC_RPS dusurun veya plani yukseltin
00:23:17 INFO    [info] Yeni coin: 6CgEuU4Rap - analiz 40s sonra
00:23:17 INFO    [info] Yeni coin: 6FDao1xxYt - analiz 40s sonra
00:23:18 INFO    [info] Yeni coin: Cyjxmrrokj - analiz 40s sonra
00:23:22 INFO    [info] Yeni coin: 8u4k42PxSs - analiz 40s sonra
00:23:24 INFO    [info] Yeni coin: A43kk2JNtg - analiz 40s sonra
00:23:24 INFO    [info] Yeni coin: 8d6mSoynH2 - analiz 40s sonra
00:23:25 INFO    [info] Yeni coin: BitL2G9vdU - analiz 40s sonra
00:23:26 INFO    [info] Yeni coin: CXZJQJV5Jq - analiz 40s sonra
00:23:26 INFO    [info] Yeni coin: B82Xa6Me5T - analiz 40s sonra
00:23:27 INFO    [info] Yeni coin: 3v4VUhJUY7 - analiz 40s sonra
00:23:28 INFO    [info] Yeni coin: Fs6ku5yqZG - analiz 40s sonra
00:23:31 INFO    [info] Yeni coin: BzSciZag3k - analiz 40s sonra
00:23:31 WARNING RPC hiz limiti (429) - RPC_RPS dusurun veya plani yukseltin
00:23:32 INFO    [info] Yeni coin: JA4ac7NWYb - analiz 40s sonra
00:23:33 INFO    [info] Yeni coin: 3QYx6AnkBD - analiz 40s sonra
00:23:38 INFO    [info] Yeni coin: Fy1uLFu8v3 - analiz 40s sonra
00:23:40 INFO    [info] Yeni coin: 6hdp9tEZAR - analiz 40s sonra
00:23:42 INFO    [info] Yeni coin: GYXaz5ZpAT - analiz 40s sonra
00:23:56 INFO    [info] Yeni coin: CfkGpg1FK3 - analiz 40s sonra
00:23:57 INFO    [info] Yeni coin: CJzGAaJEUa - analiz 40s sonra
00:23:59 INFO    [info] Yeni coin: Dqug2hsCac - analiz 40s sonra
00:24:01 WARNING RPC hiz limiti (429) - RPC_RPS dusurun veya plani yukseltin
00:24:06 INFO    [info] Yeni coin: 2JPQFymdBB - analiz 40s sonra
00:24:06 INFO    [info] Yeni coin: CsQB5aXtVL - analiz 40s sonra
00:24:11 INFO    [info] Yeni coin: AC3E7XNYZY - analiz 40s sonra
00:24:14 INFO    [info] Yeni coin: 2h2mY9syfK - analiz 40s sonra
00:24:16 INFO    [info] Yeni coin: GHbMCM7ikC - analiz 40s sonra
00:24:19 INFO    [info] Yeni coin: B6zRoqLz28 - analiz 40s sonra
00:24:22 INFO    [info] Yeni coin: GsrkqA5Sem - analiz 40s sonra
00:24:23 INFO    [info] Yeni coin: 27YnhvnUhp - analiz 40s sonra
00:24:23 INFO    [info] Yeni coin: 22Ssp8PaF4 - analiz 40s sonra
00:24:26 WARNING RPC hiz limiti (429) - RPC_RPS dusurun veya plani yukseltin
00:24:32 INFO    [info] Yeni coin: 24wRHrPYxe - analiz 40s sonra
00:24:34 INFO    [info] Yeni coin: 7KNmStk46H - analiz 40s sonra
00:24:34 INFO    [warn] Takip edilen cuzdan yok - once skorlayip takibe alin
00:24:35 INFO    [info] Yeni coin: 59MwcBrcgo - analiz 40s sonra
00:24:39 INFO    [info] Yeni coin: 4XJbQLAS29 - analiz 40s sonra
00:24:39 INFO    [info] Yeni coin: 7wZpjMzEQc - analiz 40s sonra
00:24:40 INFO    [info] Yeni coin: CdoZtNkAcr - analiz 40s sonra
00:24:41 INFO    [info] Yeni coin: QgiKiueuNW - analiz 40s sonra
00:24:42 INFO    [info] Yeni coin: 4NTK2TdjxN - analiz 40s sonra
00:24:46 INFO    [info] Yeni coin: 7SDdcjD3zc - analiz 40s sonra
00:24:51 INFO    [info] Yeni coin: 5asgM51VZp - analiz 40s sonra
00:24:53 INFO    [info] Yeni coin: GpavFSx8CE - analiz 40s sonra
00:24:55 INFO    [info] Yeni coin: 5VRskj72Ni - analiz 40s sonra
00:24:56 INFO    [info] Yeni coin: 7H7sfmxRZV - analiz 40s sonra
00:24:57 INFO    [info] Yeni coin: niSFM3CgQk - analiz 40s sonra
00:24:57 INFO    [info] Yeni coin: DojZcM69ja - analiz 40s sonra
00:24:57 WARNING RPC hiz limiti (429) - RPC_RPS dusurun veya plani yukseltin
00:25:00 INFO    [info] Yeni coin: AsBtfKz5au - analiz 40s sonra
00:25:03 INFO    [info] Yeni coin: 7GB1umJ9m1 - analiz 40s sonra
00:25:05 INFO    [info] Yeni coin: 5XeAyznGfB - analiz 40s sonra
00:25:10 INFO    [info] Yeni coin: EUcb7Woad7 - analiz 40s sonra
00:25:11 INFO    [info] Yeni coin: BKyq2kHJrE - analiz 40s sonra
00:25:13 INFO    [info] Yeni coin: G7QyhNVkYn - analiz 40s sonra
00:25:13 INFO    [info] Yeni coin: GbxHuXx68E - analiz 40s sonra
00:25:13 INFO    [info] Yeni coin: FG1J6QqCQf - analiz 40s sonra
00:25:14 INFO    [info] Yeni coin: 6H5z9fTaXo - analiz 40s sonra
00:25:16 INFO    [info] Yeni coin: Bb5KSzWHuA - analiz 40s sonra
00:25:18 INFO    [info] Yeni coin: 5HAu5wpCK8 - analiz 40s sonra
00:25:18 WARNING RPC hiz limiti (429) - RPC_RPS dusurun veya plani yukseltin
00:25:19 INFO    [info] Yeni coin: 94kTKa1j1d - analiz 40s sonra
00:25:20 INFO    [info] Yeni coin: 7Ht35ZqsZJ - analiz 40s sonra
00:25:23 INFO    [info] Yeni coin: 9hYPQMgKzY - analiz 40s sonra
00:25:25 INFO    [info] Yeni coin: Db2dJNLPv4 - analiz 40s sonra
00:25:25 INFO    [info] Yeni coin: 3JdMeHmf2D - analiz 40s sonra
00:25:29 INFO    [info] Yeni coin: 3oZhWfiAsz - analiz 40s sonra
00:25:32 INFO    [info] Yeni coin: 6KVa8C43rF - analiz 40s sonra
00:25:34 INFO    [info] Yeni coin: DPj8uPA2JN - analiz 40s sonra
00:25:34 INFO    [info] Yeni coin: 5BKFbWKhmJ - analiz 40s sonra
00:25:35 INFO    [info] Yeni coin: qyFXciK9DT - analiz 40s sonra
00:25:35 WARNING RPC hiz limiti (429) - RPC_RPS dusurun veya plani yukseltin
00:25:38 INFO    [info] Yeni coin: DKX3JAq3Fv - analiz 40s sonra
00:25:40 INFO    [info] Yeni coin: 2T1z9bixKs - analiz 40s sonra
00:25:41 INFO    [info] Yeni coin: BvEiDUkLqR - analiz 40s sonra
00:25:41 INFO    [info] Yeni coin: 3X8XHmzyGE - analiz 40s sonra
00:25:46 INFO    [info] Yeni coin: BW9LB1tHcH - analiz 40s sonra
00:25:55 INFO    [info] Yeni coin: 9oDPYuMRxj - analiz 40s sonra
00:25:55 WARNING RPC hiz limiti (429) - RPC_RPS dusurun veya plani yukseltin
00:25:57 INFO    [info] Yeni coin: GHHJNocPHB - analiz 40s sonra
00:25:57 INFO    [info] Yeni coin: 5Z7kKpwChM - analiz 40s sonra
00:25:58 INFO    [info] Yeni coin: GvodvUJzHV - analiz 40s sonra
00:26:01 INFO    [info] Yeni coin: 4KC3uCMEKh - analiz 40s sonra
00:26:02 INFO    [info] Yeni coin: 3XqGevkuJC - analiz 40s sonra
00:26:03 INFO    [info] Yeni coin: Eqv6pqFDeV - analiz 40s sonra
00:26:05 INFO    [info] Yeni coin: H9mksCcKBm - analiz 40s sonra
00:26:10 INFO    [info] Yeni coin: 7TLUT735XW - analiz 40s sonra
00:26:10 INFO    [info] Yeni coin: F2EWy6niY6 - analiz 40s sonra
00:26:10 INFO    [info] Yeni coin: AYG1jfueeG - analiz 40s sonra
00:26:11 INFO    [info] Yeni coin: FYc4mifYH4 - analiz 40s sonra
00:26:11 INFO    [info] Yeni coin: 7J6epCMSac - analiz 40s sonra
00:26:13 INFO    [info] Yeni coin: i1d5HpAUJW - analiz 40s sonra
00:26:13 INFO    [info] Yeni coin: 2aqFR3WxWF - analiz 40s sonra
00:26:17 INFO    [info] Yeni coin: DPiTveorKw - analiz 40s sonra
00:26:19 INFO    [info] Yeni coin: E6cxPV7ioR - analiz 40s sonra
00:26:20 INFO    [info] Yeni coin: F44UPXQJgo - analiz 40s sonra
00:26:20 WARNING RPC hiz limiti (429) - RPC_RPS dusurun veya plani yukseltin
00:26:22 INFO    [info] Yeni coin: 76uVANzXHG - analiz 40s sonra
00:26:23 INFO    [info] Yeni coin: BHj4UJgpit - analiz 40s sonra
00:26:24 INFO    [info] Yeni coin: 9Gm5eM7NmB - analiz 40s sonra
00:26:26 INFO    [info] Yeni coin: 53Q83p1tWS - analiz 40s sonra
00:26:28 INFO    [info] Yeni coin: 8s92B12xfr - analiz 40s sonra
00:26:28 INFO    [info] Yeni coin: HTjGjyaF2k - analiz 40s sonra
00:26:29 INFO    [info] Yeni coin: 2bd2tzwLJQ - analiz 40s sonra
00:26:31 INFO    [info] Yeni coin: 4KBA5wkpao - analiz 40s sonra
00:26:32 INFO    [info] Yeni coin: 8197n3F8Ge - analiz 40s sonra
00:26:32 INFO    [info] Yeni coin: 7nixC5QXs3 - analiz 40s sonra
00:26:34 INFO    [warn] Takip edilen cuzdan yok - once skorlayip takibe alin
00:26:37 INFO    [info] Yeni coin: hQHuwz8sgM - analiz 40s sonra
00:26:38 INFO    [info] Yeni coin: 2G6LfE2Fi1 - analiz 40s sonra
00:26:39 INFO    [info] Yeni coin: Cq47zGTLVh - analiz 40s sonra
00:26:39 WARNING RPC hiz limiti (429) - RPC_RPS dusurun veya plani yukseltin
00:26:40 INFO    [info] Yeni coin: BWARyE7m73 - analiz 40s sonra
00:26:40 INFO    [info] Yeni coin: 5rxL5yG39r - analiz 40s sonra
00:26:41 INFO    [info] Yeni coin: 8E8ewXNiTn - analiz 40s sonra
00:26:45 INFO    [info] Yeni coin: 9M8TALjmdX - analiz 40s sonra
00:26:45 INFO    [info] Yeni coin: yqSFDcnq6k - analiz 40s sonra
00:26:46 INFO    [info] Yeni coin: 7a59fJEWan - analiz 40s sonra
00:26:47 INFO    [info] Yeni coin: 9kgagdFZct - analiz 40s sonra
00:26:47 INFO    [info] Yeni coin: 8Sz2X5duVH - analiz 40s sonra
00:26:47 INFO    [info] Yeni coin: 5hajKMcyZA - analiz 40s sonra
00:26:53 INFO    [info] Yeni coin: 7PEHnTfNwJ - analiz 40s sonra
00:26:54 INFO    [info] Yeni coin: 2X4adnevTR - analiz 40s sonra
00:26:56 INFO    [info] Yeni coin: 5CX7iNw8xL - analiz 40s sonra
00:27:00 INFO    [info] Yeni coin: H2pddXEub2 - analiz 40s sonra
00:27:02 INFO    [info] Yeni coin: 7V2uPDJj8H - analiz 40s sonra
00:27:02 INFO    [info] Yeni coin: GSX88sitXU - analiz 40s sonra
00:27:02 WARNING RPC hiz limiti (429) - RPC_RPS dusurun veya plani yukseltin
00:27:08 INFO    [info] Yeni coin: 2tAw1BnxF9 - analiz 40s sonra
00:27:12 INFO    [info] Yeni coin: F1LiZ9zaYi - analiz 40s sonra
00:27:12 INFO    [info] Yeni coin: 2YgRw53v8J - analiz 40s sonra
00:27:13 INFO    [info] Yeni coin: 39rfHzX9uw - analiz 40s sonra
00:27:14 INFO    [info] Yeni coin: e2pgnFpU9u - analiz 40s sonra
00:27:14 INFO    [info] Yeni coin: FLfM7MNTk6 - analiz 40s sonra
00:27:17 INFO    [info] Yeni coin: 6QHkwZhcaR - analiz 40s sonra
00:27:24 INFO    [info] Yeni coin: EDEC1PxuTc - analiz 40s sonra
00:27:26 INFO    [info] Yeni coin: CoaWKbyAiR - analiz 40s sonra
00:27:27 INFO    [info] Yeni coin: GB4qkEPBrT - analiz 40s sonra
00:27:31 INFO    [info] Yeni coin: FhJbiMtjtP - analiz 40s sonra
00:27:32 INFO    [info] Yeni coin: BstpocLcjY - analiz 40s sonra
00:27:32 INFO    [info] Yeni coin: 3MbmG8t8m3 - analiz 40s sonra
00:27:32 WARNING RPC hiz limiti (429) - RPC_RPS dusurun veya plani yukseltin
00:27:33 INFO    [info] Yeni coin: 6aWfDHfAfF - analiz 40s sonra
00:27:33 INFO    [info] Yeni coin: FffbXj1VVK - analiz 40s sonra
00:27:34 INFO    [info] Yeni coin: F5kExfRaWM - analiz 40s sonra
00:27:34 INFO    [info] Yeni coin: 6Y81g5PTxd - analiz 40s sonra
00:27:34 INFO    [info] Yeni coin: 48MNTobFhK - analiz 40s sonra
00:27:35 INFO    [info] Yeni coin: BC5VpGSeRj - analiz 40s sonra
00:27:36 INFO    [info] Yeni coin: FuhYdasMPh - analiz 40s sonra
00:27:41 INFO    [info] Yeni coin: DU17f4ETst - analiz 40s sonra
00:27:41 INFO    [info] Yeni coin: 5bcxMuxF1P - analiz 40s sonra
00:27:44 INFO    [info] Yeni coin: 4m8JxnYTzE - analiz 40s sonra
00:27:44 INFO    [info] Yeni coin: DMTNGMV2cc - analiz 40s sonra
00:27:44 INFO    [info] Yeni coin: Fzf3Fw5XPX - analiz 40s sonra
00:27:46 INFO    [info] Yeni coin: 4UrTnFTDLo - analiz 40s sonra
00:27:49 INFO    [info] Yeni coin: DktDvqTo6Q - analiz 40s sonra
00:27:50 INFO    [info] Yeni coin: CZEwhyePfw - analiz 40s sonra
00:27:50 INFO    [info] Yeni coin: G88wUGKJtd - analiz 40s sonra
00:27:50 INFO    [info] Yeni coin: 8XY8hFqTTg - analiz 40s sonra
00:27:50 INFO    [info] Yeni coin: 98hZthQb5K - analiz 40s sonra
00:27:51 INFO    [info] Yeni coin: 9L1gpKQDiZ - analiz 40s sonra
00:27:54 WARNING RPC hiz limiti (429) - RPC_RPS dusurun veya plani yukseltin
00:27:58 INFO    [info] Yeni coin: BWPyisq3tG - analiz 40s sonra
00:28:00 INFO    [info] Yeni coin: 3Thg6qFQPW - analiz 40s sonra
00:28:00 INFO    [info] Yeni coin: B28ge9N2of - analiz 40s sonra
00:28:03 INFO    [info] Yeni coin: EWkQdoURkh - analiz 40s sonra
00:28:05 INFO    [info] Yeni coin: HBpNF11Udt - analiz 40s sonra
00:28:06 INFO    [info] Yeni coin: 2u2wv1bcuc - analiz 40s sonra
00:28:09 INFO    [info] Yeni coin: DZ5Na8d1iV - analiz 40s sonra
00:28:14 WARNING RPC hiz limiti (429) - RPC_RPS dusurun veya plani yukseltin
00:28:16 INFO    [info] Yeni coin: 4jJy7uAB88 - analiz 40s sonra
00:28:22 INFO    [info] Yeni coin: G5W4mgaHdz - analiz 40s sonra
00:28:23 INFO    [info] Yeni coin: DxtkgtMJDD - analiz 40s sonra
00:28:26 INFO    [info] Yeni coin: HaLrvG3Yg4 - analiz 40s sonra
00:28:27 INFO    [info] Yeni coin: 7VhS2SqzA2 - analiz 40s sonra
00:28:30 INFO    [info] Yeni coin: 7CW6cAmrTB - analiz 40s sonra
00:28:34 INFO    [warn] Takip edilen cuzdan yok - once skorlayip takibe alin
00:28:37 INFO    [info] Yeni coin: EuqKfH2AcU - analiz 40s sonra
00:28:43 INFO    [info] Yeni coin: AqYgNGC6na - analiz 40s sonra
00:28:50 INFO    [info] Yeni coin: FBpq2oxwpz - analiz 40s sonra
00:28:50 WARNING RPC hiz limiti (429) - RPC_RPS dusurun veya plani yukseltin
00:28:52 INFO    [info] Yeni coin: J86QYKUX1y - analiz 40s sonra
00:28:55 INFO    [info] Yeni coin: 7GCNWiNQr3 - analiz 40s sonra
00:28:56 INFO    [info] Yeni coin: CoSjyngb6f - analiz 40s sonra
00:28:57 INFO    [info] Yeni coin: 2GoheDfsY7 - analiz 40s sonra
00:28:58 INFO    [info] Yeni coin: Dq3boTVnNP - analiz 40s sonra
00:28:59 INFO    [info] Yeni coin: FUxDmqkvzu - analiz 40s sonra
00:29:00 INFO    [info] Yeni coin: GeGvZNHgcd - analiz 40s sonra
00:29:01 INFO    [info] Yeni coin: DLhv5bm2T9 - analiz 40s sonra
00:29:08 INFO    [info] Yeni coin: GpCKpk4Tyj - analiz 40s sonra
00:29:09 INFO    [info] Yeni coin: CYpTSe1iEX - analiz 40s sonra
00:29:09 INFO    [info] Yeni coin: 6y7jhm3o3g - analiz 40s sonra
00:29:09 INFO    [info] Yeni coin: 5z9UBmjQwr - analiz 40s sonra
00:29:09 WARNING RPC hiz limiti (429) - RPC_RPS dusurun veya plani yukseltin
00:29:13 INFO    [info] Yeni coin: BktX7KZ4Ek - analiz 40s sonra
00:29:17 INFO    [info] Yeni coin: 4GJgHiiSTK - analiz 40s sonra
00:29:17 INFO    [info] Yeni coin: 5SbEi5EVtA - analiz 40s sonra
00:29:19 INFO    [info] Yeni coin: CcpMhhBRB8 - analiz 40s sonra
00:29:21 INFO    [info] Yeni coin: 893SBUcAk6 - analiz 40s sonra
00:29:21 INFO    [info] Yeni coin: 4Aar9Vt2T4 - analiz 40s sonra
00:29:22 INFO    [info] Yeni coin: 7w2Tgavski - analiz 40s sonra
00:29:23 INFO    [info] Yeni coin: ESEqhMg7R5 - analiz 40s sonra
00:29:24 INFO    [info] Yeni coin: ErVxFyB8qi - analiz 40s sonra
00:29:25 INFO    [info] Yeni coin: 3wu95kKpv8 - analiz 40s sonra
00:29:25 INFO    [info] Yeni coin: 24wRpuf32g - analiz 40s sonra
00:29:26 WARNING RPC hiz limiti (429) - RPC_RPS dusurun veya plani yukseltin
00:29:27 INFO    [info] Yeni coin: 5QdiLSmMBy - analiz 40s sonra
00:29:27 INFO    [info] Yeni coin: 5NpzVEwEBi - analiz 40s sonra
00:29:29 INFO    [info] Yeni coin: AymMWP4pPi - analiz 40s sonra
00:29:32 INFO    [info] Yeni coin: 6uUcyrgk9o - analiz 40s sonra
00:29:33 INFO    [info] Yeni coin: 2UrDN1L57F - analiz 40s sonra
00:29:38 INFO    [info] Yeni coin: FB9nfEkRfQ - analiz 40s sonra
00:29:40 INFO    [info] Yeni coin: CDuBCoEVNQ - analiz 40s sonra
00:29:41 INFO    [info] Yeni coin: 3sksfavs3i - analiz 40s sonra
00:29:44 INFO    [info] Yeni coin: 5HkNGn2NoU - analiz 40s sonra
00:29:46 INFO    [info] Yeni coin: FTtKmFKWSk - analiz 40s sonra
00:29:47 INFO    [info] Yeni coin: 4HSYMCFpxV - analiz 40s sonra
00:29:54 INFO    [info] Yeni coin: yxj3JbqmKt - analiz 40s sonra
00:29:54 WARNING RPC hiz limiti (429) - RPC_RPS dusurun veya plani yukseltin
00:29:56 INFO    [info] Yeni coin: F4NdQgi7wh - analiz 40s sonra
00:29:58 INFO    [info] Yeni coin: Ew2oqt2DKV - analiz 40s sonra
00:30:01 INFO    [info] Yeni coin: 6QLmkhbd9g - analiz 40s sonra
00:30:05 INFO    [info] Yeni coin: 5tJDTxUb5e - analiz 40s sonra
00:30:05 INFO    [info] Yeni coin: 4YaDBwtzJd - analiz 40s sonra
00:30:05 INFO    [info] Yeni coin: AP5mAuGPMK - analiz 40s sonra
00:30:06 INFO    [info] Yeni coin: 4wsg4KwDAt - analiz 40s sonra
00:30:06 INFO    [info] Yeni coin: 8qJT2ozqAs - analiz 40s sonra
00:30:10 INFO    [info] Yeni coin: AaWtSyKQcE - analiz 40s sonra
00:30:11 WARNING RPC hiz limiti (429) - RPC_RPS dusurun veya plani yukseltin
00:30:13 INFO    [info] Yeni coin: 6gfJJYm2Us - analiz 40s sonra
00:30:13 INFO    [info] Yeni coin: D1A4H8wBcP - analiz 40s sonra
00:30:13 INFO    [info] Yeni coin: 9W8G5PoHCm - analiz 40s sonra
00:30:17 INFO    [info] Yeni coin: 5njZECjaN4 - analiz 40s sonra
00:30:18 INFO    [info] Yeni coin: 381mG9dFhY - analiz 40s sonra
00:30:19 INFO    [info] Yeni coin: 2hJdMSCsKT - analiz 40s sonra
00:30:19 INFO    [info] Yeni coin: 36SeyirSGK - analiz 40s sonra
00:30:19 INFO    [info] Yeni coin: GonVtL5ddR - analiz 40s sonra
00:30:19 INFO    [info] Yeni coin: 3Soamx6BK7 - analiz 40s sonra
00:30:19 INFO    [info] Yeni coin: BCUPkUW1iH - analiz 40s sonra
00:30:20 INFO    [info] Yeni coin: 9MKT9azqBF - analiz 40s sonra
00:30:20 INFO    [info] Yeni coin: 5aMxvKtbNR - analiz 40s sonra
00:30:20 INFO    [info] Yeni coin: GjAGyhnLmC - analiz 40s sonra
00:30:20 INFO    [info] Yeni coin: GBwDHbMceN - analiz 40s sonra
00:30:20 INFO    [info] Yeni coin: 8KFk2quHws - analiz 40s sonra
00:30:23 INFO    [info] Yeni coin: 4EPniYWhAd - analiz 40s sonra
00:30:23 INFO    [info] Yeni coin: EntnJkMqMh - analiz 40s sonra
00:30:24 INFO    [info] Yeni coin: BauTQPx8ru - analiz 40s sonra
00:30:25 INFO    [info] Yeni coin: 4gupXgJ4mm - analiz 40s sonra
00:30:25 INFO    [info] Yeni coin: A4hz7cNX7K - analiz 40s sonra
00:30:25 INFO    [info] Yeni coin: 5uEphom24n - analiz 40s sonra
00:30:25 INFO    [info] Yeni coin: 4GEjh1Amnb - analiz 40s sonra
00:30:27 INFO    [info] Yeni coin: BoBvX8ompP - analiz 40s sonra
00:30:27 INFO    [info] Yeni coin: 6c3umuiP8p - analiz 40s sonra
00:30:28 INFO    [info] Yeni coin: Bv33xz5CEJ - analiz 40s sonra
00:30:28 INFO    [info] Yeni coin: 9RTrJ9U5Ex - analiz 40s sonra
00:30:30 INFO    [info] Yeni coin: 4DUrveMS4f - analiz 40s sonra
00:30:33 INFO    [info] Yeni coin: 24wRsJY8x8 - analiz 40s sonra
00:30:34 INFO    [warn] Takip edilen cuzdan yok - once skorlayip takibe alin
00:30:34 INFO    [info] Yeni coin: 34YyBDdWn6 - analiz 40s sonra
00:30:35 INFO    [info] Yeni coin: 3hB3Mqvuqx - analiz 40s sonra
00:30:36 INFO    [info] Yeni coin: FmnX1ihBBH - analiz 40s sonra
00:30:36 INFO    [info] Yeni coin: 2uHmtr3GyZ - analiz 40s sonra
00:30:37 INFO    [info] Yeni coin: 7pFd8nKS27 - analiz 40s sonra
00:30:38 INFO    [info] Yeni coin: 5sTeA3Jyw5 - analiz 40s sonra
00:30:38 INFO    [info] Yeni coin: 5X5wWp4BTy - analiz 40s sonra
00:30:40 INFO    [info] Yeni coin: 2bYWuFHyHL - analiz 40s sonra
00:30:41 WARNING RPC hiz limiti (429) - RPC_RPS dusurun veya plani yukseltin
00:30:42 INFO    [info] Yeni coin: 6aPauFgvqj - analiz 40s sonra
00:30:43 INFO    [info] Yeni coin: 4RuXtk7uF1 - analiz 40s sonra
00:30:44 INFO    [info] Yeni coin: 3yjNsDyo3G - analiz 40s sonra
00:30:46 INFO    [info] Yeni coin: FEtujMpPiV - analiz 40s sonra
00:30:48 INFO    [info] Yeni coin: 2k9ek8vKaj - analiz 40s sonra
00:30:49 INFO    [info] Yeni coin: 6HDwFgU8Jb - analiz 40s sonra
00:30:50 INFO    [info] Yeni coin: ENhYR2rChH - analiz 40s sonra
00:30:52 INFO    [info] Yeni coin: o7Eyq9mFUg - analiz 40s sonra
00:30:52 INFO    [info] Yeni coin: G2w13sMvPs - analiz 40s sonra
00:30:52 INFO    [info] Yeni coin: CnCejuNhFT - analiz 40s sonra
00:30:52 INFO    [info] Yeni coin: Cvk68CsZVJ - analiz 40s sonra
00:30:57 INFO    [info] Yeni coin: Eg3zgQfkyg - analiz 40s sonra
00:30:58 WARNING RPC hiz limiti (429) - RPC_RPS dusurun veya plani yukseltin
00:30:59 INFO    [info] Yeni coin: GqJQEww9zj - analiz 40s sonra
00:31:00 INFO    [info] Yeni coin: FeMNaPoUBB - analiz 40s sonra
00:31:01 INFO    [info] Yeni coin: 8TXSsLjDms - analiz 40s sonra
00:31:03 INFO    [info] Yeni coin: 2CXsBFbLBE - analiz 40s sonra
00:31:03 INFO    [info] Yeni coin: EueohLyZCz - analiz 40s sonra
00:31:05 INFO    [info] Yeni coin: 2Ny8VvPuuj - analiz 40s sonra
00:31:09 INFO    [info] Yeni coin: 8Gm4t5vsmj - analiz 40s sonra
00:31:09 INFO    [info] Yeni coin: CDqJdTVasY - analiz 40s sonra
00:31:09 INFO    [info] Yeni coin: 2LXCpBX6VF - analiz 40s sonra
00:31:10 INFO    [info] Yeni coin: 74UXU1kcze - analiz 40s sonra
00:31:10 INFO    [info] Yeni coin: DJ5VhM4XC3 - analiz 40s sonra
00:31:10 INFO    [info] Yeni coin: J4nmyFSiCJ - analiz 40s sonra
00:31:10 INFO    [info] Yeni coin: 57bQzCA7xv - analiz 40s sonra
00:31:11 INFO    [info] Yeni coin: 7NAqTAUAKS - analiz 40s sonra
00:31:12 INFO    [info] Yeni coin: FQf8hbfBJE - analiz 40s sonra
00:31:15 INFO    [info] Yeni coin: 4umXNUioV6 - analiz 40s sonra
00:31:16 INFO    [info] Yeni coin: 8Lt69pcQTW - analiz 40s sonra
00:31:16 INFO    [info] Yeni coin: H1uEyEz5pg - analiz 40s sonra
00:31:17 INFO    [info] Yeni coin: DhTZaCTMzp - analiz 40s sonra
00:31:18 INFO    [info] Yeni coin: iTVSS1jv5Z - analiz 40s sonra
00:31:18 INFO    [info] Yeni coin: 8gYw3QU3xW - analiz 40s sonra
00:31:19 INFO    [info] Yeni coin: 6dXjVmTFgV - analiz 40s sonra
00:31:19 WARNING RPC hiz limiti (429) - RPC_RPS dusurun veya plani yukseltin
00:31:20 INFO    [info] Yeni coin: 325LkfYD5w - analiz 40s sonra
00:31:20 INFO    [info] Yeni coin: HYyQ13BPrN - analiz 40s sonra
00:31:21 INFO    [info] Yeni coin: DEXxBvMoLT - analiz 40s sonra
00:31:31 INFO    [info] Yeni coin: 5SHf9CbMkL - analiz 40s sonra
00:31:34 INFO    [info] Yeni coin: CvvsWkDxy7 - analiz 40s sonra
00:31:35 INFO    [info] Yeni coin: 5XhCrarpmq - analiz 40s sonra
00:31:35 INFO    [info] Yeni coin: xQkuPusRxA - analiz 40s sonra
00:31:39 INFO    [info] Yeni coin: 714WzaUzrF - analiz 40s sonra
00:31:42 INFO    [info] Yeni coin: CASHx9KJUS - analiz 40s sonra
00:31:42 INFO    [info] Yeni coin: 6W8sKmuWDJ - analiz 40s sonra
00:31:43 INFO    [info] Yeni coin: 8UJHwAWuyD - analiz 40s sonra
00:31:44 INFO    [info] Yeni coin: 3HdP2pxGY2 - analiz 40s sonra
00:31:44 INFO    [info] Yeni coin: 2DCaf7buj2 - analiz 40s sonra
00:31:46 INFO    [info] Yeni coin: GtuqusvYAk - analiz 40s sonra
00:31:48 WARNING RPC hiz limiti (429) - RPC_RPS dusurun veya plani yukseltin
00:31:48 INFO    [info] Yeni coin: 9odDqUDEPL - analiz 40s sonra
00:31:54 INFO    [info] Yeni coin: 2uxyZoSF2i - analiz 40s sonra
00:31:55 INFO    [info] Yeni coin: GWhSbdR3HQ - analiz 40s sonra
00:31:55 INFO    [info] Yeni coin: 5Uy4CjetVz - analiz 40s sonra
00:31:56 INFO    [info] Yeni coin: BtK9yQwdds - analiz 40s sonra
00:31:57 INFO    [info] Yeni coin: rvR9GYY5y5 - analiz 40s sonra
00:31:57 INFO    [info] Yeni coin: 8JS1dqTVEP - analiz 40s sonra
00:31:57 INFO    [info] Yeni coin: eG51FG5geP - analiz 40s sonra
00:31:58 INFO    [info] Yeni coin: DbEbVLQJVv - analiz 40s sonra
00:31:59 INFO    [info] Yeni coin: DsBgTZxA9G - analiz 40s sonra
00:32:00 INFO    [info] Yeni coin: GFZQZRetQQ - analiz 40s sonra
00:32:02 INFO    [info] Yeni coin: FcJXrSWx2j - analiz 40s sonra
00:32:04 INFO    [info] Yeni coin: A1epENAJNo - analiz 40s sonra
00:32:04 INFO    [info] Yeni coin: Bod2WUGZ86 - analiz 40s sonra
00:32:04 INFO    [info] Yeni coin: 3ANTaiKVre - analiz 40s sonra
00:32:04 INFO    [info] Yeni coin: 46yLj3fNAm - analiz 40s sonra
00:32:05 INFO    [info] Yeni coin: 5YykmeXq22 - analiz 40s sonra
00:32:05 INFO    [info] Yeni coin: 9RF4JbWXwi - analiz 40s sonra
00:32:05 INFO    [info] Yeni coin: ExQFauoRZY - analiz 40s sonra
00:32:05 WARNING RPC hiz limiti (429) - RPC_RPS dusurun veya plani yukseltin
00:32:05 INFO    [info] Yeni coin: 8DUfJbT3yk - analiz 40s sonra
00:32:06 INFO    [info] Yeni coin: 3n69hXJFHW - analiz 40s sonra
00:32:08 INFO    [info] Yeni coin: G2J84ruFrx - analiz 40s sonra
00:32:12 INFO    [info] Yeni coin: 6zS2UNHs5q - analiz 40s sonra
00:32:13 INFO    [info] Yeni coin: F1r5AqRj8b - analiz 40s sonra
00:32:13 INFO    [info] Yeni coin: 848JtTsKZ7 - analiz 40s sonra
00:32:14 INFO    [info] Yeni coin: CJ9Pi5Wsi8 - analiz 40s sonra
00:32:20 INFO    [info] Yeni coin: HxjCuprB5D - analiz 40s sonra
00:32:22 INFO    [info] Yeni coin: e8Y6mm7Zz4 - analiz 40s sonra
00:32:23 INFO    [info] Yeni coin: 3odZANydvF - analiz 40s sonra
00:32:24 INFO    [info] Yeni coin: 24wSAv6eGM - analiz 40s sonra
00:32:25 INFO    [info] Yeni coin: 5mBfiE3As9 - analiz 40s sonra
00:32:25 WARNING RPC hiz limiti (429) - RPC_RPS dusurun veya plani yukseltin
00:32:26 INFO    [info] Yeni coin: 9pg3FNPxHP - analiz 40s sonra
00:32:27 INFO    [info] Yeni coin: G8PWsk2auf - analiz 40s sonra
00:32:31 INFO    [info] Yeni coin: B8Hp2UycbJ - analiz 40s sonra
00:32:31 INFO    [info] Yeni coin: DU8vMyYa2Z - analiz 40s sonra
00:32:31 INFO    [info] Yeni coin: 3JQnoVuvwM - analiz 40s sonra
00:32:32 INFO    [info] Yeni coin: DJU93o1sLo - analiz 40s sonra
00:32:33 INFO    [info] Yeni coin: 9HJ7aydjGN - analiz 40s sonra
00:32:33 INFO    [info] Yeni coin: 66dkC1pfre - analiz 40s sonra
00:32:33 INFO    [info] Yeni coin: 8aD2YQDFwp - analiz 40s sonra
00:32:33 INFO    [info] Yeni coin: H8mAaxURQm - analiz 40s sonra
00:32:33 INFO    [info] Yeni coin: 578Fe38eYn - analiz 40s sonra
00:32:34 INFO    [info] Yeni coin: 8E8Du1WpGR - analiz 40s sonra
00:32:34 INFO    [info] Yeni coin: 27L6sMXK1w - analiz 40s sonra
00:32:34 INFO    [info] Yeni coin: FroFW1iKD8 - analiz 40s sonra
00:32:34 INFO    [info] Yeni coin: 3FTgy7DumT - analiz 40s sonra
00:32:34 INFO    [warn] Takip edilen cuzdan yok - once skorlayip takibe alin
00:32:35 INFO    [info] Yeni coin: 2xz6a9XEGj - analiz 40s sonra
00:32:35 INFO    [info] Yeni coin: 4P95nQPKFg - analiz 40s sonra
00:32:35 INFO    [info] Yeni coin: 6k9MCwnSf2 - analiz 40s sonra
00:32:37 INFO    [info] Yeni coin: A1o6zgGmfY - analiz 40s sonra
00:32:40 INFO    [info] Yeni coin: CgKtfxyogD - analiz 40s sonra
00:32:41 INFO    [info] Yeni coin: BjKaCXBMam - analiz 40s sonra
00:32:44 INFO    [info] Yeni coin: FjH87wXPtf - analiz 40s sonra
00:32:45 INFO    [info] Yeni coin: HjjHi458md - analiz 40s sonra
00:32:50 INFO    [info] Yeni coin: BLoJZkiQ7Y - analiz 40s sonra
00:32:51 INFO    [info] Yeni coin: DRMogifhKH - analiz 40s sonra
00:32:51 INFO    [info] Yeni coin: 4YasQHy6MX - analiz 40s sonra
00:32:51 WARNING RPC hiz limiti (429) - RPC_RPS dusurun veya plani yukseltin
00:32:52 INFO    [info] Yeni coin: Ah9GQSV1w1 - analiz 40s sonra
00:32:52 INFO    [info] Yeni coin: 6ykYdYWDSp - analiz 40s sonra
00:32:52 INFO    [info] Yeni coin: AowAhiy4mp - analiz 40s sonra
00:32:52 INFO    [info] Yeni coin: 2eJeY1ihxs - analiz 40s sonra
00:32:52 INFO    [info] Yeni coin: Gk5htePz3e - analiz 40s sonra
00:32:53 INFO    [info] Yeni coin: FhdAcNRUhT - analiz 40s sonra
00:32:55 INFO    [info] Yeni coin: 8P9zZgdE3G - analiz 40s sonra
00:32:55 INFO    [info] Yeni coin: jCpt6grCzW - analiz 40s sonra
00:32:55 INFO    [info] Yeni coin: 7wLrsyM93a - analiz 40s sonra
00:32:56 INFO    [info] Yeni coin: 2CDmAw8qqm - analiz 40s sonra
00:32:59 INFO    [info] Yeni coin: 449i2kmWBq - analiz 40s sonra
00:32:59 INFO    [info] Yeni coin: CWxUtsNXTe - analiz 40s sonra
00:33:00 INFO    [info] Yeni coin: Fn6yPD1Ywb - analiz 40s sonra
00:33:00 INFO    [info] Yeni coin: BK1em2t1LS - analiz 40s sonra
00:33:04 INFO    [info] Yeni coin: AQCaUid7ko - analiz 40s sonra
00:33:06 INFO    [info] Yeni coin: B8jNE3H9H5 - analiz 40s sonra
00:33:08 WARNING RPC hiz limiti (429) - RPC_RPS dusurun veya plani yukseltin
00:33:09 INFO    [info] Yeni coin: AcViGmzZoF - analiz 40s sonra
00:33:09 INFO    [info] Yeni coin: 4CPdBDX9SW - analiz 40s sonra
00:33:11 INFO    [info] Yeni coin: 6Dk6BG37bH - analiz 40s sonra
00:33:11 INFO    [info] Yeni coin: 7LvbR3DimN - analiz 40s sonra
00:33:14 INFO    [info] Yeni coin: 7e9NTJEP1o - analiz 40s sonra
00:33:16 INFO    [info] Yeni coin: 8HmSyimieg - analiz 40s sonra
00:33:17 INFO    [info] Yeni coin: 2epErzxScQ - analiz 40s sonra
00:33:18 INFO    [info] Yeni coin: AJ2HuZKMXH - analiz 40s sonra
00:33:18 INFO    [info] Yeni coin: AsYkZDfzM2 - analiz 40s sonra
00:33:19 INFO    [info] Yeni coin: 73EtPrhtok - analiz 40s sonra
00:33:19 INFO    [info] Yeni coin: EjvmU4dZEJ - analiz 40s sonra
00:33:20 INFO    [info] Yeni coin: 8zFJQRbivy - analiz 40s sonra
00:33:21 INFO    [info] Yeni coin: AixthEzt4B - analiz 40s sonra
00:33:21 INFO    [info] Yeni coin: 6Ly8hUT1MK - analiz 40s sonra
00:33:21 INFO    [info] Yeni coin: DkQZhSkwcQ - analiz 40s sonra
00:33:23 INFO    [info] Yeni coin: 24wSMsRS8R - analiz 40s sonra
00:33:24 INFO    [info] Yeni coin: 4PmNuhKj6L - analiz 40s sonra
00:33:25 WARNING RPC hiz limiti (429) - RPC_RPS dusurun veya plani yukseltin
00:33:26 INFO    [info] Yeni coin: 7zVemd93j1 - analiz 40s sonra
00:33:27 INFO    [info] Yeni coin: 5vDxj54U6u - analiz 40s sonra
00:33:31 INFO    [info] Yeni coin: F9GFwSmEVX - analiz 40s sonra
00:33:37 INFO    [info] Yeni coin: Avri2Y2bAE - analiz 40s sonra
00:33:37 INFO    [info] Yeni coin: BYxpBXevax - analiz 40s sonra
00:33:37 INFO    [info] Yeni coin: DYpbYcGW7Q - analiz 40s sonra
00:33:38 INFO    [info] Yeni coin: GsSPEZ5MjT - analiz 40s sonra
00:33:38 INFO    [info] Yeni coin: 864sSyokS2 - analiz 40s sonra
00:33:41 INFO    [info] Yeni coin: 8xMuQpPAiX - analiz 40s sonra
00:33:42 INFO    [info] Yeni coin: Dtc6fHxVY2 - analiz 40s sonra
00:33:42 INFO    [info] Yeni coin: Bgqm7zj1oG - analiz 40s sonra
00:33:43 INFO    [info] Yeni coin: 7Ui5Ns7oEm - analiz 40s sonra
00:33:44 INFO    [info] Yeni coin: EujBvNBogt - analiz 40s sonra
00:33:44 INFO    [info] Yeni coin: 6tZ6Dp3S51 - analiz 40s sonra
00:33:47 INFO    [info] Yeni coin: 5bR5Gj3dyf - analiz 40s sonra
00:33:48 INFO    [info] Yeni coin: D6zRkTeCor - analiz 40s sonra
00:33:52 INFO    [info] Yeni coin: vC9KD1vwdZ - analiz 40s sonra
00:33:53 INFO    [info] Yeni coin: DqiK3hhB6b - analiz 40s sonra
00:33:54 WARNING RPC hiz limiti (429) - RPC_RPS dusurun veya plani yukseltin
00:33:54 INFO    [info] Yeni coin: FB2qyDWSo2 - analiz 40s sonra
00:33:56 INFO    [info] Yeni coin: EjRCBcE3fE - analiz 40s sonra
00:33:56 INFO    [info] Yeni coin: ASTJdjDMQY - analiz 40s sonra
00:33:58 INFO    [info] Yeni coin: 9zQJNcYWBJ - analiz 40s sonra
00:33:58 INFO    [info] Yeni coin: H8s3eYT5Ht - analiz 40s sonra
00:34:00 INFO    [info] Yeni coin: DvnVyNzCQr - analiz 40s sonra
00:34:03 INFO    [info] Yeni coin: 5Dmhu9APUw - analiz 40s sonra
00:34:05 INFO    [info] Yeni coin: CJ9w6cg5qg - analiz 40s sonra
00:34:06 INFO    [info] Yeni coin: 86Hv5mg3X5 - analiz 40s sonra
00:34:06 INFO    [info] Yeni coin: BeX4M5TJU5 - analiz 40s sonra
00:34:07 INFO    [info] Yeni coin: A9RmHtgpFV - analiz 40s sonra
00:34:08 INFO    [info] Yeni coin: 2ujrrsqogS - analiz 40s sonra
00:34:11 INFO    [info] Yeni coin: EfepN5qCkY - analiz 40s sonra
00:34:12 INFO    [info] Yeni coin: 4M4N82gKxG - analiz 40s sonra
00:34:12 INFO    [info] Yeni coin: 4pg7F97rAP - analiz 40s sonra
00:34:16 INFO    [info] Yeni coin: 9Zm6prr9nx - analiz 40s sonra
00:34:17 INFO    [info] Yeni coin: 24wTEznGtE - analiz 40s sonra
00:34:24 WARNING RPC hiz limiti (429) - RPC_RPS dusurun veya plani yukseltin
00:34:27 INFO    [info] Yeni coin: 2k1RLGJ7TF - analiz 40s sonra
00:34:27 INFO    [info] Yeni coin: 41swJ43nPV - analiz 40s sonra
00:34:31 INFO    [info] Yeni coin: 4t9SUcTZwU - analiz 40s sonra
00:34:34 INFO    [warn] Takip edilen cuzdan yok - once skorlayip takibe alin
00:34:37 INFO    [info] Yeni coin: Apcs1uRc6Z - analiz 40s sonra
00:34:41 INFO    [info] Yeni coin: EPPxZq2cK5 - analiz 40s sonra
00:34:42 INFO    [info] Yeni coin: 4mszZhc5Nc - analiz 40s sonra
00:34:42 INFO    [info] Yeni coin: 6feJV2kyVs - analiz 40s sonra
00:34:42 INFO    [info] Yeni coin: 4cMPgLaQ7D - analiz 40s sonra
00:34:42 INFO    [info] Yeni coin: 5XQCL1C1Yp - analiz 40s sonra
00:34:45 INFO    [info] Yeni coin: FAxwyy2TzS - analiz 40s sonra
00:34:45 INFO    [info] Yeni coin: z7i8J73FB4 - analiz 40s sonra
00:34:47 INFO    [info] Yeni coin: titcHJRxmd - analiz 40s sonra
00:34:48 INFO    [info] Yeni coin: d6upLccMAg - analiz 40s sonra
00:34:48 WARNING RPC hiz limiti (429) - RPC_RPS dusurun veya plani yukseltin
00:34:51 INFO    [info] Yeni coin: 2JWgsewpJo - analiz 40s sonra
00:34:53 INFO    [info] Yeni coin: CmwgeW9LXS - analiz 40s sonra
00:34:53 INFO    [info] Yeni coin: Aah1TYtNkK - analiz 40s sonra
00:34:54 INFO    [info] Yeni coin: Aq19NehgYU - analiz 40s sonra
00:34:54 INFO    [info] Yeni coin: 5rQEDe2RDA - analiz 40s sonra
00:34:56 INFO    [info] Yeni coin: 2gnfdos8sQ - analiz 40s sonra
00:34:58 INFO    [info] Yeni coin: 4jLAu4Lq6C - analiz 40s sonra
00:34:58 INFO    [info] Yeni coin: BgVWTURYF2 - analiz 40s sonra
00:35:00 INFO    [info] Yeni coin: 8MfHwr5mqK - analiz 40s sonra
00:35:04 INFO    [info] Yeni coin: 2nr5BMrA7D - analiz 40s sonra
00:35:05 INFO    [info] Yeni coin: DgRphhLmct - analiz 40s sonra
00:35:08 INFO    [info] Yeni coin: FSwV6SmhHw - analiz 40s sonra
00:35:08 INFO    [info] Yeni coin: 5tdf4zgoGa - analiz 40s sonra
00:35:09 INFO    [info] Yeni coin: 7xtgjojc6a - analiz 40s sonra
00:35:09 INFO    [info] Yeni coin: 8EJVjJe6Ut - analiz 40s sonra
00:35:09 INFO    [info] Yeni coin: AWyamK9nog - analiz 40s sonra
00:35:09 INFO    [info] Yeni coin: 5RqNLgGzMA - analiz 40s sonra
00:35:11 INFO    [info] Yeni coin: 5fx4H6Y3kA - analiz 40s sonra
00:35:11 INFO    [info] Yeni coin: Eq3pk7mtZV - analiz 40s sonra
00:35:12 WARNING RPC hiz limiti (429) - RPC_RPS dusurun veya plani yukseltin
00:35:14 INFO    [info] Yeni coin: GL9zCvoNCh - analiz 40s sonra
00:35:15 INFO    [info] Yeni coin: 6DunQR3ixC - analiz 40s sonra
00:35:16 INFO    [info] Yeni coin: DtTBKbH3to - analiz 40s sonra
00:35:20 INFO    [info] Yeni coin: FHtKKm4Xm3 - analiz 40s sonra
00:35:21 INFO    [info] Yeni coin: GYfGSf2jZC - analiz 40s sonra
00:35:26 INFO    [info] Yeni coin: 5AgrD1jKfD - analiz 40s sonra
00:35:30 INFO    [info] Yeni coin: A5uuN2BRb7 - analiz 40s sonra
00:35:30 INFO    [info] Yeni coin: 5ZJ5k6Q9r7 - analiz 40s sonra
00:35:34 INFO    [info] Yeni coin: 5jha9EpYFg - analiz 40s sonra
00:35:35 INFO    [info] Yeni coin: 64rVFJYKhE - analiz 40s sonra
00:35:36 WARNING RPC hiz limiti (429) - RPC_RPS dusurun veya plani yukseltin
00:35:37 INFO    [info] Yeni coin: 8yrFNs7cM4 - analiz 40s sonra
00:35:37 INFO    [info] Yeni coin: 24wV27S65T - analiz 40s sonra
00:35:37 INFO    [info] Yeni coin: FY1yY99QE1 - analiz 40s sonra
00:35:38 INFO    [info] Yeni coin: CUxCiFViG7 - analiz 40s sonra
00:35:38 INFO    [info] Yeni coin: EmsR2Ddshv - analiz 40s sonra
00:35:38 INFO    [info] Yeni coin: 9gy3GMQvuX - analiz 40s sonra
00:35:39 INFO    [info] Yeni coin: 9JBZSz37os - analiz 40s sonra
00:35:41 INFO    [info] Yeni coin: 5y6tHFHViR - analiz 40s sonra
00:35:43 INFO    [info] Yeni coin: H3RpEfY3ms - analiz 40s sonra
00:35:43 INFO    [info] Yeni coin: 5aNanuyZZC - analiz 40s sonra
00:35:43 INFO    [info] Yeni coin: DtYzqAjqSL - analiz 40s sonra
00:35:46 INFO    [info] Yeni coin: H6uTh4oU4L - analiz 40s sonra
00:35:47 INFO    [info] Yeni coin: 7WrEDvytPf - analiz 40s sonra
00:35:47 INFO    [info] Yeni coin: 85kkx2Denc - analiz 40s sonra
00:35:47 INFO    [info] Yeni coin: E5TXYBzYZB - analiz 40s sonra
00:35:47 INFO    [info] Yeni coin: 7djmNatPGp - analiz 40s sonra
00:35:51 INFO    [info] Yeni coin: 9ocEgYtgES - analiz 40s sonra
00:35:51 INFO    [info] Yeni coin: 67T9npDDfZ - analiz 40s sonra
00:35:54 INFO    [info] Yeni coin: BZRLUP4Sxg - analiz 40s sonra
00:36:06 INFO    [info] Yeni coin: 7ee9yds4Vm - analiz 40s sonra
00:36:07 WARNING RPC hiz limiti (429) - RPC_RPS dusurun veya plani yukseltin
00:36:09 INFO    [info] Yeni coin: 6AyJf7zHL6 - analiz 40s sonra
00:36:09 INFO    [info] Yeni coin: 4vccZnc8mM - analiz 40s sonra
00:36:11 INFO    [info] Yeni coin: DT41UBMoo6 - analiz 40s sonra
00:36:17 INFO    [info] Yeni coin: 7m49YFZgWS - analiz 40s sonra
00:36:19 INFO    [info] Yeni coin: EENYvn3upu - analiz 40s sonra
00:36:19 INFO    [info] Yeni coin: 65r6HXWi58 - analiz 40s sonra
00:36:21 INFO    [info] Yeni coin: 24wVGcLSKE - analiz 40s sonra
00:36:22 INFO    [info] Yeni coin: 71SYbRJg7v - analiz 40s sonra
00:36:22 INFO    [info] Yeni coin: CqkgfsMyVo - analiz 40s sonra
00:36:23 INFO    [info] Yeni coin: G3ySfx1ACC - analiz 40s sonra
00:36:24 WARNING RPC hiz limiti (429) - RPC_RPS dusurun veya plani yukseltin
00:36:27 INFO    [info] Yeni coin: 24wVKhucjR - analiz 40s sonra
00:36:28 INFO    [info] Yeni coin: 7Bb8bwyYQL - analiz 40s sonra
00:36:32 INFO    [info] Yeni coin: Ah48776djj - analiz 40s sonra
00:36:34 INFO    [info] Yeni coin: HMRdJtYAVj - analiz 40s sonra
00:36:34 INFO    [warn] Takip edilen cuzdan yok - once skorlayip takibe alin
00:36:37 INFO    [info] Yeni coin: DaeC2aT7JU - analiz 40s sonra
00:36:43 INFO    [info] Yeni coin: 8bo1dvYNhB - analiz 40s sonra
00:36:46 WARNING RPC hiz limiti (429) - RPC_RPS dusurun veya plani yukseltin
00:36:48 INFO    [info] Yeni coin: 9PoxF1TYgw - analiz 40s sonra
00:37:00 INFO    [info] Yeni coin: BYX7wZtZVp - analiz 40s sonra
00:37:06 INFO    [info] Yeni coin: CV2Uz5oZoy - analiz 40s sonra
00:37:07 INFO    [info] Yeni coin: J5nh4Qf34f - analiz 40s sonra
00:37:08 INFO    [info] Yeni coin: FPN9ELwWQT - analiz 40s sonra
00:37:10 INFO    [info] Yeni coin: EbAM7fZ1GR - analiz 40s sonra
00:37:15 WARNING RPC hiz limiti (429) - RPC_RPS dusurun veya plani yukseltin
00:37:20 INFO    [info] Yeni coin: DcquWgqZhx - analiz 40s sonra
00:37:21 INFO    [info] Yeni coin: FAQuT1HMJ9 - analiz 40s sonra
00:37:22 INFO    [info] Yeni coin: FQceyKZuku - analiz 40s sonra
00:37:25 INFO    [info] Yeni coin: J8pYT7o7dy - analiz 40s sonra
00:37:26 INFO    [info] Yeni coin: 3d644SKzFd - analiz 40s sonra
00:37:26 INFO    [info] Yeni coin: 3yq4Jh4Gqd - analiz 40s sonra
00:37:27 INFO    [info] Yeni coin: Ak1H2CR4be - analiz 40s sonra
00:37:29 INFO    [info] Yeni coin: 3jKNXMbSak - analiz 40s sonra
00:37:32 WARNING RPC hiz limiti (429) - RPC_RPS dusurun veya plani yukseltin
00:37:33 INFO    [info] Yeni coin: FS3iFndttJ - analiz 40s sonra
00:37:34 INFO    [info] Yeni coin: 4vZahUZYTG - analiz 40s sonra
00:37:35 INFO    [info] Yeni coin: FxtXwohJvC - analiz 40s sonra
00:37:37 INFO    [info] Yeni coin: CCJefRsXhb - analiz 40s sonra
00:37:44 INFO    [info] Yeni coin: 8xr5CRg46M - analiz 40s sonra
00:37:44 INFO    [info] Yeni coin: 6Pcc86gK9W - analiz 40s sonra
00:37:50 INFO    [info] Yeni coin: BfFxF1Qqzv - analiz 40s sonra
00:37:50 INFO    [info] Yeni coin: JCdqMYw4tt - analiz 40s sonra
00:37:50 INFO    [info] Yeni coin: 7xpCwMYCi3 - analiz 40s sonra
00:37:51 INFO    [info] Yeni coin: 8b1P14794g - analiz 40s sonra
00:37:51 INFO    [info] Yeni coin: G2xVaB4o8J - analiz 40s sonra
00:37:53 INFO    [info] Yeni coin: GFgKG8H8Bh - analiz 40s sonra
00:37:54 INFO    [info] Yeni coin: 5Y7PNK3Arw - analiz 40s sonra
00:37:56 INFO    [info] Yeni coin: ChQyt8AbrD - analiz 40s sonra
00:37:57 INFO    [info] Yeni coin: HyiYsUGFgJ - analiz 40s sonra
00:38:00 INFO    [info] Yeni coin: 24wVM8JtJc - analiz 40s sonra
00:38:00 INFO    [info] Yeni coin: AiPwUeWFFj - analiz 40s sonra
00:38:03 INFO    [info] Yeni coin: 24wVb9pUHh - analiz 40s sonra
00:38:03 WARNING RPC hiz limiti (429) - RPC_RPS dusurun veya plani yukseltin
00:38:05 INFO    [info] Yeni coin: HR617Ap1YM - analiz 40s sonra
00:38:07 INFO    [info] Yeni coin: 8R3ZbBAq3F - analiz 40s sonra
00:38:07 INFO    [info] Yeni coin: FV292HqBZC - analiz 40s sonra
00:38:08 INFO    [info] Yeni coin: 8FKqtTxx2f - analiz 40s sonra
00:38:08 INFO    [info] Yeni coin: 3kJbSu2ewn - analiz 40s sonra
00:38:09 INFO    [info] Yeni coin: 7zosykCAir - analiz 40s sonra
00:38:10 INFO    [info] Yeni coin: EzN5LdghJp - analiz 40s sonra
00:38:10 INFO    [info] Yeni coin: GBrMkex6z5 - analiz 40s sonra
00:38:12 INFO    [info] Yeni coin: 6Brp858zuH - analiz 40s sonra
00:38:12 INFO    [info] Yeni coin: 76sz9a9hDZ - analiz 40s sonra
00:38:14 INFO    [info] Yeni coin: DwKSgffux4 - analiz 40s sonra
00:38:15 INFO    [info] Yeni coin: FXFqZ4MWFG - analiz 40s sonra
00:38:25 INFO    [info] Yeni coin: nX4aEd4k5U - analiz 40s sonra
00:38:26 INFO    [info] Yeni coin: 4rmWyew67N - analiz 40s sonra
00:38:26 WARNING RPC hiz limiti (429) - RPC_RPS dusurun veya plani yukseltin
00:38:27 INFO    [info] Yeni coin: 3VKfaTdb7N - analiz 40s sonra
00:38:29 INFO    [info] Yeni coin: 6ikwbM5rxX - analiz 40s sonra
00:38:29 INFO    [info] Yeni coin: 7FJMxMKBc5 - analiz 40s sonra
00:38:29 INFO    [info] Yeni coin: 38cFToTFSX - analiz 40s sonra
00:38:29 INFO    [info] Yeni coin: HmB2SWhbSt - analiz 40s sonra
00:38:35 INFO    [warn] Takip edilen cuzdan yok - once skorlayip takibe alin
00:38:37 INFO    [info] Yeni coin: 78ZP7es1Xk - analiz 40s sonra
00:38:37 INFO    [info] Yeni coin: DzgngYhbif - analiz 40s sonra
00:38:38 INFO    [info] Yeni coin: 5zHcPMYmR4 - analiz 40s sonra
00:38:39 INFO    [info] Yeni coin: 5jL3JFbZ2X - analiz 40s sonra
00:38:39 INFO    [info] Yeni coin: 5ZXqkMsPmw - analiz 40s sonra
00:38:40 INFO    [info] Yeni coin: AKTAb6in8G - analiz 40s sonra
00:38:42 INFO    [info] Yeni coin: DbsGpMPR8E - analiz 40s sonra
00:38:43 INFO    [info] Yeni coin: 6rJQ9RM2eo - analiz 40s sonra
00:38:45 INFO    [info] Yeni coin: 4DZiieAQgm - analiz 40s sonra
00:38:45 INFO    [info] Yeni coin: AvcvfzeYfP - analiz 40s sonra
00:38:47 INFO    [info] Yeni coin: FB7Jzk8t8X - analiz 40s sonra
00:38:51 INFO    [info] Yeni coin: 34hQZpiBzJ - analiz 40s sonra
00:38:57 INFO    [info] Yeni coin: H6pyFE5NYY - analiz 40s sonra
00:38:58 WARNING RPC hiz limiti (429) - RPC_RPS dusurun veya plani yukseltin
00:38:59 INFO    [info] Yeni coin: CHMjob8VVj - analiz 40s sonra
00:38:59 INFO    [info] Yeni coin: 3MyT3fzwt4 - analiz 40s sonra
00:39:00 INFO    [info] Yeni coin: 7PewmtQn2e - analiz 40s sonra
00:39:02 INFO    [info] Yeni coin: GyKNGVxgQb - analiz 40s sonra
00:39:02 INFO    [info] Yeni coin: 4t1fUMZsDo - analiz 40s sonra
00:39:03 INFO    [info] Yeni coin: 93TRKBEmgd - analiz 40s sonra
00:39:05 INFO    [info] Yeni coin: CL2pj8enVy - analiz 40s sonra
00:39:06 INFO    [info] Yeni coin: 8JFBowG3Lc - analiz 40s sonra
00:39:07 INFO    [info] Yeni coin: Hge4HoYu6m - analiz 40s sonra
00:39:07 INFO    [info] Yeni coin: 4UqxVbZ7ZP - analiz 40s sonra
00:39:14 INFO    [info] Yeni coin: 579hBk16o7 - analiz 40s sonra
00:39:15 INFO    [info] Yeni coin: 8jw9DBD91F - analiz 40s sonra
00:39:15 INFO    [info] Yeni coin: 24wW5Ff4sz - analiz 40s sonra
00:39:22 INFO    [info] Yeni coin: FkLtLyTUCk - analiz 40s sonra
00:39:24 INFO    [info] Yeni coin: 9USeoRbxUk - analiz 40s sonra
00:39:24 INFO    [info] Yeni coin: 3dnkN2P4zH - analiz 40s sonra
00:39:26 INFO    [info] Yeni coin: 79oERZSZt6 - analiz 40s sonra
00:39:27 WARNING RPC hiz limiti (429) - RPC_RPS dusurun veya plani yukseltin
00:39:28 INFO    [info] Yeni coin: 7Wp1aEkfcy - analiz 40s sonra
00:39:29 INFO    [info] Yeni coin: 48ffktzNi2 - analiz 40s sonra
00:39:29 INFO    [info] Yeni coin: 37xCPFeWQW - analiz 40s sonra
00:39:30 INFO    [info] Yeni coin: 3HGKnoy5sn - analiz 40s sonra
00:39:32 INFO    [info] Yeni coin: 4K1MiR4kgo - analiz 40s sonra
00:39:34 INFO    [info] Yeni coin: 68itenBMtV - analiz 40s sonra
00:39:37 INFO    [info] Yeni coin: DXcrAFLNpo - analiz 40s sonra
00:39:41 INFO    [info] Yeni coin: 6uhnyzmNTQ - analiz 40s sonra
00:39:41 INFO    [info] Yeni coin: EiobNdqpeB - analiz 40s sonra
00:39:43 INFO    [info] Yeni coin: CgnpBpF5dH - analiz 40s sonra
00:39:45 INFO    [info] Yeni coin: 9FSCpyYp6J - analiz 40s sonra
00:39:45 INFO    [info] Yeni coin: ETSLtRnFoi - analiz 40s sonra
00:39:46 INFO    [info] Yeni coin: 5mSKNquWJN - analiz 40s sonra
00:39:50 INFO    [info] Yeni coin: HVBb5a3x59 - analiz 40s sonra
00:39:50 INFO    [info] Yeni coin: HKaFH2jnn5 - analiz 40s sonra
00:39:51 INFO    [info] Yeni coin: 3wNPD7DQ31 - analiz 40s sonra
00:39:51 INFO    [info] Yeni coin: 6j7fHsXUCu - analiz 40s sonra
00:39:56 INFO    [info] Yeni coin: C1ANKnmcep - analiz 40s sonra
00:39:56 WARNING RPC hiz limiti (429) - RPC_RPS dusurun veya plani yukseltin
00:39:58 INFO    [info] Yeni coin: 5DhmYmdnf2 - analiz 40s sonra
00:39:58 INFO    [info] Yeni coin: Cau3ofqcqz - analiz 40s sonra
00:39:58 INFO    [info] Yeni coin: F34FCN6UHw - analiz 40s sonra
00:39:58 INFO    [info] Yeni coin: HzwnBtShEe - analiz 40s sonra
00:39:59 INFO    [info] Yeni coin: Gq5jHbAwS2 - analiz 40s sonra
00:39:59 INFO    [info] Yeni coin: CHpUm6VJG7 - analiz 40s sonra
00:40:00 INFO    [info] Yeni coin: DDj9Le1LPd - analiz 40s sonra
00:40:00 INFO    [info] Yeni coin: CfkqoBt5G1 - analiz 40s sonra
00:40:04 INFO    [info] Yeni coin: D8P6QJWi3B - analiz 40s sonra
00:40:04 INFO    [info] Yeni coin: BJYrhnucvm - analiz 40s sonra
00:40:06 INFO    [info] Yeni coin: J8npPxLRYL - analiz 40s sonra
00:40:07 INFO    [info] Yeni coin: HpkLhNuWZ4 - analiz 40s sonra
00:40:12 INFO    [info] Yeni coin: HjFLSyK6GD - analiz 40s sonra
00:40:16 INFO    [info] Yeni coin: C5JF2cNek5 - analiz 40s sonra
00:40:16 INFO    [info] Yeni coin: Asm6c3Nn4g - analiz 40s sonra
00:40:17 INFO    [info] Yeni coin: p8Ea69Wu3w - analiz 40s sonra
00:40:22 INFO    [info] Yeni coin: BKsqn2TySN - analiz 40s sonra
00:40:22 WARNING RPC hiz limiti (429) - RPC_RPS dusurun veya plani yukseltin
00:40:24 INFO    [info] Yeni coin: 46V4aGMqKn - analiz 40s sonra
00:40:32 INFO    [info] Yeni coin: Amc54JaprJ - analiz 40s sonra
00:40:34 INFO    [info] Yeni coin: FJu6X6MXfr - analiz 40s sonra
00:40:34 INFO    [info] Yeni coin: Bb1291EZtn - analiz 40s sonra
00:40:35 INFO    [warn] Takip edilen cuzdan yok - once skorlayip takibe alin
00:40:35 INFO    [info] Yeni coin: HovWLL5ACe - analiz 40s sonra
00:40:37 INFO    [info] Yeni coin: HzSoAe4Vmk - analiz 40s sonra
00:40:40 INFO    [info] Yeni coin: EaMQ3pT7BC - analiz 40s sonra
00:40:43 INFO    [info] Yeni coin: 4QiLyuy9RP - analiz 40s sonra
00:40:44 INFO    [info] Yeni coin: 8Ta11MFtZj - analiz 40s sonra
00:40:44 INFO    [info] Yeni coin: EtrxuCFC7y - analiz 40s sonra
00:40:45 INFO    [info] Yeni coin: FPTaCqkXe4 - analiz 40s sonra
00:40:49 INFO    [info] Yeni coin: Doj3q7itqU - analiz 40s sonra
00:40:49 INFO    [info] Yeni coin: BcMqrfyBYE - analiz 40s sonra
00:40:49 INFO    [info] Yeni coin: GrUuFGzYsZ - analiz 40s sonra
00:40:49 INFO    [info] Yeni coin: 7KAvvKmC46 - analiz 40s sonra
00:40:51 WARNING RPC hiz limiti (429) - RPC_RPS dusurun veya plani yukseltin
00:40:55 INFO    [info] Yeni coin: 6eB8VHf4c2 - analiz 40s sonra
00:40:55 INFO    [info] Yeni coin: 23xFiB8y29 - analiz 40s sonra
00:40:57 INFO    [info] Yeni coin: 3VYehjGUS3 - analiz 40s sonra
00:41:00 INFO    [info] Yeni coin: DSECzmDEQ5 - analiz 40s sonra
00:41:01 INFO    [info] Yeni coin: FJGxKufxGB - analiz 40s sonra
00:41:01 INFO    [info] Yeni coin: 855mSuS9Bx - analiz 40s sonra
00:41:02 INFO    [info] Yeni coin: 2zsNZ3utmm - analiz 40s sonra
00:41:03 INFO    [info] Yeni coin: CTVpMFKiRG - analiz 40s sonra
00:41:04 INFO    [info] Yeni coin: U4hNccpxso - analiz 40s sonra
00:41:04 INFO    [info] Yeni coin: zh3fyM7HrK - analiz 40s sonra
00:41:08 INFO    [info] Yeni coin: 7dMSgAQXDv - analiz 40s sonra
00:41:08 INFO    [info] Yeni coin: 2PvjXH8aDQ - analiz 40s sonra
00:41:10 INFO    [info] Yeni coin: G4U5DtWTBt - analiz 40s sonra
00:41:11 INFO    [info] Yeni coin: 7hhKm3vam1 - analiz 40s sonra
00:41:12 INFO    [info] Yeni coin: 7NETqLSDeN - analiz 40s sonra
00:41:13 INFO    [info] Yeni coin: CdfWH7hsyk - analiz 40s sonra
00:41:14 WARNING RPC hiz limiti (429) - RPC_RPS dusurun veya plani yukseltin
00:41:15 INFO    [info] Yeni coin: CmuZQKqBK3 - analiz 40s sonra
00:41:15 INFO    [info] Yeni coin: 5CHefspoTk - analiz 40s sonra
00:41:20 INFO    [info] Yeni coin: 3DkFANUvgo - analiz 40s sonra
00:41:21 INFO    [info] Yeni coin: HV9xJKG6aq - analiz 40s sonra
00:41:22 INFO    [info] Yeni coin: 9u7GAsbxLJ - analiz 40s sonra
00:41:24 INFO    [info] Yeni coin: 7bJu9RNpRC - analiz 40s sonra
00:41:27 INFO    [info] Yeni coin: BCYeCRFanr - analiz 40s sonra
00:41:27 INFO    [info] Yeni coin: D6azM58Tcm - analiz 40s sonra
00:41:28 INFO    [info] Yeni coin: DhQeqXDxcb - analiz 40s sonra
00:41:28 INFO    [info] Yeni coin: 9A9vhjb3bT - analiz 40s sonra
00:41:29 INFO    [info] Yeni coin: CcQkH7mKBB - analiz 40s sonra
00:41:33 INFO    [info] Yeni coin: CXv1ygk7tj - analiz 40s sonra
00:41:34 INFO    [info] Yeni coin: C18QQ64sjF - analiz 40s sonra
00:41:37 INFO    [info] Yeni coin: nTkwu7P4sH - analiz 40s sonra
00:41:37 INFO    [info] Yeni coin: 24wWKg5MAN - analiz 40s sonra
00:41:37 INFO    [info] Yeni coin: 6xVrA1rJJf - analiz 40s sonra
00:41:37 WARNING RPC hiz limiti (429) - RPC_RPS dusurun veya plani yukseltin
00:41:42 INFO    [info] Yeni coin: usekDs1vbf - analiz 40s sonra
00:41:42 INFO    [info] Yeni coin: Dgacif2fAJ - analiz 40s sonra
00:41:43 INFO    [info] Yeni coin: DCWeuBfAjK - analiz 40s sonra
00:41:43 INFO    [info] Yeni coin: 5e3N6p4Zbw - analiz 40s sonra
00:41:49 INFO    [info] Yeni coin: 8Z2W1gwM2r - analiz 40s sonra
00:41:49 INFO    [info] Yeni coin: 5FLvx79cBi - analiz 40s sonra
00:42:02 INFO    [info] Yeni coin: nUDk4D9pHC - analiz 40s sonra
00:42:04 INFO    [info] Yeni coin: 9RwvEdHAcn - analiz 40s sonra
00:42:06 WARNING RPC hiz limiti (429) - RPC_RPS dusurun veya plani yukseltin
00:42:07 INFO    [info] Yeni coin: AtDPqhPHha - analiz 40s sonra
00:42:10 INFO    [info] Yeni coin: 9wQy9ovbrf - analiz 40s sonra
00:42:10 INFO    [info] Yeni coin: GBfYE5ePFH - analiz 40s sonra
00:42:15 INFO    [info] Yeni coin: Dszas73oRM - analiz 40s sonra
00:42:17 INFO    [info] Yeni coin: FQ7afbtveA - analiz 40s sonra
00:42:21 INFO    [info] Yeni coin: 4vrBhrUGkU - analiz 40s sonra
00:42:21 INFO    [info] Yeni coin: z81td1tm2f - analiz 40s sonra
00:42:23 INFO    [info] Yeni coin: 5YSybMG8pU - analiz 40s sonra
00:42:23 INFO    [info] Yeni coin: Eo1SZgqUrm - analiz 40s sonra
00:42:24 INFO    [info] Yeni coin: 8Ec2ta33kV - analiz 40s sonra
00:42:25 INFO    [info] Yeni coin: 4cRkEyHsqd - analiz 40s sonra
00:42:25 INFO    [info] Yeni coin: 9nCjYc7ddx - analiz 40s sonra
00:42:26 INFO    [info] Yeni coin: 5Grf6epwRs - analiz 40s sonra
00:42:27 INFO    [info] Yeni coin: Gkkp5sdcvb - analiz 40s sonra
00:42:28 INFO    [info] Yeni coin: Dq1VcjyDiL - analiz 40s sonra
00:42:28 INFO    [info] Yeni coin: 4EYVEJ78B5 - analiz 40s sonra
00:42:29 WARNING RPC hiz limiti (429) - RPC_RPS dusurun veya plani yukseltin
00:42:29 INFO    [info] Yeni coin: 8SCGFEtyNR - analiz 40s sonra
00:42:30 INFO    [info] Yeni coin: 2ztSSzA6Ra - analiz 40s sonra
00:42:32 INFO    [info] Yeni coin: sgzUJpLcx4 - analiz 40s sonra
00:42:33 INFO    [info] Yeni coin: 24wWKg93X2 - analiz 40s sonra
00:42:33 INFO    [info] Yeni coin: 81PwbBUEkU - analiz 40s sonra
00:42:33 INFO    [info] Yeni coin: HX23FVm8Fw - analiz 40s sonra
00:42:35 INFO    [warn] Takip edilen cuzdan yok - once skorlayip takibe alin
00:42:38 INFO    [info] Yeni coin: 8YCBpe2G7Q - analiz 40s sonra
00:42:40 INFO    [info] Yeni coin: 8uNgw33Sdf - analiz 40s sonra
00:42:44 INFO    [info] Yeni coin: 5Anw53AUAQ - analiz 40s sonra
00:42:51 INFO    [info] Yeni coin: GsJHAYmPyz - analiz 40s sonra
00:42:54 INFO    [info] Yeni coin: DAdFWVC8JX - analiz 40s sonra
00:43:01 INFO    [info] Yeni coin: 2CoFb91L4C - analiz 40s sonra
00:43:04 WARNING RPC hiz limiti (429) - RPC_RPS dusurun veya plani yukseltin
00:43:07 INFO    [info] Yeni coin: CzGcEkQjR7 - analiz 40s sonra
00:43:10 INFO    [info] Yeni coin: 6RNUVFUup6 - analiz 40s sonra
00:43:21 INFO    [info] Yeni coin: DYohLDpvwW - analiz 40s sonra
00:43:22 INFO    [info] Yeni coin: 2UFGGDnE76 - analiz 40s sonra
00:43:22 INFO    [info] Yeni coin: GEng1TjAxV - analiz 40s sonra
00:43:27 INFO    [info] Yeni coin: 6Q2cWvc2Gy - analiz 40s sonra
00:43:28 INFO    [info] Yeni coin: BVZ6bsNCdE - analiz 40s sonra
00:43:31 INFO    [info] Yeni coin: DfhM8HsZjp - analiz 40s sonra
00:43:31 WARNING RPC hiz limiti (429) - RPC_RPS dusurun veya plani yukseltin
00:43:34 INFO    [info] Yeni coin: G6RamPWW8p - analiz 40s sonra
00:43:35 INFO    [info] Yeni coin: 9HQTMPZ4jB - analiz 40s sonra
00:43:38 INFO    [info] Yeni coin: 42zNHNdiE8 - analiz 40s sonra
00:43:38 INFO    [info] Yeni coin: 5buUNheNPt - analiz 40s sonra
00:43:41 INFO    [info] Yeni coin: 8wCZeaSgDw - analiz 40s sonra
00:43:47 INFO    [info] Yeni coin: 2epqGFBdNp - analiz 40s sonra
00:43:47 INFO    [info] Yeni coin: 7yqfZWKZ6f - analiz 40s sonra
00:43:48 INFO    [info] Yeni coin: E1gkYGBM1y - analiz 40s sonra
00:43:49 INFO    [info] Yeni coin: sX8gDH6G3w - analiz 40s sonra
00:43:50 INFO    [info] Yeni coin: 9UmKNZkWMU - analiz 40s sonra
00:43:55 WARNING RPC hiz limiti (429) - RPC_RPS dusurun veya plani yukseltin
00:43:55 INFO    [info] Yeni coin: DWLm49uuyU - analiz 40s sonra
00:43:58 INFO    [info] Yeni coin: 7tdtJmkZgx - analiz 40s sonra
00:44:03 INFO    [info] Yeni coin: CjQNCyF4NP - analiz 40s sonra
00:44:09 INFO    [info] Yeni coin: 4XLbofNc2J - analiz 40s sonra
00:44:11 INFO    [info] Yeni coin: NMYKtKLSgH - analiz 40s sonra
00:44:12 INFO    [info] Yeni coin: 2kEd5SCbVP - analiz 40s sonra
00:44:14 INFO    [info] Yeni coin: yfLQobeq8a - analiz 40s sonra
00:44:15 INFO    [info] Yeni coin: 4pKhsTRcvm - analiz 40s sonra
00:44:17 INFO    [info] Yeni coin: 9DgKXWRiWQ - analiz 40s sonra
00:44:25 INFO    [info] Yeni coin: 2FsxCkXQFr - analiz 40s sonra
00:44:25 WARNING RPC hiz limiti (429) - RPC_RPS dusurun veya plani yukseltin
00:44:26 INFO    [info] Yeni coin: 9fgxaEDdRK - analiz 40s sonra
00:44:26 INFO    [info] Yeni coin: DTVMDi1BdD - analiz 40s sonra
00:44:27 INFO    [info] Yeni coin: DjjchfZnh6 - analiz 40s sonra
00:44:28 INFO    [info] Yeni coin: d1jExyDmKi - analiz 40s sonra
00:44:29 INFO    [info] Yeni coin: 5uP89SMuV2 - analiz 40s sonra
00:44:33 INFO    [info] Yeni coin: BEDxMAQN6n - analiz 40s sonra
00:44:35 INFO    [warn] Takip edilen cuzdan yok - once skorlayip takibe alin
00:44:38 INFO    [info] Yeni coin: VteU4iZGxZ - analiz 40s sonra
00:44:39 INFO    [info] Yeni coin: 24wWPUz451 - analiz 40s sonra
00:44:49 INFO    [info] Yeni coin: 4m4XwqN7ZR - analiz 40s sonra
00:44:49 WARNING RPC hiz limiti (429) - RPC_RPS dusurun veya plani yukseltin
00:44:50 INFO    [info] Yeni coin: FssQpVvA7t - analiz 40s sonra
00:44:52 INFO    [info] Yeni coin: 9nYFnTrPAk - analiz 40s sonra
00:45:01 INFO    [info] Yeni coin: deuFm4KwTK - analiz 40s sonra
00:45:03 INFO    [info] Yeni coin: FMjHKciqgj - analiz 40s sonra
00:45:03 INFO    [info] Yeni coin: Ba55jNb2NJ - analiz 40s sonra
00:45:04 INFO    [info] Yeni coin: BssTf6PCS4 - analiz 40s sonra
00:45:04 INFO    [info] Yeni coin: 12mQPz62vs - analiz 40s sonra
00:45:05 INFO    [info] Yeni coin: 2b7tenNwBz - analiz 40s sonra
00:45:05 INFO    [info] Yeni coin: EjE2EdSroR - analiz 40s sonra
00:45:07 INFO    [info] Yeni coin: 8CQrYL6ENR - analiz 40s sonra
00:45:08 INFO    [info] Yeni coin: 5LNznLdf6E - analiz 40s sonra
00:45:11 INFO    [info] Yeni coin: Edj9r59DCL - analiz 40s sonra
00:45:15 INFO    [info] Yeni coin: ApmRL6VCWu - analiz 40s sonra
00:45:18 WARNING RPC hiz limiti (429) - RPC_RPS dusurun veya plani yukseltin
00:45:30 INFO    [info] Yeni coin: uTyyAaV867 - analiz 40s sonra
00:45:32 INFO    [info] Yeni coin: CqAcW6UKkS - analiz 40s sonra
00:45:33 INFO    [info] Yeni coin: HeEHMW7EGc - analiz 40s sonra
00:45:35 INFO    [info] Yeni coin: 4nP5BCEMET - analiz 40s sonra
00:45:38 INFO    [info] Yeni coin: 5jijyhPkqs - analiz 40s sonra
00:45:42 INFO    [info] Yeni coin: 24wWZdJw9m - analiz 40s sonra
00:45:42 WARNING RPC hiz limiti (429) - RPC_RPS dusurun veya plani yukseltin
00:45:43 INFO    [info] Yeni coin: ARNW2ydCEN - analiz 40s sonra
00:45:44 INFO    [info] Yeni coin: Czkzyez6Zi - analiz 40s sonra
00:45:44 INFO    [info] Yeni coin: B7hAp1DV1c - analiz 40s sonra
00:45:49 INFO    [info] Yeni coin: HreS6igSp5 - analiz 40s sonra
00:45:49 INFO    [info] Yeni coin: CK4pwNPT2p - analiz 40s sonra
00:45:51 INFO    [info] Yeni coin: GNKhyjh9Xr - analiz 40s sonra
00:45:55 INFO    [info] Yeni coin: 7a47oHvP6f - analiz 40s sonra
00:45:59 INFO    [info] Yeni coin: AqYi48ERNo - analiz 40s sonra
00:46:02 INFO    [info] Yeni coin: HKfVDqKCWa - analiz 40s sonra
00:46:03 INFO    [info] Yeni coin: 3zj6LEHXj3 - analiz 40s sonra
00:46:03 INFO    [info] Yeni coin: 8pQqvypcSR - analiz 40s sonra
00:46:04 WARNING RPC hiz limiti (429) - RPC_RPS dusurun veya plani yukseltin
00:46:06 INFO    [info] Yeni coin: 9966nzhBf6 - analiz 40s sonra
00:46:14 INFO    [info] Yeni coin: 8EpbnjZbAg - analiz 40s sonra
00:46:21 INFO    [info] Yeni coin: 35DHYtJhm6 - analiz 40s sonra
00:46:22 INFO    [info] Yeni coin: FDS2xUp2Yf - analiz 40s sonra
00:46:22 INFO    [info] Yeni coin: GCcK6oAws9 - analiz 40s sonra
00:46:26 INFO    [info] Yeni coin: 2tbhoZu178 - analiz 40s sonra
00:46:34 WARNING RPC hiz limiti (429) - RPC_RPS dusurun veya plani yukseltin
00:46:35 INFO    [warn] Takip edilen cuzdan yok - once skorlayip takibe alin
00:46:36 INFO    [info] Yeni coin: CvpXLjyZNN - analiz 40s sonra
00:46:38 INFO    [info] Yeni coin: 6rB9dQ8iWD - analiz 40s sonra
00:46:38 INFO    [info] Yeni coin: CAvpepHnM2 - analiz 40s sonra
00:46:41 INFO    [info] Yeni coin: 4Q6Vpbn9Ue - analiz 40s sonra
00:46:47 INFO    [info] Yeni coin: BuC7B3yBh3 - analiz 40s sonra
00:46:49 INFO    [info] Yeni coin: CTUAQGHW78 - analiz 40s sonra
00:46:52 INFO    [info] Yeni coin: GCBzSeYcFR - analiz 40s sonra
00:46:52 WARNING RPC hiz limiti (429) - RPC_RPS dusurun veya plani yukseltin
00:46:53 INFO    [info] Yeni coin: 56byq5gpyi - analiz 40s sonra
00:46:54 INFO    [info] Yeni coin: GaUeyMc1W6 - analiz 40s sonra
00:46:57 INFO    [info] Yeni coin: Bm4ZS8Cuw9 - analiz 40s sonra
00:46:57 INFO    [info] Yeni coin: 44YocVvnQQ - analiz 40s sonra
00:46:57 INFO    [info] Yeni coin: 4tAF6s6ohb - analiz 40s sonra
00:46:59 INFO    [info] Yeni coin: AZqNg2JoRX - analiz 40s sonra
00:47:01 INFO    [info] Yeni coin: 6JaRsigKgQ - analiz 40s sonra
00:47:02 INFO    [info] Yeni coin: BFr77NY3YP - analiz 40s sonra
00:47:03 INFO    [info] Yeni coin: C2TcBcS7n2 - analiz 40s sonra
00:47:04 INFO    [info] Yeni coin: GBNqTSht7z - analiz 40s sonra
00:47:04 INFO    [info] Yeni coin: 24wWd9VGXW - analiz 40s sonra
00:47:07 INFO    [info] Yeni coin: 9uBufkjdPk - analiz 40s sonra
00:47:08 INFO    [info] Yeni coin: DbhoWUhap7 - analiz 40s sonra
00:47:09 INFO    [info] Yeni coin: H4uyUgjg6d - analiz 40s sonra
00:47:10 INFO    [info] Yeni coin: 9JvUPbvekN - analiz 40s sonra
00:47:10 INFO    [info] Yeni coin: FDf74CDehi - analiz 40s sonra
00:47:18 INFO    [info] Yeni coin: B1NJ4NAcPC - analiz 40s sonra
00:47:18 INFO    [info] Yeni coin: LdEt6gYmaV - analiz 40s sonra
00:47:26 INFO    [info] Yeni coin: 2oWm8FEgw9 - analiz 40s sonra
00:47:26 INFO    [info] Yeni coin: 9gZKtWY2Eq - analiz 40s sonra
00:47:27 INFO    [info] Yeni coin: 8YjWGWCqiW - analiz 40s sonra
00:47:28 WARNING RPC hiz limiti (429) - RPC_RPS dusurun veya plani yukseltin
00:47:38 INFO    [info] Yeni coin: CeU6MrsUef - analiz 40s sonra
00:47:38 INFO    [info] Yeni coin: 5nXXtHfZqF - analiz 40s sonra
00:47:42 INFO    [info] Yeni coin: CSquz4wSPc - analiz 40s sonra
00:47:43 INFO    [info] Yeni coin: 24wXpEqzMy - analiz 40s sonra
00:47:47 INFO    [info] Yeni coin: 7uMGkHfrwW - analiz 40s sonra
00:47:47 INFO    [info] Yeni coin: AumivBmJxK - analiz 40s sonra
00:47:47 INFO    [info] Yeni coin: 9EZmW8SBVt - analiz 40s sonra
00:47:47 INFO    [info] Yeni coin: 26TgXdyE31 - analiz 40s sonra
00:47:50 INFO    [info] Yeni coin: 4tYjYwnmSC - analiz 40s sonra
00:47:53 INFO    [info] Yeni coin: A9Hr7XAtjZ - analiz 40s sonra
00:47:55 INFO    [info] Yeni coin: B7n6dowG9b - analiz 40s sonra
00:48:05 INFO    [info] Yeni coin: 24wXvprA8V - analiz 40s sonra
00:48:08 INFO    [info] Yeni coin: CDwg8AYuR9 - analiz 40s sonra
00:48:09 WARNING RPC hiz limiti (429) - RPC_RPS dusurun veya plani yukseltin
00:48:11 INFO    [info] Yeni coin: zKzwuEQDMn - analiz 40s sonra
00:48:17 INFO    [info] Yeni coin: BtfFa78VJG - analiz 40s sonra
00:48:17 INFO    [info] Yeni coin: 8hDwXXTqed - analiz 40s sonra
00:48:18 INFO    [info] Yeni coin: 5YzJSfcxf4 - analiz 40s sonra
00:48:20 INFO    [info] Yeni coin: 857rqFjYwZ - analiz 40s sonra
00:48:21 INFO    [info] Yeni coin: 3c7wL1A1zd - analiz 40s sonra
00:48:22 INFO    [info] Yeni coin: FsBFxx2Vhf - analiz 40s sonra
00:48:22 INFO    [info] Yeni coin: 95UnmMsCTG - analiz 40s sonra
00:48:24 INFO    [info] Yeni coin: BCmqestdDm - analiz 40s sonra
00:48:25 INFO    [info] Yeni coin: FaXYJX2nFd - analiz 40s sonra
00:48:26 INFO    [info] Yeni coin: H7qmYjEMMA - analiz 40s sonra
00:48:29 WARNING RPC hiz limiti (429) - RPC_RPS dusurun veya plani yukseltin
00:48:30 INFO    [info] Yeni coin: J2KtorBr3r - analiz 40s sonra
00:48:30 INFO    [info] Yeni coin: 65fDzNC5uw - analiz 40s sonra
00:48:31 INFO    [info] Yeni coin: 7XR3z8nDCC - analiz 40s sonra
00:48:33 INFO    [info] Yeni coin: 36Wj6RoBBh - analiz 40s sonra
00:48:33 INFO    [info] Yeni coin: E6rBHThco8 - analiz 40s sonra
00:48:34 INFO    [info] Yeni coin: 24wY4WqNET - analiz 40s sonra
00:48:35 INFO    [warn] Takip edilen cuzdan yok - once skorlayip takibe alin
00:48:36 INFO    [info] Yeni coin: AGZbaTw1CS - analiz 40s sonra
00:48:36 INFO    [info] Yeni coin: CXWKqzox4c - analiz 40s sonra
00:48:37 INFO    [info] Yeni coin: 3CSzzV3jzh - analiz 40s sonra
00:48:40 INFO    [info] Yeni coin: 483pFHvMhf - analiz 40s sonra
00:48:43 INFO    [info] Yeni coin: FHVYQiBDvt - analiz 40s sonra
00:48:47 INFO    [info] Yeni coin: 6PqhysfpqP - analiz 40s sonra
00:48:48 INFO    [info] Yeni coin: 53qovBGBbu - analiz 40s sonra
00:48:48 INFO    [info] Yeni coin: 41zww7eAzD - analiz 40s sonra
00:48:49 INFO    [info] Yeni coin: F79JtTDqyy - analiz 40s sonra
00:48:53 WARNING RPC hiz limiti (429) - RPC_RPS dusurun veya plani yukseltin
00:48:55 INFO    [info] Yeni coin: EUh7Epe1TE - analiz 40s sonra
00:48:59 INFO    [info] Yeni coin: 8tPxGmwUgR - analiz 40s sonra
00:49:02 INFO    [info] Yeni coin: 2TDmgSiEVD - analiz 40s sonra
00:49:03 INFO    [info] Yeni coin: 2aP9mKoc7J - analiz 40s sonra
00:49:09 INFO    [info] Yeni coin: EvzgKdAeqC - analiz 40s sonra
00:49:09 INFO    [info] Yeni coin: AkXf1TwUrr - analiz 40s sonra
00:49:11 INFO    [info] Yeni coin: 7E2eVyu2FM - analiz 40s sonra
00:49:11 INFO    [info] Yeni coin: 9CVuV9kdgG - analiz 40s sonra
00:49:11 INFO    [info] Yeni coin: D6G9SqmTad - analiz 40s sonra
00:49:12 INFO    [info] Yeni coin: 3ZcxVsm23Y - analiz 40s sonra
00:49:12 INFO    [info] Yeni coin: HC9TieF7bg - analiz 40s sonra
00:49:16 WARNING RPC hiz limiti (429) - RPC_RPS dusurun veya plani yukseltin
00:49:17 INFO    [info] Yeni coin: CfiRFELrsw - analiz 40s sonra
00:49:17 INFO    [info] Yeni coin: 9dTNfcRSYg - analiz 40s sonra
00:49:18 INFO    [info] Yeni coin: BL2hRFnP2Y - analiz 40s sonra
00:49:18 INFO    [info] Yeni coin: 8wNfCNSebX - analiz 40s sonra
00:49:19 INFO    [info] Yeni coin: AFSZh1h281 - analiz 40s sonra
00:49:20 INFO    [info] Yeni coin: 9Axw4EoGx3 - analiz 40s sonra
00:49:20 INFO    [info] Yeni coin: DKt8jPFvRt - analiz 40s sonra
00:49:22 INFO    [info] Yeni coin: 8799gaMAVf - analiz 40s sonra
00:49:22 INFO    [info] Yeni coin: D1FwT4V1p8 - analiz 40s sonra
00:49:23 INFO    [info] Yeni coin: 7STWJzqp5N - analiz 40s sonra
00:49:31 INFO    [info] Yeni coin: HS3fEu354W - analiz 40s sonra
00:49:35 INFO    [info] Yeni coin: BCQXKrz465 - analiz 40s sonra
00:49:36 INFO    [info] Yeni coin: 57YE9UW7k8 - analiz 40s sonra
00:49:39 INFO    [info] Yeni coin: 2inPE5ySu3 - analiz 40s sonra
00:49:41 WARNING RPC hiz limiti (429) - RPC_RPS dusurun veya plani yukseltin
00:49:42 INFO    [info] Yeni coin: wUBeMab4sF - analiz 40s sonra
00:49:43 INFO    [info] Yeni coin: 9Fc8fq5vqm - analiz 40s sonra
00:49:47 INFO    [info] Yeni coin: 873fMKEYYr - analiz 40s sonra
00:49:49 INFO    [info] Yeni coin: 24wYXALbzU - analiz 40s sonra
00:49:56 INFO    [info] Yeni coin: 6F2QTZPGfp - analiz 40s sonra
00:49:59 INFO    [info] Yeni coin: 98JYmAUATA - analiz 40s sonra
00:50:00 INFO    [info] Yeni coin: 2XyrHZz3gK - analiz 40s sonra
00:50:03 INFO    [info] Yeni coin: GNiyansrzU - analiz 40s sonra
00:50:06 INFO    [info] Yeni coin: 5G9pzGhBB9 - analiz 40s sonra
00:50:07 WARNING RPC hiz limiti (429) - RPC_RPS dusurun veya plani yukseltin
00:50:08 INFO    [info] Yeni coin: vbdEeGTS8Z - analiz 40s sonra
00:50:09 INFO    [info] Yeni coin: 6PptbDpW24 - analiz 40s sonra
00:50:11 INFO    [info] Yeni coin: DQubHCGrjg - analiz 40s sonra
00:50:16 INFO    [info] Yeni coin: AL7oNwqjM6 - analiz 40s sonra
00:50:16 INFO    [info] Yeni coin: BLRzMo87mz - analiz 40s sonra
00:50:16 INFO    [info] Yeni coin: 582Mdm8tDU - analiz 40s sonra
00:50:18 INFO    [info] Yeni coin: 4YEUakFJw6 - analiz 40s sonra
00:50:18 INFO    [info] Yeni coin: 21sESdPM8c - analiz 40s sonra
00:50:21 INFO    [info] Yeni coin: FnLCptw9et - analiz 40s sonra
00:50:23 INFO    [info] Yeni coin: 64G2z6yrNK - analiz 40s sonra
00:50:29 INFO    [info] Yeni coin: B9sopojEds - analiz 40s sonra
00:50:29 WARNING RPC hiz limiti (429) - RPC_RPS dusurun veya plani yukseltin
00:50:30 INFO    [info] Yeni coin: 24waBJJLqk - analiz 40s sonra
00:50:30 INFO    [info] Yeni coin: CWmoywZ5pz - analiz 40s sonra
00:50:35 INFO    [warn] Takip edilen cuzdan yok - once skorlayip takibe alin
00:50:39 INFO    [info] Yeni coin: 3TzS8ThxfM - analiz 40s sonra
00:50:40 INFO    [info] Yeni coin: 94XEZPS1QJ - analiz 40s sonra
00:50:40 INFO    [info] Yeni coin: B36gpwKgft - analiz 40s sonra
00:50:44 INFO    [info] Yeni coin: A121XkGg2q - analiz 40s sonra
00:50:45 INFO    [info] Yeni coin: Fs6mmEmTFv - analiz 40s sonra
00:50:47 INFO    [info] Yeni coin: GUhK5QBXDB - analiz 40s sonra
00:50:47 INFO    [info] Yeni coin: EV9UzZku8y - analiz 40s sonra
00:50:51 INFO    [info] Yeni coin: HVcCgDYR74 - analiz 40s sonra
00:50:52 INFO    [info] Yeni coin: EnRFjzANJj - analiz 40s sonra
00:50:53 INFO    [info] Yeni coin: 2vfSmgDEj9 - analiz 40s sonra
00:50:56 INFO    [info] Yeni coin: A1Kdd6o7Zm - analiz 40s sonra
00:50:57 INFO    [info] Yeni coin: 6foGEyPQ1w - analiz 40s sonra
00:50:57 INFO    [info] Yeni coin: 6r7Z4Yv6Nk - analiz 40s sonra
00:50:58 INFO    [info] Yeni coin: 6yYTgJHLRC - analiz 40s sonra
00:50:58 INFO    [info] Yeni coin: 2kZnUfKsca - analiz 40s sonra
00:51:00 INFO    [info] Yeni coin: 3x1HME3mpM - analiz 40s sonra
00:51:01 INFO    [info] Yeni coin: VqznyaGrGj - analiz 40s sonra
00:51:05 INFO    [info] Yeni coin: CkZYW8qTUb - analiz 40s sonra
00:51:05 WARNING RPC hiz limiti (429) - RPC_RPS dusurun veya plani yukseltin
00:51:06 INFO    [info] Yeni coin: GtpPiQ2fwk - analiz 40s sonra
00:51:07 INFO    [info] Yeni coin: 5yHAD5Jf21 - analiz 40s sonra
00:51:08 INFO    [info] Yeni coin: YZYTSi8XDA - analiz 40s sonra
00:51:08 INFO    [info] Yeni coin: HrkPoWHzdq - analiz 40s sonra
00:51:09 INFO    [info] Yeni coin: 8ukj2uSGu5 - analiz 40s sonra
00:51:09 INFO    [info] Yeni coin: 24waGhQNAz - analiz 40s sonra
00:51:09 INFO    [info] Yeni coin: 3xGwChd6NT - analiz 40s sonra
00:51:11 INFO    [info] Yeni coin: CrgbjGLeNc - analiz 40s sonra
00:51:13 INFO    [info] Yeni coin: J6mRpjhc7H - analiz 40s sonra
00:51:14 INFO    [info] Yeni coin: 3eJ4c8DKZa - analiz 40s sonra
00:51:16 INFO    [info] Yeni coin: JDqmetrWZB - analiz 40s sonra
00:51:17 INFO    [info] Yeni coin: 3VdL6hxTD8 - analiz 40s sonra
00:51:17 INFO    [info] Yeni coin: G2iUrw5qMU - analiz 40s sonra
00:51:18 INFO    [info] Yeni coin: 3F3ossDKDm - analiz 40s sonra
00:51:19 INFO    [info] Yeni coin: HhkPYghUuH - analiz 40s sonra
00:51:20 INFO    [info] Yeni coin: EEjUnzHqnc - analiz 40s sonra
00:51:21 INFO    [info] Yeni coin: jZNgzKxLNt - analiz 40s sonra
00:51:21 INFO    [info] Yeni coin: 4SiJ82Y1sr - analiz 40s sonra
00:51:25 INFO    [info] Yeni coin: ByJPM6z3ik - analiz 40s sonra
00:51:28 WARNING RPC hiz limiti (429) - RPC_RPS dusurun veya plani yukseltin
00:51:29 INFO    [info] Yeni coin: 8NbE7cqWsC - analiz 40s sonra
00:51:30 INFO    [info] Yeni coin: GwgTP5aqMF - analiz 40s sonra
00:51:30 INFO    [info] Yeni coin: 3rQQjWxNPh - analiz 40s sonra
00:51:36 INFO    [info] Yeni coin: HiCRDbefnV - analiz 40s sonra
00:51:37 INFO    [info] Yeni coin: GKkn3ttdWc - analiz 40s sonra
00:51:37 INFO    [info] Yeni coin: GnCPE8Jvag - analiz 40s sonra
00:51:39 INFO    [info] Yeni coin: GnJwQNSrMY - analiz 40s sonra
00:51:40 INFO    [info] Yeni coin: EyyeiZS6gP - analiz 40s sonra
00:51:40 INFO    [info] Yeni coin: 4RbXwgCnfD - analiz 40s sonra
00:51:40 INFO    [info] Yeni coin: 99KGzLvEsq - analiz 40s sonra
00:51:41 INFO    [info] Yeni coin: 2TML6AiyZA - analiz 40s sonra
00:51:43 INFO    [info] Yeni coin: CQLoo6gAFF - analiz 40s sonra
00:51:43 INFO    [info] Yeni coin: EiqTpAmzck - analiz 40s sonra
00:51:47 WARNING RPC hiz limiti (429) - RPC_RPS dusurun veya plani yukseltin
00:51:48 INFO    [info] Yeni coin: AwehtB6REG - analiz 40s sonra
00:51:49 INFO    [info] Yeni coin: DihYXruLio - analiz 40s sonra
00:51:49 INFO    [info] Yeni coin: FxiUmB2dwF - analiz 40s sonra
00:51:50 INFO    [info] Yeni coin: 6ZPx2jhUo9 - analiz 40s sonra
00:51:53 INFO    [info] Yeni coin: xaMm8AJNGW - analiz 40s sonra
00:51:56 INFO    [info] Yeni coin: 6ahBFqPRio - analiz 40s sonra
00:51:56 INFO    [info] Yeni coin: 6WhRJBBQe8 - analiz 40s sonra
00:52:02 INFO    [info] Yeni coin: 5PrAFPVzem - analiz 40s sonra
00:52:02 INFO    [info] Yeni coin: CH8tAAirLU - analiz 40s sonra
00:52:03 INFO    [info] Yeni coin: CwdijFohX4 - analiz 40s sonra
00:52:05 INFO    [info] Yeni coin: Gic8p4mysT - analiz 40s sonra
00:52:05 INFO    [info] Yeni coin: CbMNRYjcTa - analiz 40s sonra
00:52:05 INFO    [info] Yeni coin: 5Q9iqFhxpz - analiz 40s sonra
00:52:06 INFO    [info] Yeni coin: 2kdjh5sgzt - analiz 40s sonra
00:52:08 INFO    [info] Yeni coin: E6daFoyJSu - analiz 40s sonra
00:52:10 INFO    [info] Yeni coin: 8BnZuhUJTs - analiz 40s sonra
00:52:11 INFO    [info] Yeni coin: 4khQD5TqC3 - analiz 40s sonra
00:52:13 INFO    [info] Yeni coin: 24wb38GL9u - analiz 40s sonra
00:52:14 INFO    [info] Yeni coin: 9VEfhZAP7T - analiz 40s sonra
00:52:14 INFO    [info] Yeni coin: HYiYCQKLsv - analiz 40s sonra
00:52:15 WARNING RPC hiz limiti (429) - RPC_RPS dusurun veya plani yukseltin
00:52:15 INFO    [info] Yeni coin: DDfhxH5udF - analiz 40s sonra
00:52:16 INFO    [info] Yeni coin: 8NkhFJhoFq - analiz 40s sonra
00:52:16 INFO    [info] Yeni coin: 27EaWeD3Qf - analiz 40s sonra
00:52:16 INFO    [info] Yeni coin: EVeu7UF7Vt - analiz 40s sonra
00:52:16 INFO    [info] Yeni coin: 8XcetNswfx - analiz 40s sonra
00:52:17 INFO    [info] Yeni coin: ENMGMiJKXV - analiz 40s sonra
00:52:19 INFO    [info] Yeni coin: 2v1yPKuV28 - analiz 40s sonra
00:52:30 INFO    [info] Yeni coin: 93baQJzkZA - analiz 40s sonra
00:52:35 INFO    [warn] Takip edilen cuzdan yok - once skorlayip takibe alin
00:52:43 INFO    [info] Yeni coin: codZ1PL3kx - analiz 40s sonra
00:52:43 INFO    [info] Yeni coin: 8Wr34Bqpa4 - analiz 40s sonra
00:52:44 INFO    [info] Yeni coin: J2E6Z7ZQth - analiz 40s sonra
00:52:46 INFO    [info] Yeni coin: EaN3QH5R91 - analiz 40s sonra
00:52:47 INFO    [info] Yeni coin: HaJiXBg7sy - analiz 40s sonra
00:52:47 INFO    [info] Yeni coin: 3euQxyCJjG - analiz 40s sonra
00:52:48 INFO    [info] Yeni coin: CKbiKP1pep - analiz 40s sonra
00:52:48 WARNING RPC hiz limiti (429) - RPC_RPS dusurun veya plani yukseltin
00:52:49 INFO    [info] Yeni coin: AWApUwSdaN - analiz 40s sonra
00:52:49 INFO    [info] Yeni coin: H1cAKe6Z2B - analiz 40s sonra
00:52:50 INFO    [info] Yeni coin: Fto36bsDG9 - analiz 40s sonra
00:52:50 INFO    [info] Yeni coin: HBDxAroJxG - analiz 40s sonra
00:52:50 INFO    [info] Yeni coin: 7YC74kHmTF - analiz 40s sonra
00:52:51 INFO    [info] Yeni coin: 5TM1PNs2ED - analiz 40s sonra
00:52:51 INFO    [info] Yeni coin: FV4UM4ufuY - analiz 40s sonra
00:52:51 INFO    [info] Yeni coin: 4fiFZSYCD7 - analiz 40s sonra
00:52:51 INFO    [info] Yeni coin: 6CNqvqYnjt - analiz 40s sonra
00:52:52 INFO    [info] Yeni coin: Gzgx1DAXHU - analiz 40s sonra
00:52:52 INFO    [info] Yeni coin: CYjryyvoY4 - analiz 40s sonra
00:52:52 INFO    [info] Yeni coin: CwPTZWCbBZ - analiz 40s sonra
00:52:52 INFO    [info] Yeni coin: A2jMeJyKzz - analiz 40s sonra
00:52:53 INFO    [info] Yeni coin: 3QoGdUYZds - analiz 40s sonra
00:52:53 INFO    [info] Yeni coin: 5yAaznrMom - analiz 40s sonra
00:52:54 INFO    [info] Yeni coin: Be8FVdbNoz - analiz 40s sonra
00:52:54 INFO    [info] Yeni coin: 6WL8FhLkW8 - analiz 40s sonra
00:52:55 INFO    [info] Yeni coin: Et4c9u82sb - analiz 40s sonra
00:52:55 INFO    [info] Yeni coin: E5BpRAGtRn - analiz 40s sonra
00:52:55 INFO    [info] Yeni coin: GKoXwGHUc6 - analiz 40s sonra
00:52:56 INFO    [info] Yeni coin: 77CX778wA6 - analiz 40s sonra
00:52:57 INFO    [info] Yeni coin: AC44ujVfea - analiz 40s sonra
00:52:58 INFO    [info] Yeni coin: CVZpmde8NU - analiz 40s sonra
00:52:58 INFO    [info] Yeni coin: 5UrcQHPkAG - analiz 40s sonra
00:52:58 INFO    [info] Yeni coin: vYYZDkWGhq - analiz 40s sonra
00:52:59 INFO    [info] Yeni coin: BaQCp4VKrg - analiz 40s sonra
00:52:59 INFO    [info] Yeni coin: 5brPvCjboG - analiz 40s sonra
00:52:59 INFO    [info] Yeni coin: 2urZZqik9S - analiz 40s sonra
00:52:59 INFO    [info] Yeni coin: oQjxp8Ae2T - analiz 40s sonra
00:53:01 INFO    [info] Yeni coin: 46irCVCdGJ - analiz 40s sonra
00:53:03 INFO    [info] Yeni coin: GvHk93zzAe - analiz 40s sonra
00:53:04 INFO    [info] Yeni coin: GUtKdha6EJ - analiz 40s sonra
00:53:04 INFO    [info] Yeni coin: 5PqM8LugbW - analiz 40s sonra
00:53:06 INFO    [info] Yeni coin: GSU4xQrSkp - analiz 40s sonra
00:53:11 INFO    [info] Yeni coin: 3qMtBmyybL - analiz 40s sonra
00:53:13 WARNING RPC hiz limiti (429) - RPC_RPS dusurun veya plani yukseltin
00:53:16 INFO    [info] Yeni coin: AWnT6h7E3g - analiz 40s sonra
00:53:18 INFO    [info] Yeni coin: H83BLMxLXb - analiz 40s sonra
00:53:19 INFO    [info] Yeni coin: 4KCgP3yGCB - analiz 40s sonra
00:53:20 INFO    [info] Yeni coin: BE5Enk2jCQ - analiz 40s sonra
00:53:20 INFO    [info] Yeni coin: EQFJPkCrCf - analiz 40s sonra
00:53:21 INFO    [info] Yeni coin: BcpQzsziCY - analiz 40s sonra
00:53:21 INFO    [info] Yeni coin: 8kTjFBTH5B - analiz 40s sonra
00:53:23 INFO    [info] Yeni coin: 9tZa4kKD6u - analiz 40s sonra
00:53:25 INFO    [info] Yeni coin: BQMZ3NPtw7 - analiz 40s sonra
00:53:26 INFO    [info] Yeni coin: 9Vs94d1REA - analiz 40s sonra
00:53:27 INFO    [info] Yeni coin: D51sxtijzw - analiz 40s sonra
00:53:27 INFO    [info] Yeni coin: D2GhpvorXZ - analiz 40s sonra
00:53:30 INFO    [info] Yeni coin: 7K299Pe9tM - analiz 40s sonra
00:53:31 INFO    [info] Yeni coin: FbGmx2moHj - analiz 40s sonra
00:53:31 INFO    [info] Yeni coin: CmTT6ewhk4 - analiz 40s sonra
00:53:33 INFO    [info] Yeni coin: 3N1co1MkiD - analiz 40s sonra
00:53:34 INFO    [info] Yeni coin: 6NAhyrvv8N - analiz 40s sonra
00:53:37 INFO    [info] Yeni coin: AKGgza6VY4 - analiz 40s sonra
00:53:37 INFO    [info] Yeni coin: EHk3hMDGGM - analiz 40s sonra
00:53:37 INFO    [info] Yeni coin: GmxnqYnDVc - analiz 40s sonra
00:53:38 INFO    [info] Yeni coin: 75pHC4aDAm - analiz 40s sonra
00:53:38 WARNING RPC hiz limiti (429) - RPC_RPS dusurun veya plani yukseltin
00:53:39 INFO    [info] Yeni coin: HhSYULSpjp - analiz 40s sonra
00:53:42 INFO    [info] Yeni coin: 9mxhzHr3Hc - analiz 40s sonra
00:53:42 INFO    [info] Yeni coin: FVGd5bawcD - analiz 40s sonra
00:53:43 INFO    [info] Yeni coin: F9Q7FGYYJk - analiz 40s sonra
00:53:43 INFO    [info] Yeni coin: GHM3QWwzdY - analiz 40s sonra
00:53:43 INFO    [info] Yeni coin: FPc8dJMesB - analiz 40s sonra
00:53:44 INFO    [info] Yeni coin: GLG2YHbofY - analiz 40s sonra
00:53:44 INFO    [info] Yeni coin: 5MZTjk98zv - analiz 40s sonra
00:53:45 INFO    [info] Yeni coin: Hxzoej53Jh - analiz 40s sonra
00:53:45 INFO    [info] Yeni coin: 8zo2gySKRi - analiz 40s sonra
00:53:45 INFO    [info] Yeni coin: FNX8tXcQng - analiz 40s sonra
00:53:46 INFO    [info] Yeni coin: CTTv98uTJa - analiz 40s sonra
00:53:46 INFO    [info] Yeni coin: 4jeix8gsW6 - analiz 40s sonra
00:53:47 INFO    [info] Yeni coin: DCuESCCTYD - analiz 40s sonra
00:53:47 INFO    [info] Yeni coin: XZi4fwo3CX - analiz 40s sonra
00:53:48 INFO    [info] Yeni coin: 5W7FdLfJnr - analiz 40s sonra
00:53:48 INFO    [info] Yeni coin: 49mpsZ59XC - analiz 40s sonra
00:53:49 INFO    [info] Yeni coin: C8XoLznKH8 - analiz 40s sonra
00:53:51 INFO    [info] Yeni coin: 41A6XkVXcU - analiz 40s sonra
00:53:51 INFO    [info] Yeni coin: 8zPXsSVPzm - analiz 40s sonra
00:53:53 INFO    [info] Yeni coin: 68CMFvgUz9 - analiz 40s sonra
00:53:53 INFO    [info] Yeni coin: 9ZCTvGSWKw - analiz 40s sonra
00:53:54 WARNING RPC hiz limiti (429) - RPC_RPS dusurun veya plani yukseltin
00:53:55 INFO    [info] Yeni coin: 8EQAXG7va8 - analiz 40s sonra
00:53:56 INFO    [info] Yeni coin: H5peoWWdYp - analiz 40s sonra
00:53:57 INFO    [info] Yeni coin: 7Q5vpzVwus - analiz 40s sonra
00:53:58 INFO    [info] Yeni coin: FUS9tDp9DS - analiz 40s sonra
00:53:59 INFO    [info] Yeni coin: 5of8rbwAKF - analiz 40s sonra
00:54:07 INFO    [info] Yeni coin: CJARUU3pqX - analiz 40s sonra
00:54:09 INFO    [info] Yeni coin: 65J8yQb4dE - analiz 40s sonra
00:54:09 INFO    [info] Yeni coin: GBFN21ty3n - analiz 40s sonra
00:54:10 INFO    [info] Yeni coin: Fu71vpzRgP - analiz 40s sonra
00:54:11 INFO    [info] Yeni coin: GbirSzP7Hj - analiz 40s sonra
00:54:12 INFO    [info] Yeni coin: 3nrQwJegXQ - analiz 40s sonra
00:54:14 INFO    [info] Yeni coin: 32ct1cCNDt - analiz 40s sonra
00:54:14 INFO    [info] Yeni coin: 4EAQ44KQoX - analiz 40s sonra
00:54:15 INFO    [info] Yeni coin: EWrASWKa3M - analiz 40s sonra
00:54:18 INFO    [info] Yeni coin: E2JeMmViCA - analiz 40s sonra
00:54:20 INFO    [info] Yeni coin: D8aLoEYJgM - analiz 40s sonra
00:54:21 WARNING RPC hiz limiti (429) - RPC_RPS dusurun veya plani yukseltin
00:54:22 INFO    [info] Yeni coin: A2t1dxUyM1 - analiz 40s sonra
00:54:22 INFO    [info] Yeni coin: 9ghxzqWMud - analiz 40s sonra
00:54:22 INFO    [info] Yeni coin: HA4ZkedQD6 - analiz 40s sonra
00:54:24 INFO    [info] Yeni coin: EHSS4nU6Js - analiz 40s sonra
00:54:25 INFO    [info] Yeni coin: JBZdT43tXT - analiz 40s sonra
00:54:25 INFO    [info] Yeni coin: 7qJc4MryKP - analiz 40s sonra
00:54:25 INFO    [info] Yeni coin: 7DoHuNTMGU - analiz 40s sonra
00:54:25 INFO    [info] Yeni coin: DqvWEFLvg1 - analiz 40s sonra
00:54:25 INFO    [info] Yeni coin: CGjH1Z25Fu - analiz 40s sonra
00:54:26 INFO    [info] Yeni coin: 2EfJ2BmcMe - analiz 40s sonra
00:54:26 INFO    [info] Yeni coin: 8YwHWruBsK - analiz 40s sonra
00:54:26 INFO    [info] Yeni coin: EPSkz736Df - analiz 40s sonra
00:54:27 INFO    [info] Yeni coin: 2qaHomMGJR - analiz 40s sonra
00:54:28 INFO    [info] Yeni coin: 3DPdE5MMsw - analiz 40s sonra
00:54:29 INFO    [info] Yeni coin: 2S1SY4MYfw - analiz 40s sonra
00:54:29 INFO    [info] Yeni coin: Df1Tx9Nowi - analiz 40s sonra
00:54:29 INFO    [info] Yeni coin: 8xhWSk54ec - analiz 40s sonra
00:54:29 INFO    [info] Yeni coin: AxE6pZwxGu - analiz 40s sonra
00:54:30 INFO    [info] Yeni coin: 48MHkLTyxm - analiz 40s sonra
00:54:31 INFO    [info] Yeni coin: EidaeFZVCp - analiz 40s sonra
00:54:31 INFO    [info] Yeni coin: 2ZCTDWKmN6 - analiz 40s sonra
00:54:32 INFO    [info] Yeni coin: AY4aHARKUB - analiz 40s sonra
00:54:33 INFO    [info] Yeni coin: 24wb4AMr66 - analiz 40s sonra
00:54:33 INFO    [info] Yeni coin: 6LnFbGfWbG - analiz 40s sonra
00:54:34 INFO    [info] Yeni coin: 6obtpQupj5 - analiz 40s sonra
00:54:34 INFO    [info] Yeni coin: 8HJKRXBGyy - analiz 40s sonra
00:54:35 INFO    [warn] Takip edilen cuzdan yok - once skorlayip takibe alin
00:54:35 INFO    [info] Yeni coin: GUA2FBVAn6 - analiz 40s sonra
00:54:36 INFO    [info] Yeni coin: 2SFNXq3wnK - analiz 40s sonra
00:54:36 INFO    [info] Yeni coin: 7bwrj4kN1Y - analiz 40s sonra
00:54:37 INFO    [info] Yeni coin: 5Cwca9EBv5 - analiz 40s sonra
00:54:38 INFO    [info] Yeni coin: uZBRN4SXyq - analiz 40s sonra
00:54:39 WARNING RPC hiz limiti (429) - RPC_RPS dusurun veya plani yukseltin
00:54:40 INFO    [info] Yeni coin: HZkReBLoeB - analiz 40s sonra
00:54:41 INFO    [info] Yeni coin: 48SL9RdxFt - analiz 40s sonra
00:54:42 INFO    [info] Yeni coin: 7hQ2WHBW2T - analiz 40s sonra
00:54:42 INFO    [info] Yeni coin: 8YnWexJu22 - analiz 40s sonra
00:54:45 INFO    [info] Yeni coin: E4JAJNudJp - analiz 40s sonra
00:54:45 INFO    [info] Yeni coin: 3qCNk8msKy - analiz 40s sonra
00:54:46 INFO    [info] Yeni coin: 3z1YzwyqhJ - analiz 40s sonra
00:54:46 INFO    [info] Yeni coin: 6gQ7qN5DqN - analiz 40s sonra
00:54:46 INFO    [info] Yeni coin: 9dsmu3rh7M - analiz 40s sonra
00:54:46 INFO    [info] Yeni coin: FTYTGdAggQ - analiz 40s sonra
00:54:46 INFO    [info] Yeni coin: 27vHC3Ck94 - analiz 40s sonra
00:54:47 INFO    [info] Yeni coin: GcWefmLg9j - analiz 40s sonra
00:54:47 INFO    [info] Yeni coin: 9uFMG46GDe - analiz 40s sonra
00:54:48 INFO    [info] Yeni coin: BbegLZ9aSr - analiz 40s sonra
00:54:48 INFO    [info] Yeni coin: Bm6VyNXHR4 - analiz 40s sonra
00:54:48 INFO    [info] Yeni coin: 8XRqwo77mH - analiz 40s sonra
00:54:49 INFO    [info] Yeni coin: D1v8FgLZKv - analiz 40s sonra
00:54:49 INFO    [info] Yeni coin: 3vtCxbbnFb - analiz 40s sonra
00:54:49 INFO    [info] Yeni coin: FSfwbkQta1 - analiz 40s sonra
00:54:50 INFO    [info] Yeni coin: G6vEuBSLmm - analiz 40s sonra
00:54:50 INFO    [info] Yeni coin: 6u16bF68Ep - analiz 40s sonra
00:54:50 INFO    [info] Yeni coin: Aqp1ttsLmV - analiz 40s sonra
00:54:50 INFO    [info] Yeni coin: 4w71yjLcEF - analiz 40s sonra
00:54:51 INFO    [info] Yeni coin: EbtLjBLBKE - analiz 40s sonra
00:54:51 INFO    [info] Yeni coin: 2YTL5ErHYa - analiz 40s sonra
00:54:52 INFO    [info] Yeni coin: 2hogKwzvPC - analiz 40s sonra
00:54:52 INFO    [info] Yeni coin: CqZNG9JC26 - analiz 40s sonra
00:54:52 INFO    [info] Yeni coin: EEWi4SvNMW - analiz 40s sonra
00:54:52 INFO    [info] Yeni coin: DM4kEbiRom - analiz 40s sonra
00:54:52 INFO    [info] Yeni coin: CrHUkjamW1 - analiz 40s sonra
00:54:53 INFO    [info] Yeni coin: 4TbL3rukU6 - analiz 40s sonra
00:54:53 INFO    [info] Yeni coin: DnJdvFjmPv - analiz 40s sonra
00:54:54 INFO    [info] Yeni coin: CGm1JweSGj - analiz 40s sonra
00:54:54 INFO    [info] Yeni coin: 63U45kyL9q - analiz 40s sonra
00:54:54 INFO    [info] Yeni coin: GKebErMa8r - analiz 40s sonra
00:54:55 INFO    [info] Yeni coin: CVY7cAiHK7 - analiz 40s sonra
00:54:56 INFO    [info] Yeni coin: FrgYg45czW - analiz 40s sonra
00:54:57 INFO    [info] Yeni coin: FMXvyHFs5m - analiz 40s sonra
00:54:57 WARNING RPC hiz limiti (429) - RPC_RPS dusurun veya plani yukseltin
00:54:57 INFO    [info] Yeni coin: D8vgcgp29Z - analiz 40s sonra
00:54:58 INFO    [info] Yeni coin: GGj2RjMc3n - analiz 40s sonra
00:54:58 INFO    [info] Yeni coin: ECAUz2vH4e - analiz 40s sonra
00:54:59 INFO    [info] Yeni coin: 4PptKoMGor - analiz 40s sonra
00:54:59 INFO    [info] Yeni coin: AVPyeA4hFY - analiz 40s sonra
00:55:00 INFO    [info] Yeni coin: 7b7YWoYZLV - analiz 40s sonra
00:55:00 INFO    [info] Yeni coin: 29Ngt8fXUn - analiz 40s sonra
00:55:01 INFO    [info] Yeni coin: tNP8vjmaAS - analiz 40s sonra
00:55:01 INFO    [info] Yeni coin: B2rTKbovfj - analiz 40s sonra
00:55:02 INFO    [info] Yeni coin: 8AgqL1SMJd - analiz 40s sonra
00:55:03 INFO    [info] Yeni coin: DumsWwgxHM - analiz 40s sonra
00:55:03 INFO    [info] Yeni coin: 8FhaQ8XcME - analiz 40s sonra
00:55:04 INFO    [info] Yeni coin: 5hD1MHGkrs - analiz 40s sonra
00:55:04 INFO    [info] Yeni coin: 6Mb2LjntjN - analiz 40s sonra
00:55:06 INFO    [info] Yeni coin: 6Yr6yxLxoh - analiz 40s sonra
00:55:06 INFO    [info] Yeni coin: VpV5caj7s8 - analiz 40s sonra
00:55:06 INFO    [info] Yeni coin: 4jUG4kyWyF - analiz 40s sonra
00:55:07 INFO    [info] Yeni coin: 9XbbtvjFGo - analiz 40s sonra
00:55:14 INFO    [info] Yeni coin: YaUxAUow3e - analiz 40s sonra
00:55:15 INFO    [info] Yeni coin: 6GGqxxJYtm - analiz 40s sonra
00:55:16 INFO    [info] Yeni coin: 6JEqw2SE14 - analiz 40s sonra
00:55:16 INFO    [info] Yeni coin: Ay9GPUG98F - analiz 40s sonra
00:55:17 INFO    [info] Yeni coin: 4dLbd2hMSJ - analiz 40s sonra
00:55:17 INFO    [info] Yeni coin: 7Ea1GZNbkt - analiz 40s sonra
00:55:17 INFO    [info] Yeni coin: Pp4c5VxoDJ - analiz 40s sonra
00:55:17 INFO    [info] Yeni coin: F4rCc92wxR - analiz 40s sonra
00:55:18 INFO    [info] Yeni coin: HDLNeB2wfc - analiz 40s sonra
00:55:18 INFO    [info] Yeni coin: 5KLpuAAwA9 - analiz 40s sonra
00:55:18 INFO    [info] Yeni coin: QcvRgs2GXM - analiz 40s sonra
00:55:18 INFO    [info] Yeni coin: H3mL2cj2B7 - analiz 40s sonra
00:55:19 INFO    [info] Yeni coin: FUdgDWpLxr - analiz 40s sonra
00:55:19 INFO    [info] Yeni coin: 3JXD8zskaj - analiz 40s sonra
00:55:19 INFO    [info] Yeni coin: 73PD3RKKMX - analiz 40s sonra
00:55:19 INFO    [info] Yeni coin: 8TVWhLbtVY - analiz 40s sonra
00:55:20 INFO    [info] Yeni coin: 4D3uwNHuNb - analiz 40s sonra
00:55:21 INFO    [info] Yeni coin: 4exWHYDQPc - analiz 40s sonra
00:55:22 INFO    [info] Yeni coin: 2XhJX1zbVB - analiz 40s sonra
00:55:23 INFO    [info] Yeni coin: EDxKBYX8ti - analiz 40s sonra
00:55:24 INFO    [info] Yeni coin: 8ojPAZFUj9 - analiz 40s sonra
00:55:25 INFO    [info] Yeni coin: GfX5DEqRd5 - analiz 40s sonra
00:55:26 INFO    [info] Yeni coin: 53rDnkDs3k - analiz 40s sonra
00:55:27 WARNING RPC hiz limiti (429) - RPC_RPS dusurun veya plani yukseltin
00:55:28 INFO    [info] Yeni coin: A4JoCUY5eF - analiz 40s sonra
00:55:28 INFO    [info] Yeni coin: 3Mp3sXgf1L - analiz 40s sonra
00:55:29 INFO    [info] Yeni coin: 9YNXiELHqn - analiz 40s sonra
00:55:29 INFO    [info] Yeni coin: 7VMcwyVE6N - analiz 40s sonra
00:55:32 INFO    [info] Yeni coin: DYzYLD5C7j - analiz 40s sonra
00:55:32 INFO    [info] Yeni coin: FXjBQv4nHF - analiz 40s sonra
00:55:32 INFO    [info] Yeni coin: uM9rSjS5g4 - analiz 40s sonra
00:55:33 INFO    [info] Yeni coin: ESpLPhQy8z - analiz 40s sonra
00:55:33 INFO    [info] Yeni coin: 7A6hJMzPnD - analiz 40s sonra
00:55:34 INFO    [info] Yeni coin: 9W7k3iYdq5 - analiz 40s sonra
00:55:34 INFO    [info] Yeni coin: 6Kvt1e9Ca6 - analiz 40s sonra
00:55:35 INFO    [info] Yeni coin: AU2obtt2LF - analiz 40s sonra
00:55:35 INFO    [info] Yeni coin: 24wb9Z4cVa - analiz 40s sonra
00:55:35 INFO    [info] Yeni coin: 2FVNrvScAM - analiz 40s sonra
00:55:36 INFO    [info] Yeni coin: CpqgZfeggK - analiz 40s sonra
00:55:36 INFO    [info] Yeni coin: A99Rb2Pvvt - analiz 40s sonra
00:55:37 INFO    [info] Yeni coin: Eted6WZxjQ - analiz 40s sonra
00:55:38 INFO    [info] Yeni coin: DyQ3uJb7oj - analiz 40s sonra
00:55:42 INFO    [info] Yeni coin: CnmZU6ET8L - analiz 40s sonra
00:55:46 INFO    [info] Yeni coin: 3sKEpmnjuq - analiz 40s sonra
00:55:47 INFO    [info] Yeni coin: BoQp2DTHgY - analiz 40s sonra
00:55:48 INFO    [info] Yeni coin: 2iCGugn9xu - analiz 40s sonra
00:55:49 WARNING RPC hiz limiti (429) - RPC_RPS dusurun veya plani yukseltin
00:55:53 INFO    [info] Yeni coin: C97JLivMF7 - analiz 40s sonra
00:55:54 INFO    [info] Yeni coin: 31fJAzfrFa - analiz 40s sonra
00:55:58 INFO    [info] Yeni coin: 4z1wTmduac - analiz 40s sonra
00:55:59 INFO    [info] Yeni coin: HNCz9mGVK7 - analiz 40s sonra
00:55:59 INFO    [info] Yeni coin: FRP7bL8JxP - analiz 40s sonra
00:56:03 INFO    [info] Yeni coin: 24wbAvkjeR - analiz 40s sonra
00:56:05 INFO    [info] Yeni coin: FTCwttsCWZ - analiz 40s sonra
00:56:08 INFO    [info] Yeni coin: GQGeCKUqPF - analiz 40s sonra
00:56:08 INFO    [info] Yeni coin: 47V8VFdfmN - analiz 40s sonra
00:56:09 INFO    [info] Yeni coin: CGyTRPTfEB - analiz 40s sonra
00:56:12 INFO    [info] Yeni coin: C64ptXmVwZ - analiz 40s sonra
00:56:18 INFO    [info] Yeni coin: 7eCi14yGFw - analiz 40s sonra
00:56:20 INFO    [info] Yeni coin: Du56X5ahWs - analiz 40s sonra
00:56:21 WARNING RPC hiz limiti (429) - RPC_RPS dusurun veya plani yukseltin
00:56:27 INFO    [info] Yeni coin: QGRLbKKd9u - analiz 40s sonra
00:56:27 INFO    [info] Yeni coin: Fmbu8rKM9B - analiz 40s sonra
00:56:28 INFO    [info] Yeni coin: G9jK89J4PA - analiz 40s sonra
00:56:28 INFO    [info] Yeni coin: 21eFfweEAm - analiz 40s sonra
00:56:29 INFO    [info] Yeni coin: HbmrhbKWjP - analiz 40s sonra
00:56:30 INFO    [info] Yeni coin: AfEn67purE - analiz 40s sonra
00:56:32 INFO    [info] Yeni coin: 3iugTkCaM2 - analiz 40s sonra
00:56:33 INFO    [info] Yeni coin: 5Pp2oe3w5M - analiz 40s sonra
00:56:34 INFO    [info] Yeni coin: 3ohEgRuSx6 - analiz 40s sonra
00:56:34 INFO    [info] Yeni coin: 3VuPoyc565 - analiz 40s sonra
00:56:35 INFO    [warn] Takip edilen cuzdan yok - once skorlayip takibe alin
00:56:37 INFO    [info] Yeni coin: 4jP4zKriHi - analiz 40s sonra
00:56:44 INFO    [info] Yeni coin: ECHQnGKNV5 - analiz 40s sonra
00:56:44 INFO    [info] Yeni coin: CtxWvrAHcB - analiz 40s sonra
00:56:45 INFO    [info] Yeni coin: Ga8saaBSxC - analiz 40s sonra
00:56:45 INFO    [info] Yeni coin: FTiiVahxU9 - analiz 40s sonra
00:56:46 INFO    [info] Yeni coin: 2Kj9g5ToML - analiz 40s sonra
00:56:46 INFO    [info] Yeni coin: 6nC9TdPQkN - analiz 40s sonra
00:56:48 INFO    [info] Yeni coin: 8u2AfTwukG - analiz 40s sonra
00:56:49 WARNING RPC hiz limiti (429) - RPC_RPS dusurun veya plani yukseltin
00:56:50 INFO    [info] Yeni coin: 91438fjvjs - analiz 40s sonra
00:56:50 INFO    [info] Yeni coin: EbDpGPWbpe - analiz 40s sonra
00:56:51 INFO    [info] Yeni coin: AfNq5MK8Qg - analiz 40s sonra
00:56:51 INFO    [info] Yeni coin: A57r4F5fjo - analiz 40s sonra
00:56:52 INFO    [info] Yeni coin: 6D2DJxckZL - analiz 40s sonra
00:56:52 INFO    [info] Yeni coin: GyZLDPWAKT - analiz 40s sonra
00:56:53 INFO    [info] Yeni coin: B967aDmAjJ - analiz 40s sonra
00:56:53 INFO    [info] Yeni coin: 7VzAvCQcWf - analiz 40s sonra
00:56:55 INFO    [info] Yeni coin: 4b9eiM5Y9Q - analiz 40s sonra
00:56:56 INFO    [info] Yeni coin: GzRUdywstp - analiz 40s sonra
00:56:58 INFO    [info] Yeni coin: 3LTqV7463o - analiz 40s sonra
00:56:59 INFO    [info] Yeni coin: 6RXZhjgEtR - analiz 40s sonra
00:57:00 INFO    [info] Yeni coin: n6bt1mbNFe - analiz 40s sonra
00:57:00 INFO    [info] Yeni coin: F3b2UFJR29 - analiz 40s sonra
00:57:01 INFO    [info] Yeni coin: F2QENJFrzg - analiz 40s sonra
00:57:01 INFO    [info] Yeni coin: FHFUEYiRKG - analiz 40s sonra
00:57:01 INFO    [info] Yeni coin: BLiAGWMQNx - analiz 40s sonra
00:57:03 INFO    [info] Yeni coin: 2AiPnXPQSR - analiz 40s sonra
00:57:03 INFO    [info] Yeni coin: 2AxdM7T9vh - analiz 40s sonra
00:57:05 INFO    [info] Yeni coin: ruTbkLj8qB - analiz 40s sonra
00:57:08 INFO    [info] Yeni coin: GGq2jwtmC1 - analiz 40s sonra
00:57:08 WARNING RPC hiz limiti (429) - RPC_RPS dusurun veya plani yukseltin
00:57:11 INFO    [info] Yeni coin: B7a86pnRio - analiz 40s sonra
00:57:11 INFO    [info] Yeni coin: 7gFuUuBBEv - analiz 40s sonra
00:57:12 INFO    [info] Yeni coin: 24wbCuuqak - analiz 40s sonra
00:57:12 INFO    [info] Yeni coin: 2LiYJBmucE - analiz 40s sonra
00:57:12 INFO    [info] Yeni coin: A4Sh4H66Bm - analiz 40s sonra
00:57:13 INFO    [info] Yeni coin: 9eP1WNdxga - analiz 40s sonra
00:57:15 INFO    [info] Yeni coin: 8VX3k6LjLY - analiz 40s sonra
00:57:17 INFO    [info] Yeni coin: 3gMfBpkbxy - analiz 40s sonra
00:57:19 INFO    [info] Yeni coin: 5LEUtpTzaK - analiz 40s sonra
00:57:20 INFO    [info] Yeni coin: 7XtkoQEA6e - analiz 40s sonra
00:57:22 INFO    [info] Yeni coin: 3BJTmV96jJ - analiz 40s sonra
00:57:28 INFO    [info] Yeni coin: 5YdYM4qAbD - analiz 40s sonra
00:57:30 INFO    [info] Yeni coin: CtLLqx9w5E - analiz 40s sonra
00:57:30 INFO    [info] Yeni coin: CLxp9j794J - analiz 40s sonra
00:57:31 INFO    [info] Yeni coin: MSqbna5Gyr - analiz 40s sonra
00:57:32 INFO    [info] Yeni coin: 9xVHwh7EKt - analiz 40s sonra
00:57:33 INFO    [info] Yeni coin: 9riwZMP9DV - analiz 40s sonra
00:57:34 INFO    [info] Yeni coin: ABniz4AaRx - analiz 40s sonra
00:57:34 WARNING RPC hiz limiti (429) - RPC_RPS dusurun veya plani yukseltin
00:57:34 INFO    [info] Yeni coin: 6Pevi9iTxc - analiz 40s sonra
00:57:35 INFO    [info] Yeni coin: 3AxfX1kQQj - analiz 40s sonra
00:57:35 INFO    [info] Yeni coin: FwuAGEp2BZ - analiz 40s sonra
00:57:36 INFO    [info] Yeni coin: JhYWMxVX9d - analiz 40s sonra
00:57:36 INFO    [info] Yeni coin: 388zzgxz71 - analiz 40s sonra
00:57:37 INFO    [info] Yeni coin: BzvXCgWuLP - analiz 40s sonra
00:57:39 INFO    [info] Yeni coin: 8xmedLv4LK - analiz 40s sonra
00:57:40 INFO    [info] Yeni coin: 53XJBhL3UM - analiz 40s sonra
00:57:44 INFO    [info] Yeni coin: 4vC6GH9d5X - analiz 40s sonra
00:57:50 INFO    [info] Yeni coin: FqNvJUZnJK - analiz 40s sonra
00:57:55 INFO    [info] Yeni coin: 2rcYzYoZg7 - analiz 40s sonra
00:57:56 WARNING RPC hiz limiti (429) - RPC_RPS dusurun veya plani yukseltin
00:57:56 INFO    [info] Yeni coin: ADbbF4w4ZG - analiz 40s sonra
00:57:59 INFO    [info] Yeni coin: 7zszYd8iYz - analiz 40s sonra
00:58:00 INFO    [info] Yeni coin: 3WWSpXs4gG - analiz 40s sonra
00:58:01 INFO    [info] Yeni coin: 59PypR24Ea - analiz 40s sonra
00:58:01 INFO    [info] Yeni coin: 7ZJ97gdbTu - analiz 40s sonra
00:58:04 INFO    [info] Yeni coin: 25KQDSTii8 - analiz 40s sonra
00:58:05 INFO    [info] Yeni coin: FNn4NeBM3v - analiz 40s sonra
00:58:09 INFO    [info] Yeni coin: 4WcWR7sxid - analiz 40s sonra
00:58:09 INFO    [info] Yeni coin: BgXtnusmxk - analiz 40s sonra
00:58:09 INFO    [info] Yeni coin: pCcyekdRaa - analiz 40s sonra
00:58:11 INFO    [info] Yeni coin: 4RqNcXs2Ra - analiz 40s sonra
00:58:13 INFO    [info] Yeni coin: 73DuCvdA9K - analiz 40s sonra
00:58:14 INFO    [info] Yeni coin: N3RsMa3pbe - analiz 40s sonra
00:58:14 INFO    [info] Yeni coin: 9ezA5LmM2a - analiz 40s sonra
00:58:15 INFO    [info] Yeni coin: DXnTA3gyaU - analiz 40s sonra
00:58:15 INFO    [info] Yeni coin: EsgEydvoSr - analiz 40s sonra
00:58:16 INFO    [info] Yeni coin: HBz46niv14 - analiz 40s sonra
00:58:19 INFO    [info] Yeni coin: 7xraU5XsRC - analiz 40s sonra
00:58:19 INFO    [info] Yeni coin: 5r1J9azyaj - analiz 40s sonra
00:58:20 INFO    [info] Yeni coin: 5fQnZmEMKV - analiz 40s sonra
00:58:22 INFO    [info] Yeni coin: E7FrEsVety - analiz 40s sonra
00:58:25 INFO    [info] Yeni coin: ASJvTNkdbq - analiz 40s sonra
00:58:25 WARNING RPC hiz limiti (429) - RPC_RPS dusurun veya plani yukseltin
00:58:26 INFO    [info] Yeni coin: CULUMJK6xj - analiz 40s sonra
00:58:27 INFO    [info] Yeni coin: 5ZtF4JYnkg - analiz 40s sonra
00:58:30 INFO    [info] Yeni coin: H4uspgc76k - analiz 40s sonra
00:58:32 INFO    [info] Yeni coin: 44thY3WuiY - analiz 40s sonra
00:58:35 INFO    [warn] Takip edilen cuzdan yok - once skorlayip takibe alin
00:58:36 INFO    [info] Yeni coin: BsQQfg9FVM - analiz 40s sonra
00:58:38 INFO    [info] Yeni coin: 2H7cZsxcLN - analiz 40s sonra
00:58:38 INFO    [info] Yeni coin: 5HFUPieUBc - analiz 40s sonra
00:58:38 INFO    [info] Yeni coin: JD7Mwk9AhQ - analiz 40s sonra
00:58:44 INFO    [info] Yeni coin: 6ANSsJLpZB - analiz 40s sonra
00:58:46 INFO    [info] Yeni coin: 2b4ocxPYPS - analiz 40s sonra
00:58:46 INFO    [info] Yeni coin: DmAgAjG26E - analiz 40s sonra
00:58:47 INFO    [info] Yeni coin: J1NiKfZAxc - analiz 40s sonra
00:58:47 INFO    [info] Yeni coin: 4SG6VqKcUm - analiz 40s sonra
00:58:48 INFO    [info] Yeni coin: EcKafejQit - analiz 40s sonra
00:58:55 INFO    [info] Yeni coin: 7TAYqgTqpX - analiz 40s sonra
00:58:55 WARNING RPC hiz limiti (429) - RPC_RPS dusurun veya plani yukseltin
00:58:56 INFO    [info] Yeni coin: 2321WKP5B8 - analiz 40s sonra
00:58:56 INFO    [info] Yeni coin: FSBNszJpUc - analiz 40s sonra
00:58:57 INFO    [info] Yeni coin: GSdtYtSxxY - analiz 40s sonra
00:58:57 INFO    [info] Yeni coin: B3ggzmryfy - analiz 40s sonra
00:58:59 INFO    [info] Yeni coin: 61Q4EpxHvw - analiz 40s sonra
00:59:02 INFO    [info] Yeni coin: BJmdDezgeZ - analiz 40s sonra
00:59:03 INFO    [info] Yeni coin: EGyT81oYYt - analiz 40s sonra
00:59:03 INFO    [info] Yeni coin: 6GVAWD1h4L - analiz 40s sonra
00:59:04 INFO    [info] Yeni coin: Gx1wfBPveV - analiz 40s sonra
00:59:04 INFO    [info] Yeni coin: Hd8zNRuJoY - analiz 40s sonra
00:59:05 INFO    [info] Yeni coin: DYHp3WbEgd - analiz 40s sonra
00:59:06 INFO    [info] Yeni coin: BvWUBnn3SY - analiz 40s sonra
00:59:06 INFO    [info] Yeni coin: C3MwpVHqms - analiz 40s sonra
00:59:06 INFO    [info] Yeni coin: 6qoju3q5aA - analiz 40s sonra
00:59:08 INFO    [info] Yeni coin: 623T5mpgaR - analiz 40s sonra
00:59:09 INFO    [info] Yeni coin: GCYBX9mygT - analiz 40s sonra
00:59:11 INFO    [info] Yeni coin: 237jpz4j4R - analiz 40s sonra
00:59:12 INFO    [info] Yeni coin: 4khrfiPda5 - analiz 40s sonra
00:59:15 INFO    [info] Yeni coin: 6nntVCHrJv - analiz 40s sonra
00:59:15 INFO    [info] Yeni coin: ALTfY5L2HW - analiz 40s sonra
00:59:15 INFO    [info] Yeni coin: 6AneiqBLa2 - analiz 40s sonra
00:59:18 WARNING RPC hiz limiti (429) - RPC_RPS dusurun veya plani yukseltin
00:59:22 INFO    [info] Yeni coin: 3NKxy4BHf8 - analiz 40s sonra
00:59:23 INFO    [info] Yeni coin: EhYC4ay25U - analiz 40s sonra
00:59:23 INFO    [info] Yeni coin: J97VsbdviR - analiz 40s sonra
00:59:27 INFO    [info] Yeni coin: 5EYGuSJgDf - analiz 40s sonra
00:59:30 INFO    [info] Yeni coin: 27d3SuvbBu - analiz 40s sonra
00:59:31 INFO    [info] Yeni coin: JAvEZDC1CD - analiz 40s sonra
00:59:32 INFO    [info] Yeni coin: GcjV9UjUeJ - analiz 40s sonra
00:59:37 INFO    [info] Yeni coin: G2BkySzU7o - analiz 40s sonra
00:59:38 INFO    [info] Yeni coin: H3AqgkKa7h - analiz 40s sonra
00:59:38 INFO    [info] Yeni coin: 4HrCUVmkyM - analiz 40s sonra
00:59:38 INFO    [info] Yeni coin: DHYegumvb5 - analiz 40s sonra
00:59:39 INFO    [info] Yeni coin: 7GVbcURtcC - analiz 40s sonra
00:59:39 INFO    [info] Yeni coin: BScDLqUTua - analiz 40s sonra
00:59:40 INFO    [info] Yeni coin: 4pM5Stup5w - analiz 40s sonra
00:59:41 INFO    [info] Yeni coin: EcFBVuhofK - analiz 40s sonra
00:59:42 INFO    [info] Yeni coin: 9MH5sBC4jo - analiz 40s sonra
00:59:44 WARNING RPC hiz limiti (429) - RPC_RPS dusurun veya plani yukseltin
00:59:45 INFO    [info] Yeni coin: 287ehLnoPA - analiz 40s sonra
00:59:47 INFO    [info] Yeni coin: B2quTEzBhi - analiz 40s sonra
00:59:48 INFO    [info] Yeni coin: 7P3qQbusRJ - analiz 40s sonra
00:59:50 INFO    [info] Yeni coin: DzHaBuUCWB - analiz 40s sonra
00:59:50 INFO    [info] Yeni coin: HjkD6EoHFN - analiz 40s sonra
00:59:53 INFO    [info] Yeni coin: 6c6ueqFfnT - analiz 40s sonra
00:59:54 INFO    [info] Yeni coin: 4xVMWdAsFs - analiz 40s sonra
00:59:54 INFO    [info] Yeni coin: JJDQKusmvs - analiz 40s sonra
00:59:54 INFO    [info] Yeni coin: 8vkiDfnJpZ - analiz 40s sonra
00:59:55 INFO    [info] Yeni coin: J6qG7X5smr - analiz 40s sonra
01:00:00 INFO    [info] Yeni coin: 3Xxo6k5Ldu - analiz 40s sonra
01:00:04 INFO    [info] Yeni coin: BUXdCzmofS - analiz 40s sonra
01:00:05 INFO    [info] Yeni coin: GKnFcqzuz8 - analiz 40s sonra
01:00:07 INFO    [info] Yeni coin: 2GuWv3v4hg - analiz 40s sonra
01:00:11 INFO    [info] Yeni coin: ARmyzyCYog - analiz 40s sonra
01:00:11 WARNING RPC hiz limiti (429) - RPC_RPS dusurun veya plani yukseltin
01:00:11 INFO    [info] Yeni coin: DZK2LMVPwi - analiz 40s sonra
01:00:11 INFO    [info] Yeni coin: 4jV1ZSUpXP - analiz 40s sonra
01:00:12 INFO    [info] Yeni coin: GiGKzPoYuQ - analiz 40s sonra
01:00:15 INFO    [info] Yeni coin: A88uYHFm5P - analiz 40s sonra
01:00:15 INFO    [info] Yeni coin: 7FvJfucN3e - analiz 40s sonra
01:00:16 INFO    [info] Yeni coin: 8KLvnx6bzj - analiz 40s sonra
01:00:16 INFO    [info] Yeni coin: 8sV8ZW1Hrx - analiz 40s sonra
01:00:20 INFO    [info] Yeni coin: 49sD4Hm26u - analiz 40s sonra
01:00:24 INFO    [info] Yeni coin: H7x6fQk19W - analiz 40s sonra
01:00:25 INFO    [info] Yeni coin: 8xE3JMt63t - analiz 40s sonra
01:00:25 INFO    [info] Yeni coin: 6iGeJ51WSv - analiz 40s sonra
01:00:26 INFO    [info] Yeni coin: BKxgNMSYHS - analiz 40s sonra
01:00:29 INFO    [info] Yeni coin: CdAWsC9t5a - analiz 40s sonra
01:00:31 INFO    [info] Yeni coin: 2ApPaJVBAL - analiz 40s sonra
01:00:32 INFO    [info] Yeni coin: FfVQEMDKf7 - analiz 40s sonra
01:00:32 INFO    [info] Yeni coin: Ar3k6kTZm6 - analiz 40s sonra
01:00:33 WARNING RPC hiz limiti (429) - RPC_RPS dusurun veya plani yukseltin
01:00:34 INFO    [info] Yeni coin: 3dn4oJqaK7 - analiz 40s sonra
01:00:34 INFO    [info] Yeni coin: GuSWmGipfp - analiz 40s sonra
01:00:35 INFO    [info] Yeni coin: 141C2n6v78 - analiz 40s sonra
01:00:35 INFO    [warn] Takip edilen cuzdan yok - once skorlayip takibe alin
01:00:35 INFO    [info] Yeni coin: 28KdVkkA8E - analiz 40s sonra
01:00:36 INFO    [info] Yeni coin: AScVtDEBvE - analiz 40s sonra
01:00:36 INFO    [info] Yeni coin: 3QFU1csZsy - analiz 40s sonra
01:00:36 INFO    [info] Yeni coin: CQqJBpCXFC - analiz 40s sonra
01:00:37 INFO    [info] Yeni coin: 2VijcsQWFh - analiz 40s sonra
01:00:37 INFO    [info] Yeni coin: 6MC9LTFGrM - analiz 40s sonra
01:00:37 INFO    [info] Yeni coin: CXddtX7xDg - analiz 40s sonra
01:00:37 INFO    [info] Yeni coin: DtkJDBYPaA - analiz 40s sonra
01:00:38 INFO    [info] Yeni coin: DitGaUQwUc - analiz 40s sonra
01:00:39 INFO    [info] Yeni coin: AQeLHJ1FH3 - analiz 40s sonra
01:00:40 INFO    [info] Yeni coin: FAq67jDxpt - analiz 40s sonra
01:00:40 INFO    [info] Yeni coin: DLPbx7rp8j - analiz 40s sonra
01:00:40 INFO    [info] Yeni coin: HJ59NUj1v6 - analiz 40s sonra
01:00:40 INFO    [info] Yeni coin: CyjSBPj6xt - analiz 40s sonra
01:00:41 INFO    [info] Yeni coin: E1wrjKizkD - analiz 40s sonra
01:00:41 INFO    [info] Yeni coin: GfqjhKrjBT - analiz 40s sonra
01:00:41 INFO    [info] Yeni coin: DQrCK9dzpi - analiz 40s sonra
01:00:43 INFO    [info] Yeni coin: 5pkPj4w1Qm - analiz 40s sonra
01:00:43 INFO    [info] Yeni coin: NPXAMfLDod - analiz 40s sonra
01:00:44 INFO    [info] Yeni coin: 3nV3SDhzgp - analiz 40s sonra
01:00:44 INFO    [info] Yeni coin: 7uWjk5HWrK - analiz 40s sonra
01:00:44 INFO    [info] Yeni coin: FF1FkqrZSH - analiz 40s sonra
01:00:45 INFO    [info] Yeni coin: Hg8GWsXNnv - analiz 40s sonra
01:00:45 INFO    [info] Yeni coin: HnnBbYTuXM - analiz 40s sonra
01:00:46 INFO    [info] Yeni coin: 7xHA833HYX - analiz 40s sonra
01:00:46 INFO    [info] Yeni coin: EtTCRx462y - analiz 40s sonra
01:00:50 INFO    [info] Yeni coin: 28LHprFjx6 - analiz 40s sonra
01:00:51 INFO    [info] Yeni coin: HBhSC7gBUq - analiz 40s sonra
01:00:52 INFO    [info] Yeni coin: BY8w6VWsXd - analiz 40s sonra
01:00:53 INFO    [info] Yeni coin: Bw9buGp2xD - analiz 40s sonra
01:00:53 INFO    [info] Yeni coin: 3jWik45ZCa - analiz 40s sonra
01:00:55 INFO    [info] Yeni coin: Ce4udUoRCD - analiz 40s sonra
01:00:56 INFO    [info] Yeni coin: 46hCNivN6f - analiz 40s sonra
01:00:56 INFO    [info] Yeni coin: 8DKMJphaQT - analiz 40s sonra
01:00:56 INFO    [info] Yeni coin: CGNqThv8AM - analiz 40s sonra
01:00:56 INFO    [info] Yeni coin: 89S75g9wQB - analiz 40s sonra
01:00:57 INFO    [info] Yeni coin: 7T59cvX1th - analiz 40s sonra
01:00:57 INFO    [info] Yeni coin: 5SyN2mwTy3 - analiz 40s sonra
01:00:58 INFO    [info] Yeni coin: FYJSyy1KB7 - analiz 40s sonra
01:00:59 INFO    [info] Yeni coin: 2f7MpjcJt5 - analiz 40s sonra
01:00:59 INFO    [info] Yeni coin: AaVRVCWvNe - analiz 40s sonra
01:01:01 INFO    [info] Yeni coin: 3VxpEP451J - analiz 40s sonra
01:01:01 WARNING RPC hiz limiti (429) - RPC_RPS dusurun veya plani yukseltin
01:01:02 INFO    [info] Yeni coin: Bnsd3FCfxB - analiz 40s sonra
01:01:03 INFO    [info] Yeni coin: Du2QgN1h8v - analiz 40s sonra
01:01:03 INFO    [info] Yeni coin: HSmmz8JXfc - analiz 40s sonra
01:01:03 INFO    [info] Yeni coin: 6mYT2s74gU - analiz 40s sonra
01:01:04 INFO    [info] Yeni coin: 56bp4QryaS - analiz 40s sonra
01:01:04 INFO    [info] Yeni coin: BmY9sZG9fM - analiz 40s sonra
01:01:06 INFO    [info] Yeni coin: CE58mfniMm - analiz 40s sonra
01:01:07 INFO    [info] Yeni coin: 7J6ZmGVNyW - analiz 40s sonra
01:01:07 INFO    [info] Yeni coin: G68EfsP9GF - analiz 40s sonra
01:01:08 INFO    [info] Yeni coin: FhtBALCBg9 - analiz 40s sonra
01:01:08 INFO    [info] Yeni coin: 3Kb3upx1MZ - analiz 40s sonra
01:01:08 INFO    [info] Yeni coin: 9DH234VWiu - analiz 40s sonra
01:01:10 INFO    [info] Yeni coin: 2tLetfw4Lp - analiz 40s sonra
01:01:10 INFO    [info] Yeni coin: BT47X6CUSD - analiz 40s sonra
01:01:11 INFO    [info] Yeni coin: YZSoydY6Dx - analiz 40s sonra
01:01:14 INFO    [info] Yeni coin: 7RG3Jg44nK - analiz 40s sonra
01:01:14 INFO    [info] Yeni coin: 5Q9kybt4kR - analiz 40s sonra
01:01:15 INFO    [info] Yeni coin: 9M4rqS1L5T - analiz 40s sonra
01:01:15 INFO    [info] Yeni coin: EWcJ28wUC3 - analiz 40s sonra
01:01:15 INFO    [info] Yeni coin: FaYr3Q6cXP - analiz 40s sonra
01:01:17 INFO    [info] Yeni coin: EYhhHJiwy1 - analiz 40s sonra
01:01:17 INFO    [info] Yeni coin: Am5inyWgwG - analiz 40s sonra
01:01:19 INFO    [info] Yeni coin: 9xM9FECv4s - analiz 40s sonra
01:01:21 INFO    [info] Yeni coin: EkYCzrYowe - analiz 40s sonra
01:01:22 INFO    [info] Yeni coin: HgfqZgpKEF - analiz 40s sonra
01:01:23 INFO    [info] Yeni coin: V1HHK6stJj - analiz 40s sonra
01:01:25 INFO    [info] Yeni coin: 8dMcrES2yt - analiz 40s sonra
01:01:26 INFO    [info] Yeni coin: 5m63Hv7enQ - analiz 40s sonra
01:01:26 INFO    [info] Yeni coin: AiTm6UZcBZ - analiz 40s sonra
01:01:26 WARNING RPC hiz limiti (429) - RPC_RPS dusurun veya plani yukseltin
01:01:29 INFO    [info] Yeni coin: 5j3JWEjqZk - analiz 40s sonra
01:01:31 INFO    [info] Yeni coin: GY4vUPVQsE - analiz 40s sonra
01:01:32 INFO    [info] Yeni coin: H48e6dFR5Y - analiz 40s sonra
01:01:35 INFO    [info] Yeni coin: 2PXgEXQvFM - analiz 40s sonra
01:01:36 INFO    [info] Yeni coin: 3aU9yHbVR2 - analiz 40s sonra
01:01:37 INFO    [info] Yeni coin: 5K4g9Mu8os - analiz 40s sonra
01:01:37 INFO    [info] Yeni coin: DQaTLRdqoP - analiz 40s sonra
01:01:39 INFO    [info] Yeni coin: BYnGjPasBq - analiz 40s sonra
01:01:39 INFO    [info] Yeni coin: BbExtxri12 - analiz 40s sonra
01:01:40 INFO    [info] Yeni coin: 89CBETdYg5 - analiz 40s sonra
01:01:41 INFO    [info] Yeni coin: EpYSYZtDHm - analiz 40s sonra
01:01:42 INFO    [info] Yeni coin: CYnNLxMj83 - analiz 40s sonra
01:01:42 INFO    [info] Yeni coin: BFgu7u5xMg - analiz 40s sonra
01:01:43 INFO    [info] Yeni coin: 92jaeTRHbo - analiz 40s sonra
01:01:44 WARNING RPC hiz limiti (429) - RPC_RPS dusurun veya plani yukseltin
01:01:51 INFO    [info] Yeni coin: 38mAVqvroX - analiz 40s sonra
01:01:52 INFO    [info] Yeni coin: FjyK3oeoia - analiz 40s sonra
01:01:53 INFO    [info] Yeni coin: 3NogyWLj9z - analiz 40s sonra
01:01:54 INFO    [info] Yeni coin: dxU236Yfjf - analiz 40s sonra
01:01:55 INFO    [info] Yeni coin: GUcwbAh5Rh - analiz 40s sonra
01:01:59 INFO    [info] Yeni coin: B8wFp4bfwM - analiz 40s sonra
01:01:59 INFO    [info] Yeni coin: 94S8rqx1hF - analiz 40s sonra
01:02:00 INFO    [info] Yeni coin: 8wsLkpVMej - analiz 40s sonra
01:02:01 INFO    [info] Yeni coin: GgJZdnidUb - analiz 40s sonra
01:02:02 INFO    [info] Yeni coin: Dhae4iCSgq - analiz 40s sonra
01:02:02 INFO    [info] Yeni coin: 86q8AM1N9h - analiz 40s sonra
01:02:06 INFO    [info] Yeni coin: 97V74jphfd - analiz 40s sonra
01:02:06 INFO    [info] Yeni coin: 3tvM21ArmH - analiz 40s sonra
01:02:07 INFO    [info] Yeni coin: JBmEPU9swS - analiz 40s sonra
01:02:08 INFO    [info] Yeni coin: BxNM9qtwJz - analiz 40s sonra
01:02:09 INFO    [info] Yeni coin: Gf8NWCcyrH - analiz 40s sonra
01:02:13 INFO    [info] Yeni coin: 8BzDJRkV6p - analiz 40s sonra
01:02:14 INFO    [info] Yeni coin: BVj5gPHFTq - analiz 40s sonra
01:02:17 WARNING RPC hiz limiti (429) - RPC_RPS dusurun veya plani yukseltin
01:02:18 INFO    [info] Yeni coin: VF5mBmx3TA - analiz 40s sonra
01:02:18 INFO    [info] Yeni coin: EXc1ZmZtVJ - analiz 40s sonra
01:02:19 INFO    [info] Yeni coin: 9o2sJodX4F - analiz 40s sonra
01:02:20 INFO    [info] Yeni coin: 3hsEycwwqg - analiz 40s sonra
01:02:24 INFO    [info] Yeni coin: 4HF17LdGUj - analiz 40s sonra
01:02:30 INFO    [info] Yeni coin: 3hyDHRTheU - analiz 40s sonra
01:02:31 INFO    [info] Yeni coin: GznEv7uDW7 - analiz 40s sonra
01:02:35 INFO    [warn] Takip edilen cuzdan yok - once skorlayip takibe alin
01:02:39 INFO    [info] Yeni coin: 59ZixdKhqH - analiz 40s sonra
01:02:40 INFO    [info] Yeni coin: ASa65TaDk8 - analiz 40s sonra
01:02:41 INFO    [info] Yeni coin: BJukm6Vwrj - analiz 40s sonra
01:02:47 WARNING RPC hiz limiti (429) - RPC_RPS dusurun veya plani yukseltin
01:02:48 INFO    [info] Yeni coin: BecMha7SWn - analiz 40s sonra
01:02:54 INFO    [info] Yeni coin: 5qBrPAicWG - analiz 40s sonra
01:02:55 INFO    [info] Yeni coin: xXP4qZUZri - analiz 40s sonra
01:02:57 INFO    [info] Yeni coin: 24wbZLtS9P - analiz 40s sonra
01:03:01 INFO    [info] Yeni coin: HYVwjBkgRd - analiz 40s sonra
01:03:06 INFO    [info] Yeni coin: 4oz83AuDXR - analiz 40s sonra
01:03:08 INFO    [info] Yeni coin: 34pwup1PGo - analiz 40s sonra
01:03:10 INFO    [info] Yeni coin: HruyRoxT7Y - analiz 40s sonra
01:03:11 INFO    [info] Yeni coin: EDNEPjHBTY - analiz 40s sonra
01:03:11 INFO    [info] Yeni coin: DwkQKXRif4 - analiz 40s sonra
01:03:12 INFO    [info] Yeni coin: ABEUSkSdvt - analiz 40s sonra
01:03:12 INFO    [info] Yeni coin: CGB9nwjsJX - analiz 40s sonra
01:03:12 INFO    [info] Yeni coin: 8fztfRGvfq - analiz 40s sonra
01:03:13 INFO    [info] Yeni coin: CbW7YghvsF - analiz 40s sonra
01:03:13 INFO    [info] Yeni coin: 5U7NrfZur9 - analiz 40s sonra
01:03:13 WARNING RPC hiz limiti (429) - RPC_RPS dusurun veya plani yukseltin
01:03:13 INFO    [info] Yeni coin: GMxyrcDchj - analiz 40s sonra
01:03:14 INFO    [info] Yeni coin: BAX2E7u7CR - analiz 40s sonra
01:03:14 INFO    [info] Yeni coin: Ch9rGQyCAk - analiz 40s sonra
01:03:15 INFO    [info] Yeni coin: HEVEJaiRoG - analiz 40s sonra
01:03:16 INFO    [info] Yeni coin: 3HYVhvA6Vp - analiz 40s sonra
01:03:17 INFO    [info] Yeni coin: 74ccqmFDuB - analiz 40s sonra
01:03:18 INFO    [info] Yeni coin: 35i8yYdsmN - analiz 40s sonra
01:03:18 INFO    [info] Yeni coin: HsrRjaSofv - analiz 40s sonra
01:03:18 INFO    [info] Yeni coin: FPqBhdgsSL - analiz 40s sonra
01:03:19 INFO    [info] Yeni coin: 3dPG1MG2Cu - analiz 40s sonra
01:03:21 INFO    [info] Yeni coin: 2nCYABY3A8 - analiz 40s sonra
01:03:22 INFO    [info] Yeni coin: 2YcdkQN3Ty - analiz 40s sonra
01:03:23 INFO    [info] Yeni coin: 79H7qmxjeA - analiz 40s sonra
01:03:24 INFO    [info] Yeni coin: AAv2kiyFag - analiz 40s sonra
01:03:27 INFO    [info] Yeni coin: 6J1FyAobh9 - analiz 40s sonra
01:03:27 INFO    [info] Yeni coin: CV7uXDhyJw - analiz 40s sonra
01:03:29 INFO    [info] Yeni coin: BFvDtUbxw1 - analiz 40s sonra
01:03:31 INFO    [info] Yeni coin: B9tZrGqhNr - analiz 40s sonra
01:03:34 WARNING RPC hiz limiti (429) - RPC_RPS dusurun veya plani yukseltin
01:03:35 INFO    [info] Yeni coin: 7HCYwNa1Qg - analiz 40s sonra
01:03:36 INFO    [info] Yeni coin: BwxaCfi7zv - analiz 40s sonra
01:03:37 INFO    [info] Yeni coin: HgwY1Pnb5G - analiz 40s sonra
01:03:40 INFO    [info] Yeni coin: GD7eCyDPxs - analiz 40s sonra
01:03:42 INFO    [info] Yeni coin: 5ZVHuwAgHR - analiz 40s sonra
01:03:43 INFO    [info] Yeni coin: 9dRDiVXdTZ - analiz 40s sonra
01:03:43 INFO    [info] Yeni coin: BTaD5VMtnx - analiz 40s sonra
01:03:43 INFO    [info] Yeni coin: DWTKswWTZ2 - analiz 40s sonra
01:03:44 INFO    [info] Yeni coin: 2GhtCHvx7R - analiz 40s sonra
01:03:44 INFO    [info] Yeni coin: hzbGGwP3Wq - analiz 40s sonra
01:03:49 INFO    [info] Yeni coin: gPyxdcurZK - analiz 40s sonra
01:03:50 INFO    [info] Yeni coin: 9qw7NwHttH - analiz 40s sonra
01:03:51 INFO    [info] Yeni coin: 47WtZhYhBa - analiz 40s sonra
01:03:52 INFO    [info] Yeni coin: Dom8oNPJ2N - analiz 40s sonra
01:03:53 INFO    [info] Yeni coin: 7r5HAK7Ej6 - analiz 40s sonra
01:03:54 INFO    [info] Yeni coin: CFS9yAKmN2 - analiz 40s sonra
01:03:56 WARNING RPC hiz limiti (429) - RPC_RPS dusurun veya plani yukseltin
01:03:57 INFO    [info] Yeni coin: 8qX3cjRGkN - analiz 40s sonra
01:03:59 INFO    [info] Yeni coin: 8NfTYBbdA3 - analiz 40s sonra
01:03:59 INFO    [info] Yeni coin: 9qSKiHEwhF - analiz 40s sonra
01:04:00 INFO    [info] Yeni coin: 24wbdY2HCn - analiz 40s sonra
01:04:00 INFO    [info] Yeni coin: BoNuV1pVFw - analiz 40s sonra
01:04:09 INFO    [info] Yeni coin: 8WQt6WHu4d - analiz 40s sonra
01:04:11 INFO    [info] Yeni coin: 9VzzuLzUjR - analiz 40s sonra
01:04:11 INFO    [info] Yeni coin: 4ADTsm5U8A - analiz 40s sonra
01:04:11 INFO    [info] Yeni coin: 7D8Njs82hy - analiz 40s sonra
01:04:13 INFO    [info] Yeni coin: HKWeRjf2Co - analiz 40s sonra
01:04:13 INFO    [info] Yeni coin: GsUykrWKn8 - analiz 40s sonra
01:04:14 INFO    [info] Yeni coin: GyqPEbx2co - analiz 40s sonra
01:04:18 INFO    [info] Yeni coin: AQNFh5XChi - analiz 40s sonra
01:04:22 INFO    [info] Yeni coin: H74rZMTHPM - analiz 40s sonra
01:04:23 INFO    [info] Yeni coin: FR8bmdzxY7 - analiz 40s sonra
01:04:25 INFO    [info] Yeni coin: AkhqpNHcbY - analiz 40s sonra
01:04:25 INFO    [info] Yeni coin: 6yJ9U3X6XF - analiz 40s sonra
01:04:26 INFO    [info] Yeni coin: HU3xTv79GQ - analiz 40s sonra
01:04:26 INFO    [info] Yeni coin: 6hbwpVUj3V - analiz 40s sonra
01:04:27 INFO    [info] Yeni coin: 9Juk7ZgKNV - analiz 40s sonra
01:04:27 WARNING RPC hiz limiti (429) - RPC_RPS dusurun veya plani yukseltin
01:04:30 INFO    [info] Yeni coin: 9FRAtcdNoB - analiz 40s sonra
01:04:33 INFO    [info] Yeni coin: AiTWwqc4xG - analiz 40s sonra
01:04:33 INFO    [info] Yeni coin: 7nnVBZpE2X - analiz 40s sonra
01:04:35 INFO    [info] Yeni coin: DBBd1ESk9e - analiz 40s sonra
01:04:35 INFO    [warn] Takip edilen cuzdan yok - once skorlayip takibe alin
01:04:36 INFO    [info] Yeni coin: G5m5xGX3ph - analiz 40s sonra
01:04:37 INFO    [info] Yeni coin: 3T6fSm1egR - analiz 40s sonra
01:04:37 INFO    [info] Yeni coin: 4LR3DTFsJq - analiz 40s sonra
01:04:37 INFO    [info] Yeni coin: Frqtu85Zvr - analiz 40s sonra
01:04:38 INFO    [info] Yeni coin: yMhV88G6fK - analiz 40s sonra
01:04:40 INFO    [info] Yeni coin: 9Xpvxm976A - analiz 40s sonra
01:04:40 INFO    [info] Yeni coin: 8ne8Zomwuu - analiz 40s sonra
01:04:40 INFO    [info] Yeni coin: CcvNJ948B7 - analiz 40s sonra
01:04:41 INFO    [info] Yeni coin: E9CsMcxDiX - analiz 40s sonra
01:04:45 INFO    [info] Yeni coin: DPPC98owxm - analiz 40s sonra
01:04:46 INFO    [info] Yeni coin: 2VsGVzv4vF - analiz 40s sonra
01:04:51 INFO    [info] Yeni coin: 5f6mt1p7cB - analiz 40s sonra
01:04:52 INFO    [info] Yeni coin: FGxMwuHrtC - analiz 40s sonra
01:04:53 INFO    [info] Yeni coin: 5Lhx3vQcgC - analiz 40s sonra
01:04:56 INFO    [info] Yeni coin: BkhoDzNGBo - analiz 40s sonra
01:04:57 WARNING RPC hiz limiti (429) - RPC_RPS dusurun veya plani yukseltin
01:04:57 INFO    [info] Yeni coin: CpG2un9gQ7 - analiz 40s sonra
01:04:58 INFO    [info] Yeni coin: DbChLoLiHt - analiz 40s sonra
01:04:59 INFO    [info] Yeni coin: EeRUpBBDtv - analiz 40s sonra
01:05:10 INFO    [info] Yeni coin: DynYZwPu2x - analiz 40s sonra
01:05:10 INFO    [info] Yeni coin: GDN1KsXfPE - analiz 40s sonra
01:05:11 INFO    [info] Yeni coin: CxhDBC3DfA - analiz 40s sonra
01:05:18 INFO    [info] Yeni coin: J3oF2AKmv1 - analiz 40s sonra
01:05:19 INFO    [info] Yeni coin: Ddswd8B1gF - analiz 40s sonra
01:05:24 INFO    [info] Yeni coin: 7i6kyGrGWq - analiz 40s sonra
01:05:26 INFO    [info] Yeni coin: EggnWbgPYx - analiz 40s sonra
01:05:27 INFO    [info] Yeni coin: JC7fW4ec2y - analiz 40s sonra
01:05:28 INFO    [info] Yeni coin: 4sQT9HHkCr - analiz 40s sonra
01:05:28 INFO    [info] Yeni coin: 652SaoDJbD - analiz 40s sonra
01:05:28 INFO    [info] Yeni coin: 3ZJCBsfSFa - analiz 40s sonra
01:05:31 INFO    [info] Yeni coin: EA8Hj4ZZMw - analiz 40s sonra
01:05:37 INFO    [info] Yeni coin: 6G8mLLcBP6 - analiz 40s sonra
01:05:38 INFO    [info] Yeni coin: H5s5ZnL17F - analiz 40s sonra
01:05:42 WARNING RPC hiz limiti (429) - RPC_RPS dusurun veya plani yukseltin
01:05:43 INFO    [info] Yeni coin: 8G6jaZvknP - analiz 40s sonra
01:05:53 INFO    [info] Yeni coin: 31RiCU6UFv - analiz 40s sonra
01:05:54 INFO    [info] Yeni coin: 5b6UPt4KxG - analiz 40s sonra
01:05:54 INFO    [info] Yeni coin: 97WAQ4AM74 - analiz 40s sonra
01:05:56 INFO    [info] Yeni coin: BTbF4R9Z1g - analiz 40s sonra
01:05:56 INFO    [info] Yeni coin: 5LRUKktebo - analiz 40s sonra
01:05:58 INFO    [info] Yeni coin: 2szBBWi6GH - analiz 40s sonra
01:05:59 INFO    [info] Yeni coin: 2mAN14YwyZ - analiz 40s sonra
01:06:02 INFO    [info] Yeni coin: EyVMw743cx - analiz 40s sonra
01:06:03 INFO    [info] Yeni coin: FWd2F5XN7J - analiz 40s sonra
01:06:04 INFO    [info] Yeni coin: A26R2rDFnU - analiz 40s sonra
01:06:04 INFO    [info] Yeni coin: Bz4Gs1tycd - analiz 40s sonra
01:06:06 INFO    [info] Yeni coin: A3d45NxsrM - analiz 40s sonra
01:06:07 INFO    [info] Yeni coin: BBauhXCLNG - analiz 40s sonra
01:06:08 INFO    [info] Yeni coin: 3jvBS2NkMc - analiz 40s sonra
01:06:08 INFO    [info] Yeni coin: 9xEMisELC5 - analiz 40s sonra
01:06:08 INFO    [info] Yeni coin: ALHwqBENgC - analiz 40s sonra
01:06:08 INFO    [info] Yeni coin: fRweuWr16n - analiz 40s sonra
01:06:09 INFO    [info] Yeni coin: FU7qH6jThZ - analiz 40s sonra
01:06:09 INFO    [info] Yeni coin: HqYVzYhZ9n - analiz 40s sonra
01:06:09 WARNING RPC hiz limiti (429) - RPC_RPS dusurun veya plani yukseltin
01:06:09 INFO    [info] Yeni coin: AVLUZC8jAU - analiz 40s sonra
01:06:10 INFO    [info] Yeni coin: 9SQHN8Jdoq - analiz 40s sonra
01:06:11 INFO    [info] Yeni coin: EFTn7M1Cmh - analiz 40s sonra
01:06:11 INFO    [info] Yeni coin: 6BCurJKJRj - analiz 40s sonra
01:06:11 INFO    [info] Yeni coin: 6YKhN5LKuc - analiz 40s sonra
01:06:11 INFO    [info] Yeni coin: u4BZxyrBHQ - analiz 40s sonra
01:06:12 INFO    [info] Yeni coin: 9vdfRL9BzF - analiz 40s sonra
01:06:12 INFO    [info] Yeni coin: 4LmTaJce9Y - analiz 40s sonra
01:06:12 INFO    [info] Yeni coin: AiaUfZHgLn - analiz 40s sonra
01:06:13 INFO    [info] Yeni coin: 5AJAfoXEso - analiz 40s sonra
01:06:14 INFO    [info] Yeni coin: A4VW1nW1sZ - analiz 40s sonra
01:06:16 INFO    [info] Yeni coin: DWYaQKAXMX - analiz 40s sonra
01:06:16 INFO    [info] Yeni coin: EfSEieLSLj - analiz 40s sonra
01:06:18 INFO    [info] Yeni coin: 6e9wAa5q4h - analiz 40s sonra
01:06:21 INFO    [info] Yeni coin: GNkzpmb3Gg - analiz 40s sonra
01:06:22 INFO    [info] Yeni coin: G9dfbbWeJK - analiz 40s sonra
01:06:26 INFO    [info] Yeni coin: Anmapqg5S7 - analiz 40s sonra
01:06:35 INFO    [info] Yeni coin: GxTtfR7PJ9 - analiz 40s sonra
01:06:35 INFO    [warn] Takip edilen cuzdan yok - once skorlayip takibe alin
01:06:36 INFO    [info] Yeni coin: EVAnpZGTc5 - analiz 40s sonra
01:06:36 WARNING RPC hiz limiti (429) - RPC_RPS dusurun veya plani yukseltin
01:06:39 INFO    [info] Yeni coin: 1C4gHB4z1h - analiz 40s sonra
01:06:40 INFO    [info] Yeni coin: 6HKHyXdEwP - analiz 40s sonra
01:06:44 INFO    [info] Yeni coin: EHxXs12Exb - analiz 40s sonra
01:06:46 INFO    [info] Yeni coin: 9XcWdngfnL - analiz 40s sonra
01:06:47 INFO    [info] Yeni coin: AyHMyvxkpg - analiz 40s sonra
01:06:47 INFO    [info] Yeni coin: F1UYzyTknS - analiz 40s sonra
01:06:49 INFO    [info] Yeni coin: BM2a4nXYH8 - analiz 40s sonra
01:06:50 INFO    [info] Yeni coin: 2TbTyc2PN5 - analiz 40s sonra
01:06:52 INFO    [info] Yeni coin: 65aRRpm6F1 - analiz 40s sonra
01:06:53 INFO    [info] Yeni coin: 9fFErYrL12 - analiz 40s sonra
01:06:55 WARNING RPC hiz limiti (429) - RPC_RPS dusurun veya plani yukseltin
01:06:55 INFO    [info] Yeni coin: BquJowf9Pc - analiz 40s sonra
01:06:56 INFO    [info] Yeni coin: 4aJHGXrBad - analiz 40s sonra
01:06:57 INFO    [info] Yeni coin: 4U7v8X5n6s - analiz 40s sonra
01:06:59 INFO    [info] Yeni coin: 2AD5Hokwsh - analiz 40s sonra
01:06:59 INFO    [info] Yeni coin: 2tFMfy8fDE - analiz 40s sonra
01:07:01 INFO    [info] Yeni coin: AxFoxeyZiT - analiz 40s sonra
01:07:02 INFO    [info] Yeni coin: 7PLGjHHjUG - analiz 40s sonra
01:07:03 INFO    [info] Yeni coin: 6yNnM8udLD - analiz 40s sonra
01:07:08 INFO    [info] Yeni coin: J1PgbFro1D - analiz 40s sonra
01:07:08 INFO    [info] Yeni coin: EPjFWdd5Au - analiz 40s sonra
01:07:08 INFO    [info] Yeni coin: GSMiA5rSnu - analiz 40s sonra
01:07:08 INFO    [info] Yeni coin: BoNkAAtrXP - analiz 40s sonra
01:07:12 INFO    [info] Yeni coin: 7WzRLon2n9 - analiz 40s sonra
01:07:13 INFO    [info] Yeni coin: B7CJJWUGSt - analiz 40s sonra
01:07:13 INFO    [info] Yeni coin: BN9QPgLpYE - analiz 40s sonra
01:07:14 INFO    [info] Yeni coin: AMEhMocthS - analiz 40s sonra
01:07:17 INFO    [info] Yeni coin: 6b17ss5aoy - analiz 40s sonra
01:07:19 INFO    [info] Yeni coin: H4UCyk14ux - analiz 40s sonra
01:07:20 INFO    [info] Yeni coin: E9jDg4bfN5 - analiz 40s sonra
01:07:20 INFO    [info] Yeni coin: 73SmP6oQVU - analiz 40s sonra
01:07:22 INFO    [info] Yeni coin: fabzq3ZxsY - analiz 40s sonra
01:07:23 INFO    [info] Yeni coin: DBtA4uFERE - analiz 40s sonra
01:07:23 INFO    [info] Yeni coin: 8QRFn7UU89 - analiz 40s sonra
01:07:24 WARNING RPC hiz limiti (429) - RPC_RPS dusurun veya plani yukseltin
01:07:24 INFO    [info] Yeni coin: DoP3kkTKUs - analiz 40s sonra
01:07:27 INFO    [info] Yeni coin: 6M8MKC8bFV - analiz 40s sonra
01:07:28 INFO    [info] Yeni coin: Fd6bVYTD2X - analiz 40s sonra
01:07:29 INFO    [info] Yeni coin: 7HRUebipTS - analiz 40s sonra
01:07:36 INFO    [info] Yeni coin: 9yZTb4Taji - analiz 40s sonra
01:07:38 INFO    [info] Yeni coin: 7PppXMifvs - analiz 40s sonra
01:07:38 INFO    [info] Yeni coin: Bo2T3dYQSr - analiz 40s sonra
01:07:41 INFO    [info] Yeni coin: buLSKKXBPB - analiz 40s sonra
01:07:41 INFO    [info] Yeni coin: GjHTukbJjW - analiz 40s sonra
01:07:41 INFO    [info] Yeni coin: 5jS79YkXaM - analiz 40s sonra
01:07:44 INFO    [info] Yeni coin: CZG1wYTYnQ - analiz 40s sonra
01:07:44 INFO    [info] Yeni coin: FdjLsrveJi - analiz 40s sonra
01:07:48 WARNING RPC hiz limiti (429) - RPC_RPS dusurun veya plani yukseltin
01:07:49 INFO    [info] Yeni coin: 24wcr8BG8f - analiz 40s sonra
01:07:51 INFO    [info] Yeni coin: EGY6cWUGod - analiz 40s sonra
01:07:53 INFO    [info] Yeni coin: 9QugHzx418 - analiz 40s sonra
01:07:54 INFO    [info] Yeni coin: 4xA7zYKwKo - analiz 40s sonra
01:07:56 INFO    [info] Yeni coin: 6MyPf938bM - analiz 40s sonra
01:07:56 INFO    [info] Yeni coin: BmMEeRqjLq - analiz 40s sonra
01:08:00 INFO    [info] Yeni coin: LipiyWgrC8 - analiz 40s sonra
01:08:01 INFO    [info] Yeni coin: BzmUQMm8hU - analiz 40s sonra
01:08:01 INFO    [info] Yeni coin: FsMbYQshfq - analiz 40s sonra
01:08:01 INFO    [info] Yeni coin: 8cGJ2zsrBo - analiz 40s sonra
01:08:03 INFO    [info] Yeni coin: 2vSjvZ5gDi - analiz 40s sonra
01:08:06 INFO    [info] Yeni coin: L78fdnXawp - analiz 40s sonra
01:08:06 INFO    [info] Yeni coin: 4QTg7VgfVR - analiz 40s sonra
01:08:07 INFO    [info] Yeni coin: A3298k3TbH - analiz 40s sonra
01:08:07 INFO    [info] Yeni coin: CgGdxgPog3 - analiz 40s sonra
01:08:09 INFO    [info] Yeni coin: CA5m7ZfFJV - analiz 40s sonra
01:08:12 WARNING RPC hiz limiti (429) - RPC_RPS dusurun veya plani yukseltin
01:08:15 INFO    [info] Yeni coin: AwAPSaJj26 - analiz 40s sonra
01:08:17 INFO    [info] Yeni coin: C9gm1v8Aeu - analiz 40s sonra
01:08:17 INFO    [info] Yeni coin: 24wdTG5B8c - analiz 40s sonra
01:08:19 INFO    [info] Yeni coin: 52grzYJRpy - analiz 40s sonra
01:08:20 INFO    [info] Yeni coin: 5RwbqXbGDh - analiz 40s sonra
01:08:20 INFO    [info] Yeni coin: CDSr7dqgeq - analiz 40s sonra
01:08:21 INFO    [info] Yeni coin: AFJB88hqb7 - analiz 40s sonra
01:08:22 INFO    [info] Yeni coin: GYpAGZ8hFk - analiz 40s sonra
01:08:23 INFO    [info] Yeni coin: 8N6nD9DiWJ - analiz 40s sonra
01:08:29 INFO    [info] Yeni coin: 7hJXqafoJk - analiz 40s sonra
01:08:30 INFO    [info] Yeni coin: Eg855Kn7LM - analiz 40s sonra
01:08:32 INFO    [info] Yeni coin: GkyCGunqcq - analiz 40s sonra
01:08:34 WARNING RPC hiz limiti (429) - RPC_RPS dusurun veya plani yukseltin
01:08:35 INFO    [warn] Takip edilen cuzdan yok - once skorlayip takibe alin
01:08:37 INFO    [info] Yeni coin: AjgiBQZALt - analiz 40s sonra
01:08:38 INFO    [info] Yeni coin: ypciCdae2r - analiz 40s sonra
01:08:40 INFO    [info] Yeni coin: 5M3svmZ8xj - analiz 40s sonra
01:08:42 INFO    [info] Yeni coin: EjzX9cjYzg - analiz 40s sonra
01:08:43 INFO    [info] Yeni coin: 5YD5JmDyNC - analiz 40s sonra
01:08:43 INFO    [info] Yeni coin: 9x7CPo3iuV - analiz 40s sonra
01:08:44 INFO    [info] Yeni coin: HWwPze7avE - analiz 40s sonra
01:08:45 INFO    [info] Yeni coin: B5L4MbUQ7f - analiz 40s sonra
01:08:46 INFO    [info] Yeni coin: 86dXEpmmWi - analiz 40s sonra
01:08:46 INFO    [info] Yeni coin: 2DYS9MLiPt - analiz 40s sonra
01:08:46 INFO    [info] Yeni coin: 58nM2yKAu1 - analiz 40s sonra
01:08:47 INFO    [info] Yeni coin: 6vXVzyBAF1 - analiz 40s sonra
01:08:47 INFO    [info] Yeni coin: C6TcbLpGCY - analiz 40s sonra
01:08:47 INFO    [info] Yeni coin: CBZWykZcmf - analiz 40s sonra
01:08:48 INFO    [info] Yeni coin: E5RqaL1wqi - analiz 40s sonra
01:08:48 INFO    [info] Yeni coin: DCX5jZZMq5 - analiz 40s sonra
01:08:49 INFO    [info] Yeni coin: EijHpHQrtk - analiz 40s sonra
01:08:50 INFO    [info] Yeni coin: 8qD1C1E8mX - analiz 40s sonra
01:08:51 INFO    [info] Yeni coin: FxnN4Mr4sw - analiz 40s sonra
01:08:52 WARNING RPC hiz limiti (429) - RPC_RPS dusurun veya plani yukseltin
01:08:52 INFO    [info] Yeni coin: HKMyW56zT6 - analiz 40s sonra
01:08:53 INFO    [info] Yeni coin: 6GMQuH1uFz - analiz 40s sonra
01:08:53 INFO    [info] Yeni coin: Dn2fwNfj6Q - analiz 40s sonra
01:08:57 INFO    [info] Yeni coin: CUN9poXmtQ - analiz 40s sonra
01:08:58 INFO    [info] Yeni coin: E8jDVsXFoh - analiz 40s sonra
01:08:58 INFO    [info] Yeni coin: AiJjBmbWfG - analiz 40s sonra
01:08:59 INFO    [info] Yeni coin: BZh2CdFvMm - analiz 40s sonra
01:09:00 INFO    [info] Yeni coin: Eddj9sxLZ2 - analiz 40s sonra
01:09:01 INFO    [info] Yeni coin: GaEzAxHRqq - analiz 40s sonra
01:09:02 INFO    [info] Yeni coin: 7e7hwzczxz - analiz 40s sonra
01:09:06 INFO    [info] Yeni coin: HywDGuEWP2 - analiz 40s sonra
01:09:07 INFO    [info] Yeni coin: DRwGu2R3ew - analiz 40s sonra
01:09:09 INFO    [info] Yeni coin: 9eqGVy3Gea - analiz 40s sonra
01:09:11 INFO    [info] Yeni coin: 32ZAaivQSq - analiz 40s sonra
01:09:13 WARNING RPC hiz limiti (429) - RPC_RPS dusurun veya plani yukseltin
01:09:13 INFO    [info] Yeni coin: BWxqyiM3Wb - analiz 40s sonra
01:09:15 INFO    [info] Yeni coin: 96PpBztPsA - analiz 40s sonra
01:09:16 INFO    [info] Yeni coin: 8xrELhjPKH - analiz 40s sonra
01:09:16 INFO    [info] Yeni coin: GFNiL17nzo - analiz 40s sonra
01:09:29 INFO    [info] Yeni coin: ELhP35z9VQ - analiz 40s sonra
01:09:29 INFO    [info] Yeni coin: BCXYJsSWPg - analiz 40s sonra
01:09:30 INFO    [info] Yeni coin: 6Sxf9t13La - analiz 40s sonra
01:09:31 INFO    [info] Yeni coin: 3Ap2RE74Kz - analiz 40s sonra
01:09:35 INFO    [info] Yeni coin: CYLZFj6VY2 - analiz 40s sonra
01:09:37 INFO    [info] Yeni coin: 8TUr1gW8R1 - analiz 40s sonra
01:09:40 INFO    [info] Yeni coin: 6HLCvBEUq3 - analiz 40s sonra
01:09:42 INFO    [info] Yeni coin: 7fL8JwPau9 - analiz 40s sonra
01:09:43 INFO    [info] Yeni coin: 5zvmPgEjg9 - analiz 40s sonra
01:09:43 INFO    [info] Yeni coin: DCC3BxrvLy - analiz 40s sonra
01:09:44 INFO    [info] Yeni coin: CgGLSKcHvc - analiz 40s sonra
01:09:48 WARNING RPC hiz limiti (429) - RPC_RPS dusurun veya plani yukseltin
01:09:50 INFO    [info] Yeni coin: H3s6YQv8AZ - analiz 40s sonra
01:09:52 INFO    [info] Yeni coin: 2DPTmeYk2V - analiz 40s sonra
01:09:52 INFO    [info] Yeni coin: 6oLZpAZyen - analiz 40s sonra
01:09:54 INFO    [info] Yeni coin: CTWx4y67h6 - analiz 40s sonra
01:09:54 INFO    [info] Yeni coin: 73XMMSdBvA - analiz 40s sonra
01:09:55 INFO    [info] Yeni coin: Fvvx17rgmh - analiz 40s sonra
01:09:58 INFO    [info] Yeni coin: 5LdcEwiWQ5 - analiz 40s sonra
01:10:05 INFO    [info] Yeni coin: F6LvQKzPtp - analiz 40s sonra
01:10:07 INFO    [info] Yeni coin: GyEahzcqLw - analiz 40s sonra
01:10:13 WARNING RPC hiz limiti (429) - RPC_RPS dusurun veya plani yukseltin
01:10:16 INFO    [info] Yeni coin: GNoM7iFtjt - analiz 40s sonra
01:10:20 INFO    [info] Yeni coin: CTHHLkSPCo - analiz 40s sonra
01:10:22 INFO    [info] Yeni coin: 3evqH4sdUA - analiz 40s sonra
01:10:23 INFO    [info] Yeni coin: J1D4rfPdw2 - analiz 40s sonra
01:10:25 INFO    [info] Yeni coin: BoUX3ZaDXu - analiz 40s sonra
01:10:25 INFO    [info] Yeni coin: nnbMqRfZSK - analiz 40s sonra
01:10:26 INFO    [info] Yeni coin: E7Tm8GD1t8 - analiz 40s sonra
01:10:27 INFO    [info] Yeni coin: CJCfJq1yxd - analiz 40s sonra
01:10:28 INFO    [info] Yeni coin: 9hPUTSwSgv - analiz 40s sonra
01:10:28 INFO    [info] Yeni coin: 2qaaSNv3CE - analiz 40s sonra
01:10:29 INFO    [info] Yeni coin: 6sP856tGog - analiz 40s sonra
01:10:30 INFO    [info] Yeni coin: EheTbgEEua - analiz 40s sonra
01:10:31 INFO    [info] Yeni coin: HfcEgAY9Eb - analiz 40s sonra
01:10:32 INFO    [info] Yeni coin: 57uStnzPP7 - analiz 40s sonra
01:10:33 INFO    [info] Yeni coin: 3eUvMhR3vp - analiz 40s sonra
01:10:35 INFO    [info] Yeni coin: 22ZBCwABdY - analiz 40s sonra
01:10:35 INFO    [info] Yeni coin: 4A36orC95x - analiz 40s sonra
01:10:35 WARNING RPC hiz limiti (429) - RPC_RPS dusurun veya plani yukseltin
01:10:35 INFO    [warn] Takip edilen cuzdan yok - once skorlayip takibe alin
01:10:40 INFO    [info] Yeni coin: 9fhC26S7X4 - analiz 40s sonra
01:10:41 INFO    [info] Yeni coin: 6wtLD92RV3 - analiz 40s sonra
01:10:44 INFO    [info] Yeni coin: AF34Xcq55c - analiz 40s sonra
01:10:44 INFO    [info] Yeni coin: 24wdzQSTxE - analiz 40s sonra
01:10:44 INFO    [info] Yeni coin: 24wdbHt9iN - analiz 40s sonra
01:10:45 INFO    [info] Yeni coin: HzK3LWbhCX - analiz 40s sonra
01:10:45 INFO    [info] Yeni coin: ETvscScwPa - analiz 40s sonra
01:10:47 INFO    [info] Yeni coin: 72T8deCA4p - analiz 40s sonra
01:10:48 INFO    [warn] Helius baglantisi koptu (ConnectionClosedError), 5s sonra tekrar denenecek
01:10:53 INFO    [success] Helius websocket baglandi, pump.fun dinleniyor
01:11:00 INFO    [info] Yeni coin: DcfZkJpUwD - analiz 40s sonra
01:11:00 INFO    [info] Yeni coin: 6TJaGr7sh5 - analiz 40s sonra
01:11:06 INFO    [info] Yeni coin: 7FvHcqCn5Y - analiz 40s sonra
01:11:11 WARNING RPC hiz limiti (429) - RPC_RPS dusurun veya plani yukseltin
01:11:14 INFO    [info] Yeni coin: DPoXw3yi3E - analiz 40s sonra
01:11:16 INFO    [info] Yeni coin: 8deG7m5xNM - analiz 40s sonra
01:11:17 INFO    [info] Yeni coin: DoHrsP1ZgB - analiz 40s sonra
01:11:18 INFO    [info] Yeni coin: bT6u4znAWf - analiz 40s sonra
01:11:21 INFO    [info] Yeni coin: 6m35WSTdH9 - analiz 40s sonra
01:11:23 INFO    [info] Yeni coin: 57hHHjjute - analiz 40s sonra
01:11:24 INFO    [info] Yeni coin: DBB58JdWKK - analiz 40s sonra
01:11:24 INFO    [info] Yeni coin: 8NMxSULET8 - analiz 40s sonra
01:11:26 INFO    [info] Yeni coin: 9FcNBUr8Wy - analiz 40s sonra
01:11:26 INFO    [info] Yeni coin: 8ZzieqBXrQ - analiz 40s sonra
01:11:27 INFO    [info] Yeni coin: G26zMT79wx - analiz 40s sonra
01:11:30 INFO    [info] Yeni coin: BZmV8hrbAo - analiz 40s sonra
01:11:32 INFO    [info] Yeni coin: Dp3QrL5ufR - analiz 40s sonra
01:11:32 WARNING RPC hiz limiti (429) - RPC_RPS dusurun veya plani yukseltin
01:11:32 INFO    [info] Yeni coin: qPb1wauqMy - analiz 40s sonra
01:11:33 INFO    [info] Yeni coin: 8zZPssBCLX - analiz 40s sonra
01:11:34 INFO    [info] Yeni coin: 9zeTNUcvcT - analiz 40s sonra
01:11:40 INFO    [info] Yeni coin: 9JzZhpiFuR - analiz 40s sonra
01:11:48 INFO    [info] Yeni coin: 6hqoGaXoeY - analiz 40s sonra
01:11:51 INFO    [info] Yeni coin: Bd1K2X4SFy - analiz 40s sonra
01:11:53 INFO    [info] Yeni coin: 7PPjD1fVpw - analiz 40s sonra
01:11:56 INFO    [info] Yeni coin: AM8f5X1Upj - analiz 40s sonra
01:11:56 INFO    [info] Yeni coin: EkcTa8n14f - analiz 40s sonra
01:12:03 INFO    [info] Yeni coin: Et3ohxZEtJ - analiz 40s sonra
01:12:03 WARNING RPC hiz limiti (429) - RPC_RPS dusurun veya plani yukseltin
01:12:03 INFO    [info] Yeni coin: CsFvfSxTva - analiz 40s sonra
01:12:07 INFO    [info] Yeni coin: 9Cabbu4uzE - analiz 40s sonra
01:12:10 INFO    [info] Yeni coin: G9Lnf1tP6F - analiz 40s sonra
01:12:12 INFO    [info] Yeni coin: 6hSSAXj8LU - analiz 40s sonra
01:12:14 INFO    [info] Yeni coin: 59ddP3R3Y2 - analiz 40s sonra
01:12:23 WARNING RPC hiz limiti (429) - RPC_RPS dusurun veya plani yukseltin
01:12:29 INFO    [info] Yeni coin: DnpQFvLAua - analiz 40s sonra
01:12:30 INFO    [info] Yeni coin: 24we6MhQbm - analiz 40s sonra
01:12:35 INFO    [info] Yeni coin: 3fkM6EzH78 - analiz 40s sonra
01:12:35 INFO    [warn] Takip edilen cuzdan yok - once skorlayip takibe alin
01:12:36 INFO    [info] Yeni coin: Fx6mcXVC2M - analiz 40s sonra
01:12:37 INFO    [info] Yeni coin: J3d6VgSVjt - analiz 40s sonra
01:12:38 INFO    [info] Yeni coin: J3oS2mMF3C - analiz 40s sonra
01:12:39 INFO    [info] Yeni coin: 9oDbmSBSgT - analiz 40s sonra
01:12:41 INFO    [info] Yeni coin: 3Dhuc6UfTR - analiz 40s sonra
01:12:44 INFO    [info] Yeni coin: 5TJd6yf1bP - analiz 40s sonra
01:12:45 INFO    [info] Yeni coin: 2arHjTN9CJ - analiz 40s sonra
01:12:46 INFO    [info] Yeni coin: 4b2NeFAYtM - analiz 40s sonra
01:12:49 WARNING RPC hiz limiti (429) - RPC_RPS dusurun veya plani yukseltin
01:12:50 INFO    [info] Yeni coin: AtKxsuF1mq - analiz 40s sonra
01:12:51 INFO    [info] Yeni coin: H7TeamqpHJ - analiz 40s sonra
01:12:52 INFO    [info] Yeni coin: BEhGTbX4B4 - analiz 40s sonra
01:12:52 INFO    [info] Yeni coin: 49UZ2ah6yw - analiz 40s sonra
01:12:53 INFO    [info] Yeni coin: ETgbej6UAu - analiz 40s sonra
01:13:06 INFO    [info] Yeni coin: 24we91AtCJ - analiz 40s sonra
01:13:09 INFO    [info] Yeni coin: 7W5sLcnCCs - analiz 40s sonra
01:13:10 INFO    [info] Yeni coin: 9cojTgzguv - analiz 40s sonra
01:13:11 INFO    [info] Yeni coin: 2aQ9VBT1PE - analiz 40s sonra
01:13:14 WARNING RPC hiz limiti (429) - RPC_RPS dusurun veya plani yukseltin
01:13:16 INFO    [info] Yeni coin: G8dvZFUwAZ - analiz 40s sonra
01:13:18 INFO    [info] Yeni coin: Fyn2bQ8fef - analiz 40s sonra
01:13:18 INFO    [info] Yeni coin: 4WeGvAgdbu - analiz 40s sonra
01:13:20 INFO    [info] Yeni coin: GHQcYPqYhC - analiz 40s sonra
01:13:22 INFO    [info] Yeni coin: H2u1UjLT4U - analiz 40s sonra
01:13:26 INFO    [info] Yeni coin: GVZZS7tcEg - analiz 40s sonra
01:13:26 INFO    [info] Yeni coin: oNRgN2GE29 - analiz 40s sonra
01:13:26 INFO    [info] Yeni coin: J24gPUsvoi - analiz 40s sonra
01:13:26 INFO    [info] Yeni coin: 94fVz4Dra8 - analiz 40s sonra
01:13:27 INFO    [info] Yeni coin: grB73oBp2U - analiz 40s sonra
01:13:36 INFO    [info] Yeni coin: AM8Bo2DnxW - analiz 40s sonra
01:13:41 INFO    [info] Yeni coin: DcupHxBeDf - analiz 40s sonra
01:13:42 INFO    [info] Yeni coin: DjLyZawGVs - analiz 40s sonra
01:13:43 WARNING RPC hiz limiti (429) - RPC_RPS dusurun veya plani yukseltin
01:13:43 INFO    [info] Yeni coin: BB5g4derik - analiz 40s sonra
01:13:44 INFO    [info] Yeni coin: 5LvA6DWpUX - analiz 40s sonra
01:13:44 INFO    [info] Yeni coin: G2kg1sm446 - analiz 40s sonra
01:13:48 INFO    [info] Yeni coin: GwNZFeMTey - analiz 40s sonra
01:13:50 INFO    [info] Yeni coin: Pfe8PMYGVp - analiz 40s sonra
01:13:50 INFO    [info] Yeni coin: HMcQvSj8hE - analiz 40s sonra
01:13:56 INFO    [info] Yeni coin: F3zitr8bzJ - analiz 40s sonra
01:14:00 INFO    [info] Yeni coin: E5C47L6aXT - analiz 40s sonra
01:14:00 INFO    [info] Yeni coin: 3HD7yFyAnn - analiz 40s sonra
01:14:02 INFO    [info] Yeni coin: 21LVvUo2Gc - analiz 40s sonra
01:14:02 INFO    [info] Yeni coin: 24weRDC7Cr - analiz 40s sonra
01:14:03 INFO    [info] Yeni coin: DDnqQUZ3uw - analiz 40s sonra
01:14:04 INFO    [info] Yeni coin: 51VnR1uX2q - analiz 40s sonra
01:14:05 INFO    [info] Yeni coin: 6ywkfGfKDC - analiz 40s sonra
01:14:06 INFO    [info] Yeni coin: 5sLSrZqsBP - analiz 40s sonra
01:14:07 INFO    [info] Yeni coin: 4Ts7nLrKka - analiz 40s sonra
01:14:07 INFO    [info] Yeni coin: 9ymUSrPSTR - analiz 40s sonra
01:14:10 INFO    [info] Yeni coin: 9CFGqXyAxt - analiz 40s sonra
01:14:11 INFO    [info] Yeni coin: 6KvSFV5H3J - analiz 40s sonra
01:14:11 INFO    [info] Yeni coin: 4srAZGXKy5 - analiz 40s sonra
01:14:13 INFO    [info] Yeni coin: EpK7bQrQCV - analiz 40s sonra
01:14:14 INFO    [info] Yeni coin: AYtmE8SZVs - analiz 40s sonra
01:14:14 INFO    [info] Yeni coin: HsMMzjBs6e - analiz 40s sonra
01:14:14 WARNING RPC hiz limiti (429) - RPC_RPS dusurun veya plani yukseltin
01:14:21 INFO    [info] Yeni coin: BmTSKDDAyq - analiz 40s sonra
01:14:22 INFO    [info] Yeni coin: 48CkcBGHxs - analiz 40s sonra
01:14:23 INFO    [info] Yeni coin: GZVMTepS16 - analiz 40s sonra
01:14:25 INFO    [info] Yeni coin: 9vNUEnkdSx - analiz 40s sonra
01:14:26 INFO    [info] Yeni coin: 4H962aVmur - analiz 40s sonra
01:14:27 INFO    [info] Yeni coin: BvEq8XADma - analiz 40s sonra
01:14:31 WARNING RPC hiz limiti (429) - RPC_RPS dusurun veya plani yukseltin
01:14:33 INFO    [info] Yeni coin: DEHBtS1BUb - analiz 40s sonra
01:14:34 INFO    [info] Yeni coin: ENueAgy65S - analiz 40s sonra
01:14:35 INFO    [info] Yeni coin: J31jcFHxHM - analiz 40s sonra
01:14:35 INFO    [info] Yeni coin: AAWWSLigtz - analiz 40s sonra
01:14:35 INFO    [warn] Takip edilen cuzdan yok - once skorlayip takibe alin
01:14:36 INFO    [info] Yeni coin: 7ZXQN5YsD7 - analiz 40s sonra
01:14:38 INFO    [info] Yeni coin: HWZsRPyee2 - analiz 40s sonra
01:14:39 INFO    [info] Yeni coin: PT8JSioTfb - analiz 40s sonra
01:14:42 INFO    [info] Yeni coin: 7TLXzyQRo4 - analiz 40s sonra
01:14:43 INFO    [info] Yeni coin: 8LRSV5vuPi - analiz 40s sonra
01:14:43 INFO    [info] Yeni coin: 8Y1yzPu3Ys - analiz 40s sonra
01:14:45 INFO    [info] Yeni coin: 4pL7mXB3bA - analiz 40s sonra
01:14:50 INFO    [info] Yeni coin: 7WGJAXuW8S - analiz 40s sonra
01:14:52 INFO    [info] Yeni coin: 9J8Lst6hym - analiz 40s sonra
01:14:54 WARNING RPC hiz limiti (429) - RPC_RPS dusurun veya plani yukseltin
01:14:56 INFO    [info] Yeni coin: EVei3TAJUG - analiz 40s sonra
01:14:56 INFO    [info] Yeni coin: CA2cnjPbhT - analiz 40s sonra
01:15:02 INFO    [info] Yeni coin: EDeA5tWceR - analiz 40s sonra
01:15:03 INFO    [info] Yeni coin: 8QxAaipDVD - analiz 40s sonra
01:15:04 INFO    [info] Yeni coin: 9VRSBVNUFR - analiz 40s sonra
01:15:05 INFO    [info] Yeni coin: Cj58ACn66X - analiz 40s sonra
01:15:06 INFO    [info] Yeni coin: Gs1dGkLNvE - analiz 40s sonra
01:15:07 INFO    [info] Yeni coin: 2KhWZWodWZ - analiz 40s sonra
01:15:11 INFO    [info] Yeni coin: 5Raqsd78LX - analiz 40s sonra
01:15:17 INFO    [info] Yeni coin: UD4zo8BK8g - analiz 40s sonra
01:15:19 INFO    [info] Yeni coin: G7AKyndWKN - analiz 40s sonra
01:15:21 INFO    [info] Yeni coin: 8oMPKch5nA - analiz 40s sonra
01:15:22 INFO    [info] Yeni coin: 5sTTg332LL - analiz 40s sonra
01:15:23 WARNING RPC hiz limiti (429) - RPC_RPS dusurun veya plani yukseltin
01:15:29 INFO    [info] Yeni coin: 3nwPs1svfe - analiz 40s sonra
01:15:30 INFO    [info] Yeni coin: CRBQseibMB - analiz 40s sonra
01:15:31 INFO    [info] Yeni coin: t8e8V9VuNK - analiz 40s sonra
01:15:31 INFO    [info] Yeni coin: AZbYPJUfJ1 - analiz 40s sonra
01:15:33 INFO    [info] Yeni coin: 7Q3g4jTh54 - analiz 40s sonra
01:15:38 INFO    [info] Yeni coin: wSGqmZrThq - analiz 40s sonra
01:15:42 WARNING RPC hiz limiti (429) - RPC_RPS dusurun veya plani yukseltin
01:15:44 INFO    [info] Yeni coin: HTuRyeH1qg - analiz 40s sonra
01:15:48 INFO    [info] Yeni coin: 5QtcH8ARyk - analiz 40s sonra
01:15:49 INFO    [info] Yeni coin: 29KcX3rBGL - analiz 40s sonra
01:15:49 INFO    [info] Yeni coin: 24weePvjVe - analiz 40s sonra
01:15:50 INFO    [info] Yeni coin: 8Jz5N3J4SN - analiz 40s sonra
01:15:51 INFO    [info] Yeni coin: F1fbx3kR9v - analiz 40s sonra
01:16:04 INFO    [info] Yeni coin: BrnnAqCfmW - analiz 40s sonra
01:16:04 WARNING RPC hiz limiti (429) - RPC_RPS dusurun veya plani yukseltin
01:16:05 INFO    [info] Yeni coin: E6hAJct8eM - analiz 40s sonra
01:16:06 INFO    [info] Yeni coin: 2uoupCG544 - analiz 40s sonra
01:16:15 INFO    [info] Yeni coin: D55ZUhzYtn - analiz 40s sonra
01:16:16 INFO    [info] Yeni coin: GFFQrMMpPV - analiz 40s sonra
01:16:17 INFO    [info] Yeni coin: 4AswsgrmL3 - analiz 40s sonra
01:16:19 INFO    [info] Yeni coin: AHTGvaWAmR - analiz 40s sonra
01:16:19 INFO    [info] Yeni coin: DZxWLtecns - analiz 40s sonra
01:16:22 INFO    [info] Yeni coin: 4Zy4MwUHYU - analiz 40s sonra
01:16:23 INFO    [info] Yeni coin: 64ukRHC2z3 - analiz 40s sonra
01:16:26 INFO    [info] Yeni coin: Xu9zzZ7DWx - analiz 40s sonra
01:16:26 INFO    [info] Yeni coin: 7HRrqY1b8v - analiz 40s sonra
01:16:31 INFO    [info] Yeni coin: 8xAjAqSZvk - analiz 40s sonra
01:16:32 INFO    [info] Yeni coin: 24weywyqKb - analiz 40s sonra
01:16:34 WARNING RPC hiz limiti (429) - RPC_RPS dusurun veya plani yukseltin
01:16:35 INFO    [info] Yeni coin: 7mWgF8m2SW - analiz 40s sonra
01:16:35 INFO    [warn] Takip edilen cuzdan yok - once skorlayip takibe alin
01:16:37 INFO    [info] Yeni coin: FwSuQh9hcd - analiz 40s sonra
01:16:40 INFO    [info] Yeni coin: DRuSUkVwvE - analiz 40s sonra
01:16:42 INFO    [info] Yeni coin: J9AEoEYCXP - analiz 40s sonra
01:16:47 INFO    [info] Yeni coin: Abbk361qh6 - analiz 40s sonra
01:16:49 INFO    [info] Yeni coin: HCB88WwbNJ - analiz 40s sonra
01:16:56 INFO    [info] Yeni coin: FWBA6VB3sv - analiz 40s sonra
01:16:57 INFO    [info] Yeni coin: E96shALPXg - analiz 40s sonra
01:16:59 INFO    [info] Yeni coin: 8FtP3iAutd - analiz 40s sonra
01:16:59 WARNING RPC hiz limiti (429) - RPC_RPS dusurun veya plani yukseltin
01:16:59 INFO    [info] Yeni coin: 9vq1Hfbgoy - analiz 40s sonra
01:17:00 INFO    [info] Yeni coin: 7CLLUkgkFr - analiz 40s sonra
01:17:01 INFO    [info] Yeni coin: DdRRN3Dg71 - analiz 40s sonra
01:17:02 INFO    [info] Yeni coin: 9JCMtAb79x - analiz 40s sonra
01:17:07 INFO    [info] Yeni coin: HFzwZkcSNu - analiz 40s sonra
01:17:16 WARNING RPC hiz limiti (429) - RPC_RPS dusurun veya plani yukseltin
01:17:19 INFO    [info] Yeni coin: 2YpA9dnydp - analiz 40s sonra
01:17:28 INFO    [info] Yeni coin: 4iTvJxLhxC - analiz 40s sonra
01:17:33 INFO    [info] Yeni coin: E3TRywwSZr - analiz 40s sonra
01:17:33 INFO    [info] Yeni coin: 7gnfuhwvHt - analiz 40s sonra
01:17:36 INFO    [info] Yeni coin: 76gkbRHE2T - analiz 40s sonra
01:17:40 WARNING RPC hiz limiti (429) - RPC_RPS dusurun veya plani yukseltin
01:17:49 INFO    [info] Yeni coin: BN5cmYWE2T - analiz 40s sonra
01:17:50 INFO    [info] Yeni coin: 7kXchkm8qB - analiz 40s sonra
01:17:54 INFO    [info] Yeni coin: 3jBTaoghqf - analiz 40s sonra
01:17:58 INFO    [info] Yeni coin: BPAzGBEoQn - analiz 40s sonra
01:17:58 INFO    [info] Yeni coin: HSZntWKqX4 - analiz 40s sonra
01:17:59 INFO    [info] Yeni coin: 3T7ndevEXP - analiz 40s sonra
01:18:00 INFO    [info] Yeni coin: JC5KqFBNHi - analiz 40s sonra
01:18:05 INFO    [info] Yeni coin: CR68wXxoD4 - analiz 40s sonra
01:18:06 WARNING RPC hiz limiti (429) - RPC_RPS dusurun veya plani yukseltin
01:18:07 INFO    [info] Yeni coin: 24wfQkkRDW - analiz 40s sonra
01:18:12 INFO    [info] Yeni coin: GsZPWKj1KC - analiz 40s sonra
01:18:13 INFO    [info] Yeni coin: 5QneN2smyz - analiz 40s sonra
01:18:16 INFO    [info] Yeni coin: Drcun1eHbT - analiz 40s sonra
01:18:18 INFO    [info] Yeni coin: svXjKdZMLk - analiz 40s sonra
01:18:20 INFO    [info] Yeni coin: GKV6ukNjez - analiz 40s sonra
01:18:21 INFO    [info] Yeni coin: AJfzQNpLWp - analiz 40s sonra
01:18:21 INFO    [info] Yeni coin: 2Dxh5zyELr - analiz 40s sonra
01:18:22 INFO    [info] Yeni coin: Gmh3FWB9jy - analiz 40s sonra
01:18:23 INFO    [info] Yeni coin: DML1oCqUFg - analiz 40s sonra
01:18:23 INFO    [info] Yeni coin: 8fWXtpM5Qb - analiz 40s sonra
01:18:23 INFO    [info] Yeni coin: FAo5tJprfP - analiz 40s sonra
01:18:25 INFO    [info] Yeni coin: DKAH1kAt6P - analiz 40s sonra
01:18:26 INFO    [info] Yeni coin: Exy3BPN4R6 - analiz 40s sonra
01:18:27 INFO    [info] Yeni coin: AYvpD2JXsC - analiz 40s sonra
01:18:27 WARNING RPC hiz limiti (429) - RPC_RPS dusurun veya plani yukseltin
01:18:30 INFO    [info] Yeni coin: 7yehb8SfZH - analiz 40s sonra
01:18:35 INFO    [warn] Takip edilen cuzdan yok - once skorlayip takibe alin
01:18:39 INFO    [info] Yeni coin: 2VyZ6VoLxr - analiz 40s sonra
01:18:40 INFO    [info] Yeni coin: 5YnV7nBemB - analiz 40s sonra
01:18:40 INFO    [info] Yeni coin: 6GcdpeE1P4 - analiz 40s sonra
01:18:43 WARNING RPC hiz limiti (429) - RPC_RPS dusurun veya plani yukseltin
01:18:46 INFO    [info] Yeni coin: BXDuyfYNAm - analiz 40s sonra
01:18:49 INFO    [info] Yeni coin: AikWKw3cDG - analiz 40s sonra
01:18:53 INFO    [info] Yeni coin: HS6EmNtFW6 - analiz 40s sonra
01:18:59 INFO    [info] Yeni coin: EWs1W5cMUf - analiz 40s sonra
01:19:01 INFO    [info] Yeni coin: 3jnEVADmyM - analiz 40s sonra
01:19:02 INFO    [info] Yeni coin: FBG2wBqja4 - analiz 40s sonra
01:19:05 INFO    [info] Yeni coin: 4VSyn1xLF2 - analiz 40s sonra
01:19:05 INFO    [info] Yeni coin: 3iYnT4j5HU - analiz 40s sonra
01:19:14 INFO    [info] Yeni coin: 4aVk9afeKL - analiz 40s sonra
01:19:21 WARNING RPC hiz limiti (429) - RPC_RPS dusurun veya plani yukseltin
01:19:22 INFO    [info] Yeni coin: 2FcrQ1VUi5 - analiz 40s sonra
01:19:27 INFO    [info] Yeni coin: H6t9ZEcVhu - analiz 40s sonra
01:19:27 INFO    [info] Yeni coin: 4B8Q1sXhQF - analiz 40s sonra
01:19:29 INFO    [info] Yeni coin: GiTmXZ164L - analiz 40s sonra
01:19:40 INFO    [info] Yeni coin: 29csyhrGcr - analiz 40s sonra
01:19:41 INFO    [info] Yeni coin: 4jXskT7KXE - analiz 40s sonra
01:19:41 INFO    [info] Yeni coin: 5T1YtbEiFe - analiz 40s sonra
01:19:42 INFO    [info] Yeni coin: 5fZp4LoFQq - analiz 40s sonra
01:19:44 INFO    [info] Yeni coin: AtrtiNiKVt - analiz 40s sonra
01:19:46 INFO    [info] Yeni coin: 43M5hy4Bu8 - analiz 40s sonra
01:19:46 INFO    [info] Yeni coin: 9aXSPPgGgC - analiz 40s sonra
01:19:47 INFO    [info] Yeni coin: EACwMM3nMZ - analiz 40s sonra
01:19:52 WARNING RPC hiz limiti (429) - RPC_RPS dusurun veya plani yukseltin
01:19:53 INFO    [info] Yeni coin: G8fJvN9DoA - analiz 40s sonra
01:19:58 INFO    [info] Yeni coin: 8CChB7ec3T - analiz 40s sonra
01:19:58 INFO    [info] Yeni coin: 4ZFs4xYXB9 - analiz 40s sonra
01:19:59 INFO    [info] Yeni coin: 4UFhLNdrNo - analiz 40s sonra
01:20:02 INFO    [info] Yeni coin: BBfYwQgsL7 - analiz 40s sonra
01:20:09 INFO    [info] Yeni coin: 5pJAc4RE7q - analiz 40s sonra
01:20:15 INFO    [info] Yeni coin: Fn39rMp1ot - analiz 40s sonra
01:20:17 WARNING RPC hiz limiti (429) - RPC_RPS dusurun veya plani yukseltin
01:20:18 INFO    [info] Yeni coin: CoMYpY7H8v - analiz 40s sonra
01:20:23 INFO    [info] Yeni coin: 7qHhxozQxs - analiz 40s sonra
01:20:23 INFO    [info] Yeni coin: 8v32J8UhWM - analiz 40s sonra
01:20:25 INFO    [info] Yeni coin: 24wfcGWMoC - analiz 40s sonra
01:20:27 INFO    [info] Yeni coin: AgLgq9jFNH - analiz 40s sonra
01:20:29 INFO    [info] Yeni coin: E4FvGJJvsj - analiz 40s sonra
01:20:33 INFO    [info] Yeni coin: DFX4aTHdgV - analiz 40s sonra
01:20:33 INFO    [info] Yeni coin: 9y1GJyk9tU - analiz 40s sonra
01:20:35 INFO    [warn] Takip edilen cuzdan yok - once skorlayip takibe alin
01:20:38 WARNING RPC hiz limiti (429) - RPC_RPS dusurun veya plani yukseltin
01:20:42 INFO    [info] Yeni coin: 3ogFe6Ka1k - analiz 40s sonra
01:20:45 INFO    [info] Yeni coin: 7Me8tqnbZb - analiz 40s sonra
01:20:45 INFO    [info] Yeni coin: 2imJff2oAZ - analiz 40s sonra
01:21:12 WARNING RPC hiz limiti (429) - RPC_RPS dusurun veya plani yukseltin
01:21:14 INFO    [info] Yeni coin: A2KY4kwGJP - analiz 40s sonra
01:21:18 INFO    [info] Yeni coin: GnodjD4k4R - analiz 40s sonra
01:21:22 INFO    [info] Yeni coin: FiZ9BWEEKu - analiz 40s sonra
01:21:24 INFO    [info] Yeni coin: 4uA3caYqkk - analiz 40s sonra
01:21:29 INFO    [info] Yeni coin: 5qWG2XAAEF - analiz 40s sonra
01:21:31 INFO    [info] Yeni coin: 6DTW5D1iC4 - analiz 40s sonra
01:21:32 INFO    [info] Yeni coin: 7GoVSBCc52 - analiz 40s sonra
01:21:32 INFO    [info] Yeni coin: 2qEMyXdMnL - analiz 40s sonra
01:21:33 INFO    [info] Yeni coin: 2qScvSqwFT - analiz 40s sonra
01:21:37 WARNING RPC hiz limiti (429) - RPC_RPS dusurun veya plani yukseltin
01:21:37 INFO    [info] Yeni coin: 5eriZJ4vQN - analiz 40s sonra
01:21:38 INFO    [info] Yeni coin: 7NksCHxUcU - analiz 40s sonra
01:21:43 INFO    [info] Yeni coin: Fy9VxyvBjA - analiz 40s sonra
01:21:44 INFO    [info] Yeni coin: 5nqYBLpHKT - analiz 40s sonra
01:21:48 INFO    [info] Yeni coin: 5cX4q8iicf - analiz 40s sonra
01:21:52 INFO    [info] Yeni coin: 28p9312Sv6 - analiz 40s sonra
01:22:00 INFO    [info] Yeni coin: BkNvdrE6aP - analiz 40s sonra
01:22:04 INFO    [info] Yeni coin: 94UNtHc5Lq - analiz 40s sonra
01:22:13 INFO    [info] Yeni coin: CtBfkhojDb - analiz 40s sonra
01:22:14 WARNING RPC hiz limiti (429) - RPC_RPS dusurun veya plani yukseltin
01:22:17 INFO    [info] Yeni coin: AtbMJFiW9R - analiz 40s sonra
01:22:18 INFO    [info] Yeni coin: HpLs5ZbzjU - analiz 40s sonra
01:22:19 INFO    [info] Yeni coin: 2ryCZKFyVT - analiz 40s sonra
01:22:20 INFO    [info] Yeni coin: 6oG1zuhNdk - analiz 40s sonra
01:22:20 INFO    [info] Yeni coin: GPkEkaWyz9 - analiz 40s sonra
01:22:20 INFO    [info] Yeni coin: AUSHPUNDCV - analiz 40s sonra
01:22:21 INFO    [info] Yeni coin: 2GuE4rtE8L - analiz 40s sonra
01:22:21 INFO    [info] Yeni coin: 3TDdRhiKBv - analiz 40s sonra
01:22:22 INFO    [info] Yeni coin: CtTKv4APQi - analiz 40s sonra
01:22:24 INFO    [info] Yeni coin: GDsX4i1yuf - analiz 40s sonra
01:22:31 INFO    [info] Yeni coin: 53KB6boUxE - analiz 40s sonra
01:22:36 INFO    [warn] Takip edilen cuzdan yok - once skorlayip takibe alin
01:22:38 WARNING RPC hiz limiti (429) - RPC_RPS dusurun veya plani yukseltin
01:22:41 INFO    [info] Yeni coin: 4u1fXKDfrf - analiz 40s sonra
01:22:43 INFO    [info] Yeni coin: 4FiFu2KYG1 - analiz 40s sonra
01:22:48 INFO    [info] Yeni coin: 149ete5GAg - analiz 40s sonra
01:22:49 INFO    [info] Yeni coin: 24wffsZG8M - analiz 40s sonra
01:22:52 INFO    [info] Yeni coin: 9pW3jwLs4t - analiz 40s sonra
01:22:53 INFO    [info] Yeni coin: 25ZqUkr4a1 - analiz 40s sonra
01:22:53 INFO    [info] Yeni coin: ECb7XDSxNP - analiz 40s sonra
01:23:01 INFO    [info] Yeni coin: 9HAoYW46mQ - analiz 40s sonra
01:23:01 INFO    [info] Yeni coin: 2sHZaez1QU - analiz 40s sonra
01:23:03 WARNING RPC hiz limiti (429) - RPC_RPS dusurun veya plani yukseltin
01:23:05 INFO    [info] Yeni coin: 5xDuv9D7Ru - analiz 40s sonra
01:23:21 INFO    [info] Yeni coin: GNEeY1ycAK - analiz 40s sonra
01:23:23 INFO    [info] Yeni coin: 8P6BdU6UZN - analiz 40s sonra
01:23:31 WARNING RPC hiz limiti (429) - RPC_RPS dusurun veya plani yukseltin
01:23:33 INFO    [info] Yeni coin: ECvM8MY857 - analiz 40s sonra
01:23:36 INFO    [info] Yeni coin: Cqs52SkUSJ - analiz 40s sonra
01:23:38 INFO    [info] Yeni coin: DRYK5L6PnL - analiz 40s sonra
01:23:38 INFO    [info] Yeni coin: 2tjLvrTt4K - analiz 40s sonra
01:23:39 INFO    [info] Yeni coin: 24wfuXxZzs - analiz 40s sonra
01:23:40 INFO    [info] Yeni coin: 5oSMErtjcc - analiz 40s sonra
01:23:40 INFO    [info] Yeni coin: BpA1D7rh42 - analiz 40s sonra
01:23:41 INFO    [info] Yeni coin: F22gMPaiyt - analiz 40s sonra
01:23:43 INFO    [info] Yeni coin: AqWSi3oW4a - analiz 40s sonra
01:23:43 INFO    [info] Yeni coin: 24wgNZ2gJe - analiz 40s sonra
01:23:44 INFO    [info] Yeni coin: DZzRnReEpp - analiz 40s sonra
01:23:45 INFO    [info] Yeni coin: FNwqosZYfj - analiz 40s sonra
01:23:45 INFO    [info] Yeni coin: 7QpDNm32BE - analiz 40s sonra
01:23:47 INFO    [info] Yeni coin: B1Jdtx7cTR - analiz 40s sonra
01:23:47 INFO    [info] Yeni coin: 24wgS9UNNm - analiz 40s sonra
01:23:48 WARNING RPC hiz limiti (429) - RPC_RPS dusurun veya plani yukseltin
01:23:48 INFO    [info] Yeni coin: HcsHqEJ9su - analiz 40s sonra
01:23:50 INFO    [info] Yeni coin: EpqAXN8bqC - analiz 40s sonra
01:23:50 INFO    [info] Yeni coin: 8JZmgCT35c - analiz 40s sonra
01:23:57 INFO    [info] Yeni coin: 9yQLG1g62J - analiz 40s sonra
01:23:59 INFO    [info] Yeni coin: AV6ujrkMpj - analiz 40s sonra
01:24:06 INFO    [info] Yeni coin: 9G7VSs4g8S - analiz 40s sonra
01:24:08 INFO    [info] Yeni coin: 6MNPJqV4yp - analiz 40s sonra
01:24:09 INFO    [info] Yeni coin: 4RRLWQaomU - analiz 40s sonra
01:24:10 INFO    [info] Yeni coin: BiTxEoZ1yH - analiz 40s sonra
01:24:10 INFO    [info] Yeni coin: 5Cn72UgfSW - analiz 40s sonra
01:24:11 INFO    [info] Yeni coin: 8ZWSxBpmTM - analiz 40s sonra
01:24:11 INFO    [info] Yeni coin: H1U4NkgunY - analiz 40s sonra
01:24:12 INFO    [info] Yeni coin: 6SMf7asdix - analiz 40s sonra
01:24:14 WARNING RPC hiz limiti (429) - RPC_RPS dusurun veya plani yukseltin
01:24:15 INFO    [info] Yeni coin: 88Fy4hsK9p - analiz 40s sonra
01:24:17 INFO    [info] Yeni coin: 8fmvrxvsxC - analiz 40s sonra
01:24:22 INFO    [info] Yeni coin: D1aKP4YCSP - analiz 40s sonra
01:24:23 INFO    [info] Yeni coin: BJwEXzCxJn - analiz 40s sonra
01:24:28 INFO    [info] Yeni coin: 53cxBtBcWG - analiz 40s sonra
01:24:28 INFO    [info] Yeni coin: 8qq29fNH1p - analiz 40s sonra
01:24:28 INFO    [info] Yeni coin: 9JQZsKsjuy - analiz 40s sonra
01:24:29 INFO    [info] Yeni coin: 3qWMzMpkBd - analiz 40s sonra
01:24:30 INFO    [info] Yeni coin: 2Wjt7NAC6x - analiz 40s sonra
01:24:32 INFO    [info] Yeni coin: 3zZCxWB4Fb - analiz 40s sonra
01:24:32 INFO    [info] Yeni coin: 3GBDcwugor - analiz 40s sonra
01:24:33 INFO    [info] Yeni coin: 24wh8H123f - analiz 40s sonra
01:24:36 INFO    [warn] Takip edilen cuzdan yok - once skorlayip takibe alin
01:24:38 INFO    [info] Yeni coin: 13b1jo5VsC - analiz 40s sonra
01:24:41 WARNING RPC hiz limiti (429) - RPC_RPS dusurun veya plani yukseltin
01:24:41 INFO    [info] Yeni coin: 6fJGf5THeC - analiz 40s sonra
01:24:42 INFO    [info] Yeni coin: EqnrzbKtcy - analiz 40s sonra
01:24:44 INFO    [info] Yeni coin: BaNiTM5aZS - analiz 40s sonra
01:24:47 INFO    [info] Yeni coin: cQDbHZSuYr - analiz 40s sonra
01:24:48 INFO    [info] Yeni coin: 5DSNqM2RpE - analiz 40s sonra
01:24:50 INFO    [info] Yeni coin: 7MFaBiEhG2 - analiz 40s sonra
01:24:51 INFO    [info] Yeni coin: 9zo9tCPsC1 - analiz 40s sonra
01:24:52 INFO    [info] Yeni coin: 3iSvwLFKRw - analiz 40s sonra
01:24:53 INFO    [info] Yeni coin: 9Jcap4VaXS - analiz 40s sonra
01:24:53 INFO    [info] Yeni coin: JDGgvehdz3 - analiz 40s sonra
01:24:56 INFO    [info] Yeni coin: XU9RcDpR6c - analiz 40s sonra
01:25:01 INFO    [info] Yeni coin: 9UzizmqtPR - analiz 40s sonra
01:25:03 INFO    [info] Yeni coin: 8ZzcgLeyb5 - analiz 40s sonra
01:25:05 WARNING RPC hiz limiti (429) - RPC_RPS dusurun veya plani yukseltin
01:25:09 INFO    [info] Yeni coin: Bu5WgwTzy1 - analiz 40s sonra
01:25:10 INFO    [info] Yeni coin: 97cmvrpfnY - analiz 40s sonra
01:25:11 INFO    [info] Yeni coin: AeRR2uJKcQ - analiz 40s sonra
01:25:11 INFO    [info] Yeni coin: B7AUzuuDPu - analiz 40s sonra
01:25:12 INFO    [info] Yeni coin: DyqRsH6Waz - analiz 40s sonra
01:25:13 INFO    [info] Yeni coin: wJZGmn8H6Z - analiz 40s sonra
01:25:14 INFO    [info] Yeni coin: FZAq8YqXs8 - analiz 40s sonra
01:25:19 INFO    [info] Yeni coin: F8YfeUnUVd - analiz 40s sonra
01:25:20 INFO    [info] Yeni coin: B9UERhwcUC - analiz 40s sonra
01:25:20 INFO    [info] Yeni coin: EduBQncsDS - analiz 40s sonra
01:25:22 INFO    [info] Yeni coin: e7L9tPj3ss - analiz 40s sonra
01:25:22 INFO    [info] Yeni coin: FoR1emj2H4 - analiz 40s sonra
01:25:22 INFO    [info] Yeni coin: Ahot47RQUr - analiz 40s sonra
01:25:23 INFO    [info] Yeni coin: 5MDtakpdS5 - analiz 40s sonra
01:25:25 INFO    [info] Yeni coin: 4mMquWgFJm - analiz 40s sonra
01:25:27 INFO    [info] Yeni coin: H2LkYB2Kus - analiz 40s sonra
01:25:29 INFO    [info] Yeni coin: 9rAmMBKbZs - analiz 40s sonra
01:25:29 INFO    [info] Yeni coin: 8WQsovfXCJ - analiz 40s sonra
01:25:30 INFO    [info] Yeni coin: fDgJLzEGHT - analiz 40s sonra
01:25:32 WARNING RPC hiz limiti (429) - RPC_RPS dusurun veya plani yukseltin
01:25:32 INFO    [info] Yeni coin: 5EimRU69Ar - analiz 40s sonra
01:25:35 INFO    [info] Yeni coin: Cf2PgiuNDn - analiz 40s sonra
01:25:37 INFO    [info] Yeni coin: HSL9cfzMf7 - analiz 40s sonra
01:25:38 INFO    [info] Yeni coin: 5kFjGbu2mS - analiz 40s sonra
01:25:38 INFO    [info] Yeni coin: 9DcbBXHB4e - analiz 40s sonra
01:25:39 INFO    [info] Yeni coin: 6nhF9u2kEJ - analiz 40s sonra
01:25:44 INFO    [info] Yeni coin: GGsuWTfq4i - analiz 40s sonra
01:25:47 INFO    [info] Yeni coin: CvzPESccAV - analiz 40s sonra
01:25:49 INFO    [info] Yeni coin: 7uUN6UVwKg - analiz 40s sonra
01:25:54 INFO    [info] Yeni coin: DomPrCX4HD - analiz 40s sonra
01:25:54 WARNING RPC hiz limiti (429) - RPC_RPS dusurun veya plani yukseltin
01:25:55 INFO    [info] Yeni coin: 4CJ3QufcUe - analiz 40s sonra
01:26:00 INFO    [info] Yeni coin: BGTdbAKLfb - analiz 40s sonra
01:26:02 INFO    [info] Yeni coin: 6oequGBBx8 - analiz 40s sonra
01:26:08 INFO    [info] Yeni coin: 4PYRiRetW5 - analiz 40s sonra
01:26:10 INFO    [info] Yeni coin: E5HmL9D7mX - analiz 40s sonra
01:26:12 INFO    [info] Yeni coin: 24wi2RHUVN - analiz 40s sonra
01:26:14 INFO    [info] Yeni coin: 8eZ9uvLhuE - analiz 40s sonra
01:26:14 INFO    [info] Yeni coin: FDT41ZP4E3 - analiz 40s sonra
01:26:24 WARNING RPC hiz limiti (429) - RPC_RPS dusurun veya plani yukseltin
01:26:24 INFO    [info] Yeni coin: 7PGgVyUou7 - analiz 40s sonra
01:26:27 INFO    [info] Yeni coin: E9PN5F57wK - analiz 40s sonra
01:26:29 INFO    [info] Yeni coin: AYTnddSFSQ - analiz 40s sonra
01:26:31 INFO    [info] Yeni coin: 46dQYtcroV - analiz 40s sonra
01:26:32 INFO    [info] Yeni coin: 84PLdWXHs3 - analiz 40s sonra
01:26:32 INFO    [info] Yeni coin: 5v46UBGdsC - analiz 40s sonra
01:26:33 INFO    [info] Yeni coin: Bs2mybEQ1q - analiz 40s sonra
01:26:36 INFO    [warn] Takip edilen cuzdan yok - once skorlayip takibe alin
01:26:38 INFO    [info] Yeni coin: 7h9gxKSaRm - analiz 40s sonra
01:26:39 INFO    [info] Yeni coin: 9kvwWkUCDo - analiz 40s sonra
01:26:41 INFO    [info] Yeni coin: DPj8uPA2JN - analiz 40s sonra
01:26:43 INFO    [info] Yeni coin: 8coucXVvcr - analiz 40s sonra
01:26:44 INFO    [info] Yeni coin: A2Fnbenwgf - analiz 40s sonra
01:26:47 INFO    [info] Yeni coin: 5B68s3sRtx - analiz 40s sonra
01:26:48 WARNING RPC hiz limiti (429) - RPC_RPS dusurun veya plani yukseltin
01:26:51 INFO    [info] Yeni coin: 41WgTyHgET - analiz 40s sonra
01:26:52 INFO    [info] Yeni coin: EGaSmnNvzd - analiz 40s sonra
01:27:01 INFO    [info] Yeni coin: 9SyRYCivj5 - analiz 40s sonra
01:27:01 INFO    [info] Yeni coin: 4wFb4vPqTG - analiz 40s sonra
01:27:03 INFO    [info] Yeni coin: 2UYTnNTLgZ - analiz 40s sonra
01:27:03 INFO    [info] Yeni coin: 4Ehn7eXJ4d - analiz 40s sonra
01:27:04 INFO    [info] Yeni coin: 9KPaoHtHi2 - analiz 40s sonra
01:27:04 INFO    [info] Yeni coin: 6LWhrr7B8b - analiz 40s sonra
01:27:05 INFO    [info] Yeni coin: FmF3spuFY1 - analiz 40s sonra
01:27:05 INFO    [info] Yeni coin: 4bsNEkSMiW - analiz 40s sonra
01:27:05 INFO    [info] Yeni coin: 2pfA4mWhbL - analiz 40s sonra
01:27:06 INFO    [info] Yeni coin: L9938yxDh8 - analiz 40s sonra
01:27:07 INFO    [info] Yeni coin: GqDuwg7Nzy - analiz 40s sonra
01:27:07 INFO    [info] Yeni coin: 2eWTB9Lop9 - analiz 40s sonra
01:27:08 INFO    [info] Yeni coin: 82LNjTxnGC - analiz 40s sonra
01:27:09 INFO    [info] Yeni coin: 6UdLbfWoni - analiz 40s sonra
01:27:10 INFO    [info] Yeni coin: 5k76AdwWyp - analiz 40s sonra
01:27:10 INFO    [info] Yeni coin: 8DxvEgK8wH - analiz 40s sonra
01:27:11 INFO    [info] Yeni coin: 5rfAH2e6b7 - analiz 40s sonra
01:27:12 INFO    [info] Yeni coin: 7K8jHv1MHA - analiz 40s sonra
01:27:12 WARNING RPC hiz limiti (429) - RPC_RPS dusurun veya plani yukseltin
01:27:13 INFO    [info] Yeni coin: BzZ6zMCbSi - analiz 40s sonra
01:27:13 INFO    [info] Yeni coin: 24wi6UQoK7 - analiz 40s sonra
01:27:14 INFO    [info] Yeni coin: 3tFK1U16WX - analiz 40s sonra
01:27:15 INFO    [info] Yeni coin: G5RfVM5KWL - analiz 40s sonra
01:27:17 INFO    [info] Yeni coin: H4x46X2zWQ - analiz 40s sonra
01:27:17 INFO    [info] Yeni coin: 3A83mhQ7rx - analiz 40s sonra
01:27:18 INFO    [info] Yeni coin: 91pjfJMifq - analiz 40s sonra
01:27:23 INFO    [info] Yeni coin: 5zK42mo7iS - analiz 40s sonra
01:27:24 INFO    [info] Yeni coin: HY3GwEX4XM - analiz 40s sonra
01:27:27 INFO    [info] Yeni coin: BoDNRQhf47 - analiz 40s sonra
01:27:28 INFO    [info] Yeni coin: 84FjDsNyMY - analiz 40s sonra
01:27:29 INFO    [info] Yeni coin: Dn4VHz8p7Y - analiz 40s sonra
01:27:31 INFO    [info] Yeni coin: H9WsprDbhy - analiz 40s sonra
01:27:32 WARNING RPC hiz limiti (429) - RPC_RPS dusurun veya plani yukseltin
01:27:33 INFO    [info] Yeni coin: DpHpDwKqVD - analiz 40s sonra
01:27:33 INFO    [info] Yeni coin: Bup9Erqqoh - analiz 40s sonra
01:27:38 INFO    [info] Yeni coin: 2imoQs76sK - analiz 40s sonra
01:27:39 INFO    [info] Yeni coin: 46PAjJLqvS - analiz 40s sonra
01:27:41 INFO    [info] Yeni coin: 583pewjXNP - analiz 40s sonra
01:27:41 INFO    [info] Yeni coin: CMBfogQks2 - analiz 40s sonra
01:27:42 INFO    [info] Yeni coin: CH5q7Mrei7 - analiz 40s sonra
01:27:44 INFO    [info] Yeni coin: 4nwoXCPMtw - analiz 40s sonra
01:27:46 INFO    [info] Yeni coin: Cax8LgHctX - analiz 40s sonra
01:27:47 INFO    [info] Yeni coin: 4quN8DhuJv - analiz 40s sonra
01:27:50 INFO    [info] Yeni coin: 9349UD9wJP - analiz 40s sonra
01:27:58 INFO    [info] Yeni coin: DfpSCUnMpd - analiz 40s sonra
01:27:59 INFO    [info] Yeni coin: 8hPudGpYPp - analiz 40s sonra
01:27:59 INFO    [info] Yeni coin: 3XGvRHS3gQ - analiz 40s sonra
01:27:59 WARNING RPC hiz limiti (429) - RPC_RPS dusurun veya plani yukseltin
01:27:59 INFO    [info] Yeni coin: HAGDTMHU2h - analiz 40s sonra
01:28:00 INFO    [info] Yeni coin: 2v2Dd8XxnP - analiz 40s sonra
01:28:01 INFO    [info] Yeni coin: 2rnPZr1gXx - analiz 40s sonra
01:28:01 INFO    [info] Yeni coin: AU4jr2Ct68 - analiz 40s sonra
01:28:02 INFO    [info] Yeni coin: 4Dtv4ZukiW - analiz 40s sonra
01:28:04 INFO    [info] Yeni coin: 4dQTdUX5VK - analiz 40s sonra
01:28:04 INFO    [info] Yeni coin: 8xQ3w65h9V - analiz 40s sonra
01:28:05 INFO    [info] Yeni coin: 9gxLScEThc - analiz 40s sonra
01:28:05 INFO    [info] Yeni coin: 4JLv31P3eo - analiz 40s sonra
01:28:08 INFO    [info] Yeni coin: CSjrDvZJaU - analiz 40s sonra
01:28:11 INFO    [info] Yeni coin: 24wj3gxnbY - analiz 40s sonra
01:28:13 INFO    [info] Yeni coin: Eo8hJLZjhi - analiz 40s sonra
01:28:16 INFO    [info] Yeni coin: J8JG3KKS8Y - analiz 40s sonra
01:28:21 INFO    [info] Yeni coin: CknBrp6kfD - analiz 40s sonra
01:28:26 WARNING RPC hiz limiti (429) - RPC_RPS dusurun veya plani yukseltin
01:28:26 INFO    [info] Yeni coin: 5mH155ePpN - analiz 40s sonra
01:28:32 INFO    [info] Yeni coin: GTELEZ6KzY - analiz 40s sonra
01:28:33 INFO    [info] Yeni coin: 7PK1gBv1M8 - analiz 40s sonra
01:28:34 INFO    [info] Yeni coin: 6Ks9S4tx8o - analiz 40s sonra
01:28:36 INFO    [info] Yeni coin: 6fEk1pc649 - analiz 40s sonra
01:28:36 INFO    [warn] Takip edilen cuzdan yok - once skorlayip takibe alin
01:28:36 INFO    [info] Yeni coin: Erp8mf4zAt - analiz 40s sonra
01:28:39 INFO    [info] Yeni coin: Fkn8sppeXz - analiz 40s sonra
01:28:42 INFO    [info] Yeni coin: 9NaCv2Vojb - analiz 40s sonra
01:28:42 INFO    [info] Yeni coin: DdziNLZNib - analiz 40s sonra
01:28:45 WARNING RPC hiz limiti (429) - RPC_RPS dusurun veya plani yukseltin
01:28:50 INFO    [info] Yeni coin: A4pCejDKRX - analiz 40s sonra
01:28:54 INFO    [info] Yeni coin: 7TbcV4nhuM - analiz 40s sonra
01:28:55 INFO    [info] Yeni coin: AGe2dWivAm - analiz 40s sonra
01:28:58 INFO    [info] Yeni coin: 58ipz1ctfc - analiz 40s sonra
01:28:58 INFO    [info] Yeni coin: 4pKaxQ2h4H - analiz 40s sonra
01:28:58 INFO    [info] Yeni coin: wafsZzetuo - analiz 40s sonra
01:29:05 INFO    [info] Yeni coin: 6sooFqa6QF - analiz 40s sonra
01:29:05 INFO    [info] Yeni coin: 7zB4RdWjZz - analiz 40s sonra
01:29:07 INFO    [info] Yeni coin: F9xbzXvFys - analiz 40s sonra
01:29:08 WARNING RPC hiz limiti (429) - RPC_RPS dusurun veya plani yukseltin
01:29:09 INFO    [info] Yeni coin: 8U4mZJTsvZ - analiz 40s sonra
01:29:10 INFO    [info] Yeni coin: 9XAT8pstig - analiz 40s sonra
01:29:12 INFO    [info] Yeni coin: 75YwnpwiLK - analiz 40s sonra
01:29:16 INFO    [info] Yeni coin: xkGq6z6mou - analiz 40s sonra
01:29:16 INFO    [info] Yeni coin: 6CVb7yLL2X - analiz 40s sonra
01:29:21 INFO    [info] Yeni coin: 99PxQ6Nbqp - analiz 40s sonra
01:29:21 INFO    [info] Yeni coin: 6WKvkTumUw - analiz 40s sonra
01:29:21 INFO    [info] Yeni coin: Dp5jJCFiGz - analiz 40s sonra
01:29:23 INFO    [info] Yeni coin: 4BPjdVqiBT - analiz 40s sonra
01:29:23 INFO    [info] Yeni coin: 3xbSCSchFR - analiz 40s sonra
01:29:25 INFO    [info] Yeni coin: BS2PXYTuPz - analiz 40s sonra
01:29:26 INFO    [info] Yeni coin: 9xrS4hrX1j - analiz 40s sonra
01:29:26 INFO    [info] Yeni coin: 24wj583cUS - analiz 40s sonra
01:29:27 INFO    [info] Yeni coin: gBnbm4cpmh - analiz 40s sonra
01:29:27 INFO    [info] Yeni coin: CsLVaqsKjn - analiz 40s sonra
01:29:29 INFO    [info] Yeni coin: FXk5QY9Bob - analiz 40s sonra
01:29:30 INFO    [info] Yeni coin: 9yafndfagN - analiz 40s sonra
01:29:30 WARNING RPC hiz limiti (429) - RPC_RPS dusurun veya plani yukseltin
01:29:32 INFO    [info] Yeni coin: AeFgysxvHJ - analiz 40s sonra
01:29:32 INFO    [info] Yeni coin: DEbCR7Cg8m - analiz 40s sonra
01:29:32 INFO    [info] Yeni coin: DTdi5515LU - analiz 40s sonra
01:29:35 INFO    [info] Yeni coin: 6jXZg7Cuw1 - analiz 40s sonra
01:29:37 INFO    [info] Yeni coin: 7SfBttLG3K - analiz 40s sonra
01:29:38 INFO    [info] Yeni coin: CWZWNFWD6q - analiz 40s sonra
01:29:40 INFO    [info] Yeni coin: 7vjNab9yUu - analiz 40s sonra
01:29:42 INFO    [info] Yeni coin: CoGr4u7d3X - analiz 40s sonra
01:29:42 INFO    [info] Yeni coin: 9jMeevXvbK - analiz 40s sonra
01:29:43 INFO    [info] Yeni coin: 3CHnadjxfB - analiz 40s sonra
01:29:43 INFO    [info] Yeni coin: 24wjFphwTT - analiz 40s sonra
01:29:43 INFO    [info] Yeni coin: 73oT3TjfVT - analiz 40s sonra
01:29:45 INFO    [info] Yeni coin: FjMM9gYmGb - analiz 40s sonra
01:29:46 INFO    [info] Yeni coin: HKM8VfE5MZ - analiz 40s sonra
01:29:47 INFO    [info] Yeni coin: CTccqNuXzq - analiz 40s sonra
01:29:52 WARNING RPC hiz limiti (429) - RPC_RPS dusurun veya plani yukseltin
01:29:53 INFO    [info] Yeni coin: 43THAaBPsu - analiz 40s sonra
01:29:58 INFO    [info] Yeni coin: FZvkhZVcjA - analiz 40s sonra
01:30:04 INFO    [info] Yeni coin: 3rWwcNTnJZ - analiz 40s sonra
01:30:13 INFO    [info] Yeni coin: 7pkqvfHe6W - analiz 40s sonra
01:30:13 INFO    [info] Yeni coin: HbgtHg7KbY - analiz 40s sonra
01:30:14 INFO    [info] Yeni coin: 5qJxzDnwXV - analiz 40s sonra
01:30:16 INFO    [info] Yeni coin: 6cQZ8FEXHX - analiz 40s sonra
01:30:17 INFO    [info] Yeni coin: 71QFCd9JUE - analiz 40s sonra
01:30:17 INFO    [info] Yeni coin: 2CLXwmynmb - analiz 40s sonra
01:30:18 INFO    [info] Yeni coin: CFtewKycxF - analiz 40s sonra
01:30:20 INFO    [info] Yeni coin: Bgs4yZk9Hp - analiz 40s sonra
01:30:20 WARNING RPC hiz limiti (429) - RPC_RPS dusurun veya plani yukseltin
01:30:21 INFO    [info] Yeni coin: AVgaRJ8S9q - analiz 40s sonra
01:30:25 INFO    [info] Yeni coin: 3Fdp3FaKxW - analiz 40s sonra
01:30:27 INFO    [info] Yeni coin: 5GLYBtFLat - analiz 40s sonra
01:30:28 INFO    [info] Yeni coin: HDpnTRRY2S - analiz 40s sonra
01:30:29 INFO    [info] Yeni coin: ENHu1MuwLR - analiz 40s sonra
01:30:30 INFO    [info] Yeni coin: 9ukeheYauJ - analiz 40s sonra
01:30:35 INFO    [info] Yeni coin: 7UN4AhZbUy - analiz 40s sonra
01:30:36 INFO    [warn] Takip edilen cuzdan yok - once skorlayip takibe alin
01:30:37 INFO    [info] Yeni coin: BWJpcrui2S - analiz 40s sonra
01:30:37 WARNING RPC hiz limiti (429) - RPC_RPS dusurun veya plani yukseltin
01:30:39 INFO    [info] Yeni coin: 4UWdXEJeXN - analiz 40s sonra
01:30:53 INFO    [info] Yeni coin: 3fWBSfZXRZ - analiz 40s sonra
01:30:55 INFO    [info] Yeni coin: 7rBvKAzvJ7 - analiz 40s sonra
01:30:56 INFO    [info] Yeni coin: 2aqFR3WxWF - analiz 40s sonra
01:30:58 INFO    [info] Yeni coin: 2Hkif8fC6k - analiz 40s sonra
01:30:58 INFO    [info] Yeni coin: C81REb6AMg - analiz 40s sonra
01:31:00 INFO    [info] Yeni coin: D6me8DTRE1 - analiz 40s sonra
01:31:07 INFO    [info] Yeni coin: Ep2gtarJBE - analiz 40s sonra
01:31:09 WARNING RPC hiz limiti (429) - RPC_RPS dusurun veya plani yukseltin
01:31:13 INFO    [info] Yeni coin: HKNWEGS3hr - analiz 40s sonra
01:31:19 INFO    [info] Yeni coin: 13bZiX1RWG - analiz 40s sonra
01:31:21 INFO    [info] Yeni coin: ABoHmBi3b5 - analiz 40s sonra
01:31:22 INFO    [info] Yeni coin: HM1wsy1vmv - analiz 40s sonra
01:31:27 INFO    [info] Yeni coin: 5H1PtGcy85 - analiz 40s sonra
01:31:31 WARNING RPC hiz limiti (429) - RPC_RPS dusurun veya plani yukseltin
01:31:36 INFO    [info] Yeni coin: BE6YaQCQek - analiz 40s sonra
01:31:38 INFO    [info] Yeni coin: AzeBWpi44k - analiz 40s sonra
01:31:38 INFO    [info] Yeni coin: DH6uQVqhgQ - analiz 40s sonra
01:31:44 INFO    [info] Yeni coin: HegR2sJoWj - analiz 40s sonra
01:31:45 INFO    [info] Yeni coin: 127jVPoG5D - analiz 40s sonra
01:31:46 INFO    [info] Yeni coin: 97eYbsQ4Zp - analiz 40s sonra
01:31:48 INFO    [info] Yeni coin: 4YXWLMrhMh - analiz 40s sonra
01:31:49 INFO    [info] Yeni coin: 9TymwbRW7M - analiz 40s sonra
01:31:49 INFO    [info] Yeni coin: EVcLsPoipz - analiz 40s sonra
01:31:57 INFO    [info] Yeni coin: DuRVhw4NnC - analiz 40s sonra
01:32:00 INFO    [info] Yeni coin: FUqUiYtxoM - analiz 40s sonra
01:32:00 INFO    [info] Yeni coin: DAectzxEYh - analiz 40s sonra
01:32:00 INFO    [info] Yeni coin: E21j7nEUdw - analiz 40s sonra
01:32:07 WARNING RPC hiz limiti (429) - RPC_RPS dusurun veya plani yukseltin
01:32:17 INFO    [info] Yeni coin: AuUvoTLE71 - analiz 40s sonra
01:32:27 INFO    [info] Yeni coin: CByJMfRCNC - analiz 40s sonra
01:32:32 INFO    [info] Yeni coin: GfRcdueuxH - analiz 40s sonra
01:32:34 INFO    [info] Yeni coin: HNT8qJT5NT - analiz 40s sonra
01:32:36 INFO    [warn] Takip edilen cuzdan yok - once skorlayip takibe alin
01:32:36 WARNING RPC hiz limiti (429) - RPC_RPS dusurun veya plani yukseltin
01:32:36 INFO    [info] Yeni coin: CPDuN4fB4p - analiz 40s sonra
01:32:42 INFO    [info] Yeni coin: Dzkgu6TnDb - analiz 40s sonra
01:32:42 INFO    [info] Yeni coin: 9NFsn4o9Pw - analiz 40s sonra
01:32:44 INFO    [info] Yeni coin: HpFst1L9Pu - analiz 40s sonra
01:32:44 INFO    [info] Yeni coin: HYH1LsfJJS - analiz 40s sonra
01:32:46 INFO    [info] Yeni coin: 3N9YjWR2j8 - analiz 40s sonra
01:32:46 INFO    [info] Yeni coin: EWpd9twJSD - analiz 40s sonra
01:32:48 INFO    [info] Yeni coin: 6hyKPgsDcT - analiz 40s sonra
01:32:54 INFO    [info] Yeni coin: 9Cpw7mUtmw - analiz 40s sonra
01:32:58 WARNING RPC hiz limiti (429) - RPC_RPS dusurun veya plani yukseltin
01:33:04 INFO    [info] Yeni coin: FjHuxDkZMn - analiz 40s sonra
01:33:08 INFO    [info] Yeni coin: 7jGHkXonFM - analiz 40s sonra
01:33:19 INFO    [info] Yeni coin: 3QRrMzVzJt - analiz 40s sonra
01:33:21 INFO    [info] Yeni coin: GGcg29eW5f - analiz 40s sonra
01:33:23 INFO    [info] Yeni coin: Bcv4aNhHcY - analiz 40s sonra
01:33:24 INFO    [info] Yeni coin: CEzDGkonoD - analiz 40s sonra
01:33:24 INFO    [info] Yeni coin: 8djCt75G7b - analiz 40s sonra
01:33:24 INFO    [info] Yeni coin: 295MUSVJdB - analiz 40s sonra
01:33:28 WARNING RPC hiz limiti (429) - RPC_RPS dusurun veya plani yukseltin
01:33:29 INFO    [info] Yeni coin: 2u7HLrX5rU - analiz 40s sonra
01:33:31 INFO    [info] Yeni coin: BYnhWa32eY - analiz 40s sonra
01:33:36 INFO    [info] Yeni coin: W2rJqHhE9r - analiz 40s sonra
01:33:38 INFO    [info] Yeni coin: CCGTc5txby - analiz 40s sonra
01:33:38 INFO    [info] Yeni coin: EWTDA5DuYD - analiz 40s sonra
01:33:40 INFO    [info] Yeni coin: HfFBtYSuDA - analiz 40s sonra
01:33:41 INFO    [info] Yeni coin: H8RjAaMLoy - analiz 40s sonra
01:33:42 INFO    [info] Yeni coin: 48P7yce47f - analiz 40s sonra
01:34:00 INFO    [info] Yeni coin: BnR9S8rCot - analiz 40s sonra
01:34:04 INFO    [info] Yeni coin: 8RGXLwQdAV - analiz 40s sonra
01:34:05 INFO    [info] Yeni coin: BPncUZBi3p - analiz 40s sonra
01:34:06 INFO    [info] Yeni coin: 24wkJBDpGJ - analiz 40s sonra
01:34:08 INFO    [info] Yeni coin: 67oyLTXyY9 - analiz 40s sonra
01:34:08 WARNING RPC hiz limiti (429) - RPC_RPS dusurun veya plani yukseltin
01:34:11 INFO    [info] Yeni coin: 91gmcYxaoH - analiz 40s sonra
01:34:12 INFO    [info] Yeni coin: ALM8fgiCjd - analiz 40s sonra
01:34:16 INFO    [info] Yeni coin: 8qi7WgSWhJ - analiz 40s sonra
01:34:22 INFO    [info] Yeni coin: G1hrdduzFH - analiz 40s sonra
01:34:22 INFO    [info] Yeni coin: FsQ64yEp3e - analiz 40s sonra
01:34:31 INFO    [info] Yeni coin: YUDsetQ5vk - analiz 40s sonra
01:34:33 INFO    [info] Yeni coin: 7ugQ3adBkE - analiz 40s sonra
01:34:34 INFO    [info] Yeni coin: 7Z2859TLEA - analiz 40s sonra
01:34:36 INFO    [info] Yeni coin: 7wJ7nWBGfz - analiz 40s sonra
01:34:36 INFO    [warn] Takip edilen cuzdan yok - once skorlayip takibe alin
01:34:41 WARNING RPC hiz limiti (429) - RPC_RPS dusurun veya plani yukseltin
01:34:41 INFO    [info] Yeni coin: AhTwKT9rXs - analiz 40s sonra
01:34:43 INFO    [info] Yeni coin: Biqme5xiPb - analiz 40s sonra
01:34:54 INFO    [info] Yeni coin: 4RA7Z7dZCU - analiz 40s sonra
01:35:00 INFO    [info] Yeni coin: 2sPiPapCcS - analiz 40s sonra
01:35:04 INFO    [info] Yeni coin: 5YZY5XgtWg - analiz 40s sonra
01:35:09 INFO    [info] Yeni coin: RjHsjjTnnp - analiz 40s sonra
01:35:10 INFO    [info] Yeni coin: CLXTTMqCML - analiz 40s sonra
01:35:15 INFO    [info] Yeni coin: 2isViFfLoE - analiz 40s sonra
01:35:16 INFO    [info] Yeni coin: 6zuAR6i1tJ - analiz 40s sonra
01:35:17 INFO    [info] Yeni coin: HGtLgkUjJE - analiz 40s sonra
01:35:21 INFO    [info] Yeni coin: 92bETKbpEq - analiz 40s sonra
01:35:22 WARNING RPC hiz limiti (429) - RPC_RPS dusurun veya plani yukseltin
01:35:24 INFO    [info] Yeni coin: 3qtwxacMEs - analiz 40s sonra
01:35:25 INFO    [info] Yeni coin: E1nhAgRnTw - analiz 40s sonra
01:35:26 INFO    [info] Yeni coin: 8NuZyVj5MX - analiz 40s sonra
01:35:26 INFO    [info] Yeni coin: CihdM7XZZd - analiz 40s sonra
01:35:26 INFO    [info] Yeni coin: DPiTveorKw - analiz 40s sonra
01:35:30 INFO    [info] Yeni coin: DSEB2zVLCD - analiz 40s sonra
01:35:31 INFO    [info] Yeni coin: 6TFUC4NTAH - analiz 40s sonra
01:35:35 INFO    [info] Yeni coin: AjcV5M2DFi - analiz 40s sonra
01:35:37 INFO    [info] Yeni coin: HamHvjCUu5 - analiz 40s sonra
01:35:41 INFO    [info] Yeni coin: Cd69V5nwyY - analiz 40s sonra
01:35:46 WARNING RPC hiz limiti (429) - RPC_RPS dusurun veya plani yukseltin
01:35:49 INFO    [info] Yeni coin: 6iUQyyfwmo - analiz 40s sonra
01:35:49 INFO    [info] Yeni coin: 24wkYprpAK - analiz 40s sonra
01:35:49 INFO    [info] Yeni coin: H3bZwFyV7B - analiz 40s sonra
01:35:52 INFO    [info] Yeni coin: 2u7assoYyi - analiz 40s sonra
01:35:53 INFO    [info] Yeni coin: HFwXLzjv6e - analiz 40s sonra
01:36:04 INFO    [info] Yeni coin: CSfnPHKhyb - analiz 40s sonra
01:36:04 INFO    [info] Yeni coin: 8phhEJjD8M - analiz 40s sonra
01:36:05 INFO    [info] Yeni coin: FQb3PGhSCB - analiz 40s sonra
01:36:05 INFO    [info] Yeni coin: 8tQPjaWjam - analiz 40s sonra
01:36:05 INFO    [info] Yeni coin: 8Hp8X93bNh - analiz 40s sonra
01:36:08 INFO    [info] Yeni coin: GQ8GWZkQ7S - analiz 40s sonra
01:36:09 WARNING RPC hiz limiti (429) - RPC_RPS dusurun veya plani yukseltin
01:36:17 INFO    [info] Yeni coin: zKLaP6eT9a - analiz 40s sonra
01:36:21 INFO    [info] Yeni coin: HzApYjLADL - analiz 40s sonra
01:36:22 INFO    [info] Yeni coin: 4TaNCx3NaY - analiz 40s sonra
01:36:23 INFO    [info] Yeni coin: 6N6XkarRdN - analiz 40s sonra
01:36:25 INFO    [info] Yeni coin: CFM2fPqeKq - analiz 40s sonra
01:36:25 INFO    [info] Yeni coin: FtwXv2SoKH - analiz 40s sonra
01:36:31 WARNING RPC hiz limiti (429) - RPC_RPS dusurun veya plani yukseltin
01:36:34 INFO    [info] Yeni coin: 24wmLH1qmx - analiz 40s sonra
01:36:36 INFO    [warn] Takip edilen cuzdan yok - once skorlayip takibe alin
01:36:41 INFO    [info] Yeni coin: AQryPQoNxC - analiz 40s sonra
01:36:43 INFO    [info] Yeni coin: 24wmqJdVTa - analiz 40s sonra
01:36:44 INFO    [info] Yeni coin: GukNTFEJpv - analiz 40s sonra
01:36:48 INFO    [info] Yeni coin: 8W1uX3vUAB - analiz 40s sonra
01:36:52 WARNING RPC hiz limiti (429) - RPC_RPS dusurun veya plani yukseltin
01:36:52 INFO    [info] Yeni coin: 93btXYboBy - analiz 40s sonra
01:36:53 INFO    [info] Yeni coin: 9T1pyNhbca - analiz 40s sonra
01:36:53 INFO    [info] Yeni coin: 99EHe5T4f4 - analiz 40s sonra
01:36:54 INFO    [info] Yeni coin: 9fVwZCgB5b - analiz 40s sonra
01:36:55 INFO    [info] Yeni coin: ApLxt8GBSq - analiz 40s sonra
01:36:56 INFO    [info] Yeni coin: Hyh5BuVadz - analiz 40s sonra
01:37:00 INFO    [info] Yeni coin: ARf17oMr12 - analiz 40s sonra
01:37:01 INFO    [info] Yeni coin: 877mRpdJoj - analiz 40s sonra
01:37:06 INFO    [info] Yeni coin: 5Z7kKpwChM - analiz 40s sonra
01:37:07 INFO    [info] Yeni coin: CtG9SBsg92 - analiz 40s sonra
01:37:08 WARNING RPC hiz limiti (429) - RPC_RPS dusurun veya plani yukseltin
01:37:09 INFO    [info] Yeni coin: BJvMcxG4B9 - analiz 40s sonra
01:37:10 INFO    [info] Yeni coin: 4rc9oJ2HjE - analiz 40s sonra
01:37:11 INFO    [info] Yeni coin: 68HxgPAe4Y - analiz 40s sonra
01:37:11 INFO    [info] Yeni coin: HrG8rZQ5KN - analiz 40s sonra
01:37:19 INFO    [info] Yeni coin: DphfkTJGZv - analiz 40s sonra
01:37:22 INFO    [info] Yeni coin: 2shw2EtqH1 - analiz 40s sonra
01:37:23 INFO    [info] Yeni coin: 5E3UKpotoH - analiz 40s sonra
01:37:26 INFO    [info] Yeni coin: HjjHi458md - analiz 40s sonra
01:37:29 INFO    [info] Yeni coin: r1MiVZo9Ra - analiz 40s sonra
01:37:30 WARNING RPC hiz limiti (429) - RPC_RPS dusurun veya plani yukseltin
01:37:35 INFO    [info] Yeni coin: HKXai8sxyF - analiz 40s sonra
01:37:39 INFO    [info] Yeni coin: DG5ve31hon - analiz 40s sonra
01:37:43 INFO    [info] Yeni coin: J5p7weZsTt - analiz 40s sonra
01:37:51 INFO    [info] Yeni coin: 2bF7NmYo2V - analiz 40s sonra
01:37:52 WARNING RPC hiz limiti (429) - RPC_RPS dusurun veya plani yukseltin
01:37:53 INFO    [info] Yeni coin: 6vDohEmGbT - analiz 40s sonra
01:37:58 INFO    [info] Yeni coin: GyQzvwuipS - analiz 40s sonra
01:38:02 INFO    [info] Yeni coin: 5iiL2f2p2c - analiz 40s sonra
01:38:03 INFO    [info] Yeni coin: 3kp2PJ7RBe - analiz 40s sonra
01:38:08 INFO    [info] Yeni coin: HvYErjgcVc - analiz 40s sonra
01:38:12 INFO    [info] Yeni coin: DGrXC1soii - analiz 40s sonra
01:38:16 INFO    [info] Yeni coin: 4xPbyPgpuy - analiz 40s sonra
01:38:16 INFO    [info] Yeni coin: ADTG334GCg - analiz 40s sonra
01:38:19 WARNING RPC hiz limiti (429) - RPC_RPS dusurun veya plani yukseltin
01:38:21 INFO    [info] Yeni coin: E9QhWeJR6c - analiz 40s sonra
01:38:23 INFO    [info] Yeni coin: 7LTdCG9h5h - analiz 40s sonra
01:38:23 INFO    [info] Yeni coin: BnNxyNZsN1 - analiz 40s sonra
01:38:24 INFO    [info] Yeni coin: BA2seieXqi - analiz 40s sonra
01:38:24 INFO    [info] Yeni coin: DXbfUEGGxe - analiz 40s sonra
01:38:31 INFO    [info] Yeni coin: 5nT6NLgCDR - analiz 40s sonra
01:38:36 INFO    [warn] Takip edilen cuzdan yok - once skorlayip takibe alin
01:38:39 INFO    [info] Yeni coin: 7xPQ9rWPJh - analiz 40s sonra
01:38:40 INFO    [info] Yeni coin: Bcjthfeauz - analiz 40s sonra
01:38:40 INFO    [info] Yeni coin: 65GaYVEjna - analiz 40s sonra
01:38:49 INFO    [info] Yeni coin: 24wn5XShpm - analiz 40s sonra
01:38:50 WARNING RPC hiz limiti (429) - RPC_RPS dusurun veya plani yukseltin
01:38:54 INFO    [info] Yeni coin: 2wNyQer36q - analiz 40s sonra
01:38:55 INFO    [info] Yeni coin: 3eJunHqzC6 - analiz 40s sonra
01:39:09 INFO    [info] Yeni coin: 9uacuuuUEP - analiz 40s sonra
01:39:16 INFO    [info] Yeni coin: CFUNNFJTBj - analiz 40s sonra
01:39:20 INFO    [info] Yeni coin: G7MiK4yZAo - analiz 40s sonra
01:39:21 WARNING RPC hiz limiti (429) - RPC_RPS dusurun veya plani yukseltin
01:39:27 INFO    [info] Yeni coin: GSXBko2XUt - analiz 40s sonra
01:39:34 INFO    [info] Yeni coin: 9C1C9yx2hu - analiz 40s sonra
01:39:34 INFO    [info] Yeni coin: J73ipwuh1d - analiz 40s sonra
01:39:37 INFO    [info] Yeni coin: 2xANGLfHAQ - analiz 40s sonra
01:39:41 INFO    [info] Yeni coin: Acd8weG5cx - analiz 40s sonra
01:39:41 INFO    [info] Yeni coin: DADFGXNNa4 - analiz 40s sonra
01:39:49 INFO    [info] Yeni coin: 3ZkGdtb2GU - analiz 40s sonra
01:39:51 WARNING RPC hiz limiti (429) - RPC_RPS dusurun veya plani yukseltin
01:39:51 INFO    [info] Yeni coin: H97U4d3JSp - analiz 40s sonra
01:40:06 INFO    [info] Yeni coin: CJFjHMh7Mr - analiz 40s sonra
01:40:07 INFO    [info] Yeni coin: 8srrKs4UrM - analiz 40s sonra
01:40:09 INFO    [info] Yeni coin: 2BYbsgVDJn - analiz 40s sonra
01:40:10 INFO    [info] Yeni coin: Gv1nJnztSi - analiz 40s sonra
01:40:18 INFO    [info] Yeni coin: ENjZFEuNVW - analiz 40s sonra
01:40:19 INFO    [info] Yeni coin: HePH6KnxYd - analiz 40s sonra
01:40:19 INFO    [info] Yeni coin: sajekAuAPV - analiz 40s sonra
01:40:20 INFO    [info] Yeni coin: 23NHfj7oUn - analiz 40s sonra
01:40:21 INFO    [info] Yeni coin: FqrGeZ6e85 - analiz 40s sonra
01:40:22 WARNING RPC hiz limiti (429) - RPC_RPS dusurun veya plani yukseltin
01:40:29 INFO    [info] Yeni coin: Ej7VJLnt8a - analiz 40s sonra
01:40:29 INFO    [info] Yeni coin: Edcv7yZrHb - analiz 40s sonra
01:40:30 INFO    [info] Yeni coin: Axsvq8dG7D - analiz 40s sonra
01:40:35 INFO    [info] Yeni coin: 829tiaWo3N - analiz 40s sonra
01:40:35 INFO    [info] Yeni coin: 6cJHUzpHbp - analiz 40s sonra
01:40:36 INFO    [info] Yeni coin: 5UTP9ZCqx6 - analiz 40s sonra
01:40:36 INFO    [warn] Takip edilen cuzdan yok - once skorlayip takibe alin
01:40:46 INFO    [info] Yeni coin: 3EVMrGxvcY - analiz 40s sonra
01:40:47 INFO    [info] Yeni coin: D3FNb8HzNp - analiz 40s sonra
01:40:48 INFO    [info] Yeni coin: CAqfuebcqg - analiz 40s sonra
01:40:52 WARNING RPC hiz limiti (429) - RPC_RPS dusurun veya plani yukseltin
01:40:53 INFO    [info] Yeni coin: At1R3Att6f - analiz 40s sonra
01:40:55 INFO    [info] Yeni coin: 6hA3gg4f98 - analiz 40s sonra
01:40:55 INFO    [info] Yeni coin: 9WENF3ExYQ - analiz 40s sonra
01:40:55 INFO    [info] Yeni coin: 5CNbBg3jTP - analiz 40s sonra
01:40:56 INFO    [info] Yeni coin: AcxbPpmpGn - analiz 40s sonra
01:41:02 INFO    [info] Yeni coin: E9wN8r4wMs - analiz 40s sonra
01:41:13 INFO    [info] Yeni coin: FvnxEyJhN6 - analiz 40s sonra
01:41:15 WARNING RPC hiz limiti (429) - RPC_RPS dusurun veya plani yukseltin
01:41:15 INFO    [info] Yeni coin: 24wnUCqHFx - analiz 40s sonra
01:41:17 INFO    [info] Yeni coin: 5f34cC7RiT - analiz 40s sonra
01:41:25 INFO    [info] Yeni coin: 5nKMFRT5dU - analiz 40s sonra
01:41:26 INFO    [info] Yeni coin: BbSfPKoQgC - analiz 40s sonra
01:41:29 INFO    [info] Yeni coin: FKY8u82qHV - analiz 40s sonra
01:41:32 INFO    [info] Yeni coin: 8g5BRnSqP5 - analiz 40s sonra
01:41:39 INFO    [info] Yeni coin: DN9jipi9Fv - analiz 40s sonra
01:41:43 INFO    [info] Yeni coin: 9ANyqmAXfZ - analiz 40s sonra
01:41:43 WARNING RPC hiz limiti (429) - RPC_RPS dusurun veya plani yukseltin
01:41:44 INFO    [info] Yeni coin: 9qUeS6p1vs - analiz 40s sonra
01:41:45 INFO    [info] Yeni coin: 9zpJuzK2jS - analiz 40s sonra
01:41:45 INFO    [info] Yeni coin: G4WbgrybQD - analiz 40s sonra
01:41:46 INFO    [info] Yeni coin: DMW688GX5n - analiz 40s sonra
01:41:47 INFO    [info] Yeni coin: ExsF6yVfRq - analiz 40s sonra
01:41:48 INFO    [info] Yeni coin: 9VxWgyEBP2 - analiz 40s sonra
01:41:48 INFO    [info] Yeni coin: 54yHgjwsHc - analiz 40s sonra
01:41:49 INFO    [info] Yeni coin: 2jKRdnG8PL - analiz 40s sonra
01:41:54 INFO    [info] Yeni coin: 8GjSWC9ur2 - analiz 40s sonra
01:41:59 INFO    [info] Yeni coin: FuLv43Z8ud - analiz 40s sonra
01:42:01 INFO    [info] Yeni coin: BqTT9cDk5n - analiz 40s sonra
01:42:07 INFO    [info] Yeni coin: Aixc6s8Z4g - analiz 40s sonra
01:42:07 WARNING RPC hiz limiti (429) - RPC_RPS dusurun veya plani yukseltin
01:42:13 INFO    [info] Yeni coin: 24wnWdyPGb - analiz 40s sonra
01:42:14 INFO    [info] Yeni coin: GC1K8N7Pup - analiz 40s sonra
01:42:19 INFO    [info] Yeni coin: 6xoNjjPDhL - analiz 40s sonra
01:42:28 WARNING RPC hiz limiti (429) - RPC_RPS dusurun veya plani yukseltin
01:42:30 INFO    [info] Yeni coin: 24H9tRcRt6 - analiz 40s sonra
01:42:33 INFO    [info] Yeni coin: 7bEwbzxCmS - analiz 40s sonra
01:42:35 INFO    [info] Yeni coin: JBD5AdxNou - analiz 40s sonra
01:42:36 INFO    [info] Yeni coin: 5TnB8DNK9o - analiz 40s sonra
01:42:36 INFO    [warn] Takip edilen cuzdan yok - once skorlayip takibe alin
01:42:38 INFO    [info] Yeni coin: ERReWP1ASG - analiz 40s sonra
01:42:42 INFO    [info] Yeni coin: 3D9BWfmqZ4 - analiz 40s sonra
01:42:43 INFO    [info] Yeni coin: 4kgQ2RAEYp - analiz 40s sonra
01:42:45 INFO    [info] Yeni coin: 3ubEGkkX5k - analiz 40s sonra
01:42:51 INFO    [info] Yeni coin: BHxJZkJZts - analiz 40s sonra
01:42:52 INFO    [info] Yeni coin: UBVjB6jZVd - analiz 40s sonra
01:42:52 INFO    [info] Yeni coin: 2EYofXQzHr - analiz 40s sonra
01:42:57 INFO    [info] Yeni coin: EkwiYpEbMj - analiz 40s sonra
01:43:02 WARNING RPC hiz limiti (429) - RPC_RPS dusurun veya plani yukseltin
01:43:02 INFO    [info] Yeni coin: 3sh9aqfiTM - analiz 40s sonra
01:43:05 INFO    [info] Yeni coin: 7zFBMYDFmv - analiz 40s sonra
01:43:11 INFO    [info] Yeni coin: D9JqhphtkD - analiz 40s sonra
01:43:12 INFO    [info] Yeni coin: HUBf3EQp8K - analiz 40s sonra
01:43:18 INFO    [info] Yeni coin: EQAteeXAR2 - analiz 40s sonra
01:43:21 INFO    [info] Yeni coin: 8vnGcv3Qne - analiz 40s sonra
01:43:31 INFO    [info] Yeni coin: Gx2jRWcHrT - analiz 40s sonra
01:43:37 WARNING RPC hiz limiti (429) - RPC_RPS dusurun veya plani yukseltin
01:43:40 INFO    [info] Yeni coin: CBab1Xothw - analiz 40s sonra
01:43:41 INFO    [info] Yeni coin: G45iogfmnJ - analiz 40s sonra
01:43:42 INFO    [info] Yeni coin: GhDW5eo3ow - analiz 40s sonra
01:43:46 INFO    [info] Yeni coin: 3SpmDxHbQA - analiz 40s sonra
01:43:49 INFO    [info] Yeni coin: BBKPjbTEsD - analiz 40s sonra
01:43:53 INFO    [info] Yeni coin: ABKNRxNWje - analiz 40s sonra
01:43:53 INFO    [info] Yeni coin: AZCcQkry2Q - analiz 40s sonra
01:43:53 INFO    [info] Yeni coin: 24wo2jV6Gk - analiz 40s sonra
01:43:54 INFO    [info] Yeni coin: 3U5AGugrnv - analiz 40s sonra
01:44:00 WARNING RPC hiz limiti (429) - RPC_RPS dusurun veya plani yukseltin
01:44:05 INFO    [info] Yeni coin: EH3sfGj1AC - analiz 40s sonra
01:44:23 INFO    [info] Yeni coin: Gg6jCSj9YL - analiz 40s sonra
01:44:25 INFO    [info] Yeni coin: GeGX2MHKTL - analiz 40s sonra
01:44:26 INFO    [info] Yeni coin: DcR9QCHM1G - analiz 40s sonra
01:44:35 INFO    [info] Yeni coin: CPSPgJkoA8 - analiz 40s sonra
01:44:36 WARNING RPC hiz limiti (429) - RPC_RPS dusurun veya plani yukseltin
01:44:36 INFO    [warn] Takip edilen cuzdan yok - once skorlayip takibe alin
01:44:37 INFO    [info] Yeni coin: 2s4kemx58N - analiz 40s sonra
01:44:39 INFO    [info] Yeni coin: 3FxiMpjvVr - analiz 40s sonra
01:44:49 INFO    [info] Yeni coin: FQWnrc1xfK - analiz 40s sonra
01:44:57 INFO    [info] Yeni coin: 75djhHgHMC - analiz 40s sonra
01:45:00 INFO    [info] Yeni coin: EhrvMhhhud - analiz 40s sonra
01:45:00 INFO    [info] Yeni coin: FXAD3iGoCS - analiz 40s sonra
01:45:04 INFO    [info] Yeni coin: FyK3JKn6TE - analiz 40s sonra
01:45:16 INFO    [info] Yeni coin: 2WPSqEbnoQ - analiz 40s sonra
01:45:16 WARNING RPC hiz limiti (429) - RPC_RPS dusurun veya plani yukseltin
01:45:20 INFO    [info] Yeni coin: 5ESp3euXD3 - analiz 40s sonra
01:45:27 INFO    [info] Yeni coin: BeTYdxKQJt - analiz 40s sonra
01:45:30 INFO    [info] Yeni coin: 2wU14Rt8PE - analiz 40s sonra
01:45:32 INFO    [info] Yeni coin: 2JFNgdK1qb - analiz 40s sonra
01:45:33 WARNING RPC hiz limiti (429) - RPC_RPS dusurun veya plani yukseltin
01:45:34 INFO    [info] Yeni coin: BxPZP8e5Ze - analiz 40s sonra
01:45:38 INFO    [info] Yeni coin: 46sbV1Ke2N - analiz 40s sonra
01:45:41 INFO    [info] Yeni coin: FurYsSirMS - analiz 40s sonra
01:45:41 INFO    [info] Yeni coin: B6ByxicB7q - analiz 40s sonra
01:45:42 INFO    [info] Yeni coin: 3tQhvPVJbZ - analiz 40s sonra
01:45:45 INFO    [info] Yeni coin: 7TW7bLeT45 - analiz 40s sonra
01:45:49 INFO    [info] Yeni coin: 9tzPLu4tMe - analiz 40s sonra
01:45:51 INFO    [info] Yeni coin: EYrAiSXk6p - analiz 40s sonra
01:45:56 WARNING RPC hiz limiti (429) - RPC_RPS dusurun veya plani yukseltin
01:45:56 INFO    [info] Yeni coin: 6jWeoCeriK - analiz 40s sonra
01:45:58 INFO    [info] Yeni coin: 8LKi6ymyM6 - analiz 40s sonra
01:45:59 INFO    [info] Yeni coin: AMXWhxvLad - analiz 40s sonra
01:46:01 INFO    [info] Yeni coin: 754yLVczSp - analiz 40s sonra
01:46:06 INFO    [info] Yeni coin: 29exSXxQkE - analiz 40s sonra
01:46:07 INFO    [info] Yeni coin: 5mqvTQm8K2 - analiz 40s sonra
01:46:15 INFO    [info] Yeni coin: 3vtYd1pUb7 - analiz 40s sonra
01:46:21 INFO    [info] Yeni coin: 7v5FcW85yL - analiz 40s sonra
01:46:30 INFO    [info] Yeni coin: Dm9tSgPjtH - analiz 40s sonra
01:46:36 INFO    [warn] Takip edilen cuzdan yok - once skorlayip takibe alin
01:46:37 INFO    [info] Yeni coin: 54xDHfuLHA - analiz 40s sonra
01:46:38 WARNING RPC hiz limiti (429) - RPC_RPS dusurun veya plani yukseltin
01:46:40 INFO    [info] Yeni coin: 6mmbgRjvN1 - analiz 40s sonra
01:46:43 INFO    [info] Yeni coin: 69kmwEjmds - analiz 40s sonra
01:46:49 INFO    [info] Yeni coin: HAjagun9T3 - analiz 40s sonra
01:46:49 INFO    [info] Yeni coin: 9yvnPGn7WY - analiz 40s sonra
01:46:54 INFO    [info] Yeni coin: 4tjBMGaWL9 - analiz 40s sonra
01:46:56 INFO    [info] Yeni coin: 7KH3wKn9x6 - analiz 40s sonra
01:47:01 INFO    [info] Yeni coin: Qntegg5Z7H - analiz 40s sonra
01:47:02 INFO    [info] Yeni coin: J4DoCy2rAz - analiz 40s sonra
01:47:04 INFO    [info] Yeni coin: 5omzmx3rtV - analiz 40s sonra
01:47:09 WARNING RPC hiz limiti (429) - RPC_RPS dusurun veya plani yukseltin
01:47:14 INFO    [info] Yeni coin: AbPjthJkTD - analiz 40s sonra
01:47:18 INFO    [info] Yeni coin: 4SsboBjsVV - analiz 40s sonra
01:47:20 INFO    [info] Yeni coin: 85VC4dyL8i - analiz 40s sonra
01:47:23 INFO    [info] Yeni coin: HHesMC3dQN - analiz 40s sonra
01:47:26 INFO    [info] Yeni coin: Hid4LzJR8z - analiz 40s sonra
01:47:26 INFO    [info] Yeni coin: 6vNRjezdLB - analiz 40s sonra
01:47:27 INFO    [info] Yeni coin: EF2KuEbenG - analiz 40s sonra
01:47:31 INFO    [info] Yeni coin: 4c47iB1nbZ - analiz 40s sonra
01:47:35 WARNING RPC hiz limiti (429) - RPC_RPS dusurun veya plani yukseltin
01:47:41 INFO    [info] Yeni coin: 2sm2iXY9c5 - analiz 40s sonra
01:47:42 INFO    [info] Yeni coin: EbFy1pAwbZ - analiz 40s sonra
01:47:43 INFO    [info] Yeni coin: 2kN9jLHFzh - analiz 40s sonra
01:47:48 INFO    [info] Yeni coin: GLJCfzPkwv - analiz 40s sonra
01:47:49 INFO    [info] Yeni coin: B4iq7WaJ1M - analiz 40s sonra
01:47:55 INFO    [info] Yeni coin: 42UfLbEojY - analiz 40s sonra
01:48:00 INFO    [info] Yeni coin: CXcP1Yjpfv - analiz 40s sonra
01:48:01 INFO    [info] Yeni coin: 8cxLHQvZJY - analiz 40s sonra
01:48:02 INFO    [info] Yeni coin: 8zm8T3f8uv - analiz 40s sonra
01:48:02 INFO    [info] Yeni coin: 3gRjJN7pKB - analiz 40s sonra
01:48:02 WARNING RPC hiz limiti (429) - RPC_RPS dusurun veya plani yukseltin
01:48:02 INFO    [info] Yeni coin: 3ANdZFdVww - analiz 40s sonra
01:48:03 INFO    [info] Yeni coin: 4drACrz8NQ - analiz 40s sonra
01:48:05 INFO    [info] Yeni coin: CiT1HJpEgb - analiz 40s sonra
01:48:05 INFO    [info] Yeni coin: 6T1Zg7sWsZ - analiz 40s sonra
01:48:06 INFO    [info] Yeni coin: BmiFhamViQ - analiz 40s sonra
01:48:06 INFO    [info] Yeni coin: EzZXwXUmBs - analiz 40s sonra
01:48:09 INFO    [info] Yeni coin: 6zAjEstU23 - analiz 40s sonra
01:48:10 INFO    [info] Yeni coin: BzJ5VFLjuD - analiz 40s sonra
01:48:11 INFO    [info] Yeni coin: 37mFpdARvh - analiz 40s sonra
01:48:11 INFO    [info] Yeni coin: 29JPW28bSr - analiz 40s sonra
01:48:14 INFO    [info] Yeni coin: FrofoSpP4Q - analiz 40s sonra
01:48:22 INFO    [info] Yeni coin: Hkci65ZfJv - analiz 40s sonra
01:48:27 INFO    [info] Yeni coin: DFekev22Bz - analiz 40s sonra
01:48:33 INFO    [info] Yeni coin: 9iRbbmxeK8 - analiz 40s sonra
01:48:36 INFO    [warn] Takip edilen cuzdan yok - once skorlayip takibe alin
01:48:40 INFO    [info] Yeni coin: D1EqjscqW6 - analiz 40s sonra
01:48:41 INFO    [info] Yeni coin: 6uuKDsMybS - analiz 40s sonra
01:48:41 INFO    [info] Yeni coin: A72wwvVcE1 - analiz 40s sonra
01:48:42 INFO    [info] Yeni coin: 2J3uPopXvs - analiz 40s sonra
01:48:45 INFO    [info] Yeni coin: AaYsQXkXdS - analiz 40s sonra
01:48:46 WARNING RPC hiz limiti (429) - RPC_RPS dusurun veya plani yukseltin
01:48:46 INFO    [info] Yeni coin: BLuVWH6X3W - analiz 40s sonra
01:48:54 INFO    [info] Yeni coin: 4GR7efDCDK - analiz 40s sonra
01:48:54 INFO    [info] Yeni coin: F76q2nopwz - analiz 40s sonra
01:49:00 INFO    [info] Yeni coin: AThf83cBoz - analiz 40s sonra
01:49:01 INFO    [info] Yeni coin: dCM7wBKqME - analiz 40s sonra
01:49:03 INFO    [info] Yeni coin: EV7j2ykjaL - analiz 40s sonra
01:49:03 INFO    [info] Yeni coin: BV9LiZCxqS - analiz 40s sonra
01:49:05 INFO    [info] Yeni coin: CC1kZ9jPJ4 - analiz 40s sonra
01:49:09 INFO    [info] Yeni coin: Gg2oJjhSjA - analiz 40s sonra
01:49:11 WARNING RPC hiz limiti (429) - RPC_RPS dusurun veya plani yukseltin
01:49:13 INFO    [info] Yeni coin: ERczyHN59Z - analiz 40s sonra
01:49:15 INFO    [info] Yeni coin: 24wp4YBQQy - analiz 40s sonra
01:49:17 INFO    [info] Yeni coin: A37mPqDXuz - analiz 40s sonra
01:49:18 INFO    [info] Yeni coin: HL7WMw6bvy - analiz 40s sonra
01:49:18 INFO    [info] Yeni coin: AwP2AE5xqP - analiz 40s sonra
01:49:22 INFO    [info] Yeni coin: DxmNtZcZXC - analiz 40s sonra
01:49:23 INFO    [info] Yeni coin: 7SFt8ecsiX - analiz 40s sonra
01:49:28 INFO    [info] Yeni coin: 6rXJs5nHvN - analiz 40s sonra
01:49:30 INFO    [info] Yeni coin: 8abrLrTWSo - analiz 40s sonra
01:49:31 INFO    [info] Yeni coin: 2itaLAi73r - analiz 40s sonra
01:49:32 INFO    [info] Yeni coin: Ad9Qxpa4Xb - analiz 40s sonra
01:49:32 WARNING RPC hiz limiti (429) - RPC_RPS dusurun veya plani yukseltin
01:49:44 INFO    [info] Yeni coin: 6TFHDsXsNv - analiz 40s sonra
01:49:46 INFO    [info] Yeni coin: 7GVkpRmM7g - analiz 40s sonra
01:49:47 INFO    [info] Yeni coin: 7mnz8tyQ8z - analiz 40s sonra
01:49:48 INFO    [info] Yeni coin: BorqazWEAn - analiz 40s sonra
01:49:49 INFO    [info] Yeni coin: CY3veAapEz - analiz 40s sonra
01:49:54 INFO    [info] Yeni coin: Hro2qF482k - analiz 40s sonra
01:49:56 INFO    [info] Yeni coin: A55LfvXZKe - analiz 40s sonra
01:49:58 WARNING RPC hiz limiti (429) - RPC_RPS dusurun veya plani yukseltin
01:49:58 INFO    [info] Yeni coin: 3934rCBDRi - analiz 40s sonra
01:50:05 INFO    [info] Yeni coin: A5uuN2BRb7 - analiz 40s sonra
01:50:08 INFO    [info] Yeni coin: 71PptXZG31 - analiz 40s sonra
01:50:12 INFO    [info] Yeni coin: AVY8Yeae8p - analiz 40s sonra
01:50:13 INFO    [info] Yeni coin: DiVAEsmRLp - analiz 40s sonra
01:50:14 INFO    [info] Yeni coin: RpBkU8EXLN - analiz 40s sonra
01:50:16 INFO    [info] Yeni coin: 6WXmqExmbG - analiz 40s sonra
01:50:17 INFO    [info] Yeni coin: H3yKdW8LTZ - analiz 40s sonra
01:50:18 INFO    [info] Yeni coin: 4VPTHescW3 - analiz 40s sonra
01:50:19 INFO    [info] Yeni coin: 5o5LdHEaui - analiz 40s sonra
01:50:21 INFO    [info] Yeni coin: ErJ3TRnkrk - analiz 40s sonra
01:50:33 INFO    [info] Yeni coin: Cv3HF9Xjx5 - analiz 40s sonra
01:50:36 INFO    [info] Yeni coin: 2ti2aSqjtx - analiz 40s sonra
01:50:36 INFO    [warn] Takip edilen cuzdan yok - once skorlayip takibe alin
01:50:37 INFO    [info] Yeni coin: HVmmf5fR7h - analiz 40s sonra
01:50:38 WARNING RPC hiz limiti (429) - RPC_RPS dusurun veya plani yukseltin
01:50:40 INFO    [info] Yeni coin: 8TGEQe3uxM - analiz 40s sonra
01:50:44 INFO    [info] Yeni coin: FNx3DZ8mBM - analiz 40s sonra
01:50:51 INFO    [info] Yeni coin: DD5YMcApuY - analiz 40s sonra
01:50:59 INFO    [info] Yeni coin: 7sTV8EG4KB - analiz 40s sonra
01:51:08 INFO    [info] Yeni coin: CfiRFELrsw - analiz 40s sonra
01:51:08 INFO    [info] Yeni coin: 95ttYTUEJq - analiz 40s sonra
01:51:11 WARNING RPC hiz limiti (429) - RPC_RPS dusurun veya plani yukseltin
01:51:13 INFO    [info] Yeni coin: Ebkh3yQi1r - analiz 40s sonra
01:51:15 INFO    [info] Yeni coin: 9Hwn4f8xkP - analiz 40s sonra
01:51:23 INFO    [info] Yeni coin: 24wpefRYPy - analiz 40s sonra
01:51:27 INFO    [info] Yeni coin: SEQeNTGCnd - analiz 40s sonra
01:51:29 INFO    [info] Yeni coin: AXiS84u64J - analiz 40s sonra
01:51:31 INFO    [info] Yeni coin: 4tgr6CWKXt - analiz 40s sonra
01:51:33 WARNING RPC hiz limiti (429) - RPC_RPS dusurun veya plani yukseltin
01:51:33 INFO    [info] Yeni coin: FUYhzt991V - analiz 40s sonra
01:51:36 INFO    [info] Yeni coin: HGvWmVhv1e - analiz 40s sonra
01:51:37 INFO    [info] Yeni coin: D8A2kRs5vK - analiz 40s sonra
01:51:42 INFO    [info] Yeni coin: 5R2USRkxM8 - analiz 40s sonra
01:51:45 INFO    [info] Yeni coin: AzNTQusnqF - analiz 40s sonra
01:51:45 INFO    [info] Yeni coin: J4WsHH9Zx3 - analiz 40s sonra
01:51:47 INFO    [info] Yeni coin: EBee798Vr3 - analiz 40s sonra
01:51:51 INFO    [info] Yeni coin: 444MDdMhJp - analiz 40s sonra
01:51:54 INFO    [info] Yeni coin: 9dHNGuMkYo - analiz 40s sonra
01:52:04 INFO    [info] Yeni coin: GdXGPDDxgz - analiz 40s sonra
01:52:06 INFO    [info] Yeni coin: Eg1jpfo969 - analiz 40s sonra
01:52:07 INFO    [info] Yeni coin: 3jvnonbvif - analiz 40s sonra
01:52:08 INFO    [info] Yeni coin: AstHMVprDM - analiz 40s sonra
01:52:12 WARNING RPC hiz limiti (429) - RPC_RPS dusurun veya plani yukseltin
01:52:14 INFO    [info] Yeni coin: BjVyYdKm91 - analiz 40s sonra
01:52:18 INFO    [info] Yeni coin: BEHgEkRxGT - analiz 40s sonra
01:52:22 INFO    [info] Yeni coin: 6K6omGhJvf - analiz 40s sonra
01:52:24 INFO    [info] Yeni coin: 33yqVPnJR6 - analiz 40s sonra
01:52:25 INFO    [info] Yeni coin: HFoUgPNLVN - analiz 40s sonra
01:52:26 INFO    [info] Yeni coin: EEDJppxgA9 - analiz 40s sonra
01:52:27 INFO    [info] Yeni coin: 3F2b98pyQw - analiz 40s sonra
01:52:28 INFO    [info] Yeni coin: FUoauDjiCZ - analiz 40s sonra
01:52:29 INFO    [info] Yeni coin: AezyxCE3f3 - analiz 40s sonra
01:52:29 WARNING RPC hiz limiti (429) - RPC_RPS dusurun veya plani yukseltin
01:52:29 INFO    [info] Yeni coin: hf4kuzwoNf - analiz 40s sonra
01:52:30 INFO    [info] Yeni coin: BHMaCTxqds - analiz 40s sonra
01:52:30 INFO    [info] Yeni coin: BqXxLDwfZe - analiz 40s sonra
01:52:30 INFO    [info] Yeni coin: 55ykALr8x7 - analiz 40s sonra
01:52:33 INFO    [info] Yeni coin: 4BSVvQFgKo - analiz 40s sonra
01:52:35 INFO    [info] Yeni coin: S1EcwTT9yc - analiz 40s sonra
01:52:36 INFO    [warn] Takip edilen cuzdan yok - once skorlayip takibe alin
01:52:44 INFO    [info] Yeni coin: 7wSDK8aJr8 - analiz 40s sonra
01:52:47 INFO    [info] Yeni coin: AJB3WJ6Xp8 - analiz 40s sonra
01:52:52 WARNING RPC hiz limiti (429) - RPC_RPS dusurun veya plani yukseltin
01:52:54 INFO    [info] Yeni coin: WZyqirEmzA - analiz 40s sonra
01:52:55 INFO    [info] Yeni coin: B4UQhQrbZp - analiz 40s sonra
01:52:58 INFO    [info] Yeni coin: FEtLeXThZ6 - analiz 40s sonra
01:52:58 INFO    [info] Yeni coin: F4crHp1dpv - analiz 40s sonra
01:52:59 INFO    [info] Yeni coin: BkBynqF4XF - analiz 40s sonra
01:53:02 INFO    [info] Yeni coin: GFVTm5yXmJ - analiz 40s sonra
01:53:03 INFO    [info] Yeni coin: 8y4tkSS8EG - analiz 40s sonra
01:53:03 INFO    [info] Yeni coin: 8yWkCkLrP3 - analiz 40s sonra
01:53:05 INFO    [info] Yeni coin: 3gDoARUoST - analiz 40s sonra
01:53:10 INFO    [info] Yeni coin: 6pCv516Ug5 - analiz 40s sonra
01:53:12 INFO    [info] Yeni coin: A3kB3rTe6H - analiz 40s sonra
01:53:13 INFO    [info] Yeni coin: FYsMV5ZLDR - analiz 40s sonra
01:53:19 WARNING RPC hiz limiti (429) - RPC_RPS dusurun veya plani yukseltin
01:53:23 INFO    [info] Yeni coin: 5NQSsmirru - analiz 40s sonra
01:53:31 INFO    [info] Yeni coin: 8NH8aBxLuo - analiz 40s sonra
01:53:33 INFO    [info] Yeni coin: GAXscxUh8q - analiz 40s sonra
01:53:37 INFO    [info] Yeni coin: BMnN2s2a42 - analiz 40s sonra
01:53:44 INFO    [info] Yeni coin: C2UGHC3ozK - analiz 40s sonra
01:53:46 INFO    [info] Yeni coin: 71hkxDvvT6 - analiz 40s sonra
01:53:46 WARNING RPC hiz limiti (429) - RPC_RPS dusurun veya plani yukseltin
01:53:49 INFO    [info] Yeni coin: 6i1wphsrmy - analiz 40s sonra
01:53:54 INFO    [info] Yeni coin: 24wqeVXwwe - analiz 40s sonra
01:54:03 INFO    [info] Yeni coin: CbTrM3D5bZ - analiz 40s sonra
01:54:05 INFO    [info] Yeni coin: GmtNKs1Udq - analiz 40s sonra
01:54:19 INFO    [info] Yeni coin: CazAiHc5z7 - analiz 40s sonra
01:54:20 INFO    [info] Yeni coin: 3jKNXMbSak - analiz 40s sonra
01:54:22 WARNING RPC hiz limiti (429) - RPC_RPS dusurun veya plani yukseltin
01:54:28 INFO    [info] Yeni coin: 6ZfWZSvgqn - analiz 40s sonra
01:54:29 INFO    [info] Yeni coin: F2Smz9ozH5 - analiz 40s sonra
01:54:30 INFO    [info] Yeni coin: CmN1v2Xk7k - analiz 40s sonra
01:54:36 INFO    [info] Yeni coin: A6MHxzvLNK - analiz 40s sonra
01:54:36 INFO    [warn] Takip edilen cuzdan yok - once skorlayip takibe alin
01:54:37 INFO    [info] Yeni coin: CsSE1UZ3ou - analiz 40s sonra
01:54:41 INFO    [info] Yeni coin: 5ZLyz7KnfT - analiz 40s sonra
01:54:41 INFO    [info] Yeni coin: 4r1mjP5KCV - analiz 40s sonra
01:54:42 INFO    [info] Yeni coin: BN6K4JUb8n - analiz 40s sonra
01:54:42 INFO    [info] Yeni coin: 5rva2sQofG - analiz 40s sonra
01:54:42 INFO    [info] Yeni coin: 8ghLzvEjiV - analiz 40s sonra
01:54:43 INFO    [info] Yeni coin: exRMPb5VSP - analiz 40s sonra
01:54:46 INFO    [info] Yeni coin: 5CHefspoTk - analiz 40s sonra
01:54:47 INFO    [info] Yeni coin: GjdhsggtVu - analiz 40s sonra
01:54:47 INFO    [info] Yeni coin: 4nSrdstaCw - analiz 40s sonra
01:54:49 INFO    [info] Yeni coin: 3mBPYzk8v2 - analiz 40s sonra
01:54:53 WARNING RPC hiz limiti (429) - RPC_RPS dusurun veya plani yukseltin
01:54:54 INFO    [info] Yeni coin: 8vorGyzqwH - analiz 40s sonra
01:54:58 INFO    [info] Yeni coin: 4FgshnNoFp - analiz 40s sonra
01:54:59 INFO    [info] Yeni coin: EeXfGwcspR - analiz 40s sonra
01:55:04 INFO    [info] Yeni coin: F3VxHs9A1o - analiz 40s sonra
01:55:08 INFO    [info] Yeni coin: 9rScEWJi34 - analiz 40s sonra
01:55:10 INFO    [info] Yeni coin: DqS6uhfNDR - analiz 40s sonra
01:55:13 INFO    [info] Yeni coin: E64FrvQMVQ - analiz 40s sonra
01:55:14 INFO    [info] Yeni coin: 2U6vh3DK5C - analiz 40s sonra
01:55:20 WARNING RPC hiz limiti (429) - RPC_RPS dusurun veya plani yukseltin
01:55:20 INFO    [info] Yeni coin: 8LRtCFtqJy - analiz 40s sonra
01:55:22 INFO    [info] Yeni coin: 64b5qfzL1h - analiz 40s sonra
01:55:22 INFO    [info] Yeni coin: 52sxFHMoNm - analiz 40s sonra
01:55:23 INFO    [info] Yeni coin: 2f5sbF9XfQ - analiz 40s sonra
01:55:25 INFO    [info] Yeni coin: GDJq918Fmp - analiz 40s sonra
01:55:26 INFO    [info] Yeni coin: 5XsciPaGzC - analiz 40s sonra
01:55:32 INFO    [info] Yeni coin: 3CRFg4VchS - analiz 40s sonra
01:55:34 INFO    [info] Yeni coin: HFxq8fXg3m - analiz 40s sonra
01:55:35 INFO    [info] Yeni coin: AjiVafGKTc - analiz 40s sonra
01:55:35 INFO    [info] Yeni coin: 6xeceZnPXd - analiz 40s sonra
01:55:36 INFO    [info] Yeni coin: HBcpDoDtk1 - analiz 40s sonra
01:55:36 INFO    [info] Yeni coin: GPom6qVfj2 - analiz 40s sonra
01:55:36 INFO    [info] Yeni coin: A5fVoFSUxH - analiz 40s sonra
01:55:37 INFO    [info] Yeni coin: 8KKQWZF7Y7 - analiz 40s sonra
01:55:37 INFO    [info] Yeni coin: 2pDRKJvFZr - analiz 40s sonra
01:55:37 INFO    [info] Yeni coin: 24wrEEdmr2 - analiz 40s sonra
01:55:37 INFO    [info] Yeni coin: B4pvZvAAeW - analiz 40s sonra
01:55:38 INFO    [info] Yeni coin: FnhtgkrnJB - analiz 40s sonra
01:55:39 INFO    [info] Yeni coin: Hq31UKFpPr - analiz 40s sonra
01:55:45 INFO    [info] Yeni coin: FgEMXHGDv9 - analiz 40s sonra
01:55:47 INFO    [info] Yeni coin: DFqrhw2b32 - analiz 40s sonra
01:55:49 WARNING RPC hiz limiti (429) - RPC_RPS dusurun veya plani yukseltin
01:55:52 INFO    [info] Yeni coin: 6KpTpJXDfx - analiz 40s sonra
01:55:53 INFO    [info] Yeni coin: BzAtM6svpC - analiz 40s sonra
01:55:54 INFO    [info] Yeni coin: FdpbvMpoeP - analiz 40s sonra
01:55:54 INFO    [info] Yeni coin: 6RExjc7mvX - analiz 40s sonra
01:55:54 INFO    [info] Yeni coin: 8aahQ7HRqZ - analiz 40s sonra
01:55:55 INFO    [info] Yeni coin: AZMMvKHBwT - analiz 40s sonra
01:55:55 INFO    [info] Yeni coin: 6gjpXJYhUm - analiz 40s sonra
01:55:57 INFO    [info] Yeni coin: 8QAdFeJh4J - analiz 40s sonra
01:55:57 INFO    [info] Yeni coin: 8xFJkiSMmY - analiz 40s sonra
01:55:58 INFO    [info] Yeni coin: 2HvwY1HzGe - analiz 40s sonra
01:55:59 INFO    [info] Yeni coin: 14jT2A7HNr - analiz 40s sonra
01:55:59 INFO    [info] Yeni coin: 9EWnd41hiS - analiz 40s sonra
01:56:00 INFO    [info] Yeni coin: 8E1LaJyXTm - analiz 40s sonra
01:56:01 INFO    [info] Yeni coin: CiTEi7dDQ7 - analiz 40s sonra
01:56:08 WARNING RPC hiz limiti (429) - RPC_RPS dusurun veya plani yukseltin
01:56:12 INFO    [info] Yeni coin: 6bcQEGbHcz - analiz 40s sonra
01:56:15 INFO    [info] Yeni coin: TXDfyZx5RM - analiz 40s sonra
01:56:15 INFO    [info] Yeni coin: FQxvx3oHiJ - analiz 40s sonra
01:56:16 INFO    [info] Yeni coin: CkgpJTVLF4 - analiz 40s sonra
01:56:18 INFO    [info] Yeni coin: FzkMccEDhH - analiz 40s sonra
01:56:19 INFO    [info] Yeni coin: RVHduPxJa6 - analiz 40s sonra
01:56:21 INFO    [info] Yeni coin: JCXWf7GQhC - analiz 40s sonra
01:56:23 INFO    [info] Yeni coin: 9uiPQS53U9 - analiz 40s sonra
01:56:29 INFO    [info] Yeni coin: 6fnatf8wfD - analiz 40s sonra
01:56:31 INFO    [info] Yeni coin: HXw4qcBizN - analiz 40s sonra
01:56:31 INFO    [info] Yeni coin: CqVfhLiWwb - analiz 40s sonra
01:56:35 INFO    [info] Yeni coin: CNqpBybmRw - analiz 40s sonra
01:56:36 WARNING RPC hiz limiti (429) - RPC_RPS dusurun veya plani yukseltin
01:56:36 INFO    [warn] Takip edilen cuzdan yok - once skorlayip takibe alin
01:56:37 INFO    [info] Yeni coin: GUZtgx78yN - analiz 40s sonra
01:56:42 INFO    [info] Yeni coin: 6y5jsvH9Qo - analiz 40s sonra
01:56:44 INFO    [info] Yeni coin: 7L578VU2it - analiz 40s sonra
01:56:46 INFO    [info] Yeni coin: 6dzDYN7wwb - analiz 40s sonra
01:56:52 INFO    [info] Yeni coin: F9zW2TbASa - analiz 40s sonra
01:56:53 INFO    [info] Yeni coin: sGRK97n7R8 - analiz 40s sonra
01:56:54 INFO    [info] Yeni coin: GDXEpKokdw - analiz 40s sonra
01:56:58 INFO    [info] Yeni coin: 5dABq7c7zM - analiz 40s sonra
01:57:01 INFO    [info] Yeni coin: 4X7ZGa8X1M - analiz 40s sonra
01:57:02 INFO    [info] Yeni coin: 4V2fDypnwa - analiz 40s sonra
01:57:02 INFO    [info] Yeni coin: 3MRzggsD5R - analiz 40s sonra
01:57:05 INFO    [info] Yeni coin: 9oDj66UKi5 - analiz 40s sonra
01:57:05 WARNING RPC hiz limiti (429) - RPC_RPS dusurun veya plani yukseltin
01:57:06 INFO    [info] Yeni coin: 82uxrwofHi - analiz 40s sonra
01:57:07 INFO    [info] Yeni coin: 6cME7p1YXx - analiz 40s sonra
01:57:10 INFO    [info] Yeni coin: D61MR2ES3e - analiz 40s sonra
01:57:15 INFO    [info] Yeni coin: edkD1oULVf - analiz 40s sonra
01:57:17 INFO    [info] Yeni coin: Dg49NV5pW6 - analiz 40s sonra
01:57:17 INFO    [info] Yeni coin: 8SZkT9ZGVS - analiz 40s sonra
01:57:17 INFO    [info] Yeni coin: 2vWhGj9mUY - analiz 40s sonra
01:57:17 INFO    [info] Yeni coin: FGHPiioMzj - analiz 40s sonra
01:57:17 INFO    [info] Yeni coin: FHnDHUn7bD - analiz 40s sonra
01:57:17 INFO    [info] Yeni coin: GdamBF93gb - analiz 40s sonra
01:57:18 INFO    [info] Yeni coin: FJ6eoBthXR - analiz 40s sonra
01:57:18 INFO    [info] Yeni coin: 27mrP88cNe - analiz 40s sonra
01:57:18 INFO    [info] Yeni coin: CnWAX9SxPv - analiz 40s sonra
01:57:19 INFO    [info] Yeni coin: 4VKdowg9pZ - analiz 40s sonra
01:57:19 INFO    [info] Yeni coin: 7uCJA5QVrY - analiz 40s sonra
01:57:21 INFO    [info] Yeni coin: 2k3nemZjWH - analiz 40s sonra
01:57:21 INFO    [info] Yeni coin: FJ3Di2En8y - analiz 40s sonra
01:57:24 INFO    [info] Yeni coin: 5TKnjmR2my - analiz 40s sonra
01:57:27 INFO    [info] Yeni coin: 92FbAiZrsc - analiz 40s sonra
01:57:28 INFO    [info] Yeni coin: 6ug8sDTSXf - analiz 40s sonra
01:57:29 INFO    [info] Yeni coin: 24ws5RYcGj - analiz 40s sonra
01:57:29 INFO    [info] Yeni coin: 5sh25Tvdka - analiz 40s sonra
01:57:30 INFO    [info] Yeni coin: 4zSdNuaQyT - analiz 40s sonra
01:57:32 INFO    [info] Yeni coin: BxKbgdJxHK - analiz 40s sonra
01:57:37 WARNING RPC hiz limiti (429) - RPC_RPS dusurun veya plani yukseltin
01:57:41 INFO    [info] Yeni coin: 4vRimAmTCj - analiz 40s sonra
01:57:45 INFO    [info] Yeni coin: 6Jo7XUjv28 - analiz 40s sonra
01:57:46 INFO    [info] Yeni coin: AJJh5AKW1X - analiz 40s sonra
01:57:48 INFO    [info] Yeni coin: HGRZXJwvTZ - analiz 40s sonra
01:57:49 INFO    [info] Yeni coin: 29psSDkQmR - analiz 40s sonra
01:57:49 INFO    [info] Yeni coin: 3VZnmn4USc - analiz 40s sonra
01:57:54 INFO    [info] Yeni coin: GoMZQ3XCF6 - analiz 40s sonra
01:57:55 INFO    [info] Yeni coin: Ecq2MoB9BR - analiz 40s sonra
01:57:56 INFO    [info] Yeni coin: 5kqmF2eY1j - analiz 40s sonra
01:57:58 INFO    [info] Yeni coin: DAj3NbQ3fb - analiz 40s sonra
01:58:02 INFO    [info] Yeni coin: Hrg42cxJE5 - analiz 40s sonra
01:58:03 INFO    [info] Yeni coin: Bwv8ZxCuoB - analiz 40s sonra
01:58:04 INFO    [info] Yeni coin: Gvo9JHmYiP - analiz 40s sonra
01:58:04 INFO    [info] Yeni coin: CNwxEdSSYV - analiz 40s sonra
01:58:05 INFO    [info] Yeni coin: 8Tx7SiCQzJ - analiz 40s sonra
01:58:07 WARNING RPC hiz limiti (429) - RPC_RPS dusurun veya plani yukseltin
01:58:07 INFO    [info] Yeni coin: BxNZYFYCh4 - analiz 40s sonra
01:58:07 INFO    [info] Yeni coin: 7Ta5yn9BWR - analiz 40s sonra
01:58:08 INFO    [info] Yeni coin: DNTQdrZocQ - analiz 40s sonra
01:58:16 INFO    [info] Yeni coin: BzxiA39v73 - analiz 40s sonra
01:58:16 INFO    [info] Yeni coin: 8TFhZFGPFd - analiz 40s sonra
01:58:16 INFO    [info] Yeni coin: DvXLD3ouMA - analiz 40s sonra
01:58:21 INFO    [info] Yeni coin: CUiUjWavRh - analiz 40s sonra
01:58:24 INFO    [info] Yeni coin: F19VbFY1PE - analiz 40s sonra
01:58:26 INFO    [info] Yeni coin: CKDqh2gSuB - analiz 40s sonra
01:58:27 INFO    [info] Yeni coin: kfqYpjAWe7 - analiz 40s sonra
01:58:29 INFO    [info] Yeni coin: FYxinScJnN - analiz 40s sonra
01:58:30 INFO    [info] Yeni coin: 8Rfnnq6Lx4 - analiz 40s sonra
01:58:30 INFO    [info] Yeni coin: 4wdRGHbsCT - analiz 40s sonra
01:58:34 INFO    [info] Yeni coin: E8RPijqg48 - analiz 40s sonra
01:58:35 INFO    [info] Yeni coin: 3DUTR391NP - analiz 40s sonra
01:58:36 INFO    [warn] Takip edilen cuzdan yok - once skorlayip takibe alin
01:58:37 INFO    [info] Yeni coin: 6ccJ6r16LH - analiz 40s sonra
01:58:39 INFO    [info] Yeni coin: 5xND34fwfn - analiz 40s sonra
01:58:40 INFO    [info] Yeni coin: 6obtpQupj5 - analiz 40s sonra
01:58:41 WARNING RPC hiz limiti (429) - RPC_RPS dusurun veya plani yukseltin
01:58:42 INFO    [info] Yeni coin: HvyKFGBX6M - analiz 40s sonra
01:58:43 INFO    [info] Yeni coin: 63DR9ZWzAQ - analiz 40s sonra
01:58:45 INFO    [info] Yeni coin: 5AfRcR6RgS - analiz 40s sonra
01:58:45 INFO    [info] Yeni coin: 4NHesnr11d - analiz 40s sonra
01:58:45 INFO    [info] Yeni coin: DkfdiMVrwy - analiz 40s sonra
01:58:47 INFO    [info] Yeni coin: G7QKiaDmfv - analiz 40s sonra
01:58:49 INFO    [info] Yeni coin: 4FSdrP64hn - analiz 40s sonra
01:58:54 INFO    [info] Yeni coin: CfGXsAnNGZ - analiz 40s sonra
01:58:56 INFO    [info] Yeni coin: CnPeMPjCsC - analiz 40s sonra
01:59:04 INFO    [info] Yeni coin: 9fP1PWVb3h - analiz 40s sonra
01:59:11 INFO    [info] Yeni coin: 8deGUSvMFq - analiz 40s sonra
01:59:12 INFO    [info] Yeni coin: 47rxK7G2yi - analiz 40s sonra
01:59:12 INFO    [info] Yeni coin: 89DSJ7chtW - analiz 40s sonra
01:59:13 INFO    [info] Yeni coin: DoeH9VkVFX - analiz 40s sonra
01:59:15 INFO    [info] Yeni coin: 5UVCMQsiuH - analiz 40s sonra
01:59:15 WARNING RPC hiz limiti (429) - RPC_RPS dusurun veya plani yukseltin
01:59:17 INFO    [info] Yeni coin: CXoAwF5jxe - analiz 40s sonra
01:59:17 INFO    [info] Yeni coin: 6dgagWgpej - analiz 40s sonra
01:59:17 INFO    [info] Yeni coin: 5F28RtDQAB - analiz 40s sonra
01:59:20 INFO    [info] Yeni coin: 24wsAbVWMq - analiz 40s sonra
01:59:21 INFO    [info] Yeni coin: 3VttyrjeTU - analiz 40s sonra
01:59:21 INFO    [info] Yeni coin: 21D2eYmU5C - analiz 40s sonra
01:59:26 INFO    [info] Yeni coin: 8N9eDnq7ny - analiz 40s sonra
01:59:27 INFO    [info] Yeni coin: F1kaTkFCKG - analiz 40s sonra
01:59:30 INFO    [info] Yeni coin: 8o9CuAzig6 - analiz 40s sonra
01:59:31 INFO    [info] Yeni coin: CsqMAofR8D - analiz 40s sonra
01:59:32 WARNING RPC hiz limiti (429) - RPC_RPS dusurun veya plani yukseltin
01:59:33 INFO    [info] Yeni coin: HMBBzx59AN - analiz 40s sonra
01:59:33 INFO    [info] Yeni coin: 2yz4Sfw3Xo - analiz 40s sonra
01:59:33 INFO    [info] Yeni coin: ArHcb49McR - analiz 40s sonra
01:59:39 INFO    [info] Yeni coin: 4VDXF33S22 - analiz 40s sonra
01:59:40 INFO    [info] Yeni coin: 4vyR67zGiT - analiz 40s sonra
01:59:44 INFO    [info] Yeni coin: DTp6t5SPYf - analiz 40s sonra
01:59:45 INFO    [info] Yeni coin: HemMPcMafU - analiz 40s sonra
01:59:45 INFO    [info] Yeni coin: 3P21jtykxr - analiz 40s sonra
01:59:48 INFO    [info] Yeni coin: qqovUAKpcJ - analiz 40s sonra
01:59:50 INFO    [info] Yeni coin: 6cguFTLzk3 - analiz 40s sonra
01:59:50 INFO    [info] Yeni coin: GZ6urVMgz4 - analiz 40s sonra
01:59:51 INFO    [info] Yeni coin: 7CMoEjMQeE - analiz 40s sonra
01:59:52 INFO    [info] Yeni coin: G1nwp8MHCS - analiz 40s sonra
01:59:52 INFO    [info] Yeni coin: 81hJECWMMX - analiz 40s sonra
01:59:52 INFO    [info] Yeni coin: 9rhPGn1WBG - analiz 40s sonra
01:59:53 WARNING RPC hiz limiti (429) - RPC_RPS dusurun veya plani yukseltin
01:59:53 INFO    [info] Yeni coin: 911EjfP5hf - analiz 40s sonra
01:59:54 INFO    [info] Yeni coin: Dm8gwuo89h - analiz 40s sonra
01:59:55 INFO    [info] Yeni coin: 92qM5zu21F - analiz 40s sonra
01:59:55 INFO    [info] Yeni coin: BTbDW27Z3Z - analiz 40s sonra
01:59:56 INFO    [info] Yeni coin: 5yLWH3syev - analiz 40s sonra
01:59:56 INFO    [info] Yeni coin: 4WNGcfGcm3 - analiz 40s sonra
01:59:57 INFO    [info] Yeni coin: F5MVCJmRjS - analiz 40s sonra
01:59:58 INFO    [info] Yeni coin: FX3t3Zgo18 - analiz 40s sonra
01:59:59 INFO    [info] Yeni coin: 5KQgYAX4kg - analiz 40s sonra
02:00:01 INFO    [info] Yeni coin: 8qpPqH5Ws3 - analiz 40s sonra
02:00:02 INFO    [info] Yeni coin: BgmZz3BN63 - analiz 40s sonra
02:00:04 INFO    [info] Yeni coin: Anes7o4sUw - analiz 40s sonra
02:00:07 INFO    [info] Yeni coin: 7BRGJMrMgc - analiz 40s sonra
02:00:08 INFO    [info] Yeni coin: 3TZx5KXoZD - analiz 40s sonra
02:00:11 INFO    [info] Yeni coin: AN2uiLscfJ - analiz 40s sonra
02:00:14 INFO    [info] Yeni coin: 9sMkujP8Z1 - analiz 40s sonra
02:00:15 WARNING RPC hiz limiti (429) - RPC_RPS dusurun veya plani yukseltin
02:00:25 INFO    [info] Yeni coin: BG3ZV1Excn - analiz 40s sonra
02:00:30 INFO    [info] Yeni coin: 6Z6ez3BgqK - analiz 40s sonra
02:00:31 INFO    [info] Yeni coin: 4ZMo4DqwFj - analiz 40s sonra
02:00:33 INFO    [info] Yeni coin: E8FZdsgu7a - analiz 40s sonra
02:00:33 INFO    [info] Yeni coin: 9Z1TqD5z9v - analiz 40s sonra
02:00:34 INFO    [info] Yeni coin: 8kJrA87NPb - analiz 40s sonra
02:00:36 INFO    [warn] Takip edilen cuzdan yok - once skorlayip takibe alin
02:00:37 INFO    [info] Yeni coin: BQX3SVBJrN - analiz 40s sonra
02:00:37 INFO    [info] Yeni coin: 9t6m5toNKQ - analiz 40s sonra
02:00:39 INFO    [info] Yeni coin: BakBUyrkE3 - analiz 40s sonra
02:00:41 WARNING RPC hiz limiti (429) - RPC_RPS dusurun veya plani yukseltin
02:00:43 INFO    [info] Yeni coin: DFLVWxX1h1 - analiz 40s sonra
02:00:44 INFO    [info] Yeni coin: CXiXPiitUk - analiz 40s sonra
02:00:46 INFO    [info] Yeni coin: YeeiPVephp - analiz 40s sonra
02:00:46 INFO    [info] Yeni coin: 8x4FHrgHG7 - analiz 40s sonra
02:00:48 INFO    [info] Yeni coin: Ea2UheoVRm - analiz 40s sonra
02:00:49 INFO    [info] Yeni coin: H4mSCKArh7 - analiz 40s sonra
02:00:51 INFO    [info] Yeni coin: AGBQn7Uh6m - analiz 40s sonra
02:00:57 INFO    [info] Yeni coin: Ejt2zrfEkL - analiz 40s sonra
02:00:59 INFO    [info] Yeni coin: H6JdMaVijN - analiz 40s sonra
02:01:02 WARNING RPC hiz limiti (429) - RPC_RPS dusurun veya plani yukseltin
02:01:02 INFO    [info] Yeni coin: uhsorXJPHm - analiz 40s sonra
02:01:03 INFO    [info] Yeni coin: F1pchEdYgB - analiz 40s sonra
02:01:08 INFO    [info] Yeni coin: 311uUG5CXX - analiz 40s sonra
02:01:11 INFO    [info] Yeni coin: 56tsuhSEfr - analiz 40s sonra
02:01:11 INFO    [info] Yeni coin: ByLaoJe7WJ - analiz 40s sonra
02:01:14 INFO    [info] Yeni coin: HSBsbSw7mU - analiz 40s sonra
02:01:20 INFO    [info] Yeni coin: GtDpkfx5Ln - analiz 40s sonra
02:01:24 INFO    [info] Yeni coin: EKqqRibaKq - analiz 40s sonra
02:01:26 INFO    [info] Yeni coin: DwBpSQcTTR - analiz 40s sonra
02:01:27 INFO    [info] Yeni coin: H11FLrLs72 - analiz 40s sonra
02:01:28 WARNING RPC hiz limiti (429) - RPC_RPS dusurun veya plani yukseltin
02:01:31 INFO    [info] Yeni coin: 9a3kg9ZF3p - analiz 40s sonra
02:01:32 INFO    [info] Yeni coin: E2fSvQi789 - analiz 40s sonra
02:01:37 INFO    [info] Yeni coin: 9A4BsEmovC - analiz 40s sonra
02:01:40 INFO    [info] Yeni coin: 8rd2hZFhnq - analiz 40s sonra
02:01:44 WARNING RPC hiz limiti (429) - RPC_RPS dusurun veya plani yukseltin
02:01:45 INFO    [info] Yeni coin: BVVYn93965 - analiz 40s sonra
02:01:45 INFO    [info] Yeni coin: 2TLptmfdUy - analiz 40s sonra
02:01:47 INFO    [info] Yeni coin: 52DsJjWeMo - analiz 40s sonra
02:01:51 INFO    [info] Yeni coin: BMFqY1mwap - analiz 40s sonra
02:01:51 INFO    [info] Yeni coin: B63LDnFhu3 - analiz 40s sonra
02:01:51 INFO    [info] Yeni coin: 7JfMM7aVs4 - analiz 40s sonra
02:01:54 INFO    [info] Yeni coin: E1g99vqTzH - analiz 40s sonra
02:01:54 INFO    [info] Yeni coin: CQ6NEDvbGc - analiz 40s sonra
02:01:55 INFO    [info] Yeni coin: 95CHWg6Dh3 - analiz 40s sonra
02:01:57 INFO    [info] Yeni coin: 7KH9j1XMhN - analiz 40s sonra
02:02:01 INFO    [info] Yeni coin: BxzwUbgaKw - analiz 40s sonra
02:02:02 INFO    [info] Yeni coin: Cwq721ihPm - analiz 40s sonra
02:02:03 INFO    [info] Yeni coin: DjemzC1Twf - analiz 40s sonra
02:02:05 INFO    [info] Yeni coin: CFXRoPPx2g - analiz 40s sonra
02:02:06 INFO    [info] Yeni coin: 91ywyWaWjG - analiz 40s sonra
02:02:06 INFO    [info] Yeni coin: 7KubBuUHRF - analiz 40s sonra
02:02:06 INFO    [info] Yeni coin: 48d9Ygvmor - analiz 40s sonra
02:02:07 INFO    [info] Yeni coin: 7PcvDtB26e - analiz 40s sonra
02:02:11 WARNING RPC hiz limiti (429) - RPC_RPS dusurun veya plani yukseltin
02:02:11 INFO    [info] Yeni coin: HBL5aPy877 - analiz 40s sonra
02:02:13 INFO    [info] Yeni coin: 4A68vpS8Nv - analiz 40s sonra
02:02:19 INFO    [info] Yeni coin: BUXdCzmofS - analiz 40s sonra
02:02:25 INFO    [info] Yeni coin: 5ctvkCvzxJ - analiz 40s sonra
02:02:25 INFO    [info] Yeni coin: 8p8wYKX9es - analiz 40s sonra
02:02:26 INFO    [info] Yeni coin: BmLJwrkN6b - analiz 40s sonra
02:02:26 INFO    [info] Yeni coin: DodPJmUjAV - analiz 40s sonra
02:02:26 INFO    [info] Yeni coin: 4q3YFeGRVM - analiz 40s sonra
02:02:26 INFO    [info] Yeni coin: HQQyv2P79u - analiz 40s sonra
02:02:27 INFO    [info] Yeni coin: DwUc1ExGpm - analiz 40s sonra
02:02:28 INFO    [info] Yeni coin: Hd9JDt7K9E - analiz 40s sonra
02:02:28 INFO    [info] Yeni coin: CotEZdRecb - analiz 40s sonra
02:02:28 INFO    [info] Yeni coin: Fwfu4Qxpch - analiz 40s sonra
02:02:29 INFO    [info] Yeni coin: 8oEtz2HABh - analiz 40s sonra
02:02:31 INFO    [info] Yeni coin: 4S8i794YqS - analiz 40s sonra
02:02:32 INFO    [info] Yeni coin: kqBzNwYwQQ - analiz 40s sonra
02:02:32 WARNING RPC hiz limiti (429) - RPC_RPS dusurun veya plani yukseltin
02:02:33 INFO    [info] Yeni coin: 9HJMewmZSF - analiz 40s sonra
02:02:33 INFO    [info] Yeni coin: 4yHFYkFR2F - analiz 40s sonra
02:02:36 INFO    [warn] Takip edilen cuzdan yok - once skorlayip takibe alin
02:02:37 INFO    [info] Yeni coin: EGpXopEGj2 - analiz 40s sonra
02:02:37 INFO    [info] Yeni coin: EqXTo2JjpS - analiz 40s sonra
02:02:39 INFO    [info] Yeni coin: CNSHdPF42N - analiz 40s sonra
02:02:42 INFO    [info] Yeni coin: BehqNUDraX - analiz 40s sonra
02:02:45 INFO    [info] Yeni coin: GKXQrbbALK - analiz 40s sonra
02:02:48 INFO    [info] Yeni coin: CeSxjQd7vq - analiz 40s sonra
02:02:48 INFO    [info] Yeni coin: EX1LY4jCqR - analiz 40s sonra
02:02:49 INFO    [info] Yeni coin: E4n3vU3UQS - analiz 40s sonra
02:02:49 INFO    [info] Yeni coin: 2WrZikfSBq - analiz 40s sonra
02:02:49 INFO    [info] Yeni coin: 3cLokNy1FP - analiz 40s sonra
02:02:52 INFO    [info] Yeni coin: 8NkxC5gL8D - analiz 40s sonra
02:02:53 INFO    [info] Yeni coin: 2mweMpow9n - analiz 40s sonra
02:02:54 INFO    [info] Yeni coin: AGW3ChJ2E4 - analiz 40s sonra
02:02:56 WARNING RPC hiz limiti (429) - RPC_RPS dusurun veya plani yukseltin
02:02:57 INFO    [info] Yeni coin: 7p9nM55W6b - analiz 40s sonra
02:02:59 INFO    [info] Yeni coin: Ey3a3Q6fGp - analiz 40s sonra
02:03:00 INFO    [info] Yeni coin: HQfUy12vQ2 - analiz 40s sonra
02:03:00 INFO    [info] Yeni coin: FBFiHw2zdy - analiz 40s sonra
02:03:01 INFO    [info] Yeni coin: AkDj37QhU2 - analiz 40s sonra
02:03:01 INFO    [info] Yeni coin: 2KPM3PDnwH - analiz 40s sonra
02:03:02 INFO    [info] Yeni coin: kCeAyrAg7f - analiz 40s sonra
02:03:03 INFO    [info] Yeni coin: Cw6aEry1XJ - analiz 40s sonra
02:03:03 INFO    [info] Yeni coin: 8dnEZiFFuP - analiz 40s sonra
02:03:03 INFO    [info] Yeni coin: 5zGtpur5be - analiz 40s sonra
02:03:04 INFO    [info] Yeni coin: 85DPi1vwgs - analiz 40s sonra
02:03:04 INFO    [info] Yeni coin: 7ze2Vzxzix - analiz 40s sonra
02:03:08 INFO    [info] Yeni coin: 9rM38PmicG - analiz 40s sonra
02:03:08 INFO    [info] Yeni coin: DoamLC6pRi - analiz 40s sonra
02:03:08 INFO    [info] Yeni coin: 2jZGCZwm4f - analiz 40s sonra
02:03:09 INFO    [info] Yeni coin: FeCjyz92gV - analiz 40s sonra
02:03:10 INFO    [info] Yeni coin: 9zjRYWx9LZ - analiz 40s sonra
02:03:11 INFO    [info] Yeni coin: 7UfbyBr2rE - analiz 40s sonra
02:03:13 INFO    [info] Yeni coin: DtTBKbH3to - analiz 40s sonra
02:03:15 INFO    [info] Yeni coin: 2rVh9wy33P - analiz 40s sonra
02:03:17 INFO    [info] Yeni coin: H99BGaqdQk - analiz 40s sonra
02:03:18 INFO    [info] Yeni coin: 5xZsup9dNA - analiz 40s sonra
02:03:19 INFO    [info] Yeni coin: 8Ei8H1LJa4 - analiz 40s sonra
02:03:19 WARNING RPC hiz limiti (429) - RPC_RPS dusurun veya plani yukseltin
02:03:20 INFO    [info] Yeni coin: 4wNm7mnw92 - analiz 40s sonra
02:03:24 INFO    [info] Yeni coin: 3fuSpWRR8c - analiz 40s sonra
02:03:35 INFO    [info] Yeni coin: BsXMQnbSH2 - analiz 40s sonra
02:03:35 INFO    [info] Yeni coin: 5XiSSGBFiN - analiz 40s sonra
02:03:36 INFO    [info] Yeni coin: 2er3K15BJf - analiz 40s sonra
02:03:39 INFO    [info] Yeni coin: 3TLSwdXzSy - analiz 40s sonra
02:03:39 INFO    [info] Yeni coin: AhoFbYswQv - analiz 40s sonra
02:03:41 INFO    [info] Yeni coin: 4zLtwafTgk - analiz 40s sonra
02:03:42 INFO    [info] Yeni coin: 7QCVzozDyh - analiz 40s sonra
02:03:43 INFO    [info] Yeni coin: 4eR15wVZuE - analiz 40s sonra
02:03:45 INFO    [info] Yeni coin: 2NmTiaV9zT - analiz 40s sonra
02:03:47 INFO    [info] Yeni coin: GQKGMdNs6H - analiz 40s sonra
02:03:48 INFO    [info] Yeni coin: H69i9JJZ6n - analiz 40s sonra
02:03:49 INFO    [info] Yeni coin: 81PwbBUEkU - analiz 40s sonra
02:03:49 INFO    [info] Yeni coin: 2oQLH9xvB4 - analiz 40s sonra
02:03:50 WARNING RPC hiz limiti (429) - RPC_RPS dusurun veya plani yukseltin
02:03:51 INFO    [info] Yeni coin: EDcqTUR188 - analiz 40s sonra
02:03:52 INFO    [info] Yeni coin: 2KGFsJpD1k - analiz 40s sonra
02:03:52 INFO    [info] Yeni coin: 2e6LhNQYVc - analiz 40s sonra
02:03:54 INFO    [info] Yeni coin: H257BQK5uk - analiz 40s sonra
02:03:55 INFO    [info] Yeni coin: 2CeZd4qMPm - analiz 40s sonra
02:03:56 INFO    [info] Yeni coin: b3Eg5q1ms3 - analiz 40s sonra
02:03:56 INFO    [info] Yeni coin: 87vaK6bfR6 - analiz 40s sonra
02:03:57 INFO    [info] Yeni coin: BtyNYEE3qF - analiz 40s sonra
02:04:08 INFO    [info] Yeni coin: 6qZi5mX5xB - analiz 40s sonra
02:04:08 INFO    [info] Yeni coin: HNk7P7HjTU - analiz 40s sonra
02:04:08 INFO    [info] Yeni coin: AYJHhrQm19 - analiz 40s sonra
02:04:10 INFO    [info] Yeni coin: 21gtNtxyQB - analiz 40s sonra
02:04:11 WARNING RPC hiz limiti (429) - RPC_RPS dusurun veya plani yukseltin
02:04:14 INFO    [info] Yeni coin: 24wsPjkBts - analiz 40s sonra
02:04:15 INFO    [info] Yeni coin: 5N838C6vHH - analiz 40s sonra
02:04:15 INFO    [info] Yeni coin: 2medgPm5Fg - analiz 40s sonra
02:04:22 INFO    [info] Yeni coin: CZWgMBXvdy - analiz 40s sonra
02:04:24 INFO    [info] Yeni coin: FBkE2PwUjD - analiz 40s sonra
02:04:35 INFO    [info] Yeni coin: FZqt4CRSZh - analiz 40s sonra
02:04:36 INFO    [info] Yeni coin: 5NRjgsi6vV - analiz 40s sonra
02:04:37 INFO    [warn] Takip edilen cuzdan yok - once skorlayip takibe alin
02:04:40 INFO    [info] Yeni coin: 9397R3uEud - analiz 40s sonra
02:04:41 INFO    [info] Yeni coin: jitodontfr - analiz 40s sonra
02:04:41 WARNING RPC hiz limiti (429) - RPC_RPS dusurun veya plani yukseltin
02:04:41 INFO    [info] Yeni coin: Hm82jbFjm2 - analiz 40s sonra
02:04:44 INFO    [info] Yeni coin: 63CAANFtmg - analiz 40s sonra
02:04:44 INFO    [info] Yeni coin: GLY8osNHjv - analiz 40s sonra
02:04:45 INFO    [info] Yeni coin: DoYF88798B - analiz 40s sonra
02:04:46 INFO    [info] Yeni coin: HtjieU9tSH - analiz 40s sonra
02:04:51 INFO    [info] Yeni coin: 2ZfDqQGL4w - analiz 40s sonra
02:04:54 INFO    [info] Yeni coin: 2RPdZm3ehT - analiz 40s sonra
02:04:56 INFO    [info] Yeni coin: 6saUbLVVHD - analiz 40s sonra
02:04:58 INFO    [info] Yeni coin: 8LbRG9kzY6 - analiz 40s sonra
02:05:01 INFO    [info] Yeni coin: 65AQQwBiMx - analiz 40s sonra
02:05:01 INFO    [info] Yeni coin: HUkiL1tQ6t - analiz 40s sonra
02:05:01 INFO    [info] Yeni coin: F3NHrcissH - analiz 40s sonra
02:05:04 WARNING RPC hiz limiti (429) - RPC_RPS dusurun veya plani yukseltin
02:05:05 INFO    [info] Yeni coin: DmuqgM85gF - analiz 40s sonra
02:05:08 INFO    [info] Yeni coin: 7ASmYQJquT - analiz 40s sonra
02:05:08 INFO    [info] Yeni coin: HMwgqPFwo1 - analiz 40s sonra
02:05:09 INFO    [info] Yeni coin: FDt65GBLjX - analiz 40s sonra
02:05:10 INFO    [info] Yeni coin: 97ECAsAwBL - analiz 40s sonra
02:05:11 INFO    [info] Yeni coin: DHmvTv1S8x - analiz 40s sonra
02:05:11 INFO    [info] Yeni coin: ExEZStdjQC - analiz 40s sonra
02:05:12 INFO    [info] Yeni coin: AJbf2CTw49 - analiz 40s sonra
02:05:13 INFO    [info] Yeni coin: HTfwMY5JeJ - analiz 40s sonra
02:05:14 INFO    [info] Yeni coin: GALmWf4xRp - analiz 40s sonra
02:05:15 INFO    [info] Yeni coin: 9jSTqaJP2u - analiz 40s sonra
02:05:15 INFO    [info] Yeni coin: 8VuwA9bbAc - analiz 40s sonra
02:05:15 INFO    [info] Yeni coin: Hbs4roHbAc - analiz 40s sonra
02:05:16 INFO    [info] Yeni coin: 2BwNa8KiPX - analiz 40s sonra
02:05:19 INFO    [info] Yeni coin: FicN26AHZH - analiz 40s sonra
02:05:20 INFO    [info] Yeni coin: 4xWhwYRJNe - analiz 40s sonra
02:05:21 INFO    [info] Yeni coin: 2te2jfvTu4 - analiz 40s sonra
02:05:22 WARNING RPC hiz limiti (429) - RPC_RPS dusurun veya plani yukseltin
02:05:23 INFO    [info] Yeni coin: 2rfBBTZGvd - analiz 40s sonra
02:05:24 INFO    [info] Yeni coin: 83FtAqq1uD - analiz 40s sonra
02:05:28 INFO    [info] Yeni coin: 7HGV9Ze2gS - analiz 40s sonra
02:05:28 INFO    [info] Yeni coin: EMuSRdk5ag - analiz 40s sonra
02:05:29 INFO    [info] Yeni coin: 8c3M6Gn1ca - analiz 40s sonra
02:05:30 INFO    [info] Yeni coin: 3C6mncQpxw - analiz 40s sonra
02:05:31 INFO    [info] Yeni coin: Cst5ZZsC6H - analiz 40s sonra
02:05:31 INFO    [info] Yeni coin: 7p37NjJBUk - analiz 40s sonra
02:05:31 INFO    [info] Yeni coin: BsBpWGoauM - analiz 40s sonra
02:05:32 INFO    [info] Yeni coin: JW36dbFsh9 - analiz 40s sonra
02:05:39 INFO    [info] Yeni coin: C3Evwgy3Uw - analiz 40s sonra
02:05:40 INFO    [info] Yeni coin: 5wcPHxwbyJ - analiz 40s sonra
02:05:45 INFO    [info] Yeni coin: 3Xvx5SxeV6 - analiz 40s sonra
02:05:45 INFO    [info] Yeni coin: boRToA8X1h - analiz 40s sonra
02:05:47 INFO    [info] Yeni coin: EQkK66B8uA - analiz 40s sonra
02:05:47 INFO    [info] Yeni coin: 6DJ9hFJXJq - analiz 40s sonra
02:05:47 INFO    [info] Yeni coin: 3AdGMb2nWq - analiz 40s sonra
02:05:48 WARNING RPC hiz limiti (429) - RPC_RPS dusurun veya plani yukseltin
02:05:48 INFO    [info] Yeni coin: 9mHGSVJUeo - analiz 40s sonra
02:05:49 INFO    [info] Yeni coin: 3eA9rUvnFH - analiz 40s sonra
02:05:50 INFO    [info] Yeni coin: 5f2w9cs47c - analiz 40s sonra
02:06:04 INFO    [info] Yeni coin: XSLK7tQRvi - analiz 40s sonra
02:06:04 INFO    [info] Yeni coin: 7vfKZ1fbWa - analiz 40s sonra
02:06:05 INFO    [info] Yeni coin: Br1Bvq9M3N - analiz 40s sonra
02:06:06 INFO    [info] Yeni coin: 5UNyNUymuW - analiz 40s sonra
02:06:07 INFO    [info] Yeni coin: 36hkiLWhhA - analiz 40s sonra
02:06:09 INFO    [info] Yeni coin: 6MhkTe52ZQ - analiz 40s sonra
02:06:11 INFO    [info] Yeni coin: 3ZrMx5Awx4 - analiz 40s sonra
02:06:11 WARNING RPC hiz limiti (429) - RPC_RPS dusurun veya plani yukseltin
02:06:12 INFO    [info] Yeni coin: Fi8TcXoC7q - analiz 40s sonra
02:06:16 INFO    [info] Yeni coin: 2dpFjsUCDA - analiz 40s sonra
02:06:17 INFO    [info] Yeni coin: CQfi6cG3ju - analiz 40s sonra
02:06:17 INFO    [info] Yeni coin: 4r85UcMVJK - analiz 40s sonra
02:06:20 INFO    [info] Yeni coin: zCvwMkcb3G - analiz 40s sonra
02:06:20 INFO    [info] Yeni coin: 7uYLGQja7z - analiz 40s sonra
02:06:20 INFO    [info] Yeni coin: 7S3tsKUEsQ - analiz 40s sonra
02:06:21 INFO    [info] Yeni coin: 5YC2SfS68f - analiz 40s sonra
02:06:21 INFO    [info] Yeni coin: oN5surosT4 - analiz 40s sonra
02:06:21 INFO    [info] Yeni coin: B1Vk29ncFE - analiz 40s sonra
02:06:22 INFO    [info] Yeni coin: 3SoVRz4yq2 - analiz 40s sonra
02:06:22 INFO    [info] Yeni coin: AgYqxukeRr - analiz 40s sonra
02:06:34 INFO    [info] Yeni coin: DRjPJKtqbV - analiz 40s sonra
02:06:34 INFO    [info] Yeni coin: 4e7tSCKhah - analiz 40s sonra
02:06:34 INFO    [info] Yeni coin: APQoedRLHq - analiz 40s sonra
02:06:34 INFO    [info] Yeni coin: DMY6dwYjyp - analiz 40s sonra
02:06:34 INFO    [info] Yeni coin: BoYKVXqSFt - analiz 40s sonra
02:06:35 INFO    [info] Yeni coin: FZoRM2Kzpa - analiz 40s sonra
02:06:35 INFO    [info] Yeni coin: 9nQpXG4NFw - analiz 40s sonra
02:06:36 INFO    [info] Yeni coin: 49DyAxw1TP - analiz 40s sonra
02:06:36 INFO    [info] Yeni coin: GDP4ni6kuJ - analiz 40s sonra
02:06:36 INFO    [info] Yeni coin: 4a7F6DjeXY - analiz 40s sonra
02:06:37 INFO    [warn] Takip edilen cuzdan yok - once skorlayip takibe alin
02:06:37 INFO    [info] Yeni coin: 2dg78ddMSG - analiz 40s sonra
02:06:37 INFO    [info] Yeni coin: 4VuHcLN757 - analiz 40s sonra
02:06:37 INFO    [info] Yeni coin: 8hAr2uiw1x - analiz 40s sonra
02:06:38 INFO    [info] Yeni coin: A8T6BmTvdf - analiz 40s sonra
02:06:38 WARNING RPC hiz limiti (429) - RPC_RPS dusurun veya plani yukseltin
02:06:39 INFO    [info] Yeni coin: DtiMdaLyGr - analiz 40s sonra
02:06:39 INFO    [info] Yeni coin: 6gfUKKC26m - analiz 40s sonra
02:06:43 INFO    [info] Yeni coin: 6Mb2LjntjN - analiz 40s sonra
02:06:43 INFO    [info] Yeni coin: 9ULWKkSTJQ - analiz 40s sonra
02:06:45 INFO    [info] Yeni coin: CuSzFjVWWS - analiz 40s sonra
02:06:47 INFO    [info] Yeni coin: AdWdA94KVk - analiz 40s sonra
02:06:47 INFO    [info] Yeni coin: 9tZeQfS6Vt - analiz 40s sonra
02:06:47 INFO    [info] Yeni coin: D3dK6eRkVY - analiz 40s sonra
02:06:50 INFO    [info] Yeni coin: 8T2w6nyin2 - analiz 40s sonra
02:06:50 INFO    [info] Yeni coin: buBfPXyfxN - analiz 40s sonra
02:06:52 INFO    [info] Yeni coin: AN6x9fj3Nt - analiz 40s sonra
02:06:52 INFO    [info] Yeni coin: CddTVmakkp - analiz 40s sonra
02:06:54 INFO    [info] Yeni coin: F3JUhvxH8U - analiz 40s sonra
02:06:59 INFO    [info] Yeni coin: HrgCCWxMcL - analiz 40s sonra
02:06:59 INFO    [info] Yeni coin: 32cZS9sCFX - analiz 40s sonra
02:06:59 INFO    [info] Yeni coin: 2jGQNYLuKN - analiz 40s sonra
02:06:59 INFO    [info] Yeni coin: XepKnwdVHJ - analiz 40s sonra
02:07:00 INFO    [info] Yeni coin: 2ZHJbjLzpR - analiz 40s sonra
02:07:00 INFO    [info] Yeni coin: 2Uxk1mzzAB - analiz 40s sonra
02:07:00 WARNING RPC hiz limiti (429) - RPC_RPS dusurun veya plani yukseltin
02:07:01 INFO    [info] Yeni coin: GbrQzjLndC - analiz 40s sonra
02:07:14 INFO    [info] Yeni coin: 4ByZEDNoSF - analiz 40s sonra
02:07:14 INFO    [info] Yeni coin: GNoDfe4Vnr - analiz 40s sonra
02:07:18 INFO    [info] Yeni coin: EPjFWdd5Au - analiz 40s sonra
02:07:23 INFO    [info] Yeni coin: ETtqn1oepQ - analiz 40s sonra
02:07:30 INFO    [info] Yeni coin: Y1kE89Zoc7 - analiz 40s sonra
02:07:31 INFO    [info] Yeni coin: DZAkAaxz2L - analiz 40s sonra
02:07:31 INFO    [info] Yeni coin: 6PXfitcXzY - analiz 40s sonra
02:07:32 INFO    [info] Yeni coin: ExZnXXP7ck - analiz 40s sonra
02:07:34 INFO    [info] Yeni coin: 6PTsEkcff5 - analiz 40s sonra
02:07:36 INFO    [info] Yeni coin: 7kETdvmDXF - analiz 40s sonra
02:07:37 INFO    [info] Yeni coin: 3w9vj6DnvE - analiz 40s sonra
02:07:39 INFO    [info] Yeni coin: 5GHN5Jhesp - analiz 40s sonra
02:07:39 WARNING RPC hiz limiti (429) - RPC_RPS dusurun veya plani yukseltin
02:07:43 INFO    [info] Yeni coin: CTs8R7NA4g - analiz 40s sonra
02:07:45 INFO    [info] Yeni coin: 8Yg3HuXUUB - analiz 40s sonra
02:07:46 INFO    [info] Yeni coin: 9PxXPpyuED - analiz 40s sonra
02:07:46 INFO    [info] Yeni coin: 2ZXwpYXvUt - analiz 40s sonra
02:07:48 INFO    [info] Yeni coin: B8zvA2Z8u6 - analiz 40s sonra
02:07:48 INFO    [info] Yeni coin: 6DYm6jXhqu - analiz 40s sonra
02:07:49 INFO    [info] Yeni coin: DDXcywXCHX - analiz 40s sonra
02:07:58 INFO    [info] Yeni coin: 9NTeD8KUyt - analiz 40s sonra
02:07:59 INFO    [info] Yeni coin: GicudoAsV7 - analiz 40s sonra
02:08:01 INFO    [info] Yeni coin: 92wyTeMgex - analiz 40s sonra
02:08:05 WARNING RPC hiz limiti (429) - RPC_RPS dusurun veya plani yukseltin
02:08:06 INFO    [info] Yeni coin: LwGAThy1wK - analiz 40s sonra
02:08:06 INFO    [info] Yeni coin: DqnXSvMfMq - analiz 40s sonra
02:08:08 INFO    [info] Yeni coin: Ce5EcGpTEf - analiz 40s sonra
02:08:08 INFO    [info] Yeni coin: 2V9A5rvBQU - analiz 40s sonra
02:08:09 INFO    [info] Yeni coin: 9TiGefcjr7 - analiz 40s sonra
02:08:09 INFO    [info] Yeni coin: 8deGPA9APT - analiz 40s sonra
02:08:09 INFO    [info] Yeni coin: 5qSaerk6N4 - analiz 40s sonra
02:08:09 INFO    [info] Yeni coin: 7jnnt7es9E - analiz 40s sonra
02:08:10 INFO    [info] Yeni coin: C6EYsTu7Nm - analiz 40s sonra
02:08:10 INFO    [info] Yeni coin: 8ohh1juGKQ - analiz 40s sonra
02:08:11 INFO    [info] Yeni coin: HDjdSyCmpL - analiz 40s sonra
02:08:11 INFO    [info] Yeni coin: 6Bpkh3f691 - analiz 40s sonra
02:08:11 INFO    [info] Yeni coin: GEnimAkb4J - analiz 40s sonra
02:08:12 INFO    [info] Yeni coin: 7FwDXt1v7M - analiz 40s sonra
02:08:12 INFO    [info] Yeni coin: 8jBKzLbxX2 - analiz 40s sonra
02:08:13 INFO    [info] Yeni coin: 85bRX66T5J - analiz 40s sonra
02:08:14 INFO    [info] Yeni coin: Df29sCUPae - analiz 40s sonra
02:08:15 INFO    [info] Yeni coin: C2nKpMrXf7 - analiz 40s sonra
02:08:15 INFO    [info] Yeni coin: 6tBchYxJir - analiz 40s sonra
02:08:16 INFO    [info] Yeni coin: 8X2QGC3W7o - analiz 40s sonra
02:08:16 INFO    [info] Yeni coin: 49TEPJ5ZeH - analiz 40s sonra
02:08:17 INFO    [info] Yeni coin: ADSpJqmftr - analiz 40s sonra
02:08:17 INFO    [info] Yeni coin: B9M2dpnTfu - analiz 40s sonra
02:08:18 INFO    [info] Yeni coin: 3BeEK6iykC - analiz 40s sonra
02:08:19 INFO    [info] Yeni coin: DkqSqRmpLQ - analiz 40s sonra
02:08:23 INFO    [info] Yeni coin: AFQTNdF8ci - analiz 40s sonra
02:08:24 INFO    [info] Yeni coin: 4Z6NJemzt3 - analiz 40s sonra
02:08:25 INFO    [info] Yeni coin: d6Ls7s4Gon - analiz 40s sonra
02:08:25 WARNING RPC hiz limiti (429) - RPC_RPS dusurun veya plani yukseltin
02:08:28 INFO    [info] Yeni coin: G9bc8bge6T - analiz 40s sonra
02:08:30 INFO    [info] Yeni coin: 7fkNoXuiUq - analiz 40s sonra
02:08:31 INFO    [info] Yeni coin: EUUcxuYUkf - analiz 40s sonra
02:08:34 INFO    [info] Yeni coin: 2ouButTygz - analiz 40s sonra
02:08:35 INFO    [info] Yeni coin: 87deKg4mHw - analiz 40s sonra
02:08:37 INFO    [warn] Takip edilen cuzdan yok - once skorlayip takibe alin
02:08:38 INFO    [info] Yeni coin: EK5mfwo9ZP - analiz 40s sonra
02:08:42 INFO    [info] Yeni coin: CqzaandJEU - analiz 40s sonra
02:08:42 INFO    [info] Yeni coin: CcJacgZcis - analiz 40s sonra
02:08:42 INFO    [info] Yeni coin: 7Cb395PMk1 - analiz 40s sonra
02:08:45 INFO    [info] Yeni coin: G4Xh828yTa - analiz 40s sonra
02:08:46 INFO    [info] Yeni coin: 7LepGSmMib - analiz 40s sonra
02:08:48 INFO    [info] Yeni coin: GYvPcFC6aE - analiz 40s sonra
02:08:49 INFO    [info] Yeni coin: DMV4jJNPbP - analiz 40s sonra
02:08:51 INFO    [info] Yeni coin: 2oPuxUiQpS - analiz 40s sonra
02:08:52 INFO    [info] Yeni coin: 6qLk21WWuE - analiz 40s sonra
02:08:53 INFO    [info] Yeni coin: 3QtvF8GrFY - analiz 40s sonra
02:08:53 INFO    [info] Yeni coin: 5us1aLkgcL - analiz 40s sonra
02:08:53 INFO    [info] Yeni coin: 7m3ebCnQhu - analiz 40s sonra
02:08:55 INFO    [info] Yeni coin: 7NLgWZ77fB - analiz 40s sonra
02:08:55 INFO    [info] Yeni coin: 2SrSLbgjet - analiz 40s sonra
02:08:56 WARNING RPC hiz limiti (429) - RPC_RPS dusurun veya plani yukseltin
02:08:57 INFO    [info] Yeni coin: J1yephL1MR - analiz 40s sonra
02:08:58 INFO    [info] Yeni coin: 2gjVezfaop - analiz 40s sonra
02:08:58 INFO    [info] Yeni coin: 7ZmHBQCpNc - analiz 40s sonra
02:08:58 INFO    [info] Yeni coin: 8EYPrJXuod - analiz 40s sonra
02:08:59 INFO    [info] Yeni coin: HrftyJtbgJ - analiz 40s sonra
02:09:00 INFO    [info] Yeni coin: HzgqaRrYPV - analiz 40s sonra
02:09:01 INFO    [info] Yeni coin: 4aTc7N66xn - analiz 40s sonra
02:09:01 INFO    [info] Yeni coin: 4ptqgDfwzb - analiz 40s sonra
02:09:01 INFO    [info] Yeni coin: CGhjxFbZDh - analiz 40s sonra
02:09:01 INFO    [info] Yeni coin: 365BTkTNXu - analiz 40s sonra
02:09:02 INFO    [info] Yeni coin: EBa8QzLWhX - analiz 40s sonra
02:09:02 INFO    [info] Yeni coin: BfPjeEncgi - analiz 40s sonra
02:09:03 INFO    [info] Yeni coin: EqWBdencyn - analiz 40s sonra
02:09:03 INFO    [info] Yeni coin: 6SYNZn13Rr - analiz 40s sonra
02:09:03 INFO    [info] Yeni coin: BmfTwyU2R9 - analiz 40s sonra
02:09:03 INFO    [info] Yeni coin: 35dVLH3Jop - analiz 40s sonra
02:09:03 INFO    [info] Yeni coin: R2Lwzeq5Zc - analiz 40s sonra
02:09:04 INFO    [info] Yeni coin: 9ZfwNvsL8v - analiz 40s sonra
02:09:04 INFO    [info] Yeni coin: EMYMt5xtpZ - analiz 40s sonra
02:09:05 INFO    [info] Yeni coin: Cka9btVKzV - analiz 40s sonra
02:09:06 INFO    [info] Yeni coin: 2c3jGCeGQv - analiz 40s sonra
02:09:06 INFO    [info] Yeni coin: 5ApoCyvG8c - analiz 40s sonra
02:09:07 INFO    [info] Yeni coin: BZWajwDYRP - analiz 40s sonra
02:09:07 INFO    [info] Yeni coin: Fx2RfBaL2y - analiz 40s sonra
02:09:11 INFO    [info] Yeni coin: cU1SV41dAu - analiz 40s sonra
02:09:12 INFO    [info] Yeni coin: BpXnzzMgTr - analiz 40s sonra
02:09:14 INFO    [info] Yeni coin: 6k1ytNvFam - analiz 40s sonra
02:09:15 INFO    [info] Yeni coin: FjG5773TtX - analiz 40s sonra
02:09:15 WARNING RPC hiz limiti (429) - RPC_RPS dusurun veya plani yukseltin
02:09:17 INFO    [info] Yeni coin: BmjcFVATRG - analiz 40s sonra
02:09:18 INFO    [info] Yeni coin: NJyHiqDg5C - analiz 40s sonra
02:09:19 INFO    [info] Yeni coin: H18x2tBhpa - analiz 40s sonra
02:09:20 INFO    [info] Yeni coin: 5G2JxcVEnC - analiz 40s sonra
02:09:22 INFO    [info] Yeni coin: AiJArofbnQ - analiz 40s sonra
02:09:22 INFO    [info] Yeni coin: 9hRBXy3Ae5 - analiz 40s sonra
02:09:23 INFO    [info] Yeni coin: 8FcNq6mcrT - analiz 40s sonra
02:09:23 INFO    [info] Yeni coin: AePixY9fvm - analiz 40s sonra
02:09:24 INFO    [info] Yeni coin: 9RbnYnpqoZ - analiz 40s sonra
02:09:25 INFO    [info] Yeni coin: 3n2NHc2Rbt - analiz 40s sonra
02:09:25 INFO    [info] Yeni coin: 6pG3kk8VXz - analiz 40s sonra
02:09:26 INFO    [info] Yeni coin: 9amY216GPD - analiz 40s sonra
02:09:27 INFO    [info] Yeni coin: GUeXoEEzgJ - analiz 40s sonra
02:09:28 INFO    [info] Yeni coin: BtaxGVrpZR - analiz 40s sonra
02:09:29 INFO    [info] Yeni coin: 7kVErP34K2 - analiz 40s sonra
02:09:31 WARNING RPC hiz limiti (429) - RPC_RPS dusurun veya plani yukseltin
02:09:32 INFO    [info] Yeni coin: GQgbLP7m7F - analiz 40s sonra
02:09:35 INFO    [info] Yeni coin: 8TUniy5MzK - analiz 40s sonra
02:09:36 INFO    [info] Yeni coin: CMVMuE4gS8 - analiz 40s sonra
02:09:40 INFO    [info] Yeni coin: hFFrcNAWfa - analiz 40s sonra
02:09:41 INFO    [info] Yeni coin: HdhSNWEY6o - analiz 40s sonra
02:09:42 INFO    [info] Yeni coin: ULVBkdkzwd - analiz 40s sonra
02:09:44 INFO    [info] Yeni coin: AehWZFexWy - analiz 40s sonra
02:09:46 INFO    [info] Yeni coin: NgzYVzfW3j - analiz 40s sonra
02:09:47 INFO    [info] Yeni coin: GMS6fpWvn8 - analiz 40s sonra
02:09:49 INFO    [info] Yeni coin: 6EAsYMwzTL - analiz 40s sonra
02:09:50 INFO    [info] Yeni coin: 2MfLtTReU5 - analiz 40s sonra
02:09:51 INFO    [info] Yeni coin: BJPhYiPhjZ - analiz 40s sonra
02:09:51 INFO    [info] Yeni coin: DoS9k99PPb - analiz 40s sonra
02:09:52 INFO    [info] Yeni coin: 4j72ybJnho - analiz 40s sonra
02:09:53 INFO    [info] Yeni coin: 7vWm249jzH - analiz 40s sonra
02:09:53 INFO    [info] Yeni coin: z4pFymvtUQ - analiz 40s sonra
02:09:54 INFO    [info] Yeni coin: En5ibVbeDV - analiz 40s sonra
02:09:54 INFO    [info] Yeni coin: 2PNr8yRoKi - analiz 40s sonra
02:10:00 INFO    [info] Yeni coin: DE82LCGRUU - analiz 40s sonra
02:10:03 WARNING RPC hiz limiti (429) - RPC_RPS dusurun veya plani yukseltin
02:10:04 INFO    [info] Yeni coin: 4YSwrPVSYW - analiz 40s sonra
02:10:05 INFO    [info] Yeni coin: 5uqTap4u1G - analiz 40s sonra
02:10:05 INFO    [info] Yeni coin: DMiDprLVqT - analiz 40s sonra
02:10:05 INFO    [info] Yeni coin: GN1FqMFMgE - analiz 40s sonra
02:10:07 INFO    [info] Yeni coin: 3VnQD2PnHF - analiz 40s sonra
02:10:09 INFO    [info] Yeni coin: 64H7HRWvum - analiz 40s sonra
02:10:14 INFO    [info] Yeni coin: 9vvsKQPGKe - analiz 40s sonra
02:10:16 INFO    [info] Yeni coin: HdMEfQojLd - analiz 40s sonra
02:10:19 INFO    [info] Yeni coin: 3C6uKfYFx5 - analiz 40s sonra
02:10:22 INFO    [info] Yeni coin: 7o5185qPjL - analiz 40s sonra
02:10:25 INFO    [info] Yeni coin: B3fuMgCffb - analiz 40s sonra
02:10:25 INFO    [info] Yeni coin: CcWyLHmdds - analiz 40s sonra
02:10:25 INFO    [info] Yeni coin: 4zFZLzFL6W - analiz 40s sonra
02:10:25 INFO    [info] Yeni coin: GefABRuNGy - analiz 40s sonra
02:10:26 INFO    [info] Yeni coin: GktotbQuNh - analiz 40s sonra
02:10:26 INFO    [info] Yeni coin: 48mWJSmRsq - analiz 40s sonra
02:10:26 INFO    [info] Yeni coin: B2koPP5jXb - analiz 40s sonra
02:10:26 INFO    [info] Yeni coin: ECNtwFfcwH - analiz 40s sonra
02:10:28 INFO    [info] Yeni coin: FjH49uSwRj - analiz 40s sonra
02:10:28 INFO    [info] Yeni coin: x8G7TyT2aW - analiz 40s sonra
02:10:28 INFO    [info] Yeni coin: GZ2bvs8PUw - analiz 40s sonra
02:10:29 WARNING RPC hiz limiti (429) - RPC_RPS dusurun veya plani yukseltin
02:10:29 INFO    [info] Yeni coin: H3hH79qer5 - analiz 40s sonra
02:10:29 INFO    [info] Yeni coin: CXnGKhiFZa - analiz 40s sonra
02:10:30 INFO    [info] Yeni coin: ARma4QVZkz - analiz 40s sonra
02:10:31 INFO    [info] Yeni coin: D6MeZbpseB - analiz 40s sonra
02:10:32 INFO    [info] Yeni coin: FbdnwimMuG - analiz 40s sonra
02:10:32 INFO    [info] Yeni coin: AZTsbaimoS - analiz 40s sonra
02:10:32 INFO    [info] Yeni coin: GqfAj8tzw2 - analiz 40s sonra
02:10:32 INFO    [info] Yeni coin: 744WiDcLer - analiz 40s sonra
02:10:35 INFO    [info] Yeni coin: 6uENJhyheT - analiz 40s sonra
02:10:35 INFO    [info] Yeni coin: 72eiC8XfEF - analiz 40s sonra
02:10:37 INFO    [warn] Takip edilen cuzdan yok - once skorlayip takibe alin
02:10:38 INFO    [info] Yeni coin: 2rLUYJEVwP - analiz 40s sonra
02:10:55 INFO    [info] Yeni coin: 9Hz3QeJfNa - analiz 40s sonra
02:10:57 WARNING RPC hiz limiti (429) - RPC_RPS dusurun veya plani yukseltin
02:10:57 INFO    [info] Yeni coin: 4BiqtQUi6a - analiz 40s sonra
02:10:59 INFO    [info] Yeni coin: 66n5NoUjKH - analiz 40s sonra
02:10:59 INFO    [info] Yeni coin: 4LBYuACfsR - analiz 40s sonra
02:10:59 INFO    [info] Yeni coin: 44FiuPwNN3 - analiz 40s sonra
02:11:09 INFO    [info] Yeni coin: 63ep7fdE37 - analiz 40s sonra
02:11:10 INFO    [info] Yeni coin: 8KWEsfrNEF - analiz 40s sonra
02:11:10 INFO    [info] Yeni coin: Bh3HHoh99d - analiz 40s sonra
02:11:12 INFO    [info] Yeni coin: 4YERooFMK2 - analiz 40s sonra
02:11:13 INFO    [info] Yeni coin: 9Gth3gG74a - analiz 40s sonra
02:11:17 INFO    [info] Yeni coin: 28Rgcbkrxq - analiz 40s sonra
02:11:18 INFO    [info] Yeni coin: AWDceL1ouz - analiz 40s sonra
02:11:28 INFO    [info] Yeni coin: 84pq26ma8q - analiz 40s sonra
02:11:29 INFO    [info] Yeni coin: 5kJs17AHFW - analiz 40s sonra
02:11:29 INFO    [info] Yeni coin: FXpLn2N2bP - analiz 40s sonra
02:11:30 WARNING RPC hiz limiti (429) - RPC_RPS dusurun veya plani yukseltin
02:11:31 INFO    [info] Yeni coin: Ba4uj8vtF2 - analiz 40s sonra
02:11:32 INFO    [info] Yeni coin: GSamnC9FuT - analiz 40s sonra
02:11:35 INFO    [info] Yeni coin: FvhJnmWBfP - analiz 40s sonra
02:11:35 INFO    [info] Yeni coin: 98jn4Mg4AH - analiz 40s sonra
02:11:36 INFO    [info] Yeni coin: 83WSRJcuUB - analiz 40s sonra
02:11:37 INFO    [info] Yeni coin: JPRjudbPio - analiz 40s sonra
02:11:37 INFO    [info] Yeni coin: DWTMieGSfF - analiz 40s sonra
02:11:38 INFO    [info] Yeni coin: 3JBGRrtPTp - analiz 40s sonra
02:11:38 INFO    [info] Yeni coin: Hrp9CrYoVD - analiz 40s sonra
02:11:38 INFO    [info] Yeni coin: B3k5jvtvPw - analiz 40s sonra
02:11:38 INFO    [info] Yeni coin: 8horVhWCU2 - analiz 40s sonra
02:11:39 INFO    [info] Yeni coin: FLJbA1jrMf - analiz 40s sonra
02:11:40 INFO    [info] Yeni coin: 9BnDdpB4BR - analiz 40s sonra
02:11:40 INFO    [info] Yeni coin: 3QrArk3tEE - analiz 40s sonra
02:11:41 INFO    [info] Yeni coin: 7wb5bBn7Ly - analiz 40s sonra
02:11:42 INFO    [info] Yeni coin: 5k26iyZ715 - analiz 40s sonra
02:11:43 INFO    [info] Yeni coin: BaCtvXR9w1 - analiz 40s sonra
02:11:44 INFO    [info] Yeni coin: FsVXyW8K2Y - analiz 40s sonra
02:11:45 INFO    [info] Yeni coin: 9p9f1KwooX - analiz 40s sonra
02:11:46 INFO    [info] Yeni coin: Ep43AjhBty - analiz 40s sonra
02:11:48 INFO    [info] Yeni coin: GB2C2F91aT - analiz 40s sonra
02:11:49 WARNING RPC hiz limiti (429) - RPC_RPS dusurun veya plani yukseltin
02:11:49 INFO    [info] Yeni coin: 9GLXprYJsc - analiz 40s sonra
02:11:49 INFO    [info] Yeni coin: 7RtbxjJbjt - analiz 40s sonra
02:11:50 INFO    [info] Yeni coin: 4zCnUCAdgT - analiz 40s sonra
02:11:50 INFO    [info] Yeni coin: 31HWB5yTY2 - analiz 40s sonra
02:11:50 INFO    [info] Yeni coin: GCaXSwzE8r - analiz 40s sonra
02:11:50 INFO    [info] Yeni coin: 4s5LVGYHDm - analiz 40s sonra
02:11:50 INFO    [info] Yeni coin: 82r2SZvFW8 - analiz 40s sonra
02:11:51 INFO    [info] Yeni coin: 8FpEFuYZBM - analiz 40s sonra
02:11:53 INFO    [info] Yeni coin: GSVgrdcKmg - analiz 40s sonra
02:11:55 INFO    [info] Yeni coin: 2PahLisXdd - analiz 40s sonra
02:11:58 INFO    [info] Yeni coin: 2VUfmFB6yG - analiz 40s sonra
02:11:58 INFO    [info] Yeni coin: 59M99AVNMw - analiz 40s sonra
02:11:59 INFO    [info] Yeni coin: 8iuB7pWa5T - analiz 40s sonra
02:12:00 INFO    [info] Yeni coin: 69HnDu6GYM - analiz 40s sonra
02:12:01 INFO    [info] Yeni coin: 97ynnx65zn - analiz 40s sonra
02:12:01 INFO    [info] Yeni coin: 6872tGbuqu - analiz 40s sonra
02:12:03 INFO    [info] Yeni coin: Eq29Hvwanx - analiz 40s sonra
02:12:04 INFO    [info] Yeni coin: 5mTAhJCm97 - analiz 40s sonra
02:12:05 INFO    [info] Yeni coin: HDYbM22Xte - analiz 40s sonra
02:12:06 WARNING RPC hiz limiti (429) - RPC_RPS dusurun veya plani yukseltin
02:12:08 INFO    [info] Yeni coin: mDicLmh65m - analiz 40s sonra
02:12:08 INFO    [info] Yeni coin: EMaikde2Xi - analiz 40s sonra
02:12:11 INFO    [info] Yeni coin: ADbbF4w4ZG - analiz 40s sonra
02:12:12 INFO    [info] Yeni coin: 3mZWPfnfDP - analiz 40s sonra
02:12:13 INFO    [info] Yeni coin: 9cXdr3KaAt - analiz 40s sonra
02:12:13 INFO    [info] Yeni coin: DQGQgjPc19 - analiz 40s sonra
02:12:14 INFO    [info] Yeni coin: AbJpazErqz - analiz 40s sonra
02:12:15 INFO    [info] Yeni coin: 6g7c79Asx1 - analiz 40s sonra
02:12:16 INFO    [info] Yeni coin: 7fa3MrS48H - analiz 40s sonra
02:12:17 INFO    [info] Yeni coin: 3QabdB1Jgt - analiz 40s sonra
02:12:18 INFO    [info] Yeni coin: EFmDYq9vwg - analiz 40s sonra
02:12:19 INFO    [info] Yeni coin: Gqtj1JaD14 - analiz 40s sonra
02:12:19 INFO    [info] Yeni coin: GCmsZjQ7uS - analiz 40s sonra
02:12:19 INFO    [info] Yeni coin: 7bFvzLNzf1 - analiz 40s sonra
02:12:20 INFO    [info] Yeni coin: 9hedJWUDFV - analiz 40s sonra
02:12:20 INFO    [info] Yeni coin: 2EuztdfgpU - analiz 40s sonra
02:12:21 INFO    [info] Yeni coin: 5aZyDkz9iS - analiz 40s sonra
02:12:21 INFO    [info] Yeni coin: 5tqNjB4sod - analiz 40s sonra
02:12:23 WARNING RPC hiz limiti (429) - RPC_RPS dusurun veya plani yukseltin
02:12:25 INFO    [info] Yeni coin: 7JSPf3ozqL - analiz 40s sonra
02:12:29 INFO    [info] Yeni coin: 6wYnMh1rXc - analiz 40s sonra
02:12:34 INFO    [info] Yeni coin: D47P59PgCU - analiz 40s sonra
02:12:35 INFO    [info] Yeni coin: 4eEaXUPN5i - analiz 40s sonra
02:12:36 INFO    [info] Yeni coin: BF1Bfusn3M - analiz 40s sonra
02:12:37 INFO    [warn] Takip edilen cuzdan yok - once skorlayip takibe alin
02:12:41 INFO    [info] Yeni coin: 66CFCKRBwU - analiz 40s sonra
02:12:42 INFO    [info] Yeni coin: 97bZ9Bh4RR - analiz 40s sonra
02:12:42 INFO    [info] Yeni coin: 4XjSAGarWH - analiz 40s sonra
02:12:42 INFO    [info] Yeni coin: 6mV479fRDd - analiz 40s sonra
02:12:42 INFO    [info] Yeni coin: 5f2P2xqZRk - analiz 40s sonra
02:12:44 INFO    [info] Yeni coin: 4dUL85MPrG - analiz 40s sonra
02:12:47 INFO    [info] Yeni coin: sEQc1jvYiN - analiz 40s sonra
02:12:47 INFO    [info] Yeni coin: 9mRS1qJJMm - analiz 40s sonra
02:12:47 INFO    [info] Yeni coin: DdRw8NJ9UF - analiz 40s sonra
02:12:48 INFO    [info] Yeni coin: EocEy3nip8 - analiz 40s sonra
02:12:48 INFO    [info] Yeni coin: 4GUmuXUGZd - analiz 40s sonra
02:12:49 INFO    [info] Yeni coin: Eg5bwUamK7 - analiz 40s sonra
02:12:49 INFO    [info] Yeni coin: 83PFgYsmz9 - analiz 40s sonra
02:12:52 INFO    [info] Yeni coin: CvBYBU3ZKf - analiz 40s sonra
02:12:52 INFO    [info] Yeni coin: BqjZNfQ4HM - analiz 40s sonra
02:12:55 WARNING RPC hiz limiti (429) - RPC_RPS dusurun veya plani yukseltin
02:12:55 INFO    [info] Yeni coin: 3omNMJBhtA - analiz 40s sonra
02:12:56 INFO    [info] Yeni coin: D8eju8jZEg - analiz 40s sonra
02:12:56 INFO    [info] Yeni coin: Cwc8gFDHtV - analiz 40s sonra
02:12:56 INFO    [info] Yeni coin: 5nQhwuZgMk - analiz 40s sonra
02:12:57 INFO    [info] Yeni coin: C6Fy6827HG - analiz 40s sonra
02:12:58 INFO    [info] Yeni coin: t8SiWYjp2x - analiz 40s sonra
02:13:00 INFO    [info] Yeni coin: HMZ3R12RVr - analiz 40s sonra
02:13:01 INFO    [info] Yeni coin: HcSszHTnzR - analiz 40s sonra
02:13:06 INFO    [info] Yeni coin: Emq8tDccc3 - analiz 40s sonra
02:13:16 INFO    [info] Yeni coin: 2pgvrCwVB4 - analiz 40s sonra
02:13:16 INFO    [info] Yeni coin: E6fFnyZGpS - analiz 40s sonra
02:13:17 INFO    [info] Yeni coin: 24wtbCDWkV - analiz 40s sonra
02:13:17 INFO    [info] Yeni coin: GV2znH7SwZ - analiz 40s sonra
02:13:23 WARNING RPC hiz limiti (429) - RPC_RPS dusurun veya plani yukseltin
02:13:25 INFO    [info] Yeni coin: 4VEY8eGaMw - analiz 40s sonra
02:13:25 INFO    [info] Yeni coin: GMpEEqs778 - analiz 40s sonra
02:13:27 INFO    [info] Yeni coin: CASHx9KJUS - analiz 40s sonra
02:13:27 INFO    [info] Yeni coin: 7abvpnHLEA - analiz 40s sonra
02:13:28 INFO    [info] Yeni coin: HGpunpizfX - analiz 40s sonra
02:13:28 INFO    [info] Yeni coin: 2nBsChTWZj - analiz 40s sonra
02:13:28 INFO    [info] Yeni coin: DUiRK4ZDTh - analiz 40s sonra
02:13:28 INFO    [info] Yeni coin: 5SnVQMPEgg - analiz 40s sonra
02:13:28 INFO    [info] Yeni coin: 5XsmeANa7g - analiz 40s sonra
02:13:33 INFO    [info] Yeni coin: 493h4odCm9 - analiz 40s sonra
02:13:34 INFO    [info] Yeni coin: 8t2UTk3N6U - analiz 40s sonra
02:13:37 INFO    [info] Yeni coin: FzwmzLNkCh - analiz 40s sonra
02:13:39 INFO    [info] Yeni coin: C9mZGBVj6s - analiz 40s sonra
02:13:39 INFO    [info] Yeni coin: 2SXFeGsrMB - analiz 40s sonra
02:13:39 INFO    [info] Yeni coin: GicpgX2c9S - analiz 40s sonra
02:13:39 INFO    [info] Yeni coin: QreLaiUYJ4 - analiz 40s sonra
02:13:40 INFO    [info] Yeni coin: Auy1xcKKQF - analiz 40s sonra
02:13:40 INFO    [info] Yeni coin: HA1f5fiibQ - analiz 40s sonra
02:13:40 INFO    [info] Yeni coin: H1qbnvWeEF - analiz 40s sonra
02:13:40 INFO    [info] Yeni coin: G7138CmPv1 - analiz 40s sonra
02:13:41 INFO    [info] Yeni coin: HpqmwxBoBz - analiz 40s sonra
02:13:41 INFO    [info] Yeni coin: 8uGLR9KEXN - analiz 40s sonra
02:13:42 INFO    [info] Yeni coin: F1AK21cTQX - analiz 40s sonra
02:13:45 INFO    [info] Yeni coin: ERw6LQ3N4J - analiz 40s sonra
02:13:46 INFO    [info] Yeni coin: 5ZzVx9okWa - analiz 40s sonra
02:13:47 INFO    [info] Yeni coin: 4e71GYv3j5 - analiz 40s sonra
02:13:47 INFO    [info] Yeni coin: 4ivuY9gFum - analiz 40s sonra
02:13:49 INFO    [info] Yeni coin: A8y8c5H5NP - analiz 40s sonra
02:13:51 INFO    [info] Yeni coin: 6UbktnGrvs - analiz 40s sonra
02:13:51 INFO    [info] Yeni coin: 7XPJDoGCJV - analiz 40s sonra
02:13:51 INFO    [info] Yeni coin: HcPbLHhTxt - analiz 40s sonra
02:13:52 INFO    [info] Yeni coin: 2URTy8DYqa - analiz 40s sonra
02:13:58 WARNING RPC hiz limiti (429) - RPC_RPS dusurun veya plani yukseltin
02:14:01 INFO    [info] Yeni coin: D3NgTFkv4k - analiz 40s sonra
02:14:02 INFO    [info] Yeni coin: P7a8F2amiA - analiz 40s sonra
02:14:02 INFO    [info] Yeni coin: DFLrXT9yCo - analiz 40s sonra
02:14:04 INFO    [info] Yeni coin: vwXQZaQVLL - analiz 40s sonra
02:14:04 INFO    [info] Yeni coin: 9Xrx61eAn8 - analiz 40s sonra
02:14:04 INFO    [info] Yeni coin: FoBWmR95DX - analiz 40s sonra
02:14:05 INFO    [info] Yeni coin: 14D1SeVBY1 - analiz 40s sonra
02:14:06 INFO    [info] Yeni coin: BvvQodiZZZ - analiz 40s sonra
02:14:07 INFO    [info] Yeni coin: DeQpfx6wv7 - analiz 40s sonra
02:14:07 INFO    [info] Yeni coin: GVVVVn6cnU - analiz 40s sonra
02:14:12 INFO    [info] Yeni coin: AJUJQftMMa - analiz 40s sonra
02:14:14 INFO    [info] Yeni coin: Cobd1GDR8s - analiz 40s sonra
02:14:19 INFO    [info] Yeni coin: 9FQUes6LxP - analiz 40s sonra
02:14:20 INFO    [info] Yeni coin: 8B7oLVVY8w - analiz 40s sonra
02:14:21 INFO    [info] Yeni coin: 51YENrzQhV - analiz 40s sonra
02:14:22 INFO    [info] Yeni coin: 5wcB9CyYyG - analiz 40s sonra
02:14:22 INFO    [info] Yeni coin: BPYt1NGrKJ - analiz 40s sonra
02:14:23 INFO    [info] Yeni coin: 7FBNRspfcE - analiz 40s sonra
02:14:26 INFO    [info] Yeni coin: 72wHbSzXd3 - analiz 40s sonra
02:14:26 INFO    [info] Yeni coin: EwsQat17bC - analiz 40s sonra
02:14:27 WARNING RPC hiz limiti (429) - RPC_RPS dusurun veya plani yukseltin
02:14:28 INFO    [info] Yeni coin: BdXDVissar - analiz 40s sonra
02:14:28 INFO    [info] Yeni coin: 7JMT8SS5rG - analiz 40s sonra
02:14:29 INFO    [info] Yeni coin: 7BrVMHcUW2 - analiz 40s sonra
02:14:29 INFO    [info] Yeni coin: 9VNH1AVxM5 - analiz 40s sonra
02:14:30 INFO    [info] Yeni coin: DnjetLS9Mp - analiz 40s sonra
02:14:31 INFO    [info] Yeni coin: 5ej7ys4Soc - analiz 40s sonra
02:14:31 INFO    [info] Yeni coin: gt7deZ1nAD - analiz 40s sonra
02:14:36 INFO    [info] Yeni coin: G6RamPWW8p - analiz 40s sonra
02:14:37 INFO    [warn] Takip edilen cuzdan yok - once skorlayip takibe alin
02:14:39 INFO    [info] Yeni coin: 9Xp1JCLDMy - analiz 40s sonra
02:14:40 INFO    [info] Yeni coin: 6Eg1PoyC8F - analiz 40s sonra
02:14:41 INFO    [info] Yeni coin: DokK8pxaG1 - analiz 40s sonra
02:14:41 INFO    [info] Yeni coin: FS3eSvJjKf - analiz 40s sonra
02:14:41 INFO    [info] Yeni coin: 4V4ZqRtrpr - analiz 40s sonra
02:14:43 INFO    [info] Yeni coin: DsY5SPDWgy - analiz 40s sonra
02:14:43 INFO    [info] Yeni coin: 9cS3TXYjs6 - analiz 40s sonra
02:14:43 WARNING RPC hiz limiti (429) - RPC_RPS dusurun veya plani yukseltin
02:14:44 INFO    [info] Yeni coin: 7QGCS63hxw - analiz 40s sonra
02:14:48 INFO    [info] Yeni coin: 3FZg7Ytgjw - analiz 40s sonra
02:14:48 INFO    [info] Yeni coin: yig5fcy3oA - analiz 40s sonra
02:14:50 INFO    [info] Yeni coin: 73iaFXwExu - analiz 40s sonra
02:14:52 INFO    [info] Yeni coin: DD82Usdo33 - analiz 40s sonra
02:14:56 INFO    [info] Yeni coin: FEVtavwYZb - analiz 40s sonra
02:14:59 INFO    [info] Yeni coin: AVMMLznm2q - analiz 40s sonra
02:15:04 INFO    [info] Yeni coin: EsGw1HXrXu - analiz 40s sonra
02:15:07 INFO    [info] Yeni coin: GX4phhKizA - analiz 40s sonra
02:15:10 INFO    [info] Yeni coin: 4MDDjWgYNj - analiz 40s sonra
02:15:11 WARNING RPC hiz limiti (429) - RPC_RPS dusurun veya plani yukseltin
02:15:13 INFO    [info] Yeni coin: ASeeYxwdnE - analiz 40s sonra
02:15:22 INFO    [info] Yeni coin: FB8LMQirXC - analiz 40s sonra
02:15:23 INFO    [info] Yeni coin: 5cBUVH5wd5 - analiz 40s sonra
02:15:24 INFO    [info] Yeni coin: F7JFdfv1Nr - analiz 40s sonra
02:15:24 INFO    [info] Yeni coin: 63hkCYzyS1 - analiz 40s sonra
02:15:25 INFO    [info] Yeni coin: 5UDPiT4xxz - analiz 40s sonra
02:15:25 INFO    [info] Yeni coin: AxqMtpQKnY - analiz 40s sonra
02:15:25 INFO    [info] Yeni coin: 6hxP1Ma55U - analiz 40s sonra
02:15:26 INFO    [info] Yeni coin: wGnLB6RBed - analiz 40s sonra
02:15:26 INFO    [info] Yeni coin: 4UzRsJAvgx - analiz 40s sonra
02:15:28 INFO    [info] Yeni coin: 6fXhw1Q9n9 - analiz 40s sonra
02:15:28 INFO    [info] Yeni coin: 2W6DmhH7wb - analiz 40s sonra
02:15:32 WARNING RPC hiz limiti (429) - RPC_RPS dusurun veya plani yukseltin
02:15:32 INFO    [info] Yeni coin: 2pMqDv6fKh - analiz 40s sonra
02:15:36 INFO    [info] Yeni coin: 9rN3bMQuPE - analiz 40s sonra
02:15:37 INFO    [info] Yeni coin: GPaJUmwX8s - analiz 40s sonra
02:15:37 INFO    [info] Yeni coin: A7hCLVpxLJ - analiz 40s sonra
02:15:38 INFO    [info] Yeni coin: FLi14XK8Ex - analiz 40s sonra
02:15:39 INFO    [info] Yeni coin: 6D7ndbkhMh - analiz 40s sonra
02:15:40 INFO    [info] Yeni coin: GQGmX69VN1 - analiz 40s sonra
02:15:45 INFO    [info] Yeni coin: DaskQtEG56 - analiz 40s sonra
02:15:49 INFO    [info] Yeni coin: 5oCj63RQaw - analiz 40s sonra
02:15:52 INFO    [info] Yeni coin: AyV6gDRi11 - analiz 40s sonra
02:15:53 WARNING RPC hiz limiti (429) - RPC_RPS dusurun veya plani yukseltin
02:15:56 INFO    [info] Yeni coin: 3p8x4zKtQ9 - analiz 40s sonra
02:15:57 INFO    [info] Yeni coin: 2ms5i2pC9T - analiz 40s sonra
02:16:02 INFO    [info] Yeni coin: 8ZRU1SrE3x - analiz 40s sonra
02:16:02 INFO    [info] Yeni coin: 7KL5dNhMdG - analiz 40s sonra
02:16:03 INFO    [info] Yeni coin: DwkQKXRif4 - analiz 40s sonra
02:16:04 INFO    [info] Yeni coin: AZYCfot2Ez - analiz 40s sonra
02:16:05 INFO    [info] Yeni coin: 6Z7BZx4Pns - analiz 40s sonra
02:16:09 INFO    [info] Yeni coin: ES34VA4ET5 - analiz 40s sonra
02:16:15 INFO    [info] Yeni coin: GeHqwsNmHX - analiz 40s sonra
02:16:21 WARNING RPC hiz limiti (429) - RPC_RPS dusurun veya plani yukseltin
02:16:22 INFO    [info] Yeni coin: 8DQGm9y5KU - analiz 40s sonra
02:16:22 INFO    [info] Yeni coin: 66uMyGPqtG - analiz 40s sonra
02:16:22 INFO    [info] Yeni coin: 6R1h6hFs7L - analiz 40s sonra
02:16:22 INFO    [info] Yeni coin: H2FidX6EUo - analiz 40s sonra
02:16:22 INFO    [info] Yeni coin: 42LYWtApnm - analiz 40s sonra
02:16:25 INFO    [info] Yeni coin: 88VqKAFDaU - analiz 40s sonra
02:16:31 INFO    [info] Yeni coin: EvQkBvCVNZ - analiz 40s sonra
02:16:31 INFO    [info] Yeni coin: DzdLMKJETf - analiz 40s sonra
02:16:32 INFO    [info] Yeni coin: ERcGjweVpo - analiz 40s sonra
02:16:32 INFO    [info] Yeni coin: 5K6Y12C2jw - analiz 40s sonra
02:16:32 INFO    [info] Yeni coin: Bm4pojok5G - analiz 40s sonra
02:16:33 INFO    [info] Yeni coin: BAsQhEK4QT - analiz 40s sonra
02:16:33 INFO    [info] Yeni coin: 9CtZiMjULA - analiz 40s sonra
02:16:33 INFO    [info] Yeni coin: XymYvQ5XaW - analiz 40s sonra
02:16:34 INFO    [info] Yeni coin: 6fh2wUBVCk - analiz 40s sonra
02:16:34 INFO    [info] Yeni coin: 7sTfPwRbz5 - analiz 40s sonra
02:16:34 INFO    [info] Yeni coin: GRdYNA4rxB - analiz 40s sonra
02:16:34 INFO    [info] Yeni coin: GSKhUa87ci - analiz 40s sonra
02:16:34 INFO    [info] Yeni coin: FvqkAQNV7q - analiz 40s sonra
02:16:35 INFO    [info] Yeni coin: 6hTJLK3w5a - analiz 40s sonra
02:16:35 INFO    [info] Yeni coin: A88EY3KPzm - analiz 40s sonra
02:16:35 INFO    [info] Yeni coin: HfP3PFDZs8 - analiz 40s sonra
02:16:36 INFO    [info] Yeni coin: Gg31vfeg76 - analiz 40s sonra
02:16:36 INFO    [info] Yeni coin: Ft3EQDH6zq - analiz 40s sonra
02:16:36 INFO    [info] Yeni coin: B1ZQBJVe68 - analiz 40s sonra
02:16:36 INFO    [info] Yeni coin: 2Dsk15vbHX - analiz 40s sonra
02:16:37 INFO    [info] Yeni coin: AydW5FYetV - analiz 40s sonra
02:16:37 INFO    [info] Yeni coin: 9u9bXpaLJi - analiz 40s sonra
02:16:37 INFO    [warn] Takip edilen cuzdan yok - once skorlayip takibe alin
02:16:37 INFO    [info] Yeni coin: 4XyaxQX6kt - analiz 40s sonra
02:16:38 INFO    [info] Yeni coin: dVhswcRozx - analiz 40s sonra
02:16:39 INFO    [info] Yeni coin: 6Knu3FUkxh - analiz 40s sonra
02:16:41 WARNING RPC hiz limiti (429) - RPC_RPS dusurun veya plani yukseltin
02:16:41 INFO    [info] Yeni coin: FFf4BcbQk7 - analiz 40s sonra
02:16:42 INFO    [info] Yeni coin: Ga9fD5Srxs - analiz 40s sonra
02:16:44 INFO    [info] Yeni coin: 3963r9hymG - analiz 40s sonra
02:16:44 INFO    [info] Yeni coin: GPKXsYh6uv - analiz 40s sonra
02:16:48 INFO    [info] Yeni coin: 76g9DVs3ze - analiz 40s sonra
02:16:48 INFO    [info] Yeni coin: DDbjgh1m29 - analiz 40s sonra
02:16:57 INFO    [info] Yeni coin: BRKodPisxA - analiz 40s sonra
02:16:57 INFO    [info] Yeni coin: 7dEn4JcHks - analiz 40s sonra
02:16:58 INFO    [info] Yeni coin: 445fyJiRZw - analiz 40s sonra
02:17:01 WARNING RPC hiz limiti (429) - RPC_RPS dusurun veya plani yukseltin
02:17:04 INFO    [info] Yeni coin: 94EBnj7JMJ - analiz 40s sonra
02:17:05 INFO    [info] Yeni coin: 6V2pTYoZd7 - analiz 40s sonra
02:17:07 INFO    [info] Yeni coin: HtiixwAYmg - analiz 40s sonra
02:17:10 INFO    [info] Yeni coin: EKpc9ovzC1 - analiz 40s sonra
02:17:10 INFO    [info] Yeni coin: 7JX48ai3mV - analiz 40s sonra
02:17:11 INFO    [info] Yeni coin: 7iuw3BwUgX - analiz 40s sonra
02:17:11 INFO    [info] Yeni coin: DyQKGBKujT - analiz 40s sonra
02:17:11 INFO    [info] Yeni coin: 3mwW3pXkcp - analiz 40s sonra
02:17:12 INFO    [info] Yeni coin: 6MipwTjgWK - analiz 40s sonra
02:17:13 INFO    [info] Yeni coin: FUTSBzqRnL - analiz 40s sonra
02:17:14 INFO    [info] Yeni coin: DYnzaBEt8h - analiz 40s sonra
02:17:16 INFO    [info] Yeni coin: 2FWu6RmkTS - analiz 40s sonra
02:17:24 INFO    [info] Yeni coin: 5aFs6ZgzvF - analiz 40s sonra
02:17:24 INFO    [info] Yeni coin: 7BTEkqQ8aZ - analiz 40s sonra
02:17:25 WARNING RPC hiz limiti (429) - RPC_RPS dusurun veya plani yukseltin
02:17:26 INFO    [info] Yeni coin: 7UL493SrSk - analiz 40s sonra
02:17:29 INFO    [info] Yeni coin: 4cLRuQRcMp - analiz 40s sonra
02:17:30 INFO    [info] Yeni coin: Aa1FewtSRG - analiz 40s sonra
02:17:36 INFO    [info] Yeni coin: ECGHuNZSEC - analiz 40s sonra
02:17:37 INFO    [info] Yeni coin: DCv6rLSpYB - analiz 40s sonra
02:17:38 INFO    [info] Yeni coin: 5xwDEgQfRK - analiz 40s sonra
02:17:38 INFO    [info] Yeni coin: 9rn3RyjkRi - analiz 40s sonra
02:17:39 INFO    [info] Yeni coin: HzRHsnQnBu - analiz 40s sonra
02:17:40 INFO    [info] Yeni coin: Ff6LgwH8cc - analiz 40s sonra
02:17:41 INFO    [info] Yeni coin: 6QfcbGiFnS - analiz 40s sonra
02:17:41 WARNING RPC hiz limiti (429) - RPC_RPS dusurun veya plani yukseltin
02:17:49 INFO    [info] Yeni coin: FSp2ZLhoVj - analiz 40s sonra
02:17:54 INFO    [info] Yeni coin: 5XeAyznGfB - analiz 40s sonra
02:17:55 INFO    [info] Yeni coin: E6ntKx8qUo - analiz 40s sonra
02:17:58 INFO    [info] Yeni coin: 8M9Y97Jv7s - analiz 40s sonra
02:17:59 INFO    [info] Yeni coin: BPPNey2LQx - analiz 40s sonra
02:17:59 INFO    [info] Yeni coin: 7YwwiJdU7e - analiz 40s sonra
02:18:00 INFO    [info] Yeni coin: HYym9qioWk - analiz 40s sonra
02:18:00 INFO    [info] Yeni coin: 8creH1WBpX - analiz 40s sonra
02:18:01 INFO    [info] Yeni coin: 5T4vGgy55w - analiz 40s sonra
02:18:02 INFO    [info] Yeni coin: DVYineQ6tY - analiz 40s sonra
02:18:03 INFO    [info] Yeni coin: 8VpJddjuUX - analiz 40s sonra
02:18:06 INFO    [info] Yeni coin: 39T2vQosZJ - analiz 40s sonra
02:18:09 INFO    [info] Yeni coin: AGN2B8NmTS - analiz 40s sonra
02:18:10 INFO    [info] Yeni coin: CUpZqkn9mj - analiz 40s sonra
02:18:11 INFO    [info] Yeni coin: 836nS4uQhh - analiz 40s sonra
02:18:11 WARNING RPC hiz limiti (429) - RPC_RPS dusurun veya plani yukseltin
02:18:13 INFO    [info] Yeni coin: HjmwdtzjND - analiz 40s sonra
02:18:14 INFO    [info] Yeni coin: GNGscWYgdp - analiz 40s sonra
02:18:21 INFO    [info] Yeni coin: ErsAFmaT6W - analiz 40s sonra
02:18:22 INFO    [info] Yeni coin: BqmDTCK1aA - analiz 40s sonra
02:18:22 INFO    [info] Yeni coin: 55LWoDKnF9 - analiz 40s sonra
02:18:22 INFO    [info] Yeni coin: BLY8uw4WoG - analiz 40s sonra
02:18:23 INFO    [info] Yeni coin: Bm97mFQzBS - analiz 40s sonra
02:18:24 INFO    [info] Yeni coin: 97obGK3pEY - analiz 40s sonra
02:18:24 INFO    [info] Yeni coin: CVpiFSMyrT - analiz 40s sonra
02:18:25 INFO    [info] Yeni coin: 61GLuRf5xb - analiz 40s sonra
02:18:29 INFO    [info] Yeni coin: 7c8qsQNsn2 - analiz 40s sonra
02:18:29 INFO    [info] Yeni coin: C7tbWhN3By - analiz 40s sonra
02:18:29 INFO    [info] Yeni coin: AfL3GMkWAM - analiz 40s sonra
02:18:31 INFO    [info] Yeni coin: 9PotHudGZ8 - analiz 40s sonra
02:18:36 INFO    [info] Yeni coin: B2cXpw2m2Z - analiz 40s sonra
02:18:36 INFO    [info] Yeni coin: 5d9eSauHy1 - analiz 40s sonra
02:18:36 INFO    [info] Yeni coin: 9Sop9oXnhs - analiz 40s sonra
02:18:37 INFO    [warn] Takip edilen cuzdan yok - once skorlayip takibe alin
02:18:38 INFO    [info] Yeni coin: 4yvc1U7zbp - analiz 40s sonra
02:18:40 INFO    [info] Yeni coin: 6MpAB6osss - analiz 40s sonra
02:18:42 INFO    [info] Yeni coin: AVuScaMG9Y - analiz 40s sonra
02:18:43 INFO    [info] Yeni coin: Cj63wq5jYd - analiz 40s sonra
02:18:44 INFO    [info] Yeni coin: F6zdGosNL2 - analiz 40s sonra
02:18:48 INFO    [info] Yeni coin: 4ZHWgd2sZY - analiz 40s sonra
02:18:50 INFO    [info] Yeni coin: BDYheHQyDD - analiz 40s sonra
02:18:50 WARNING RPC hiz limiti (429) - RPC_RPS dusurun veya plani yukseltin
02:18:51 INFO    [info] Yeni coin: 6Zzmhuqs6m - analiz 40s sonra
02:18:58 INFO    [info] Yeni coin: BSp1z7RdVA - analiz 40s sonra
02:19:01 INFO    [info] Yeni coin: 3ENzUY3Hhq - analiz 40s sonra
02:19:01 INFO    [info] Yeni coin: GvGkEZAfLy - analiz 40s sonra
02:19:01 INFO    [info] Yeni coin: B5K1aauzBu - analiz 40s sonra
02:19:01 INFO    [info] Yeni coin: BsDuDn3XmL - analiz 40s sonra
02:19:02 INFO    [info] Yeni coin: GmbuW54yQX - analiz 40s sonra
02:19:02 INFO    [info] Yeni coin: 2BGhwpVsmr - analiz 40s sonra
02:19:06 INFO    [info] Yeni coin: GoaqGv95XG - analiz 40s sonra
02:19:08 INFO    [info] Yeni coin: 4yZ39SQdMd - analiz 40s sonra
02:19:10 INFO    [info] Yeni coin: GvfEia17sM - analiz 40s sonra
02:19:11 WARNING RPC hiz limiti (429) - RPC_RPS dusurun veya plani yukseltin
02:19:11 INFO    [info] Yeni coin: Bh6Z4YkqLB - analiz 40s sonra
02:19:12 INFO    [info] Yeni coin: 2MemJmTEab - analiz 40s sonra
02:19:23 INFO    [info] Yeni coin: 5qaHv3M3NJ - analiz 40s sonra
02:19:25 INFO    [info] Yeni coin: 5aWavvkaaD - analiz 40s sonra
02:19:25 INFO    [info] Yeni coin: DVcS7S45pV - analiz 40s sonra
02:19:27 INFO    [info] Yeni coin: AHTGvaWAmR - analiz 40s sonra
02:19:32 INFO    [info] Yeni coin: FFWpfBuCMj - analiz 40s sonra
02:19:34 WARNING RPC hiz limiti (429) - RPC_RPS dusurun veya plani yukseltin
02:19:35 INFO    [info] Yeni coin: 8NKUpCrE6J - analiz 40s sonra
02:19:38 INFO    [info] Yeni coin: 9NivrdLShh - analiz 40s sonra
02:19:38 INFO    [info] Yeni coin: CdvR6MiP9H - analiz 40s sonra
02:19:40 INFO    [info] Yeni coin: 6K1frFh6ks - analiz 40s sonra
02:19:40 INFO    [info] Yeni coin: 71GFwS9dgB - analiz 40s sonra
02:19:41 INFO    [info] Yeni coin: FvoPM16UTH - analiz 40s sonra
02:19:41 INFO    [info] Yeni coin: CxfP1nr5Lu - analiz 40s sonra
02:19:41 INFO    [info] Yeni coin: HBpNF11Udt - analiz 40s sonra
02:19:43 INFO    [info] Yeni coin: 8oZUiPWQ5z - analiz 40s sonra
02:19:44 INFO    [info] Yeni coin: 8ep7cBbyUE - analiz 40s sonra
02:19:48 INFO    [info] Yeni coin: FirfMWgdg1 - analiz 40s sonra
02:19:50 INFO    [info] Yeni coin: 4VYYCHyHJe - analiz 40s sonra
02:19:52 INFO    [info] Yeni coin: 3C78pqqqHU - analiz 40s sonra
02:19:55 WARNING RPC hiz limiti (429) - RPC_RPS dusurun veya plani yukseltin
02:19:58 INFO    [info] Yeni coin: FGZknGpg7u - analiz 40s sonra
02:19:58 INFO    [info] Yeni coin: 7WNN4rr2Vp - analiz 40s sonra
02:19:59 INFO    [info] Yeni coin: 3Pjc3yatMD - analiz 40s sonra
02:19:59 INFO    [info] Yeni coin: 7LfadH4TZT - analiz 40s sonra
02:20:00 INFO    [info] Yeni coin: 2Z5xNyBj25 - analiz 40s sonra
02:20:00 INFO    [info] Yeni coin: GxQfos99U1 - analiz 40s sonra
02:20:01 INFO    [info] Yeni coin: 7rP3fgtjN5 - analiz 40s sonra
02:20:02 INFO    [info] Yeni coin: 65RwxBvXuj - analiz 40s sonra
02:20:13 INFO    [info] Yeni coin: 3RNsxHRSNj - analiz 40s sonra
02:20:19 WARNING RPC hiz limiti (429) - RPC_RPS dusurun veya plani yukseltin
02:20:20 INFO    [info] Yeni coin: 5qxeg3gYya - analiz 40s sonra
02:20:21 INFO    [info] Yeni coin: 3wtSnHhAmn - analiz 40s sonra
02:20:22 INFO    [info] Yeni coin: EY6yhyPLNa - analiz 40s sonra
02:20:24 INFO    [info] Yeni coin: 3zTBSkiu5s - analiz 40s sonra
02:20:25 INFO    [info] Yeni coin: BLChvGc52S - analiz 40s sonra
02:20:26 INFO    [info] Yeni coin: 9qrpJNuuUq - analiz 40s sonra
02:20:27 INFO    [info] Yeni coin: H4akBpqX7g - analiz 40s sonra
02:20:28 INFO    [info] Yeni coin: 3XaMYV2j41 - analiz 40s sonra
02:20:29 INFO    [info] Yeni coin: GgFNaZD6Lx - analiz 40s sonra
02:20:29 INFO    [info] Yeni coin: D63Bnf522h - analiz 40s sonra
02:20:30 INFO    [info] Yeni coin: 9QLza2HjxB - analiz 40s sonra
02:20:32 INFO    [info] Yeni coin: DXcrAFLNpo - analiz 40s sonra
02:20:37 INFO    [warn] Takip edilen cuzdan yok - once skorlayip takibe alin
02:20:39 INFO    [info] Yeni coin: 5Ns4N1gxPJ - analiz 40s sonra
02:20:39 INFO    [info] Yeni coin: HntXcqtheR - analiz 40s sonra
02:20:45 WARNING RPC hiz limiti (429) - RPC_RPS dusurun veya plani yukseltin
02:20:48 INFO    [info] Yeni coin: 8Up9DCCkhs - analiz 40s sonra
02:20:50 INFO    [info] Yeni coin: 2zhznjxYNS - analiz 40s sonra
02:20:54 INFO    [info] Yeni coin: DcKcP5voau - analiz 40s sonra
02:20:56 INFO    [info] Yeni coin: Hx8B5AXD6R - analiz 40s sonra
02:20:57 INFO    [info] Yeni coin: FxohK3Fq3V - analiz 40s sonra
02:20:58 INFO    [info] Yeni coin: BJf8he9Cz5 - analiz 40s sonra
02:20:59 INFO    [info] Yeni coin: CR4edrWCSW - analiz 40s sonra
02:20:59 INFO    [info] Yeni coin: 2EvhxHj3us - analiz 40s sonra
02:21:00 INFO    [info] Yeni coin: 7B6fW4pNTS - analiz 40s sonra
02:21:00 INFO    [info] Yeni coin: GxrBDbV64G - analiz 40s sonra
02:21:00 INFO    [info] Yeni coin: EGU8H9bngX - analiz 40s sonra
02:21:01 INFO    [info] Yeni coin: 8q17Dnjg2Q - analiz 40s sonra
02:21:02 INFO    [info] Yeni coin: H1szSqJPFm - analiz 40s sonra
02:21:03 INFO    [info] Yeni coin: DHNAnu53ar - analiz 40s sonra
02:21:05 INFO    [info] Yeni coin: 43MpeYgxfR - analiz 40s sonra
02:21:05 INFO    [info] Yeni coin: K6KpR9PFgh - analiz 40s sonra
02:21:11 WARNING RPC hiz limiti (429) - RPC_RPS dusurun veya plani yukseltin
02:21:11 INFO    [info] Yeni coin: N3E4h1MqzH - analiz 40s sonra
02:21:13 INFO    [info] Yeni coin: GrGBEH4dHm - analiz 40s sonra
02:21:13 INFO    [info] Yeni coin: Dzid4G2FGk - analiz 40s sonra
02:21:14 INFO    [info] Yeni coin: 9JiMs73poo - analiz 40s sonra
02:21:14 INFO    [info] Yeni coin: 8DRpjo5s8B - analiz 40s sonra
02:21:14 INFO    [info] Yeni coin: EHKXQPaAXB - analiz 40s sonra
02:21:15 INFO    [info] Yeni coin: 65YCRXA6t6 - analiz 40s sonra
02:21:15 INFO    [info] Yeni coin: 9xVVzvJjWE - analiz 40s sonra
02:21:15 INFO    [info] Yeni coin: D7QDLhYuK4 - analiz 40s sonra
02:21:18 INFO    [info] Yeni coin: 3Ljt1qm5J5 - analiz 40s sonra
02:21:19 INFO    [info] Yeni coin: 2zN3ZG9nKx - analiz 40s sonra
02:21:19 INFO    [info] Yeni coin: 4KgDvPdeZD - analiz 40s sonra
02:21:20 INFO    [info] Yeni coin: AgRho4YM5t - analiz 40s sonra
02:21:22 INFO    [info] Yeni coin: DBN1dyocvY - analiz 40s sonra
02:21:22 INFO    [info] Yeni coin: EdFAnjChDp - analiz 40s sonra
02:21:23 INFO    [info] Yeni coin: 8qUSzBdQvu - analiz 40s sonra
02:21:24 INFO    [info] Yeni coin: 9uHwykEfjF - analiz 40s sonra
02:21:26 INFO    [info] Yeni coin: 8eiAiFiWNx - analiz 40s sonra
02:21:26 INFO    [info] Yeni coin: EHNpraony9 - analiz 40s sonra
02:21:26 INFO    [info] Yeni coin: 4fzbkrT5wn - analiz 40s sonra
02:21:28 INFO    [info] Yeni coin: BwCHNNbLte - analiz 40s sonra
02:21:28 INFO    [info] Yeni coin: Em8GhwqVgh - analiz 40s sonra
02:21:28 INFO    [info] Yeni coin: F1W3UcrmS2 - analiz 40s sonra
02:21:29 INFO    [info] Yeni coin: 6f7oDjuwC5 - analiz 40s sonra
02:21:29 INFO    [info] Yeni coin: BmPqyeN8o7 - analiz 40s sonra
02:21:29 INFO    [info] Yeni coin: Hg9Y3ryhyt - analiz 40s sonra
02:21:30 INFO    [info] Yeni coin: Hdaqznojmu - analiz 40s sonra
02:21:30 WARNING RPC hiz limiti (429) - RPC_RPS dusurun veya plani yukseltin
02:21:32 INFO    [info] Yeni coin: 4Poz2XgSGL - analiz 40s sonra
02:21:33 INFO    [info] Yeni coin: 2ckVt4Mz1U - analiz 40s sonra
02:21:35 INFO    [info] Yeni coin: GJL4cxUL3Y - analiz 40s sonra
02:21:35 INFO    [info] Yeni coin: HR9pRH46tS - analiz 40s sonra
02:21:35 INFO    [info] Yeni coin: 2sxJ1cQ7iu - analiz 40s sonra
02:21:37 INFO    [info] Yeni coin: FkjSP4fGKm - analiz 40s sonra
02:21:41 INFO    [info] Yeni coin: 49fLMgzpzz - analiz 40s sonra
02:21:44 INFO    [info] Yeni coin: EHFW5E7pMM - analiz 40s sonra
02:21:47 INFO    [info] Yeni coin: 3XuZdzcarN - analiz 40s sonra
02:21:52 WARNING RPC hiz limiti (429) - RPC_RPS dusurun veya plani yukseltin
02:21:57 INFO    [info] Yeni coin: HvFa9KUXLW - analiz 40s sonra
02:21:58 INFO    [info] Yeni coin: C1mjC4uCvF - analiz 40s sonra
02:22:02 INFO    [info] Yeni coin: CzedyTBLQk - analiz 40s sonra
02:22:04 INFO    [info] Yeni coin: FLcxvmah99 - analiz 40s sonra
02:22:05 INFO    [info] Yeni coin: 35JTFWiJPb - analiz 40s sonra
02:22:12 INFO    [info] Yeni coin: 8sLzrXqeXr - analiz 40s sonra
02:22:14 INFO    [info] Yeni coin: HWAnzaUmNz - analiz 40s sonra
02:22:18 INFO    [info] Yeni coin: CBqZDc2dK6 - analiz 40s sonra
02:22:19 WARNING RPC hiz limiti (429) - RPC_RPS dusurun veya plani yukseltin
02:22:24 INFO    [info] Yeni coin: 5gabLYu3xA - analiz 40s sonra
02:22:29 INFO    [info] Yeni coin: 88xLiMyEEM - analiz 40s sonra
02:22:29 INFO    [info] Yeni coin: 5yVSMRsA3W - analiz 40s sonra
02:22:32 INFO    [info] Yeni coin: FRq41rTJ87 - analiz 40s sonra
02:22:35 INFO    [info] Yeni coin: 87cE1kL56W - analiz 40s sonra
02:22:37 INFO    [warn] Takip edilen cuzdan yok - once skorlayip takibe alin
02:22:37 INFO    [info] Yeni coin: 2P7YyqU8gP - analiz 40s sonra
02:22:43 INFO    [info] Yeni coin: EczgUpfWA8 - analiz 40s sonra
02:22:45 INFO    [info] Yeni coin: gRzdPg56KX - analiz 40s sonra
02:22:46 INFO    [info] Yeni coin: FYKL36vJQr - analiz 40s sonra
02:22:47 INFO    [info] Yeni coin: 8r16bmB2fw - analiz 40s sonra
02:22:47 INFO    [info] Yeni coin: Ac3BZdmkLt - analiz 40s sonra
02:22:47 INFO    [info] Yeni coin: 3EBE6hG6S9 - analiz 40s sonra
02:22:48 WARNING RPC hiz limiti (429) - RPC_RPS dusurun veya plani yukseltin
02:22:49 INFO    [info] Yeni coin: 2wrPzhDQCM - analiz 40s sonra
02:22:49 INFO    [info] Yeni coin: GZ73BPTb7g - analiz 40s sonra
02:22:50 INFO    [info] Yeni coin: 5BGDKfNTBQ - analiz 40s sonra
02:22:51 INFO    [info] Yeni coin: 8xQVUj1P57 - analiz 40s sonra
02:22:54 INFO    [info] Yeni coin: 9HV2WUrgHg - analiz 40s sonra
02:22:54 INFO    [info] Yeni coin: AuQKUYZbQn - analiz 40s sonra
02:23:07 INFO    [info] Yeni coin: 8ciVkWWRy5 - analiz 40s sonra
02:23:13 INFO    [info] Yeni coin: 8HCn8o96WB - analiz 40s sonra
02:23:13 INFO    [info] Yeni coin: 8uCkAVsaP4 - analiz 40s sonra
02:23:15 INFO    [info] Yeni coin: 8FwWCi77uL - analiz 40s sonra
02:23:16 INFO    [info] Yeni coin: 58S4wNgLLu - analiz 40s sonra
02:23:16 INFO    [info] Yeni coin: E1icL4FSCv - analiz 40s sonra
02:23:17 INFO    [info] Yeni coin: 8hrVjzmNFV - analiz 40s sonra
02:23:17 INFO    [info] Yeni coin: Fx9NUnq9rW - analiz 40s sonra
02:23:18 WARNING RPC hiz limiti (429) - RPC_RPS dusurun veya plani yukseltin
02:23:22 INFO    [info] Yeni coin: AUSwANMZY1 - analiz 40s sonra
02:23:27 INFO    [info] Yeni coin: 9YA5YnBUnt - analiz 40s sonra
02:23:27 INFO    [info] Yeni coin: 3dEA8k9Qga - analiz 40s sonra
02:23:29 INFO    [info] Yeni coin: AoSCUJX7z3 - analiz 40s sonra
02:23:33 INFO    [info] Yeni coin: DPaFTr5Q6W - analiz 40s sonra
02:23:36 INFO    [info] Yeni coin: xfMWLkWk1g - analiz 40s sonra
02:23:41 INFO    [info] Yeni coin: Dayw4QAqsk - analiz 40s sonra
02:23:42 INFO    [info] Yeni coin: HTLCbbCbfr - analiz 40s sonra
02:23:43 WARNING RPC hiz limiti (429) - RPC_RPS dusurun veya plani yukseltin
02:23:44 INFO    [info] Yeni coin: 2Bq6P8FWop - analiz 40s sonra
02:23:47 INFO    [info] Yeni coin: 8j8sYmHfDF - analiz 40s sonra
02:23:48 INFO    [info] Yeni coin: EBEFrUaeXx - analiz 40s sonra
02:23:48 INFO    [info] Yeni coin: 73apgSYqX1 - analiz 40s sonra
02:23:48 INFO    [info] Yeni coin: 5DHdfpdPM3 - analiz 40s sonra
02:23:48 INFO    [info] Yeni coin: 6xFCPnJPe1 - analiz 40s sonra
02:23:49 INFO    [info] Yeni coin: B8e3KVJQ6k - analiz 40s sonra
02:23:49 INFO    [info] Yeni coin: 468SuJmr8D - analiz 40s sonra
02:23:51 INFO    [info] Yeni coin: 7ovM55mdgm - analiz 40s sonra
02:23:53 INFO    [info] Yeni coin: CMsFN7aYBx - analiz 40s sonra
02:23:53 INFO    [info] Yeni coin: 71bVJmESPd - analiz 40s sonra
02:23:55 INFO    [info] Yeni coin: 7fapnSEubb - analiz 40s sonra
02:23:55 INFO    [info] Yeni coin: BJkQ9sSUqN - analiz 40s sonra
02:23:57 INFO    [info] Yeni coin: 85AQA1T3et - analiz 40s sonra
02:23:58 INFO    [info] Yeni coin: 6ecSe7P2ad - analiz 40s sonra
02:23:59 INFO    [info] Yeni coin: 4fGnac3AbC - analiz 40s sonra
02:23:59 INFO    [info] Yeni coin: 7ekc6WoQmQ - analiz 40s sonra
02:24:00 INFO    [info] Yeni coin: 6AJabs9kAP - analiz 40s sonra
02:24:02 INFO    [info] Yeni coin: FtBRcbhsmZ - analiz 40s sonra
02:24:03 WARNING RPC hiz limiti (429) - RPC_RPS dusurun veya plani yukseltin
02:24:05 INFO    [info] Yeni coin: 47uThi49je - analiz 40s sonra
02:24:13 INFO    [info] Yeni coin: FHRE1hRcta - analiz 40s sonra
02:24:14 INFO    [info] Yeni coin: FWJtcp8bCr - analiz 40s sonra
02:24:17 INFO    [info] Yeni coin: FvP8TanHWu - analiz 40s sonra
02:24:21 INFO    [info] Yeni coin: 9QkE2rkAJy - analiz 40s sonra
02:24:22 INFO    [info] Yeni coin: 3MBBWutAT8 - analiz 40s sonra
02:24:23 INFO    [info] Yeni coin: DhHUNq5FNv - analiz 40s sonra
02:24:23 INFO    [info] Yeni coin: fofcvTBETf - analiz 40s sonra
02:24:23 INFO    [info] Yeni coin: J5yfeGLvBW - analiz 40s sonra
02:24:25 INFO    [info] Yeni coin: Gw96eS9RnA - analiz 40s sonra
02:24:26 INFO    [info] Yeni coin: DQTji1WHFK - analiz 40s sonra
02:24:26 INFO    [info] Yeni coin: 5Zc6ZmFoh3 - analiz 40s sonra
02:24:30 INFO    [info] Yeni coin: DRrMTGqxzy - analiz 40s sonra
02:24:32 INFO    [info] Yeni coin: 3U4hzkDmZz - analiz 40s sonra
02:24:33 INFO    [info] Yeni coin: GhTFimTdQr - analiz 40s sonra
02:24:37 INFO    [warn] Takip edilen cuzdan yok - once skorlayip takibe alin
02:24:43 INFO    [info] Yeni coin: 8vYsAiTHgj - analiz 40s sonra
02:24:44 WARNING RPC hiz limiti (429) - RPC_RPS dusurun veya plani yukseltin
02:24:45 INFO    [info] Yeni coin: 9DidknhfFX - analiz 40s sonra
02:24:45 INFO    [info] Yeni coin: 77DZ4PSSuG - analiz 40s sonra
02:24:50 INFO    [info] Yeni coin: NEYL9xRh4w - analiz 40s sonra
02:24:50 INFO    [info] Yeni coin: 4usgzHMJHS - analiz 40s sonra
02:24:51 INFO    [info] Yeni coin: DChwSsk2nK - analiz 40s sonra
02:24:52 INFO    [info] Yeni coin: 6C2EhxqBJb - analiz 40s sonra
02:24:55 INFO    [info] Yeni coin: Esv7bHqGdU - analiz 40s sonra
02:24:56 INFO    [info] Yeni coin: 8xP11kTNN7 - analiz 40s sonra
02:24:57 INFO    [info] Yeni coin: 5eHeKusC6v - analiz 40s sonra
02:25:09 INFO    [info] Yeni coin: 7vj4ShmwDn - analiz 40s sonra
02:25:10 INFO    [info] Yeni coin: c4Xmau6oAR - analiz 40s sonra
02:25:11 WARNING RPC hiz limiti (429) - RPC_RPS dusurun veya plani yukseltin
02:25:15 INFO    [info] Yeni coin: 37zzYNWZ7m - analiz 40s sonra
02:25:20 INFO    [info] Yeni coin: FLd81Lq6nq - analiz 40s sonra
02:25:20 INFO    [info] Yeni coin: CCniKbSVKM - analiz 40s sonra
02:25:21 INFO    [info] Yeni coin: G1Qgz1BQP2 - analiz 40s sonra
02:25:23 INFO    [info] Yeni coin: AoaziSbh6e - analiz 40s sonra
02:25:23 INFO    [info] Yeni coin: H38qJ2mHBq - analiz 40s sonra
02:25:23 INFO    [info] Yeni coin: AtBa5Bukfn - analiz 40s sonra
02:25:24 INFO    [info] Yeni coin: CKHDAPt7Qg - analiz 40s sonra
02:25:24 INFO    [info] Yeni coin: 3VEerD6P1r - analiz 40s sonra
02:25:26 INFO    [info] Yeni coin: 2FhbPTQhLz - analiz 40s sonra
02:25:28 WARNING RPC hiz limiti (429) - RPC_RPS dusurun veya plani yukseltin
02:25:31 INFO    [info] Yeni coin: diikiBcs1y - analiz 40s sonra
02:25:34 INFO    [info] Yeni coin: FMXmESYAa4 - analiz 40s sonra
02:25:35 INFO    [info] Yeni coin: 3Hfg5TGonh - analiz 40s sonra
02:25:35 INFO    [info] Yeni coin: 24WTAZ4ezc - analiz 40s sonra
02:25:35 INFO    [info] Yeni coin: Ba9ADtXN6s - analiz 40s sonra
02:25:35 INFO    [info] Yeni coin: 2pgQ1U6ffQ - analiz 40s sonra
02:25:36 INFO    [info] Yeni coin: Hg1X3XjPkW - analiz 40s sonra
02:25:37 INFO    [info] Yeni coin: BPQw4wsqux - analiz 40s sonra
02:25:40 INFO    [info] Yeni coin: AqG1YuGwV4 - analiz 40s sonra
02:25:41 INFO    [info] Yeni coin: JchBab97tC - analiz 40s sonra
02:25:41 INFO    [info] Yeni coin: 6SyZ3ozWpR - analiz 40s sonra
02:25:47 INFO    [info] Yeni coin: 7tVNn6ESxr - analiz 40s sonra
02:25:48 INFO    [info] Yeni coin: H7RrcFrMTG - analiz 40s sonra
02:25:48 INFO    [info] Yeni coin: GFWrMWuAch - analiz 40s sonra
02:25:57 WARNING RPC hiz limiti (429) - RPC_RPS dusurun veya plani yukseltin
02:25:58 INFO    [info] Yeni coin: J32FAxS5AT - analiz 40s sonra
02:26:03 INFO    [info] Yeni coin: C5H1ReA31j - analiz 40s sonra
02:26:09 INFO    [info] Yeni coin: 85yjAmwxdN - analiz 40s sonra
02:26:14 INFO    [info] Yeni coin: GLyNxNggTD - analiz 40s sonra
02:26:23 INFO    [info] Yeni coin: 6VGWT3j9H9 - analiz 40s sonra
02:26:30 INFO    [info] Yeni coin: BjHYPz794y - analiz 40s sonra
02:26:37 INFO    [warn] Takip edilen cuzdan yok - once skorlayip takibe alin
02:26:37 INFO    [info] Yeni coin: 24wuQ7dEue - analiz 40s sonra
02:26:37 INFO    [info] Yeni coin: vLc78GW7fG - analiz 40s sonra
02:26:39 INFO    [info] Yeni coin: 5wNmAqr2nV - analiz 40s sonra
02:26:40 WARNING RPC hiz limiti (429) - RPC_RPS dusurun veya plani yukseltin
02:26:47 INFO    [info] Yeni coin: BduM9XKnb7 - analiz 40s sonra
02:26:47 INFO    [info] Yeni coin: HABq2eMaaw - analiz 40s sonra
02:26:47 INFO    [info] Yeni coin: FNXKierN7b - analiz 40s sonra
02:26:56 INFO    [info] Yeni coin: 3tEG5iKPkb - analiz 40s sonra
02:27:01 INFO    [info] Yeni coin: CY4U9bNArk - analiz 40s sonra
02:27:01 INFO    [info] Yeni coin: 8AAbvi4xfF - analiz 40s sonra
02:27:08 INFO    [info] Yeni coin: 884fCkRR9a - analiz 40s sonra
02:27:17 INFO    [info] Yeni coin: CVvBya4pus - analiz 40s sonra
02:27:18 INFO    [info] Yeni coin: 5iDLXW4U1g - analiz 40s sonra
02:27:23 WARNING RPC hiz limiti (429) - RPC_RPS dusurun veya plani yukseltin
02:27:23 INFO    [info] Yeni coin: Fz1wrjXQND - analiz 40s sonra
02:27:25 INFO    [info] Yeni coin: CeAwjR2BMh - analiz 40s sonra
02:27:26 INFO    [info] Yeni coin: 3fdo9mFSji - analiz 40s sonra
02:27:29 INFO    [info] Yeni coin: FPigbzn1G5 - analiz 40s sonra
02:27:29 INFO    [info] Yeni coin: 3xmBdptHJz - analiz 40s sonra
02:27:30 INFO    [info] Yeni coin: 6jyE1WfBmY - analiz 40s sonra
02:27:30 INFO    [info] Yeni coin: HwCqjH7WfE - analiz 40s sonra
02:27:30 INFO    [info] Yeni coin: Anram4NPcP - analiz 40s sonra
02:27:31 INFO    [info] Yeni coin: DuosBt8fM7 - analiz 40s sonra
02:27:32 INFO    [info] Yeni coin: GMRygNgDVL - analiz 40s sonra
02:27:32 INFO    [info] Yeni coin: Ey4Bgs532G - analiz 40s sonra
02:27:43 INFO    [info] Yeni coin: 6g2rrxbdww - analiz 40s sonra
02:27:43 INFO    [info] Yeni coin: A45VDcr3vx - analiz 40s sonra
02:27:44 INFO    [info] Yeni coin: 8kLPbvXGZ5 - analiz 40s sonra
02:27:45 INFO    [info] Yeni coin: An5hzLTPLe - analiz 40s sonra
02:27:45 INFO    [info] Yeni coin: DxRASX5AmV - analiz 40s sonra
02:27:47 WARNING RPC hiz limiti (429) - RPC_RPS dusurun veya plani yukseltin
02:27:58 INFO    [info] Yeni coin: AXUUAYu5xk - analiz 40s sonra
02:27:59 INFO    [info] Yeni coin: AYSALso6zc - analiz 40s sonra
02:28:04 INFO    [info] Yeni coin: 5KwYXC8EG6 - analiz 40s sonra
02:28:04 INFO    [info] Yeni coin: 93aif7Vyt1 - analiz 40s sonra
02:28:05 INFO    [info] Yeni coin: 7NyAGygi8L - analiz 40s sonra
02:28:06 INFO    [info] Yeni coin: 3qcFbjtLRg - analiz 40s sonra
02:28:09 INFO    [info] Yeni coin: 7SVy4m6gG9 - analiz 40s sonra
02:28:10 INFO    [info] Yeni coin: Bvx5c1aT43 - analiz 40s sonra
02:28:12 INFO    [info] Yeni coin: 4yMXLrmKd3 - analiz 40s sonra
02:28:12 INFO    [info] Yeni coin: GcL9tRmmzP - analiz 40s sonra
02:28:18 INFO    [info] Yeni coin: 9nMhAEbEKU - analiz 40s sonra
02:28:18 INFO    [info] Yeni coin: HyuLuBhJcC - analiz 40s sonra
02:28:23 INFO    [info] Yeni coin: HKBT9Y94Jx - analiz 40s sonra
02:28:23 INFO    [info] Yeni coin: DDXF16xXo6 - analiz 40s sonra
02:28:24 WARNING RPC hiz limiti (429) - RPC_RPS dusurun veya plani yukseltin
02:28:25 INFO    [info] Yeni coin: 4qZDjt5bt2 - analiz 40s sonra
02:28:27 INFO    [info] Yeni coin: 8B7HGxB8Ur - analiz 40s sonra
02:28:27 INFO    [info] Yeni coin: Qp24HXbEXL - analiz 40s sonra
02:28:29 INFO    [info] Yeni coin: 5umUoWtQ7Q - analiz 40s sonra
02:28:29 INFO    [info] Yeni coin: JhWmwzDEur - analiz 40s sonra
02:28:30 INFO    [info] Yeni coin: B33i9w5yKv - analiz 40s sonra
02:28:30 INFO    [info] Yeni coin: CZVRCDU8Yi - analiz 40s sonra
02:28:31 INFO    [info] Yeni coin: 467NYUYFxK - analiz 40s sonra
02:28:31 INFO    [info] Yeni coin: GwhDLvAuu3 - analiz 40s sonra
02:28:31 INFO    [info] Yeni coin: 76miD4vi17 - analiz 40s sonra
02:28:33 INFO    [info] Yeni coin: FC38474fry - analiz 40s sonra
02:28:34 INFO    [info] Yeni coin: HXe9uWBqCP - analiz 40s sonra
02:28:35 INFO    [info] Yeni coin: DADDTukNoM - analiz 40s sonra
02:28:36 INFO    [info] Yeni coin: GAQKsCVTcn - analiz 40s sonra
02:28:36 INFO    [info] Yeni coin: 2rFKjxbp8q - analiz 40s sonra
02:28:37 INFO    [warn] Takip edilen cuzdan yok - once skorlayip takibe alin
02:28:40 INFO    [info] Yeni coin: HtUiSJjykY - analiz 40s sonra
02:28:42 INFO    [info] Yeni coin: BZ761KhtG8 - analiz 40s sonra
02:28:42 WARNING RPC hiz limiti (429) - RPC_RPS dusurun veya plani yukseltin
02:28:44 INFO    [info] Yeni coin: 7NVvAKReGH - analiz 40s sonra
02:28:44 INFO    [info] Yeni coin: 48nxgzD87r - analiz 40s sonra
02:28:49 INFO    [info] Yeni coin: GAPd9Tkc74 - analiz 40s sonra
02:28:49 INFO    [info] Yeni coin: DZXpDXtX6T - analiz 40s sonra
02:28:53 INFO    [info] Yeni coin: EkRbp6geCL - analiz 40s sonra
02:28:54 INFO    [info] Yeni coin: 4r4HAGjA3Q - analiz 40s sonra
02:28:58 INFO    [info] Yeni coin: DLd17MJjP2 - analiz 40s sonra
02:29:02 INFO    [info] Yeni coin: BaiWAFpEV3 - analiz 40s sonra
02:29:03 INFO    [info] Yeni coin: FLDHqLZoBX - analiz 40s sonra
02:29:05 WARNING RPC hiz limiti (429) - RPC_RPS dusurun veya plani yukseltin
02:29:06 INFO    [info] Yeni coin: BykSRbGf8A - analiz 40s sonra
02:29:08 INFO    [info] Yeni coin: 3QkSd3aKCM - analiz 40s sonra
02:29:09 INFO    [info] Yeni coin: 2tiMKqPc46 - analiz 40s sonra
02:29:09 INFO    [info] Yeni coin: 8Rw3rudrfZ - analiz 40s sonra
02:29:13 INFO    [info] Yeni coin: qYNgCDFB6L - analiz 40s sonra
02:29:15 INFO    [info] Yeni coin: EUMYXBwA89 - analiz 40s sonra
02:29:16 INFO    [info] Yeni coin: W2v9eUMgzg - analiz 40s sonra
02:29:18 INFO    [info] Yeni coin: 55Sh9XaVvZ - analiz 40s sonra
02:29:19 INFO    [info] Yeni coin: 6Js2pavX5L - analiz 40s sonra
02:29:24 INFO    [info] Yeni coin: 29B3kd1qFj - analiz 40s sonra
02:29:25 INFO    [info] Yeni coin: 3nt5m3sz8H - analiz 40s sonra
02:29:25 INFO    [info] Yeni coin: HSZBSSX6GB - analiz 40s sonra
02:29:31 INFO    [info] Yeni coin: 5gtnUqapFu - analiz 40s sonra
02:29:32 WARNING RPC hiz limiti (429) - RPC_RPS dusurun veya plani yukseltin
02:29:43 INFO    [info] Yeni coin: 7hsjoHZGvp - analiz 40s sonra
02:29:43 INFO    [info] Yeni coin: FoneLRtprS - analiz 40s sonra
02:29:43 INFO    [info] Yeni coin: 8FPG2nRXrH - analiz 40s sonra
02:29:47 INFO    [info] Yeni coin: 7iBs9kFohJ - analiz 40s sonra
02:29:48 INFO    [info] Yeni coin: C1ehrqgnvY - analiz 40s sonra
02:29:48 INFO    [info] Yeni coin: CSDctBWXy8 - analiz 40s sonra
02:29:49 INFO    [info] Yeni coin: 6bQYxbfvK2 - analiz 40s sonra
02:29:50 INFO    [info] Yeni coin: FKWdD2hHz9 - analiz 40s sonra
02:29:50 INFO    [info] Yeni coin: FA2QdR529L - analiz 40s sonra
02:29:54 INFO    [info] Yeni coin: 9tiLg32Azj - analiz 40s sonra
02:29:54 INFO    [info] Yeni coin: BBy3rjwAYb - analiz 40s sonra
02:29:56 INFO    [info] Yeni coin: EQsxq1Bxgq - analiz 40s sonra
02:29:58 INFO    [info] Yeni coin: EvzJSTo22Y - analiz 40s sonra
02:29:59 INFO    [info] Yeni coin: GY9xwiTtWr - analiz 40s sonra
02:29:59 WARNING RPC hiz limiti (429) - RPC_RPS dusurun veya plani yukseltin
02:30:00 INFO    [info] Yeni coin: CDok4QKY5e - analiz 40s sonra
02:30:00 INFO    [info] Yeni coin: CCgJdQQrqD - analiz 40s sonra
02:30:04 INFO    [info] Yeni coin: 4VD2VZSqVz - analiz 40s sonra
02:30:08 INFO    [info] Yeni coin: HDxZ5LGv1c - analiz 40s sonra
02:30:11 INFO    [info] Yeni coin: 2CbJ6MADFW - analiz 40s sonra
02:30:12 INFO    [info] Yeni coin: 7BzPGeG9ng - analiz 40s sonra
02:30:12 INFO    [info] Yeni coin: 7TLXzyQRo4 - analiz 40s sonra
02:30:13 INFO    [info] Yeni coin: 6eC3LaZpTn - analiz 40s sonra
02:30:14 INFO    [info] Yeni coin: 4LmqqKZW6i - analiz 40s sonra
02:30:16 INFO    [info] Yeni coin: 84PLdWXHs3 - analiz 40s sonra
02:30:16 INFO    [info] Yeni coin: 9vDWX23q6Y - analiz 40s sonra
02:30:17 INFO    [info] Yeni coin: 6MKoXSvjrB - analiz 40s sonra
02:30:19 WARNING RPC hiz limiti (429) - RPC_RPS dusurun veya plani yukseltin
02:30:25 INFO    [info] Yeni coin: 7H58panaDP - analiz 40s sonra
02:30:27 INFO    [info] Yeni coin: FjSJBcx2SJ - analiz 40s sonra
02:30:27 INFO    [info] Yeni coin: 2aDqxiKMZF - analiz 40s sonra
02:30:32 INFO    [info] Yeni coin: FhBfSgb1Nx - analiz 40s sonra
02:30:36 WARNING RPC hiz limiti (429) - RPC_RPS dusurun veya plani yukseltin
02:30:37 INFO    [warn] Takip edilen cuzdan yok - once skorlayip takibe alin
02:30:44 INFO    [info] Yeni coin: 446UqBaCwg - analiz 40s sonra
02:30:51 INFO    [info] Yeni coin: 4z9vuDXZaF - analiz 40s sonra
02:30:53 WARNING RPC hiz limiti (429) - RPC_RPS dusurun veya plani yukseltin
02:30:56 INFO    [info] Yeni coin: 3D2FjJiUut - analiz 40s sonra
02:30:58 INFO    [info] Yeni coin: 9tWGKVAW3U - analiz 40s sonra
02:30:59 INFO    [info] Yeni coin: Eom8ZyEBzt - analiz 40s sonra
02:31:00 INFO    [info] Yeni coin: wgBjY8kLrp - analiz 40s sonra
02:31:02 INFO    [info] Yeni coin: 8U3xWXkMtY - analiz 40s sonra
02:31:03 INFO    [info] Yeni coin: 37JwLksZzT - analiz 40s sonra
02:31:04 INFO    [info] Yeni coin: DRYdbbPQjV - analiz 40s sonra
02:31:06 INFO    [info] Yeni coin: EVei3TAJUG - analiz 40s sonra
02:31:07 INFO    [info] Yeni coin: nC2qJE2sai - analiz 40s sonra
02:31:10 INFO    [info] Yeni coin: GVcbKHUJpd - analiz 40s sonra
02:31:15 INFO    [info] Yeni coin: 3Ta77S7c5k - analiz 40s sonra
02:31:15 INFO    [info] Yeni coin: EjKbG7Puz4 - analiz 40s sonra
02:31:17 INFO    [info] Yeni coin: CuAmbDiqjE - analiz 40s sonra
02:31:19 WARNING RPC hiz limiti (429) - RPC_RPS dusurun veya plani yukseltin
02:31:27 INFO    [info] Yeni coin: DRYK5L6PnL - analiz 40s sonra
02:31:27 INFO    [info] Yeni coin: 8WaGgbPetc - analiz 40s sonra
02:31:29 INFO    [info] Yeni coin: CXwZ9PZyYB - analiz 40s sonra
02:31:39 INFO    [info] Yeni coin: DZyQJgAFRa - analiz 40s sonra
02:31:39 INFO    [info] Yeni coin: EjFpeFjWh3 - analiz 40s sonra
02:31:40 INFO    [info] Yeni coin: 5TWPK2h6pr - analiz 40s sonra
02:31:41 INFO    [info] Yeni coin: GnkgojNNJB - analiz 40s sonra
02:31:42 INFO    [info] Yeni coin: FcacYmvHPb - analiz 40s sonra
02:31:46 WARNING RPC hiz limiti (429) - RPC_RPS dusurun veya plani yukseltin
02:31:46 INFO    [info] Yeni coin: 6ajmWNCNut - analiz 40s sonra
02:31:46 INFO    [info] Yeni coin: WagfRMEXUq - analiz 40s sonra
02:31:48 INFO    [info] Yeni coin: 3tmGkHEzcD - analiz 40s sonra
02:31:48 INFO    [info] Yeni coin: EpxxrXvHcH - analiz 40s sonra
02:31:49 INFO    [info] Yeni coin: 2dbA2P6xCe - analiz 40s sonra
02:31:49 INFO    [info] Yeni coin: J2KCKMArWo - analiz 40s sonra
02:31:50 INFO    [info] Yeni coin: DQcyJD8c8D - analiz 40s sonra
02:31:51 INFO    [info] Yeni coin: GFidJZNg11 - analiz 40s sonra
02:31:52 INFO    [info] Yeni coin: 7qYhP9VR8q - analiz 40s sonra
02:31:54 INFO    [info] Yeni coin: Fxp4fQXtoJ - analiz 40s sonra
02:31:55 INFO    [info] Yeni coin: 5T7BisF6xp - analiz 40s sonra
02:31:56 INFO    [info] Yeni coin: Bx5BLzCCZ9 - analiz 40s sonra
02:31:56 INFO    [info] Yeni coin: GjZHhGkhXt - analiz 40s sonra
02:31:57 INFO    [info] Yeni coin: Fkt1CYUiFs - analiz 40s sonra
02:31:58 INFO    [info] Yeni coin: HARyKJF1MX - analiz 40s sonra
02:31:58 INFO    [info] Yeni coin: HKd6G5Rm3p - analiz 40s sonra
02:31:59 INFO    [info] Yeni coin: H1cic2FhSJ - analiz 40s sonra
02:31:59 INFO    [info] Yeni coin: Hkr29ZCVaM - analiz 40s sonra
02:32:00 INFO    [info] Yeni coin: EUoX3ijHrF - analiz 40s sonra
02:32:01 INFO    [info] Yeni coin: 283gtTKKRv - analiz 40s sonra
02:32:05 WARNING RPC hiz limiti (429) - RPC_RPS dusurun veya plani yukseltin
02:32:08 INFO    [info] Yeni coin: 9sWhTmU8wq - analiz 40s sonra
02:32:08 INFO    [info] Yeni coin: B7Mzb5RfDS - analiz 40s sonra
02:32:09 INFO    [info] Yeni coin: AGKHUREVsh - analiz 40s sonra
02:32:09 INFO    [info] Yeni coin: 2BcszFdL6X - analiz 40s sonra
02:32:10 INFO    [info] Yeni coin: 8UhTkqJbZF - analiz 40s sonra
02:32:11 INFO    [info] Yeni coin: 7y4rzb6C6j - analiz 40s sonra
02:32:11 INFO    [info] Yeni coin: ETPeMtJ7Sd - analiz 40s sonra
02:32:13 INFO    [info] Yeni coin: BXQ3TFRC5X - analiz 40s sonra
02:32:13 INFO    [info] Yeni coin: Csiv7GEgc8 - analiz 40s sonra
02:32:16 INFO    [info] Yeni coin: DiuUYLqQbg - analiz 40s sonra
02:32:16 INFO    [info] Yeni coin: FNXPZfbpWN - analiz 40s sonra
02:32:16 INFO    [info] Yeni coin: 2hP9zsTtLY - analiz 40s sonra
02:32:16 INFO    [info] Yeni coin: 8hmJf7Ts6m - analiz 40s sonra
02:32:17 INFO    [info] Yeni coin: 7SKdfAsJXG - analiz 40s sonra
02:32:17 INFO    [info] Yeni coin: EtAa7jqV55 - analiz 40s sonra
02:32:18 INFO    [info] Yeni coin: 6t9kjSfshy - analiz 40s sonra
02:32:28 INFO    [info] Yeni coin: FouwMbYJwg - analiz 40s sonra
02:32:29 INFO    [info] Yeni coin: 6auvqL6j65 - analiz 40s sonra
02:32:30 WARNING RPC hiz limiti (429) - RPC_RPS dusurun veya plani yukseltin
02:32:31 INFO    [info] Yeni coin: HyL5Mb8Fkm - analiz 40s sonra
02:32:32 INFO    [info] Yeni coin: Gajt6Yh1T7 - analiz 40s sonra
02:32:32 INFO    [info] Yeni coin: ExKT7RrWrf - analiz 40s sonra
02:32:35 INFO    [info] Yeni coin: D66ivQiRBe - analiz 40s sonra
02:32:35 INFO    [info] Yeni coin: 6JYKzi3gNR - analiz 40s sonra
02:32:35 INFO    [info] Yeni coin: 14HfsFw8Vn - analiz 40s sonra
02:32:37 INFO    [warn] Takip edilen cuzdan yok - once skorlayip takibe alin
02:32:41 INFO    [info] Yeni coin: 6gRkMUGeCk - analiz 40s sonra
02:32:41 INFO    [info] Yeni coin: 9PmgHDo7Wb - analiz 40s sonra
02:32:41 INFO    [info] Yeni coin: GuAgr9zjuW - analiz 40s sonra
02:32:42 INFO    [info] Yeni coin: 4imZAiXBAZ - analiz 40s sonra
02:32:47 INFO    [info] Yeni coin: 8gcDRUiJz6 - analiz 40s sonra
02:32:48 INFO    [info] Yeni coin: 6aUvW11kng - analiz 40s sonra
02:32:48 INFO    [info] Yeni coin: 6pfGwKA2kA - analiz 40s sonra
02:32:48 INFO    [info] Yeni coin: Bp2FsA7P7J - analiz 40s sonra
02:32:50 INFO    [info] Yeni coin: 3GxQn927gE - analiz 40s sonra
02:32:52 INFO    [info] Yeni coin: G9HKksQ6jv - analiz 40s sonra
02:32:56 INFO    [info] Yeni coin: phWmPco47e - analiz 40s sonra
02:32:56 INFO    [info] Yeni coin: 7b1M7a6su2 - analiz 40s sonra
02:32:56 INFO    [info] Yeni coin: Gh2EMPJ57A - analiz 40s sonra
02:32:56 INFO    [info] Yeni coin: GhNx4MdBnH - analiz 40s sonra
02:32:57 WARNING RPC hiz limiti (429) - RPC_RPS dusurun veya plani yukseltin
02:32:58 INFO    [info] Yeni coin: 8ouFvc7VJ6 - analiz 40s sonra
02:32:58 INFO    [info] Yeni coin: 8AaGwK89nb - analiz 40s sonra
02:33:00 INFO    [info] Yeni coin: DF5s4dbjgD - analiz 40s sonra
02:33:02 INFO    [info] Yeni coin: 5YyvJCFkBV - analiz 40s sonra
02:33:02 INFO    [info] Yeni coin: J5jWhP9z5i - analiz 40s sonra
02:33:03 INFO    [info] Yeni coin: CBedeTSVnR - analiz 40s sonra
02:33:03 INFO    [info] Yeni coin: c6sdseaCYN - analiz 40s sonra
02:33:03 INFO    [info] Yeni coin: 6p9FzFYTs6 - analiz 40s sonra
02:33:06 INFO    [info] Yeni coin: Csv3LMHu2Q - analiz 40s sonra
02:33:07 INFO    [info] Yeni coin: 8AKoMTEykb - analiz 40s sonra
02:33:07 INFO    [info] Yeni coin: EDrR3Z9kTR - analiz 40s sonra
02:33:08 INFO    [info] Yeni coin: 4oLqNEdMQn - analiz 40s sonra
02:33:08 INFO    [info] Yeni coin: bzwozgfgtz - analiz 40s sonra
02:33:09 INFO    [info] Yeni coin: FHJqC6jpMq - analiz 40s sonra
02:33:09 INFO    [info] Yeni coin: 3vuwaQWcR5 - analiz 40s sonra
02:33:10 INFO    [info] Yeni coin: CMU5YZEfLw - analiz 40s sonra
02:33:17 INFO    [info] Yeni coin: FegRsJssqM - analiz 40s sonra
02:33:19 INFO    [info] Yeni coin: 5DW1nzC5Gt - analiz 40s sonra
02:33:19 INFO    [info] Yeni coin: DH9zfjsexx - analiz 40s sonra
02:33:19 INFO    [info] Yeni coin: FHN4WLpU5R - analiz 40s sonra
02:33:22 INFO    [info] Yeni coin: gvdiBoHqmZ - analiz 40s sonra
02:33:23 INFO    [info] Yeni coin: CvwCt7DJs4 - analiz 40s sonra
02:33:24 INFO    [info] Yeni coin: 61bCEhhwMv - analiz 40s sonra
02:33:24 INFO    [info] Yeni coin: 41Z3FVpwSj - analiz 40s sonra
02:33:25 WARNING RPC hiz limiti (429) - RPC_RPS dusurun veya plani yukseltin
02:33:26 INFO    [info] Yeni coin: DiaDpW3dBR - analiz 40s sonra
02:33:27 INFO    [info] Yeni coin: 7kF9A6ynRN - analiz 40s sonra
02:33:28 INFO    [info] Yeni coin: 7yjeUFBZ9G - analiz 40s sonra
02:33:30 INFO    [info] Yeni coin: DPYdrdpPEB - analiz 40s sonra
02:33:35 INFO    [info] Yeni coin: DnATmU2v2D - analiz 40s sonra
02:33:37 INFO    [info] Yeni coin: 9pScm38PJn - analiz 40s sonra
02:33:39 INFO    [info] Yeni coin: 5KU9djsEBU - analiz 40s sonra
02:33:43 INFO    [info] Yeni coin: Cm5eoZoAhk - analiz 40s sonra
02:33:46 INFO    [info] Yeni coin: J1hrqMayf8 - analiz 40s sonra
02:33:47 INFO    [info] Yeni coin: JChJuBidFr - analiz 40s sonra
02:33:48 INFO    [info] Yeni coin: 4tU3k5cLrs - analiz 40s sonra
02:33:55 INFO    [info] Yeni coin: HH6THFgmf1 - analiz 40s sonra
02:33:57 INFO    [info] Yeni coin: 8KGCw6BbKn - analiz 40s sonra
02:33:57 INFO    [info] Yeni coin: 58G3zURg66 - analiz 40s sonra
02:33:57 INFO    [info] Yeni coin: ANC2SMpDsU - analiz 40s sonra
02:33:58 INFO    [info] Yeni coin: 9BHUZvMMX6 - analiz 40s sonra
02:34:02 INFO    [info] Yeni coin: J2Z4BjEgNx - analiz 40s sonra
02:34:03 WARNING RPC hiz limiti (429) - RPC_RPS dusurun veya plani yukseltin
02:34:08 INFO    [info] Yeni coin: Fm7hU38qQo - analiz 40s sonra
02:34:09 INFO    [info] Yeni coin: B7Jsej5pgS - analiz 40s sonra
02:34:09 INFO    [info] Yeni coin: Az6YRjXpZq - analiz 40s sonra
02:34:09 INFO    [info] Yeni coin: 2dqo6erwjN - analiz 40s sonra
02:34:10 INFO    [info] Yeni coin: Fq2f2AS9sM - analiz 40s sonra
02:34:10 INFO    [info] Yeni coin: EKqEpJLMxE - analiz 40s sonra
02:34:10 INFO    [info] Yeni coin: 5zy6ZyvhfE - analiz 40s sonra
02:34:14 INFO    [info] Yeni coin: 5AjNb7hjuQ - analiz 40s sonra
02:34:17 INFO    [info] Yeni coin: 6A3iXWttAX - analiz 40s sonra
02:34:18 INFO    [info] Yeni coin: Hx5XkbYGe6 - analiz 40s sonra
02:34:18 INFO    [info] Yeni coin: 6Gt7SPUiwr - analiz 40s sonra
02:34:18 INFO    [info] Yeni coin: 86uYbum7M9 - analiz 40s sonra
02:34:19 INFO    [info] Yeni coin: 2y39zEuxJg - analiz 40s sonra
02:34:21 INFO    [info] Yeni coin: 923HFqmgRj - analiz 40s sonra
02:34:25 INFO    [info] Yeni coin: 2aUd1PKaGP - analiz 40s sonra
02:34:25 INFO    [info] Yeni coin: 42cfK4ctA3 - analiz 40s sonra
02:34:26 INFO    [info] Yeni coin: HsinWqAHDn - analiz 40s sonra
02:34:26 INFO    [info] Yeni coin: 9kW3BrjSJE - analiz 40s sonra
02:34:27 INFO    [info] Yeni coin: CePdVaGhEK - analiz 40s sonra
02:34:27 INFO    [info] Yeni coin: VCwFrvrZzd - analiz 40s sonra
02:34:27 INFO    [info] Yeni coin: DR4vefJX28 - analiz 40s sonra
02:34:32 INFO    [info] Yeni coin: CUHYquEcsW - analiz 40s sonra
02:34:33 WARNING RPC hiz limiti (429) - RPC_RPS dusurun veya plani yukseltin
02:34:35 INFO    [info] Yeni coin: GpotBYVAo2 - analiz 40s sonra
02:34:35 INFO    [info] Yeni coin: ESj2QpqmnU - analiz 40s sonra
02:34:36 INFO    [info] Yeni coin: 9hi8hrhSAd - analiz 40s sonra
02:34:37 INFO    [warn] Takip edilen cuzdan yok - once skorlayip takibe alin
02:34:40 INFO    [info] Yeni coin: BQVye3aTLG - analiz 40s sonra
02:34:45 INFO    [info] Yeni coin: 8tyNSzy8Yp - analiz 40s sonra
02:34:47 INFO    [info] Yeni coin: CbuH2btfrQ - analiz 40s sonra
02:34:49 INFO    [info] Yeni coin: 2Tsrz54zgD - analiz 40s sonra
02:34:50 INFO    [info] Yeni coin: 8dMcrES2yt - analiz 40s sonra
02:34:50 INFO    [info] Yeni coin: EkdhuSDQ8C - analiz 40s sonra
02:34:52 INFO    [info] Yeni coin: G8uRKyrTVp - analiz 40s sonra
02:34:56 WARNING RPC hiz limiti (429) - RPC_RPS dusurun veya plani yukseltin
02:34:56 INFO    [info] Yeni coin: ED1DGod5SM - analiz 40s sonra
02:34:57 INFO    [info] Yeni coin: 9yykVuiSFC - analiz 40s sonra
02:34:57 INFO    [info] Yeni coin: 7vkCxz3BhA - analiz 40s sonra
02:34:58 INFO    [info] Yeni coin: E4TtcLkJJa - analiz 40s sonra
02:35:03 INFO    [info] Yeni coin: XTkKCntYPR - analiz 40s sonra
02:35:04 INFO    [info] Yeni coin: 2VyZ6VoLxr - analiz 40s sonra
02:35:05 INFO    [info] Yeni coin: gBnbm4cpmh - analiz 40s sonra
02:35:20 INFO    [info] Yeni coin: 9TKoxzjm4V - analiz 40s sonra
02:35:28 INFO    [info] Yeni coin: 5KM62UYkrm - analiz 40s sonra
02:35:31 INFO    [info] Yeni coin: 7mMesLzAtH - analiz 40s sonra
02:35:31 INFO    [info] Yeni coin: 4UhinQHfq4 - analiz 40s sonra
02:35:36 INFO    [info] Yeni coin: 7R2x7yragi - analiz 40s sonra
02:35:38 WARNING RPC hiz limiti (429) - RPC_RPS dusurun veya plani yukseltin
02:35:38 INFO    [info] Yeni coin: BpKeX2ubT1 - analiz 40s sonra
02:35:42 INFO    [info] Yeni coin: j3NYGskERF - analiz 40s sonra
02:35:42 INFO    [info] Yeni coin: 9rN39231Zp - analiz 40s sonra
02:35:48 INFO    [info] Yeni coin: 4M9opafbm4 - analiz 40s sonra
02:35:51 INFO    [info] Yeni coin: HHQ2Sn5JjD - analiz 40s sonra
02:35:58 INFO    [info] Yeni coin: BST9T6djSv - analiz 40s sonra
02:36:00 INFO    [info] Yeni coin: EhoEWV1L8M - analiz 40s sonra
02:36:01 INFO    [info] Yeni coin: 21stpbbaJZ - analiz 40s sonra
02:36:01 INFO    [info] Yeni coin: 9E7pJVvNrR - analiz 40s sonra
02:36:03 INFO    [info] Yeni coin: pKH15KQJYT - analiz 40s sonra
02:36:03 INFO    [info] Yeni coin: CFv4bX36Pt - analiz 40s sonra
02:36:04 INFO    [info] Yeni coin: CEvHe6XpVq - analiz 40s sonra
02:36:04 INFO    [info] Yeni coin: CCwtenX9xN - analiz 40s sonra
02:36:05 INFO    [info] Yeni coin: 4yGgAmhp9u - analiz 40s sonra
02:36:05 INFO    [info] Yeni coin: A4saKDRb5Q - analiz 40s sonra
02:36:06 INFO    [info] Yeni coin: Ep7RdNHSXf - analiz 40s sonra
02:36:06 WARNING RPC hiz limiti (429) - RPC_RPS dusurun veya plani yukseltin
02:36:07 INFO    [info] Yeni coin: HPr7hBf95T - analiz 40s sonra
02:36:08 INFO    [info] Yeni coin: B49rA1MJMe - analiz 40s sonra
02:36:08 INFO    [info] Yeni coin: 7B53LPWmWS - analiz 40s sonra
02:36:09 INFO    [info] Yeni coin: 5HJXhSnBwX - analiz 40s sonra
02:36:11 INFO    [info] Yeni coin: ZC3K8m8wB4 - analiz 40s sonra
02:36:13 INFO    [info] Yeni coin: CCJ1ZYeADY - analiz 40s sonra
02:36:14 INFO    [info] Yeni coin: 5oeTKBci8X - analiz 40s sonra
02:36:14 INFO    [info] Yeni coin: FYPyDaNgk1 - analiz 40s sonra
02:36:14 INFO    [info] Yeni coin: BoaHizwudz - analiz 40s sonra
02:36:22 INFO    [info] Yeni coin: 5coyhR32BM - analiz 40s sonra
02:36:23 INFO    [info] Yeni coin: 8wZoMSf9JL - analiz 40s sonra
02:36:24 INFO    [info] Yeni coin: 4v9MTCXCXG - analiz 40s sonra
02:36:27 WARNING RPC hiz limiti (429) - RPC_RPS dusurun veya plani yukseltin
02:36:29 INFO    [info] Yeni coin: AhupQ2jyNA - analiz 40s sonra
02:36:37 INFO    [warn] Takip edilen cuzdan yok - once skorlayip takibe alin
02:36:41 INFO    [info] Yeni coin: FYyzdeTMxg - analiz 40s sonra
02:36:41 INFO    [info] Yeni coin: FLzMiP31RY - analiz 40s sonra
02:36:48 INFO    [info] Yeni coin: C9p5m4jdN9 - analiz 40s sonra
02:36:52 INFO    [info] Yeni coin: 2PnVwBriRp - analiz 40s sonra
02:36:54 INFO    [info] Yeni coin: 9ka2Qhj6ue - analiz 40s sonra
02:36:55 WARNING RPC hiz limiti (429) - RPC_RPS dusurun veya plani yukseltin
02:36:58 INFO    [info] Yeni coin: DPj8uPA2JN - analiz 40s sonra
02:37:01 INFO    [info] Yeni coin: 79eNBUaeeH - analiz 40s sonra
02:37:03 INFO    [info] Yeni coin: DvkqhAMDnM - analiz 40s sonra
02:37:11 INFO    [info] Yeni coin: CN7NukdjT6 - analiz 40s sonra
02:37:18 INFO    [info] Yeni coin: 2in3mYHyaV - analiz 40s sonra
02:37:18 INFO    [info] Yeni coin: 7qNeQPzYpo - analiz 40s sonra
02:37:18 INFO    [info] Yeni coin: Hufcvtijcd - analiz 40s sonra
02:37:19 INFO    [info] Yeni coin: AjMWU81ifi - analiz 40s sonra
02:37:23 WARNING RPC hiz limiti (429) - RPC_RPS dusurun veya plani yukseltin
02:37:25 INFO    [info] Yeni coin: H5TYRuBbzJ - analiz 40s sonra
02:37:25 INFO    [info] Yeni coin: 4YMy3MHuv8 - analiz 40s sonra
02:37:30 INFO    [info] Yeni coin: 5XTLxZLBop - analiz 40s sonra
02:37:31 INFO    [info] Yeni coin: 8gv4hxq8Wc - analiz 40s sonra
02:37:34 INFO    [info] Yeni coin: 8P6BdU6UZN - analiz 40s sonra
02:37:37 INFO    [info] Yeni coin: FrcWG8qypj - analiz 40s sonra
02:37:37 INFO    [info] Yeni coin: 6iebdFtr3f - analiz 40s sonra
02:37:37 INFO    [info] Yeni coin: 89D7XgYAxf - analiz 40s sonra
02:37:41 INFO    [info] Yeni coin: QY5tHAnGgD - analiz 40s sonra
02:37:44 INFO    [info] Yeni coin: 3LwUUGog8M - analiz 40s sonra
02:37:51 WARNING RPC hiz limiti (429) - RPC_RPS dusurun veya plani yukseltin
02:37:55 INFO    [info] Yeni coin: HAtrsT4vJc - analiz 40s sonra
02:37:56 INFO    [info] Yeni coin: 2M1jJRugt6 - analiz 40s sonra
02:38:03 INFO    [info] Yeni coin: 8hBk3FCKY6 - analiz 40s sonra
02:38:04 INFO    [info] Yeni coin: 6wb8rGvTMg - analiz 40s sonra
02:38:05 INFO    [info] Yeni coin: 4sZcK71PVD - analiz 40s sonra
02:38:09 INFO    [info] Yeni coin: 3YpLfJMd9w - analiz 40s sonra
02:38:12 INFO    [info] Yeni coin: Gd1HnkaW53 - analiz 40s sonra
02:38:12 INFO    [info] Yeni coin: 4zonAxMbE7 - analiz 40s sonra
02:38:13 INFO    [info] Yeni coin: 9ycBpBjMmk - analiz 40s sonra
02:38:19 INFO    [info] Yeni coin: 7BKB3rt39b - analiz 40s sonra
02:38:19 WARNING RPC hiz limiti (429) - RPC_RPS dusurun veya plani yukseltin
02:38:22 INFO    [info] Yeni coin: Ei5ghLWqrF - analiz 40s sonra
02:38:26 INFO    [info] Yeni coin: 9XP3fYBCXk - analiz 40s sonra
02:38:26 INFO    [info] Yeni coin: BjpXNEn1uC - analiz 40s sonra
02:38:26 INFO    [info] Yeni coin: 8vY6a5j67F - analiz 40s sonra
02:38:38 INFO    [warn] Takip edilen cuzdan yok - once skorlayip takibe alin
02:38:39 INFO    [info] Yeni coin: 3hqsoW4DWH - analiz 40s sonra
02:38:40 INFO    [info] Yeni coin: Do3ZQxYqWy - analiz 40s sonra
02:38:41 INFO    [info] Yeni coin: D96V1TiaMQ - analiz 40s sonra
02:38:44 WARNING RPC hiz limiti (429) - RPC_RPS dusurun veya plani yukseltin
02:38:49 INFO    [info] Yeni coin: Gouvcb5mnD - analiz 40s sonra
02:38:50 INFO    [info] Yeni coin: 24ww14kytG - analiz 40s sonra
02:38:51 INFO    [info] Yeni coin: 2zGhCfLwAW - analiz 40s sonra
02:38:52 INFO    [info] Yeni coin: FVveoUhTvi - analiz 40s sonra
02:38:54 INFO    [info] Yeni coin: 5bMXnKe4ks - analiz 40s sonra
02:39:03 INFO    [info] Yeni coin: FUUR1PAtaM - analiz 40s sonra
02:39:04 WARNING RPC hiz limiti (429) - RPC_RPS dusurun veya plani yukseltin
02:39:04 INFO    [info] Yeni coin: aT3RUgqE2s - analiz 40s sonra
02:39:05 INFO    [info] Yeni coin: 7yEhJmFCeE - analiz 40s sonra
02:39:08 INFO    [info] Yeni coin: HwF1AjQvp3 - analiz 40s sonra
02:39:09 INFO    [info] Yeni coin: 7YRDsAvQ2G - analiz 40s sonra
02:39:09 INFO    [info] Yeni coin: HZBAeX6bZg - analiz 40s sonra
02:39:12 INFO    [info] Yeni coin: Dhrgpm7GWX - analiz 40s sonra
02:39:19 INFO    [info] Yeni coin: CtDYk2MxR5 - analiz 40s sonra
02:39:21 INFO    [info] Yeni coin: 8j2MjRBZWt - analiz 40s sonra
02:39:22 INFO    [info] Yeni coin: 2ukbuRFe8G - analiz 40s sonra
02:39:24 INFO    [info] Yeni coin: 2UpRamKwBh - analiz 40s sonra
02:39:25 INFO    [info] Yeni coin: GxF6SJfDHo - analiz 40s sonra
02:39:27 INFO    [info] Yeni coin: 46J15A26MH - analiz 40s sonra
02:39:27 WARNING RPC hiz limiti (429) - RPC_RPS dusurun veya plani yukseltin
02:39:30 INFO    [info] Yeni coin: 7hM155Mut1 - analiz 40s sonra
02:39:35 INFO    [info] Yeni coin: 92aX4GmU8k - analiz 40s sonra
02:39:43 INFO    [info] Yeni coin: 41fwRoo9BT - analiz 40s sonra
02:39:43 INFO    [info] Yeni coin: 6c1HfFEvz4 - analiz 40s sonra
02:39:47 INFO    [info] Yeni coin: FY58WFPLm8 - analiz 40s sonra
02:39:47 INFO    [info] Yeni coin: 24wwnHg8u9 - analiz 40s sonra
02:39:48 INFO    [info] Yeni coin: AJSMEQg2jC - analiz 40s sonra
02:39:48 INFO    [info] Yeni coin: ZExy7krMik - analiz 40s sonra
02:39:56 INFO    [info] Yeni coin: Am78mmoERL - analiz 40s sonra
02:39:58 WARNING RPC hiz limiti (429) - RPC_RPS dusurun veya plani yukseltin
02:39:59 INFO    [info] Yeni coin: 5an9aQ8FN9 - analiz 40s sonra
02:40:02 INFO    [info] Yeni coin: 5twATFk7cG - analiz 40s sonra
02:40:04 INFO    [info] Yeni coin: H2Db89u3ib - analiz 40s sonra
02:40:05 INFO    [info] Yeni coin: FmurR6yg1n - analiz 40s sonra
02:40:06 INFO    [info] Yeni coin: AhmxFECdRr - analiz 40s sonra
02:40:08 INFO    [info] Yeni coin: Dx6hj4Ki1G - analiz 40s sonra
02:40:09 INFO    [info] Yeni coin: FkLtTeSWQP - analiz 40s sonra
02:40:09 INFO    [info] Yeni coin: 5Z7kKpwChM - analiz 40s sonra
02:40:10 INFO    [info] Yeni coin: 7zBChmfqen - analiz 40s sonra
02:40:12 INFO    [info] Yeni coin: DcxkGU5vWD - analiz 40s sonra
02:40:20 INFO    [info] Yeni coin: HhtEZsHDC2 - analiz 40s sonra
02:40:24 WARNING RPC hiz limiti (429) - RPC_RPS dusurun veya plani yukseltin
02:40:25 INFO    [info] Yeni coin: G6oCgeZjSN - analiz 40s sonra
02:40:27 INFO    [info] Yeni coin: 24wwzBjcoM - analiz 40s sonra
02:40:28 INFO    [info] Yeni coin: DScZAfg7W7 - analiz 40s sonra
02:40:28 INFO    [info] Yeni coin: EcPXwJFPgj - analiz 40s sonra
02:40:38 INFO    [warn] Takip edilen cuzdan yok - once skorlayip takibe alin
02:40:43 INFO    [info] Yeni coin: HaAck1kKGN - analiz 40s sonra
02:40:43 INFO    [info] Yeni coin: 6puZYtLR2e - analiz 40s sonra
02:40:45 INFO    [info] Yeni coin: FE5PVFpnop - analiz 40s sonra
02:40:46 INFO    [info] Yeni coin: BnBGSCuLwP - analiz 40s sonra
02:40:52 WARNING RPC hiz limiti (429) - RPC_RPS dusurun veya plani yukseltin
02:41:03 INFO    [info] Yeni coin: 63WALLRoBa - analiz 40s sonra
02:41:04 INFO    [info] Yeni coin: 6jyqtFpjR3 - analiz 40s sonra
02:41:08 INFO    [info] Yeni coin: 626F9GssaD - analiz 40s sonra
02:41:09 INFO    [info] Yeni coin: DZ6wB2tpaZ - analiz 40s sonra
02:41:11 WARNING RPC hiz limiti (429) - RPC_RPS dusurun veya plani yukseltin
02:41:12 INFO    [info] Yeni coin: 97TfqqFw7z - analiz 40s sonra
02:41:15 INFO    [info] Yeni coin: JD9jhg7Vjj - analiz 40s sonra
02:41:16 INFO    [info] Yeni coin: 6rdD3tTgud - analiz 40s sonra
02:41:22 INFO    [info] Yeni coin: 577iS1eopQ - analiz 40s sonra
02:41:25 INFO    [info] Yeni coin: 6pqqVXkbW4 - analiz 40s sonra
02:41:25 INFO    [info] Yeni coin: 8zC9HBkB8w - analiz 40s sonra
02:41:27 INFO    [info] Yeni coin: DuJ1nP5e8K - analiz 40s sonra
02:41:35 WARNING RPC hiz limiti (429) - RPC_RPS dusurun veya plani yukseltin
02:41:38 INFO    [info] Yeni coin: 6wxREPGQSa - analiz 40s sonra
02:41:38 INFO    [info] Yeni coin: BYr3xrstDT - analiz 40s sonra
02:41:47 INFO    [info] Yeni coin: Gsq2giYogu - analiz 40s sonra
02:41:50 INFO    [info] Yeni coin: GRVniWv9kS - analiz 40s sonra
02:41:55 INFO    [info] Yeni coin: 6Mdk3EisND - analiz 40s sonra
02:41:57 INFO    [info] Yeni coin: Hj9c57vKJD - analiz 40s sonra
02:41:58 INFO    [info] Yeni coin: 5LtS77DH4o - analiz 40s sonra
02:41:58 INFO    [info] Yeni coin: 4ei4CDUd9M - analiz 40s sonra
02:42:00 WARNING RPC hiz limiti (429) - RPC_RPS dusurun veya plani yukseltin
02:42:00 INFO    [info] Yeni coin: 5qYrW1pteq - analiz 40s sonra
02:42:04 INFO    [info] Yeni coin: 6tUWc5bSrV - analiz 40s sonra
02:42:05 INFO    [info] Yeni coin: 7EKgEaNodk - analiz 40s sonra
02:42:07 INFO    [info] Yeni coin: 9KX25NtmAC - analiz 40s sonra
02:42:07 INFO    [info] Yeni coin: 4zbHeiHFpL - analiz 40s sonra
02:42:09 INFO    [info] Yeni coin: DLhzqAWwE2 - analiz 40s sonra
02:42:11 INFO    [info] Yeni coin: DRw9zwJMtR - analiz 40s sonra
02:42:11 INFO    [info] Yeni coin: EupFpboXsq - analiz 40s sonra
02:42:13 INFO    [info] Yeni coin: GbBxKhAEYW - analiz 40s sonra
02:42:14 INFO    [info] Yeni coin: 6osnkbVe3G - analiz 40s sonra
02:42:16 INFO    [info] Yeni coin: 3tuWuornsY - analiz 40s sonra
02:42:17 WARNING RPC hiz limiti (429) - RPC_RPS dusurun veya plani yukseltin
02:42:17 INFO    [info] Yeni coin: 4hxdBPRzKZ - analiz 40s sonra
02:42:19 INFO    [info] Yeni coin: Aiy7JBbKAt - analiz 40s sonra
02:42:20 INFO    [info] Yeni coin: CmCpAwStEy - analiz 40s sonra
02:42:20 INFO    [info] Yeni coin: B5szJcpziQ - analiz 40s sonra
02:42:32 INFO    [info] Yeni coin: 2pivmW3Wf2 - analiz 40s sonra
02:42:34 INFO    [info] Yeni coin: 7LTqjuQE7N - analiz 40s sonra
02:42:38 INFO    [warn] Takip edilen cuzdan yok - once skorlayip takibe alin
02:42:41 INFO    [info] Yeni coin: 6bPnHq4inz - analiz 40s sonra
02:42:45 INFO    [info] Yeni coin: 71dQd6PCPv - analiz 40s sonra
02:42:46 INFO    [info] Yeni coin: 7hitxQdbSb - analiz 40s sonra
02:42:48 WARNING RPC hiz limiti (429) - RPC_RPS dusurun veya plani yukseltin
02:42:50 INFO    [info] Yeni coin: FucovemAtv - analiz 40s sonra
02:43:01 INFO    [info] Yeni coin: Cuw4UoDxoP - analiz 40s sonra
02:43:02 INFO    [info] Yeni coin: B93JPmyWfz - analiz 40s sonra
02:43:04 INFO    [info] Yeni coin: 4LLYi25i9W - analiz 40s sonra
02:43:05 INFO    [info] Yeni coin: 7RZqARYJp2 - analiz 40s sonra
02:43:05 INFO    [info] Yeni coin: EdQze9G9NC - analiz 40s sonra
02:43:08 INFO    [info] Yeni coin: DwSCBkcmfb - analiz 40s sonra
02:43:11 INFO    [info] Yeni coin: 3iU6E5EpRt - analiz 40s sonra
02:43:14 INFO    [info] Yeni coin: 2eerwmBD4s - analiz 40s sonra
02:43:16 INFO    [info] Yeni coin: 6Z9C2JYCNz - analiz 40s sonra
02:43:16 WARNING RPC hiz limiti (429) - RPC_RPS dusurun veya plani yukseltin
02:43:16 INFO    [info] Yeni coin: 8vdPUWNqqd - analiz 40s sonra
02:43:16 INFO    [info] Yeni coin: 2XPReKz6fd - analiz 40s sonra
02:43:17 INFO    [info] Yeni coin: 6p83W8KSs8 - analiz 40s sonra
02:43:17 INFO    [info] Yeni coin: DPiTveorKw - analiz 40s sonra
02:43:18 INFO    [info] Yeni coin: 5Dx3wWkyTe - analiz 40s sonra
02:43:23 INFO    [info] Yeni coin: 3monMCcDLg - analiz 40s sonra
02:43:27 INFO    [info] Yeni coin: 9NARcmRamE - analiz 40s sonra
02:43:28 INFO    [info] Yeni coin: 5q85iukyuf - analiz 40s sonra
02:43:32 INFO    [info] Yeni coin: F1GrLbFH3G - analiz 40s sonra
02:43:36 INFO    [info] Yeni coin: C7iwNjbkMw - analiz 40s sonra
02:43:39 INFO    [info] Yeni coin: G1kH9H7F7m - analiz 40s sonra
02:43:39 INFO    [info] Yeni coin: 3j4bgRfbC7 - analiz 40s sonra
02:43:40 INFO    [info] Yeni coin: 86vz5vTHYZ - analiz 40s sonra
02:43:40 WARNING RPC hiz limiti (429) - RPC_RPS dusurun veya plani yukseltin
02:43:41 INFO    [info] Yeni coin: 56yVJ76uRu - analiz 40s sonra
02:43:42 INFO    [info] Yeni coin: 9fX4i6cE1Y - analiz 40s sonra
02:43:43 INFO    [info] Yeni coin: 2rkCDBVKHq - analiz 40s sonra
02:43:45 INFO    [info] Yeni coin: 4Pp3yC6nq9 - analiz 40s sonra
02:43:48 INFO    [info] Yeni coin: Bq8VoZuKpo - analiz 40s sonra
02:43:49 INFO    [info] Yeni coin: oN4hXBtbgd - analiz 40s sonra
02:43:49 INFO    [info] Yeni coin: DQNBxyivsV - analiz 40s sonra
02:43:50 INFO    [info] Yeni coin: QS3EucGpRF - analiz 40s sonra
02:43:53 INFO    [info] Yeni coin: BpgG9MZzoc - analiz 40s sonra
02:44:07 INFO    [info] Yeni coin: J78fAvTc1i - analiz 40s sonra
02:44:09 INFO    [info] Yeni coin: BmeVDjNvCE - analiz 40s sonra
02:44:10 INFO    [info] Yeni coin: CRz569D77T - analiz 40s sonra
02:44:11 WARNING RPC hiz limiti (429) - RPC_RPS dusurun veya plani yukseltin
02:44:18 INFO    [info] Yeni coin: bQf97S3nNF - analiz 40s sonra
02:44:26 INFO    [info] Yeni coin: BicMq5CgVL - analiz 40s sonra
02:44:27 INFO    [info] Yeni coin: ASspCGsxy7 - analiz 40s sonra
02:44:28 INFO    [info] Yeni coin: FakAefqpn5 - analiz 40s sonra
02:44:35 INFO    [info] Yeni coin: 3mDCZiZTX4 - analiz 40s sonra
02:44:35 WARNING RPC hiz limiti (429) - RPC_RPS dusurun veya plani yukseltin
02:44:38 INFO    [warn] Takip edilen cuzdan yok - once skorlayip takibe alin
02:44:39 INFO    [info] Yeni coin: GnFsyERGK6 - analiz 40s sonra
02:44:43 INFO    [info] Yeni coin: EEuvMAZ5uG - analiz 40s sonra
02:44:44 INFO    [info] Yeni coin: B7zv672kKz - analiz 40s sonra
02:44:46 INFO    [info] Yeni coin: 8pt2HZE63E - analiz 40s sonra
02:44:47 INFO    [info] Yeni coin: FacZi7ok8S - analiz 40s sonra
02:44:51 INFO    [info] Yeni coin: 4uZYn3AUuu - analiz 40s sonra
02:44:56 WARNING RPC hiz limiti (429) - RPC_RPS dusurun veya plani yukseltin
02:44:57 INFO    [info] Yeni coin: 48gCcT42hq - analiz 40s sonra
02:44:58 INFO    [info] Yeni coin: AhTwKT9rXs - analiz 40s sonra
02:44:59 INFO    [info] Yeni coin: 3kxWrE2nyk - analiz 40s sonra
02:45:00 INFO    [info] Yeni coin: DoAPN87PZ9 - analiz 40s sonra
02:45:02 INFO    [info] Yeni coin: 9rN3CEPTdK - analiz 40s sonra
02:45:02 INFO    [info] Yeni coin: HNTKToGdXT - analiz 40s sonra
02:45:05 INFO    [info] Yeni coin: 2G2Y1esuti - analiz 40s sonra
02:45:07 INFO    [info] Yeni coin: rgKhiBXSTS - analiz 40s sonra
02:45:08 INFO    [info] Yeni coin: D3ZnEgURgz - analiz 40s sonra
02:45:08 INFO    [info] Yeni coin: HCkj8YoXf1 - analiz 40s sonra
02:45:08 INFO    [info] Yeni coin: AiosbZ5e7x - analiz 40s sonra
02:45:08 INFO    [info] Yeni coin: 13bcqvtNrZ - analiz 40s sonra
02:45:09 INFO    [info] Yeni coin: 4NEDmgswhP - analiz 40s sonra
02:45:13 WARNING RPC hiz limiti (429) - RPC_RPS dusurun veya plani yukseltin
02:45:23 INFO    [info] Yeni coin: 9fdhZRJJpU - analiz 40s sonra
02:45:24 INFO    [info] Yeni coin: Ctc2Jm2dUy - analiz 40s sonra
02:45:24 INFO    [info] Yeni coin: 9wheLLdiq4 - analiz 40s sonra
02:45:34 INFO    [info] Yeni coin: Nwc6ykteTY - analiz 40s sonra
02:45:34 INFO    [info] Yeni coin: Fs7wZxuGVn - analiz 40s sonra
02:45:38 INFO    [info] Yeni coin: EywR6UcUkZ - analiz 40s sonra
02:45:41 INFO    [info] Yeni coin: BWMz6c4NRo - analiz 40s sonra
02:45:41 INFO    [info] Yeni coin: 54yHgjwsHc - analiz 40s sonra
02:45:44 INFO    [info] Yeni coin: BVP8yTMsva - analiz 40s sonra
02:45:51 INFO    [info] Yeni coin: 6XyVJrRPth - analiz 40s sonra
02:45:51 INFO    [info] Yeni coin: AheTGHLXy6 - analiz 40s sonra
02:45:51 INFO    [info] Yeni coin: J3N1Fja9RS - analiz 40s sonra
02:45:52 INFO    [info] Yeni coin: 7P1hUZnUkt - analiz 40s sonra
02:45:53 WARNING RPC hiz limiti (429) - RPC_RPS dusurun veya plani yukseltin
02:45:53 INFO    [info] Yeni coin: 6k7A8MX6CB - analiz 40s sonra
02:45:54 INFO    [info] Yeni coin: CohhcrcRAv - analiz 40s sonra
02:45:54 INFO    [info] Yeni coin: 3zrEJEZhJU - analiz 40s sonra
02:45:55 INFO    [info] Yeni coin: EQWC3CaD1t - analiz 40s sonra
02:45:56 INFO    [info] Yeni coin: 6YK3BMF9Ff - analiz 40s sonra
02:46:07 INFO    [info] Yeni coin: 27PRtqkeAU - analiz 40s sonra
02:46:08 INFO    [info] Yeni coin: Czk9uofv1s - analiz 40s sonra
02:46:10 INFO    [info] Yeni coin: CoeNMYxa5M - analiz 40s sonra
02:46:13 INFO    [info] Yeni coin: AvyKWZkwFt - analiz 40s sonra
02:46:13 WARNING RPC hiz limiti (429) - RPC_RPS dusurun veya plani yukseltin
02:46:16 INFO    [info] Yeni coin: 8RnfmPiuhm - analiz 40s sonra
02:46:20 INFO    [info] Yeni coin: 7ntoPcfcJ3 - analiz 40s sonra
02:46:20 INFO    [info] Yeni coin: 88RQDGtj5e - analiz 40s sonra
02:46:21 INFO    [info] Yeni coin: DdXH8Vwpnu - analiz 40s sonra
02:46:24 INFO    [info] Yeni coin: 4GDyN1PqhR - analiz 40s sonra
02:46:24 INFO    [info] Yeni coin: chp7hP3egT - analiz 40s sonra
02:46:25 INFO    [info] Yeni coin: 4ACqWRbajx - analiz 40s sonra
02:46:26 INFO    [info] Yeni coin: FqHZnCsTNG - analiz 40s sonra
02:46:27 INFO    [info] Yeni coin: 2s3TuLoa7Z - analiz 40s sonra
02:46:29 INFO    [info] Yeni coin: A2bU9TfYpt - analiz 40s sonra
02:46:30 WARNING RPC hiz limiti (429) - RPC_RPS dusurun veya plani yukseltin
02:46:38 INFO    [warn] Takip edilen cuzdan yok - once skorlayip takibe alin
02:46:42 INFO    [info] Yeni coin: 7XpUU9oVxf - analiz 40s sonra
02:46:45 INFO    [info] Yeni coin: Eupcy7E6o5 - analiz 40s sonra
02:46:54 INFO    [info] Yeni coin: 7Bk4LWGmnJ - analiz 40s sonra
02:46:58 INFO    [info] Yeni coin: 933rQFVvcV - analiz 40s sonra
02:46:59 WARNING RPC hiz limiti (429) - RPC_RPS dusurun veya plani yukseltin
02:47:07 INFO    [info] Yeni coin: Cp7i3bLZfk - analiz 40s sonra
02:47:08 INFO    [info] Yeni coin: AfF9BdE63h - analiz 40s sonra
02:47:15 INFO    [info] Yeni coin: FEFKkWwBuR - analiz 40s sonra
02:47:16 INFO    [info] Yeni coin: HeBwG2VbyS - analiz 40s sonra
02:47:17 INFO    [info] Yeni coin: GRdZhGFVQd - analiz 40s sonra
02:47:21 INFO    [info] Yeni coin: 4jNTL6cf6U - analiz 40s sonra
02:47:28 INFO    [info] Yeni coin: 5tJt8JjZbZ - analiz 40s sonra
02:47:30 WARNING RPC hiz limiti (429) - RPC_RPS dusurun veya plani yukseltin
02:47:35 INFO    [info] Yeni coin: DfiZCHbog5 - analiz 40s sonra
02:47:36 INFO    [info] Yeni coin: HatNud686V - analiz 40s sonra
02:47:37 INFO    [info] Yeni coin: Fry1f4xFLC - analiz 40s sonra
02:47:38 INFO    [info] Yeni coin: ACo9nisqU6 - analiz 40s sonra
02:47:38 INFO    [info] Yeni coin: CHj95uejcf - analiz 40s sonra
02:47:41 INFO    [info] Yeni coin: GWb2VjZjoU - analiz 40s sonra
02:47:42 INFO    [info] Yeni coin: 43e82mLUEs - analiz 40s sonra
02:47:44 INFO    [info] Yeni coin: DrR1pZhh8M - analiz 40s sonra
02:47:50 WARNING RPC hiz limiti (429) - RPC_RPS dusurun veya plani yukseltin
02:47:50 INFO    [info] Yeni coin: GLeZG6Q5aC - analiz 40s sonra
02:47:56 INFO    [info] Yeni coin: 254dxSGSwp - analiz 40s sonra
02:47:58 INFO    [info] Yeni coin: AfxLB1pvkn - analiz 40s sonra
02:48:03 INFO    [info] Yeni coin: 8YajQu5SaG - analiz 40s sonra
02:48:03 INFO    [info] Yeni coin: CLiu9gYFxP - analiz 40s sonra
02:48:08 INFO    [info] Yeni coin: LPoUDaXr9d - analiz 40s sonra
02:48:15 WARNING RPC hiz limiti (429) - RPC_RPS dusurun veya plani yukseltin
02:48:19 INFO    [info] Yeni coin: 7wrREunJhZ - analiz 40s sonra
02:48:28 INFO    [info] Yeni coin: 5bmxQrjFy8 - analiz 40s sonra
02:48:29 INFO    [info] Yeni coin: 96Ue3KWLDQ - analiz 40s sonra
02:48:32 INFO    [info] Yeni coin: C4Ab1ipupX - analiz 40s sonra
02:48:38 INFO    [info] Yeni coin: HgUp6QzvQF - analiz 40s sonra
02:48:38 INFO    [warn] Takip edilen cuzdan yok - once skorlayip takibe alin
02:48:38 INFO    [info] Yeni coin: 6YZtd2v9sx - analiz 40s sonra
02:48:38 INFO    [info] Yeni coin: Bap5y1WGBz - analiz 40s sonra
02:48:38 INFO    [info] Yeni coin: EeRm6zYvoD - analiz 40s sonra
02:48:39 INFO    [info] Yeni coin: 2q14yMzznV - analiz 40s sonra
02:48:39 INFO    [info] Yeni coin: 9eVUK91RF3 - analiz 40s sonra
02:48:43 INFO    [info] Yeni coin: 94SVMHSSAh - analiz 40s sonra
02:48:43 INFO    [info] Yeni coin: CJieZh2EDi - analiz 40s sonra
02:48:44 INFO    [info] Yeni coin: 84s83ebJL4 - analiz 40s sonra
02:48:45 INFO    [info] Yeni coin: 2WKqp6N847 - analiz 40s sonra
02:48:47 WARNING RPC hiz limiti (429) - RPC_RPS dusurun veya plani yukseltin
02:48:47 INFO    [info] Yeni coin: J3tMMtDzjA - analiz 40s sonra
02:48:47 INFO    [info] Yeni coin: 9bRvpEk3Ey - analiz 40s sonra
02:48:48 INFO    [info] Yeni coin: ScVjhmX7df - analiz 40s sonra
02:48:48 INFO    [info] Yeni coin: FpafUjJdyK - analiz 40s sonra
02:48:48 INFO    [info] Yeni coin: HUKY8PBvYD - analiz 40s sonra
02:48:49 INFO    [info] Yeni coin: J6PgB5Ufr4 - analiz 40s sonra
02:48:49 INFO    [info] Yeni coin: 9LVBv8aSRK - analiz 40s sonra
02:48:49 INFO    [info] Yeni coin: HqSKVfiQby - analiz 40s sonra
02:48:49 INFO    [info] Yeni coin: GM4bytKnyf - analiz 40s sonra
02:48:49 INFO    [info] Yeni coin: 73daA2zRKo - analiz 40s sonra
02:48:51 INFO    [info] Yeni coin: CZJcpeE3T2 - analiz 40s sonra
02:48:51 INFO    [info] Yeni coin: 2T5MszQf1N - analiz 40s sonra
02:48:54 INFO    [info] Yeni coin: 6gN7jEY7ku - analiz 40s sonra
02:48:55 INFO    [info] Yeni coin: 3XDYeinPp8 - analiz 40s sonra
02:48:59 INFO    [info] Yeni coin: 8KerTAXxxV - analiz 40s sonra
02:49:00 INFO    [info] Yeni coin: AroUWGr5sV - analiz 40s sonra
02:49:01 INFO    [info] Yeni coin: 9hwCM9hUBn - analiz 40s sonra
02:49:02 INFO    [info] Yeni coin: 3GQUnueBza - analiz 40s sonra
02:49:05 INFO    [info] Yeni coin: 6HrUa73kKx - analiz 40s sonra
02:49:07 INFO    [info] Yeni coin: 4BHuvKFACN - analiz 40s sonra
02:49:09 WARNING RPC hiz limiti (429) - RPC_RPS dusurun veya plani yukseltin
02:49:09 INFO    [info] Yeni coin: 44Rt8Z8b5B - analiz 40s sonra
02:49:13 INFO    [info] Yeni coin: CPQ4R36a3i - analiz 40s sonra
02:49:18 INFO    [info] Yeni coin: 3AcGWEwgnr - analiz 40s sonra
02:49:21 INFO    [info] Yeni coin: ALGXSWRrjF - analiz 40s sonra
02:49:24 INFO    [info] Yeni coin: 95FaNB9JLC - analiz 40s sonra
02:49:26 INFO    [info] Yeni coin: 7VptdEBmfw - analiz 40s sonra
02:49:28 INFO    [info] Yeni coin: HJvVzaKK7P - analiz 40s sonra
02:49:29 INFO    [info] Yeni coin: 9MXzeJfFDu - analiz 40s sonra
02:49:30 INFO    [info] Yeni coin: D36WsgZiRD - analiz 40s sonra
02:49:30 WARNING RPC hiz limiti (429) - RPC_RPS dusurun veya plani yukseltin
02:49:30 INFO    [info] Yeni coin: 8CfVAQzyVk - analiz 40s sonra
02:49:31 INFO    [info] Yeni coin: BgeCEadC84 - analiz 40s sonra
02:49:33 INFO    [info] Yeni coin: 8P59Y5sdUF - analiz 40s sonra
02:49:46 INFO    [info] Yeni coin: 7Sa4cfLJDn - analiz 40s sonra
02:49:46 INFO    [info] Yeni coin: 5xwKypbHnn - analiz 40s sonra
02:49:46 INFO    [info] Yeni coin: CPfYbBA9BS - analiz 40s sonra
02:49:48 INFO    [info] Yeni coin: 9ZnxdsndCd - analiz 40s sonra
02:49:52 INFO    [info] Yeni coin: 6e1DhRKbFP - analiz 40s sonra
02:49:52 INFO    [info] Yeni coin: 466Hqxpduj - analiz 40s sonra
02:49:52 INFO    [info] Yeni coin: 4qTjuwDkz3 - analiz 40s sonra
02:49:52 INFO    [info] Yeni coin: 3PsCmqu1DP - analiz 40s sonra
02:49:53 INFO    [info] Yeni coin: BnQKBE7N11 - analiz 40s sonra
02:49:53 INFO    [info] Yeni coin: AHznCBHHK4 - analiz 40s sonra
02:49:54 INFO    [info] Yeni coin: 9dQ6wdVS3G - analiz 40s sonra
02:49:55 INFO    [info] Yeni coin: Azzmnswa7X - analiz 40s sonra
02:49:57 INFO    [info] Yeni coin: DGcQkGGqN2 - analiz 40s sonra
02:49:57 INFO    [info] Yeni coin: 6GXu6YsvE9 - analiz 40s sonra
02:49:58 INFO    [info] Yeni coin: EzrLkdrLK8 - analiz 40s sonra
02:49:59 INFO    [info] Yeni coin: 3e9q868St7 - analiz 40s sonra
02:50:00 INFO    [info] Yeni coin: 4zVHgbJwFo - analiz 40s sonra
02:50:02 WARNING RPC hiz limiti (429) - RPC_RPS dusurun veya plani yukseltin
02:50:06 INFO    [info] Yeni coin: 6bMnoH5Jaq - analiz 40s sonra
02:50:12 INFO    [info] Yeni coin: EAqY9DBDU2 - analiz 40s sonra
02:50:12 INFO    [info] Yeni coin: BEeqSagdZv - analiz 40s sonra
02:50:13 INFO    [info] Yeni coin: 2az42rUpqP - analiz 40s sonra
02:50:13 INFO    [info] Yeni coin: GutRWbfm12 - analiz 40s sonra
02:50:14 INFO    [info] Yeni coin: 6ZoSxWMinh - analiz 40s sonra
02:50:16 INFO    [info] Yeni coin: CWgKvN8nxu - analiz 40s sonra
02:50:17 INFO    [info] Yeni coin: B9xhNzUoj8 - analiz 40s sonra
02:50:20 INFO    [info] Yeni coin: GJJiJ2W2as - analiz 40s sonra
02:50:21 INFO    [info] Yeni coin: CWaYixW2Cm - analiz 40s sonra
02:50:22 INFO    [info] Yeni coin: Deis74UBJp - analiz 40s sonra
02:50:23 INFO    [info] Yeni coin: D29dnFEadd - analiz 40s sonra
02:50:23 INFO    [info] Yeni coin: E7ByPWH8fZ - analiz 40s sonra
02:50:24 INFO    [info] Yeni coin: 4zFsmvL1wf - analiz 40s sonra
02:50:24 INFO    [info] Yeni coin: 286wsWvfLJ - analiz 40s sonra
02:50:25 WARNING RPC hiz limiti (429) - RPC_RPS dusurun veya plani yukseltin
02:50:26 INFO    [info] Yeni coin: J11BAc3G5P - analiz 40s sonra
02:50:26 INFO    [info] Yeni coin: GWdhPgK6Cd - analiz 40s sonra
02:50:26 INFO    [info] Yeni coin: 4SUEAjivcs - analiz 40s sonra
02:50:28 INFO    [info] Yeni coin: 4J3cySHS6s - analiz 40s sonra
02:50:28 INFO    [info] Yeni coin: EhNixfvz89 - analiz 40s sonra
02:50:29 INFO    [info] Yeni coin: EWWTvVXrST - analiz 40s sonra
02:50:29 INFO    [info] Yeni coin: Cp1PuskFkj - analiz 40s sonra
02:50:29 INFO    [info] Yeni coin: 9P5irP9tou - analiz 40s sonra
02:50:31 INFO    [info] Yeni coin: Hv9BzLsVm9 - analiz 40s sonra
02:50:31 INFO    [info] Yeni coin: 9fdEdwqfZH - analiz 40s sonra
02:50:32 INFO    [info] Yeni coin: KyBerjFJ5q - analiz 40s sonra
02:50:33 INFO    [info] Yeni coin: X2fnfy5ab9 - analiz 40s sonra
02:50:34 INFO    [info] Yeni coin: G5Q1MvBrXm - analiz 40s sonra
02:50:34 INFO    [info] Yeni coin: B794dSRGSt - analiz 40s sonra
02:50:34 INFO    [info] Yeni coin: A5nALJmBtJ - analiz 40s sonra
02:50:34 INFO    [info] Yeni coin: DAsg2ocA7g - analiz 40s sonra
02:50:35 INFO    [info] Yeni coin: chubWqDff8 - analiz 40s sonra
02:50:36 INFO    [info] Yeni coin: 5h76odLtqm - analiz 40s sonra
02:50:36 INFO    [info] Yeni coin: Dv32a3gLu2 - analiz 40s sonra
02:50:37 INFO    [info] Yeni coin: G2acskbh6T - analiz 40s sonra
02:50:38 INFO    [warn] Takip edilen cuzdan yok - once skorlayip takibe alin
02:50:40 INFO    [info] Yeni coin: E4mFvkJccg - analiz 40s sonra
02:50:40 INFO    [info] Yeni coin: D1XSrhPmE6 - analiz 40s sonra
02:50:40 INFO    [info] Yeni coin: TRHs99tGEh - analiz 40s sonra
02:50:41 WARNING RPC hiz limiti (429) - RPC_RPS dusurun veya plani yukseltin
02:50:46 INFO    [info] Yeni coin: 8UXjJ78tJc - analiz 40s sonra
02:50:47 INFO    [info] Yeni coin: 2AmGoA9UoD - analiz 40s sonra
02:50:47 INFO    [info] Yeni coin: 5Q6qY6j6VZ - analiz 40s sonra
02:50:48 INFO    [info] Yeni coin: C61uNcwLBV - analiz 40s sonra
02:50:49 INFO    [info] Yeni coin: 7cNVZrT7ip - analiz 40s sonra
02:50:50 INFO    [info] Yeni coin: 5UxUfr4vmU - analiz 40s sonra
02:50:50 INFO    [info] Yeni coin: 42DxnrMMyv - analiz 40s sonra
02:50:51 INFO    [info] Yeni coin: HLnbnDtD3g - analiz 40s sonra
02:50:51 INFO    [info] Yeni coin: DTTfLfUnka - analiz 40s sonra
02:50:51 INFO    [info] Yeni coin: Fu69DRrKpz - analiz 40s sonra
02:50:52 INFO    [info] Yeni coin: 5nzwXn97Wk - analiz 40s sonra
02:50:52 INFO    [info] Yeni coin: 4MKVUDNcok - analiz 40s sonra
02:50:53 INFO    [info] Yeni coin: 6ZZDHbp35C - analiz 40s sonra
02:50:53 INFO    [info] Yeni coin: 4Shui7z6qc - analiz 40s sonra
02:50:53 INFO    [info] Yeni coin: Dwf6H8yB71 - analiz 40s sonra
02:50:54 INFO    [info] Yeni coin: ACWi919Wa7 - analiz 40s sonra
02:50:55 INFO    [info] Yeni coin: HcWU5UkTZC - analiz 40s sonra
02:50:58 WARNING RPC hiz limiti (429) - RPC_RPS dusurun veya plani yukseltin
02:50:59 INFO    [info] Yeni coin: ApXbBD73wG - analiz 40s sonra
02:51:00 INFO    [info] Yeni coin: 23f3v1ogHh - analiz 40s sonra
02:51:00 INFO    [info] Yeni coin: H99pNDipAy - analiz 40s sonra
02:51:02 INFO    [info] Yeni coin: GAwJ49peTb - analiz 40s sonra
02:51:02 INFO    [info] Yeni coin: D7V1Z6QvFJ - analiz 40s sonra
02:51:02 INFO    [info] Yeni coin: 4SZPo8wtsi - analiz 40s sonra
02:51:03 INFO    [info] Yeni coin: 7gYpGc3agU - analiz 40s sonra
02:51:03 INFO    [info] Yeni coin: 9ciX3qXJhU - analiz 40s sonra
02:51:04 INFO    [info] Yeni coin: HEXkq8c34z - analiz 40s sonra
02:51:08 INFO    [info] Yeni coin: J199ac7ror - analiz 40s sonra
02:51:08 INFO    [info] Yeni coin: AQYah5fPY9 - analiz 40s sonra
02:51:09 INFO    [info] Yeni coin: HKrLPPf8Mm - analiz 40s sonra
02:51:10 INFO    [info] Yeni coin: 5XfWyY2WTQ - analiz 40s sonra
02:51:11 INFO    [info] Yeni coin: 6tnWjXrzdk - analiz 40s sonra
02:51:11 INFO    [info] Yeni coin: 8cxfAvdC2v - analiz 40s sonra
02:51:13 INFO    [info] Yeni coin: 7wrwFiRbHk - analiz 40s sonra
02:51:14 INFO    [info] Yeni coin: AYpue1TsNP - analiz 40s sonra
02:51:17 INFO    [info] Yeni coin: B7psiXfcyR - analiz 40s sonra
02:51:20 INFO    [info] Yeni coin: BAfMMqyqiU - analiz 40s sonra
02:51:22 INFO    [info] Yeni coin: 6bqA3hsVgw - analiz 40s sonra
02:51:22 INFO    [info] Yeni coin: 7CGF4eo7w2 - analiz 40s sonra
02:51:23 WARNING RPC hiz limiti (429) - RPC_RPS dusurun veya plani yukseltin
02:51:31 INFO    [info] Yeni coin: 3hEpLh3gB9 - analiz 40s sonra
02:51:32 INFO    [info] Yeni coin: HyjaDHxU8R - analiz 40s sonra
02:51:35 INFO    [info] Yeni coin: 6wz5PL6B6R - analiz 40s sonra
02:51:35 INFO    [info] Yeni coin: 4j3BsNSh9Y - analiz 40s sonra
02:51:36 INFO    [info] Yeni coin: 3RrmnErk1r - analiz 40s sonra
02:51:36 INFO    [info] Yeni coin: 3ywmWKNLU9 - analiz 40s sonra
02:51:39 INFO    [info] Yeni coin: 7ZU8fjeYuj - analiz 40s sonra
02:51:40 INFO    [info] Yeni coin: H4Lr9ffYGu - analiz 40s sonra
02:51:40 INFO    [info] Yeni coin: 7ptSPzE6yz - analiz 40s sonra
02:51:42 INFO    [info] Yeni coin: GZgTajya8x - analiz 40s sonra
02:51:43 INFO    [info] Yeni coin: 8RrZhb3oVq - analiz 40s sonra
02:51:45 INFO    [info] Yeni coin: 8H12FDJM4d - analiz 40s sonra
02:51:46 INFO    [info] Yeni coin: 6c3xR1nVmH - analiz 40s sonra
02:51:49 INFO    [info] Yeni coin: 4vqrurCcim - analiz 40s sonra
02:51:54 INFO    [info] Yeni coin: 6wh4LNNFYQ - analiz 40s sonra
02:51:58 INFO    [info] Yeni coin: 5vZSRA1CXA - analiz 40s sonra
02:52:01 INFO    [info] Yeni coin: 9bPSuxioWG - analiz 40s sonra
02:52:03 WARNING RPC hiz limiti (429) - RPC_RPS dusurun veya plani yukseltin
02:52:04 INFO    [info] Yeni coin: 9rN3RYnSdS - analiz 40s sonra
02:52:05 INFO    [info] Yeni coin: FcfbovCwKz - analiz 40s sonra
02:52:05 INFO    [info] Yeni coin: ZgktRgn6WD - analiz 40s sonra
02:52:07 INFO    [info] Yeni coin: AGFhDzR62p - analiz 40s sonra
02:52:10 INFO    [info] Yeni coin: ELpQvtBz7K - analiz 40s sonra
02:52:10 INFO    [info] Yeni coin: A8quPHB6Sb - analiz 40s sonra
02:52:11 INFO    [info] Yeni coin: HJ4a6CivWD - analiz 40s sonra
02:52:13 INFO    [info] Yeni coin: GcBd47Vyua - analiz 40s sonra
02:52:17 INFO    [info] Yeni coin: HGiAcCWhVM - analiz 40s sonra
02:52:19 INFO    [info] Yeni coin: 57Hyrye9vR - analiz 40s sonra
02:52:23 INFO    [info] Yeni coin: FjaiZVF73f - analiz 40s sonra
02:52:23 INFO    [info] Yeni coin: 94nukwhXUh - analiz 40s sonra
02:52:27 INFO    [info] Yeni coin: uJBpx52vVu - analiz 40s sonra
02:52:31 INFO    [info] Yeni coin: FNjCpx8KeZ - analiz 40s sonra
02:52:31 INFO    [info] Yeni coin: 4wNvpY6HtK - analiz 40s sonra
02:52:35 WARNING RPC hiz limiti (429) - RPC_RPS dusurun veya plani yukseltin
02:52:37 INFO    [info] Yeni coin: 7ZHTszmV3J - analiz 40s sonra
02:52:38 INFO    [info] Yeni coin: 5fLQxJbMz4 - analiz 40s sonra
02:52:38 INFO    [warn] Takip edilen cuzdan yok - once skorlayip takibe alin
02:52:47 INFO    [info] Yeni coin: 2TBQBGGpK5 - analiz 40s sonra
02:52:47 INFO    [info] Yeni coin: FPwacU5jfQ - analiz 40s sonra
02:52:47 INFO    [info] Yeni coin: 9vVeeBZvYq - analiz 40s sonra
02:52:47 INFO    [info] Yeni coin: 6T9rGoLPiy - analiz 40s sonra
02:52:48 INFO    [info] Yeni coin: AXhW3khWyp - analiz 40s sonra
02:52:48 INFO    [info] Yeni coin: 3vaF2fqUgX - analiz 40s sonra
02:52:48 INFO    [info] Yeni coin: Gk8Zsjjauf - analiz 40s sonra
02:52:52 INFO    [info] Yeni coin: FKGQQs1ssM - analiz 40s sonra
02:52:56 INFO    [info] Yeni coin: J7Suzo5FsX - analiz 40s sonra
02:52:57 INFO    [info] Yeni coin: AGnAyKoyZG - analiz 40s sonra
02:53:05 INFO    [info] Yeni coin: 6VhARaKPpb - analiz 40s sonra
02:53:07 INFO    [info] Yeni coin: 4zbzzawL9R - analiz 40s sonra
02:53:11 INFO    [info] Yeni coin: 27awdouUjw - analiz 40s sonra
02:53:11 INFO    [info] Yeni coin: 2aFVo6CK9w - analiz 40s sonra
02:53:12 WARNING RPC hiz limiti (429) - RPC_RPS dusurun veya plani yukseltin
02:53:12 INFO    [info] Yeni coin: G87jmMjM7t - analiz 40s sonra
02:53:18 INFO    [info] Yeni coin: 3YY6wC3QBS - analiz 40s sonra
02:53:29 INFO    [info] Yeni coin: 9CHBgDRCxa - analiz 40s sonra
02:53:29 INFO    [info] Yeni coin: GiTNPGjbuG - analiz 40s sonra
02:53:29 INFO    [info] Yeni coin: 2x4wzLopKh - analiz 40s sonra
02:53:33 INFO    [info] Yeni coin: 6SMs9N1UNh - analiz 40s sonra
02:53:33 INFO    [info] Yeni coin: 8iaew7Ncxu - analiz 40s sonra
02:53:33 INFO    [info] Yeni coin: 6BU95z5ryJ - analiz 40s sonra
02:53:33 INFO    [info] Yeni coin: 4ZhSPcusyE - analiz 40s sonra
02:53:34 INFO    [info] Yeni coin: 3tLAD5A13R - analiz 40s sonra
02:53:35 INFO    [info] Yeni coin: FFzNChLugr - analiz 40s sonra
02:53:37 INFO    [info] Yeni coin: 4kbDLorjav - analiz 40s sonra
02:53:38 WARNING RPC hiz limiti (429) - RPC_RPS dusurun veya plani yukseltin
02:53:38 INFO    [info] Yeni coin: CmQmLDgcbs - analiz 40s sonra
02:53:41 INFO    [info] Yeni coin: DPepkckM5W - analiz 40s sonra
02:53:41 INFO    [info] Yeni coin: 3CqdUAiYYT - analiz 40s sonra
02:53:44 INFO    [info] Yeni coin: 5Evhj5LQs8 - analiz 40s sonra
02:53:47 INFO    [info] Yeni coin: DxCZGxmu3k - analiz 40s sonra
02:53:48 INFO    [info] Yeni coin: HdhBF3uRV3 - analiz 40s sonra
02:53:49 INFO    [info] Yeni coin: B3qxMtus9S - analiz 40s sonra
02:53:49 INFO    [info] Yeni coin: 2HyqmvSMCX - analiz 40s sonra
02:53:50 INFO    [info] Yeni coin: HMNTjDAraA - analiz 40s sonra
02:53:50 INFO    [info] Yeni coin: HxckAGvrm4 - analiz 40s sonra
02:53:52 INFO    [info] Yeni coin: 7BZkEbfJje - analiz 40s sonra
02:53:54 INFO    [info] Yeni coin: BNrKFrEcuS - analiz 40s sonra
02:53:55 INFO    [info] Yeni coin: EC4ms5Jh6D - analiz 40s sonra
02:53:57 INFO    [info] Yeni coin: A1fz2nPErP - analiz 40s sonra
02:53:59 INFO    [info] Yeni coin: 29jMds92rG - analiz 40s sonra
02:53:59 WARNING RPC hiz limiti (429) - RPC_RPS dusurun veya plani yukseltin
02:54:00 INFO    [info] Yeni coin: Bx7Vkpn1CU - analiz 40s sonra
02:54:04 INFO    [info] Yeni coin: 5RHmHqttmZ - analiz 40s sonra
02:54:04 INFO    [info] Yeni coin: 4s4htDGwsW - analiz 40s sonra
02:54:05 INFO    [info] Yeni coin: AVso36Shup - analiz 40s sonra
02:54:05 INFO    [info] Yeni coin: 9z6CGh5dm3 - analiz 40s sonra
02:54:05 INFO    [info] Yeni coin: 4Et765SaAE - analiz 40s sonra
02:54:06 INFO    [info] Yeni coin: DWsq629bkB - analiz 40s sonra
02:54:07 INFO    [info] Yeni coin: GUCpkUEmxZ - analiz 40s sonra
02:54:10 INFO    [info] Yeni coin: x96NdEXujq - analiz 40s sonra
02:54:13 INFO    [info] Yeni coin: 9YqfbWZ8wj - analiz 40s sonra
02:54:13 INFO    [info] Yeni coin: Do529vejv3 - analiz 40s sonra
02:54:15 INFO    [info] Yeni coin: HYtGXn86uJ - analiz 40s sonra
02:54:16 INFO    [info] Yeni coin: 8oKFcPp2GF - analiz 40s sonra
02:54:22 INFO    [info] Yeni coin: Gp3U29yMuK - analiz 40s sonra
02:54:22 INFO    [info] Yeni coin: 81AQJaNbae - analiz 40s sonra
02:54:24 INFO    [info] Yeni coin: 2paRqvCvqL - analiz 40s sonra
02:54:31 INFO    [info] Yeni coin: FHChu8pTfq - analiz 40s sonra
02:54:32 INFO    [info] Yeni coin: BTe4G9Kjdd - analiz 40s sonra
02:54:35 WARNING RPC hiz limiti (429) - RPC_RPS dusurun veya plani yukseltin
02:54:37 INFO    [info] Yeni coin: 2xd27RZnCN - analiz 40s sonra
02:54:38 INFO    [warn] Takip edilen cuzdan yok - once skorlayip takibe alin
02:54:38 INFO    [info] Yeni coin: 4EDqaZoy2z - analiz 40s sonra
02:54:48 INFO    [info] Yeni coin: D4iMj2u7ms - analiz 40s sonra
02:54:48 INFO    [info] Yeni coin: 3PYPnx1Agz - analiz 40s sonra
02:54:48 INFO    [info] Yeni coin: 3Ycdee95nt - analiz 40s sonra
02:54:49 INFO    [info] Yeni coin: BL6RhNfjp7 - analiz 40s sonra
02:54:50 INFO    [info] Yeni coin: 25PZEvA1eQ - analiz 40s sonra
02:54:51 WARNING RPC hiz limiti (429) - RPC_RPS dusurun veya plani yukseltin
02:54:53 INFO    [info] Yeni coin: EDP2U1AW5n - analiz 40s sonra
02:54:54 INFO    [info] Yeni coin: XG3dKdpg6F - analiz 40s sonra
02:54:54 INFO    [info] Yeni coin: GCQGLB2Usq - analiz 40s sonra
02:54:54 INFO    [info] Yeni coin: Ge4WQoXwhq - analiz 40s sonra
02:54:59 INFO    [info] Yeni coin: 98oMTmaymi - analiz 40s sonra
02:54:59 INFO    [info] Yeni coin: GUhwmPtqGM - analiz 40s sonra
02:55:00 INFO    [info] Yeni coin: 81hAsJvLa2 - analiz 40s sonra
02:55:01 INFO    [info] Yeni coin: C5cdyHcty4 - analiz 40s sonra
02:55:03 INFO    [info] Yeni coin: 9YgdsW2Ww3 - analiz 40s sonra
02:55:04 INFO    [info] Yeni coin: B2AuxVFEQq - analiz 40s sonra
02:55:05 INFO    [info] Yeni coin: CG7pjaiWYS - analiz 40s sonra
02:55:05 INFO    [info] Yeni coin: DGHhbk5jge - analiz 40s sonra
02:55:05 INFO    [info] Yeni coin: 2283Rye84K - analiz 40s sonra
02:55:06 INFO    [info] Yeni coin: 3XENarTtY9 - analiz 40s sonra
02:55:07 INFO    [info] Yeni coin: HWFbotN8qy - analiz 40s sonra
02:55:14 WARNING RPC hiz limiti (429) - RPC_RPS dusurun veya plani yukseltin
02:55:15 INFO    [info] Yeni coin: 3UmXbUCjHt - analiz 40s sonra
02:55:15 INFO    [info] Yeni coin: FRYR78fZH7 - analiz 40s sonra
02:55:16 INFO    [info] Yeni coin: 888PZSusgP - analiz 40s sonra
02:55:21 INFO    [info] Yeni coin: 8uuqMj8d58 - analiz 40s sonra
02:55:23 INFO    [info] Yeni coin: 25tav5Dyig - analiz 40s sonra
02:55:28 INFO    [info] Yeni coin: LGcLhMF4G8 - analiz 40s sonra
02:55:31 WARNING RPC hiz limiti (429) - RPC_RPS dusurun veya plani yukseltin
02:55:31 INFO    [info] Yeni coin: 4HW58bQhEP - analiz 40s sonra
02:55:31 INFO    [info] Yeni coin: 9zHhDk1oFZ - analiz 40s sonra
02:55:33 INFO    [info] Yeni coin: EpYaFNDui6 - analiz 40s sonra
02:55:33 INFO    [info] Yeni coin: F8Mvq3Q8rY - analiz 40s sonra
02:55:34 INFO    [info] Yeni coin: Fgq2tRVutG - analiz 40s sonra
02:55:35 INFO    [info] Yeni coin: HdL5KrPMeV - analiz 40s sonra
02:55:35 INFO    [info] Yeni coin: EAcqVEipsU - analiz 40s sonra
02:55:37 INFO    [info] Yeni coin: 33X3UbPaqS - analiz 40s sonra
02:55:38 INFO    [info] Yeni coin: E3a23MSwBD - analiz 40s sonra
02:55:40 INFO    [info] Yeni coin: 6MzSFzvDaa - analiz 40s sonra
02:55:46 INFO    [info] Yeni coin: A7djdTVxsM - analiz 40s sonra
02:55:48 INFO    [info] Yeni coin: SmJ9byAxPk - analiz 40s sonra
02:55:50 INFO    [info] Yeni coin: 37JxCpjQv5 - analiz 40s sonra
02:55:51 INFO    [info] Yeni coin: FHsmgA6mtF - analiz 40s sonra
02:55:51 INFO    [info] Yeni coin: A5BQpWbpJu - analiz 40s sonra
02:55:52 INFO    [info] Yeni coin: 2BRi28Sem2 - analiz 40s sonra
02:55:53 INFO    [info] Yeni coin: HkZXfmWYFE - analiz 40s sonra
02:55:54 INFO    [info] Yeni coin: 5YMKUWxkCt - analiz 40s sonra
02:55:56 INFO    [info] Yeni coin: 2wtQ9Y1HS9 - analiz 40s sonra
02:55:57 INFO    [info] Yeni coin: 9A17gsqVxo - analiz 40s sonra
02:55:58 WARNING RPC hiz limiti (429) - RPC_RPS dusurun veya plani yukseltin
02:55:59 INFO    [info] Yeni coin: 6W9cycg16V - analiz 40s sonra
02:56:07 INFO    [info] Yeni coin: 76BznT1fzc - analiz 40s sonra
02:56:08 INFO    [info] Yeni coin: Hke8Agy5FJ - analiz 40s sonra
02:56:08 INFO    [info] Yeni coin: oYidVGtWAN - analiz 40s sonra
02:56:11 INFO    [info] Yeni coin: 9JetrZ1rgU - analiz 40s sonra
02:56:11 INFO    [info] Yeni coin: 9jWtQxHgCt - analiz 40s sonra
02:56:12 INFO    [info] Yeni coin: 3gcbxy74wo - analiz 40s sonra
02:56:16 INFO    [info] Yeni coin: 6bY9pNaASr - analiz 40s sonra
02:56:19 INFO    [info] Yeni coin: L1p3nyRiBk - analiz 40s sonra
02:56:21 INFO    [info] Yeni coin: DxT26WBULo - analiz 40s sonra
02:56:21 WARNING RPC hiz limiti (429) - RPC_RPS dusurun veya plani yukseltin
02:56:26 INFO    [info] Yeni coin: EYaJXwENYc - analiz 40s sonra
02:56:31 INFO    [info] Yeni coin: qVVorrU9ig - analiz 40s sonra
02:56:34 INFO    [info] Yeni coin: AXdKAs1pkr - analiz 40s sonra
02:56:35 INFO    [info] Yeni coin: Fcp6xevRes - analiz 40s sonra
02:56:38 INFO    [warn] Takip edilen cuzdan yok - once skorlayip takibe alin
02:56:41 INFO    [info] Yeni coin: 6v8DQz7eJJ - analiz 40s sonra
02:56:45 INFO    [info] Yeni coin: 5H6Pyb1qYW - analiz 40s sonra
02:56:45 INFO    [info] Yeni coin: Et9caZvg9a - analiz 40s sonra
02:56:48 INFO    [info] Yeni coin: 9GE4eha1d3 - analiz 40s sonra
02:56:52 INFO    [info] Yeni coin: HAcS1TNAT9 - analiz 40s sonra
02:56:53 INFO    [info] Yeni coin: Buj6DAH37S - analiz 40s sonra
02:56:54 INFO    [info] Yeni coin: 2YaDHMM1XH - analiz 40s sonra
02:56:58 WARNING RPC hiz limiti (429) - RPC_RPS dusurun veya plani yukseltin
02:56:58 INFO    [info] Yeni coin: 8yFGthyGtw - analiz 40s sonra
02:56:59 INFO    [info] Yeni coin: HNCz9mGVK7 - analiz 40s sonra
02:57:01 INFO    [info] Yeni coin: 7G1ACN7jYR - analiz 40s sonra
02:57:02 INFO    [info] Yeni coin: CfNudHJU6H - analiz 40s sonra
02:57:12 INFO    [info] Yeni coin: 7FqB1bHmYn - analiz 40s sonra
02:57:12 INFO    [info] Yeni coin: AKgSorStWJ - analiz 40s sonra
02:57:17 INFO    [info] Yeni coin: FSvjnZsiP8 - analiz 40s sonra
02:57:19 INFO    [info] Yeni coin: GkamR2YMhq - analiz 40s sonra
02:57:26 INFO    [info] Yeni coin: CbeJWcB2pF - analiz 40s sonra
02:57:27 INFO    [info] Yeni coin: 8RUUud6c2d - analiz 40s sonra
02:57:31 INFO    [info] Yeni coin: E13hKda3uC - analiz 40s sonra
02:57:35 WARNING RPC hiz limiti (429) - RPC_RPS dusurun veya plani yukseltin
02:57:39 INFO    [info] Yeni coin: 9sHJPkuFZJ - analiz 40s sonra
02:57:42 INFO    [info] Yeni coin: 5K5oueDtSG - analiz 40s sonra
02:57:43 INFO    [info] Yeni coin: JDxBUG1QyM - analiz 40s sonra
02:57:44 INFO    [info] Yeni coin: CCzektfpWP - analiz 40s sonra
02:57:44 INFO    [info] Yeni coin: 9XERTVnuQj - analiz 40s sonra
02:57:45 INFO    [info] Yeni coin: FP87BvVo7X - analiz 40s sonra
02:57:45 INFO    [info] Yeni coin: 9TfoTLKiBk - analiz 40s sonra
02:57:47 INFO    [info] Yeni coin: Fp8sdqBQDK - analiz 40s sonra
02:57:47 INFO    [info] Yeni coin: 5fGfAdebWk - analiz 40s sonra
02:57:49 INFO    [info] Yeni coin: ECJLqkHoFV - analiz 40s sonra
02:57:49 INFO    [info] Yeni coin: 78R7hRMrhZ - analiz 40s sonra
02:57:50 INFO    [info] Yeni coin: HDqtR4Fo3H - analiz 40s sonra
02:57:51 INFO    [info] Yeni coin: w4Zbn2AD4p - analiz 40s sonra
02:57:53 INFO    [info] Yeni coin: 4i5fdG23nJ - analiz 40s sonra
02:57:54 INFO    [info] Yeni coin: CUFgHZBw1j - analiz 40s sonra
02:57:54 INFO    [info] Yeni coin: 4cYH99Y2en - analiz 40s sonra
02:57:55 WARNING RPC hiz limiti (429) - RPC_RPS dusurun veya plani yukseltin
02:57:57 INFO    [info] Yeni coin: AG2Fqk2PQr - analiz 40s sonra
02:58:01 INFO    [info] Yeni coin: FLWuaZEAq4 - analiz 40s sonra
02:58:02 INFO    [info] Yeni coin: 5wxfmykbur - analiz 40s sonra
02:58:02 INFO    [info] Yeni coin: 5hRM3cyLif - analiz 40s sonra
02:58:04 INFO    [info] Yeni coin: 8CrkkMVUKz - analiz 40s sonra
02:58:11 INFO    [info] Yeni coin: 2NKJke1RBo - analiz 40s sonra
02:58:11 INFO    [info] Yeni coin: 2a3w2EY6Uw - analiz 40s sonra
02:58:16 INFO    [info] Yeni coin: BXf8Lkc9y4 - analiz 40s sonra
02:58:18 INFO    [info] Yeni coin: CeBWCoPdne - analiz 40s sonra
02:58:18 INFO    [info] Yeni coin: 8b8svxFq2s - analiz 40s sonra
02:58:18 INFO    [info] Yeni coin: EG6cxhddYU - analiz 40s sonra
02:58:19 WARNING RPC hiz limiti (429) - RPC_RPS dusurun veya plani yukseltin
02:58:19 INFO    [info] Yeni coin: 5jDeC2hobh - analiz 40s sonra
02:58:19 INFO    [info] Yeni coin: Ava9GyHFZY - analiz 40s sonra
02:58:20 INFO    [info] Yeni coin: Ex3wft5mnR - analiz 40s sonra
02:58:24 INFO    [info] Yeni coin: WhaR9VU1mk - analiz 40s sonra
02:58:30 INFO    [info] Yeni coin: 5AsDgkcvUJ - analiz 40s sonra
02:58:32 INFO    [info] Yeni coin: BYhMpkFVqk - analiz 40s sonra
02:58:32 INFO    [info] Yeni coin: 7u3VpkS3Lq - analiz 40s sonra
02:58:34 INFO    [info] Yeni coin: CRogFiTBdF - analiz 40s sonra
02:58:35 INFO    [info] Yeni coin: N4WYsci3Vj - analiz 40s sonra
02:58:35 WARNING RPC hiz limiti (429) - RPC_RPS dusurun veya plani yukseltin
02:58:35 INFO    [info] Yeni coin: Ez17zbVVHn - analiz 40s sonra
02:58:35 INFO    [info] Yeni coin: DK8DfJgZA8 - analiz 40s sonra
02:58:37 INFO    [info] Yeni coin: 8X2hM5YTw9 - analiz 40s sonra
02:58:38 INFO    [warn] Takip edilen cuzdan yok - once skorlayip takibe alin
02:58:40 INFO    [info] Yeni coin: DriH2DjP3x - analiz 40s sonra
02:58:43 INFO    [info] Yeni coin: 2KLPZPThEG - analiz 40s sonra
02:58:45 INFO    [info] Yeni coin: 7FcSD2MbPF - analiz 40s sonra
02:58:45 INFO    [info] Yeni coin: 9QezzKzckW - analiz 40s sonra
02:58:45 INFO    [info] Yeni coin: 9afrCziwxW - analiz 40s sonra
02:58:45 INFO    [info] Yeni coin: J3cUQiiRtT - analiz 40s sonra
02:58:49 INFO    [info] Yeni coin: 8qu2Q5YdDU - analiz 40s sonra
02:58:49 INFO    [info] Yeni coin: 4m9pM9YFmM - analiz 40s sonra
02:58:50 INFO    [info] Yeni coin: GDCtW9k1LM - analiz 40s sonra
02:58:51 INFO    [info] Yeni coin: 3equSEAeap - analiz 40s sonra
02:58:52 INFO    [info] Yeni coin: DuGLzbGyQm - analiz 40s sonra
02:58:54 INFO    [info] Yeni coin: 2TQEoRoyqF - analiz 40s sonra
02:58:58 INFO    [info] Yeni coin: CwHWQUDR3S - analiz 40s sonra
02:58:59 INFO    [info] Yeni coin: 9Hm7AZuU2k - analiz 40s sonra
02:59:00 INFO    [info] Yeni coin: 6ieb5WviWY - analiz 40s sonra
02:59:00 INFO    [info] Yeni coin: QyfyVwoXQ5 - analiz 40s sonra
02:59:00 INFO    [info] Yeni coin: 9M35rLNASP - analiz 40s sonra
02:59:01 INFO    [info] Yeni coin: hSBFHxAiW3 - analiz 40s sonra
02:59:01 INFO    [info] Yeni coin: 8Wu3wSueHV - analiz 40s sonra
02:59:02 INFO    [info] Yeni coin: 3kRsti9p44 - analiz 40s sonra
02:59:02 INFO    [info] Yeni coin: EsHXgo6dvw - analiz 40s sonra
02:59:03 INFO    [info] Yeni coin: H8b7dCwhhk - analiz 40s sonra
02:59:03 WARNING RPC hiz limiti (429) - RPC_RPS dusurun veya plani yukseltin
02:59:03 INFO    [info] Yeni coin: 9Ythcx7mtN - analiz 40s sonra
02:59:03 INFO    [info] Yeni coin: J9RDKDe9Fd - analiz 40s sonra
02:59:04 INFO    [info] Yeni coin: 6UVYRojHy5 - analiz 40s sonra
02:59:04 INFO    [info] Yeni coin: FbwM1NwGaD - analiz 40s sonra
02:59:06 INFO    [info] Yeni coin: 41sTddAAXo - analiz 40s sonra
02:59:07 INFO    [info] Yeni coin: G4jrxqmdfZ - analiz 40s sonra
02:59:13 INFO    [info] Yeni coin: ALZTRsyvLM - analiz 40s sonra
02:59:15 INFO    [info] Yeni coin: 3Z2qQp8Ymd - analiz 40s sonra
02:59:15 INFO    [info] Yeni coin: 45RrJX5vHs - analiz 40s sonra
02:59:17 INFO    [info] Yeni coin: HoHRJwmrTu - analiz 40s sonra
02:59:18 INFO    [info] Yeni coin: AnfR4kNWsF - analiz 40s sonra
02:59:20 INFO    [info] Yeni coin: CbcRFL6j4B - analiz 40s sonra
02:59:26 INFO    [info] Yeni coin: 2NfWBnhbZ8 - analiz 40s sonra
02:59:32 WARNING RPC hiz limiti (429) - RPC_RPS dusurun veya plani yukseltin
02:59:33 INFO    [info] Yeni coin: vJskDuBcWk - analiz 40s sonra
02:59:35 INFO    [info] Yeni coin: FZzyU8BFP4 - analiz 40s sonra
02:59:35 INFO    [info] Yeni coin: 24wz9AXeR1 - analiz 40s sonra
02:59:37 INFO    [info] Yeni coin: DZ87rB9MBb - analiz 40s sonra
02:59:38 INFO    [info] Yeni coin: 6Nxq2yzDEv - analiz 40s sonra
02:59:43 INFO    [info] Yeni coin: E6U72pfsU1 - analiz 40s sonra
02:59:47 INFO    [info] Yeni coin: 5MhPv7p8ZA - analiz 40s sonra
02:59:51 WARNING RPC hiz limiti (429) - RPC_RPS dusurun veya plani yukseltin
02:59:52 INFO    [info] Yeni coin: 527YmRHBKZ - analiz 40s sonra
02:59:54 INFO    [info] Yeni coin: Dh4TcwAUea - analiz 40s sonra
02:59:59 INFO    [info] Yeni coin: 66t4ttGAqZ - analiz 40s sonra
02:59:59 INFO    [info] Yeni coin: 6T7vzaLRmb - analiz 40s sonra
03:00:00 INFO    [info] Yeni coin: 9bs7Mi7pAw - analiz 40s sonra
03:00:00 INFO    [info] Yeni coin: 3VECNruhGY - analiz 40s sonra
03:00:01 INFO    [info] Yeni coin: 2kwJve3iKV - analiz 40s sonra
03:00:04 INFO    [info] Yeni coin: HgYwASCqBJ - analiz 40s sonra
03:00:06 INFO    [info] Yeni coin: 3ZnG7NBeBS - analiz 40s sonra
03:00:10 INFO    [info] Yeni coin: Dzsxe8f6NN - analiz 40s sonra
03:00:13 INFO    [info] Yeni coin: J4WQwKJHKV - analiz 40s sonra
03:00:15 INFO    [info] Yeni coin: 9mdmeLRMaE - analiz 40s sonra
03:00:16 INFO    [info] Yeni coin: FBj5um2WyY - analiz 40s sonra
03:00:16 INFO    [info] Yeni coin: 4Ywdn9xqnM - analiz 40s sonra
03:00:16 INFO    [info] Yeni coin: HFEvSq36Cc - analiz 40s sonra
03:00:16 INFO    [info] Yeni coin: CnBeyX7oxR - analiz 40s sonra
03:00:17 INFO    [info] Yeni coin: EijgPkoCGx - analiz 40s sonra
03:00:21 WARNING RPC hiz limiti (429) - RPC_RPS dusurun veya plani yukseltin
03:00:21 INFO    [info] Yeni coin: GDY8WtSCTK - analiz 40s sonra
03:00:23 INFO    [info] Yeni coin: FBDBGjDpAB - analiz 40s sonra
03:00:23 INFO    [info] Yeni coin: BjehbGkJwL - analiz 40s sonra
03:00:24 INFO    [info] Yeni coin: 9462yzDFyS - analiz 40s sonra
03:00:28 INFO    [info] Yeni coin: qSaew1XbKc - analiz 40s sonra
03:00:31 INFO    [info] Yeni coin: BErqe3XZSn - analiz 40s sonra
03:00:33 INFO    [info] Yeni coin: GeafgQWY11 - analiz 40s sonra
03:00:38 INFO    [warn] Takip edilen cuzdan yok - once skorlayip takibe alin
03:00:39 INFO    [info] Yeni coin: 43ae7anaAD - analiz 40s sonra
03:00:40 INFO    [info] Yeni coin: AoKqmpCVbs - analiz 40s sonra
03:00:43 INFO    [info] Yeni coin: HZB9NzHXVN - analiz 40s sonra
03:00:44 INFO    [info] Yeni coin: 79SNHnNqnx - analiz 40s sonra
03:00:46 INFO    [info] Yeni coin: DiuhUVNVcP - analiz 40s sonra
03:00:47 WARNING RPC hiz limiti (429) - RPC_RPS dusurun veya plani yukseltin
03:00:48 INFO    [info] Yeni coin: G6SaVz2D5N - analiz 40s sonra
03:00:48 INFO    [info] Yeni coin: 5jmuVKD1rr - analiz 40s sonra
03:00:48 INFO    [info] Yeni coin: 44ikGB8ann - analiz 40s sonra
03:00:49 INFO    [info] Yeni coin: 6yGc1juY4k - analiz 40s sonra
03:00:50 INFO    [info] Yeni coin: DTp6t5SPYf - analiz 40s sonra
03:00:50 INFO    [info] Yeni coin: 8X5sucJkvA - analiz 40s sonra
03:00:50 INFO    [info] Yeni coin: GB8aGBwjjZ - analiz 40s sonra
03:00:51 INFO    [info] Yeni coin: HqFQvSydoU - analiz 40s sonra
03:00:52 INFO    [info] Yeni coin: GA8XLUuG6s - analiz 40s sonra
03:00:52 INFO    [info] Yeni coin: 9RrM1z43fZ - analiz 40s sonra
03:00:58 INFO    [info] Yeni coin: JBa7x88fvn - analiz 40s sonra
03:00:59 INFO    [info] Yeni coin: 4MV1BUhUq3 - analiz 40s sonra
03:01:01 INFO    [info] Yeni coin: 4zBbkgL8ts - analiz 40s sonra
03:01:01 INFO    [info] Yeni coin: FGeyC4xXTT - analiz 40s sonra
03:01:02 INFO    [info] Yeni coin: A5NHRxsETk - analiz 40s sonra
03:01:02 INFO    [info] Yeni coin: FJmEQJj6sK - analiz 40s sonra
03:01:02 INFO    [info] Yeni coin: bzvRU6Rf5w - analiz 40s sonra
03:01:02 INFO    [info] Yeni coin: FnVpcSuk28 - analiz 40s sonra
03:01:03 INFO    [info] Yeni coin: 6YZKiLuJ4B - analiz 40s sonra
03:01:03 INFO    [info] Yeni coin: 82xBLtKCRk - analiz 40s sonra
03:01:03 INFO    [info] Yeni coin: 4Ke5yCW9WF - analiz 40s sonra
03:01:04 INFO    [info] Yeni coin: 8fKxCAiFw2 - analiz 40s sonra
03:01:04 INFO    [info] Yeni coin: Geg9LkLYWm - analiz 40s sonra
03:01:04 INFO    [info] Yeni coin: 5NMEjuVjDE - analiz 40s sonra
03:01:04 INFO    [info] Yeni coin: JvjbGrdG5v - analiz 40s sonra
03:01:05 INFO    [info] Yeni coin: 5vvsm7BimY - analiz 40s sonra
03:01:05 INFO    [info] Yeni coin: 9uPA3yx2xr - analiz 40s sonra
03:01:05 INFO    [info] Yeni coin: DNMMHnbvoS - analiz 40s sonra
03:01:05 INFO    [info] Yeni coin: 3gi8kSibkh - analiz 40s sonra
03:01:13 INFO    [info] Yeni coin: AB6JVkGwvv - analiz 40s sonra
03:01:20 INFO    [info] Yeni coin: 6bkevgnFGa - analiz 40s sonra
03:01:23 WARNING RPC hiz limiti (429) - RPC_RPS dusurun veya plani yukseltin
03:01:26 INFO    [info] Yeni coin: Fhg9R1Tvxh - analiz 40s sonra
03:01:32 INFO    [info] Yeni coin: F62XSQQwkV - analiz 40s sonra
03:01:34 INFO    [info] Yeni coin: FAuubZ18Rg - analiz 40s sonra
03:01:34 INFO    [info] Yeni coin: 7eifZcfugR - analiz 40s sonra
03:01:36 INFO    [info] Yeni coin: 2MKevhsfxE - analiz 40s sonra
03:01:38 INFO    [info] Yeni coin: EJ2mQC3TJE - analiz 40s sonra
03:01:40 INFO    [info] Yeni coin: 2q6b1bHMGh - analiz 40s sonra
03:01:44 INFO    [info] Yeni coin: 7TvitzgjgZ - analiz 40s sonra
03:01:46 INFO    [info] Yeni coin: HJhb19gDWC - analiz 40s sonra
03:01:46 INFO    [info] Yeni coin: 7yqcyY6pcK - analiz 40s sonra
03:01:48 INFO    [info] Yeni coin: 9g7WzGUjDs - analiz 40s sonra
03:01:50 INFO    [info] Yeni coin: 8z3scPEGea - analiz 40s sonra
03:01:51 INFO    [info] Yeni coin: C66zsiaA5U - analiz 40s sonra
03:01:59 WARNING RPC hiz limiti (429) - RPC_RPS dusurun veya plani yukseltin
03:02:02 INFO    [info] Yeni coin: 2WHKLHT7Ap - analiz 40s sonra
03:02:05 INFO    [info] Yeni coin: 7iJ3UDnwnV - analiz 40s sonra
03:02:10 INFO    [info] Yeni coin: De15pGV5Y1 - analiz 40s sonra
03:02:17 INFO    [info] Yeni coin: 7XcsXpXbjJ - analiz 40s sonra
03:02:18 INFO    [info] Yeni coin: 24wzTB4twK - analiz 40s sonra
03:02:20 INFO    [info] Yeni coin: B7VZjDWMJ9 - analiz 40s sonra
03:02:21 INFO    [info] Yeni coin: qxQSjZKTZV - analiz 40s sonra
03:02:21 INFO    [info] Yeni coin: 9j8dAVWVrX - analiz 40s sonra
03:02:22 INFO    [info] Yeni coin: 7HocsXefGj - analiz 40s sonra
03:02:24 INFO    [info] Yeni coin: D2uEatAws7 - analiz 40s sonra
03:02:25 INFO    [info] Yeni coin: DLmpAA3WBE - analiz 40s sonra
03:02:29 INFO    [info] Yeni coin: 4SG6VqKcUm - analiz 40s sonra
03:02:30 WARNING RPC hiz limiti (429) - RPC_RPS dusurun veya plani yukseltin
03:02:30 INFO    [info] Yeni coin: LFev2Ywe1E - analiz 40s sonra
03:02:32 INFO    [info] Yeni coin: 2tH9SsBzer - analiz 40s sonra
03:02:33 INFO    [info] Yeni coin: 7YrWH5ziTC - analiz 40s sonra
03:02:34 INFO    [info] Yeni coin: B7Sbv8Q2n9 - analiz 40s sonra
03:02:38 INFO    [warn] Takip edilen cuzdan yok - once skorlayip takibe alin
03:02:39 INFO    [info] Yeni coin: AWzV4bJWCg - analiz 40s sonra
03:02:40 INFO    [info] Yeni coin: 4EnakyZBzw - analiz 40s sonra
03:02:40 INFO    [info] Yeni coin: DfugSkXPtt - analiz 40s sonra
03:02:43 INFO    [info] Yeni coin: 6So4TAD9t6 - analiz 40s sonra
03:02:53 INFO    [info] Yeni coin: 94EzQpYC2Q - analiz 40s sonra
03:03:00 INFO    [info] Yeni coin: CV1bW3iy6u - analiz 40s sonra
03:03:02 INFO    [info] Yeni coin: GxoZxpbUTG - analiz 40s sonra
03:03:04 INFO    [info] Yeni coin: CH8J8reDyV - analiz 40s sonra
03:03:05 INFO    [info] Yeni coin: FvYEmPcn1r - analiz 40s sonra
03:03:05 INFO    [info] Yeni coin: AeikjgocaE - analiz 40s sonra
03:03:05 INFO    [info] Yeni coin: 24wza5CkrW - analiz 40s sonra
03:03:06 WARNING RPC hiz limiti (429) - RPC_RPS dusurun veya plani yukseltin
03:03:06 INFO    [info] Yeni coin: 6Mpkxk2pPK - analiz 40s sonra
03:03:08 INFO    [info] Yeni coin: BuSZ9u2Lox - analiz 40s sonra
03:03:10 INFO    [info] Yeni coin: FwV7aijNSZ - analiz 40s sonra
03:03:12 INFO    [info] Yeni coin: ASUb825u5n - analiz 40s sonra
03:03:15 INFO    [info] Yeni coin: 5FjH6Cg1ea - analiz 40s sonra
03:03:16 INFO    [info] Yeni coin: 24J94gDsS8 - analiz 40s sonra
03:03:21 INFO    [info] Yeni coin: 9NCEoWUKEc - analiz 40s sonra
03:03:21 INFO    [info] Yeni coin: E9XGeaBQRX - analiz 40s sonra
03:03:22 INFO    [info] Yeni coin: 5rpU6s2aGP - analiz 40s sonra
03:03:32 INFO    [info] Yeni coin: BVWgGKba8d - analiz 40s sonra
03:03:33 INFO    [info] Yeni coin: Rn4sEhL8bw - analiz 40s sonra
03:03:34 INFO    [info] Yeni coin: C1kcGGd9ow - analiz 40s sonra
03:03:35 WARNING RPC hiz limiti (429) - RPC_RPS dusurun veya plani yukseltin
03:03:35 INFO    [info] Yeni coin: FzRfnRAAXg - analiz 40s sonra
03:03:35 INFO    [info] Yeni coin: 5VGRRhwzzi - analiz 40s sonra
03:03:36 INFO    [info] Yeni coin: HDU8AWBYxa - analiz 40s sonra
03:03:37 INFO    [info] Yeni coin: Fd4hnG91Mn - analiz 40s sonra
03:03:37 INFO    [info] Yeni coin: Cizdki7i7H - analiz 40s sonra
03:03:38 INFO    [info] Yeni coin: 7dqpWqpbwx - analiz 40s sonra
03:03:39 INFO    [info] Yeni coin: 6XKV2Z1z2S - analiz 40s sonra
03:03:40 INFO    [info] Yeni coin: 2sfcCR5ceJ - analiz 40s sonra
03:03:42 INFO    [info] Yeni coin: GxmgUdGCQK - analiz 40s sonra
03:03:43 INFO    [info] Yeni coin: 7LTVbXisVf - analiz 40s sonra
03:03:43 INFO    [info] Yeni coin: 33cK8Ykf92 - analiz 40s sonra
03:03:44 INFO    [info] Yeni coin: G4nSVMavAR - analiz 40s sonra
03:03:47 INFO    [info] Yeni coin: HvHAaej1Au - analiz 40s sonra
03:03:47 INFO    [info] Yeni coin: 81DHQUt9i3 - analiz 40s sonra
03:03:47 INFO    [info] Yeni coin: DNHi1pxSYU - analiz 40s sonra
03:03:50 INFO    [info] Yeni coin: BT7dwE9iQn - analiz 40s sonra
03:03:58 WARNING RPC hiz limiti (429) - RPC_RPS dusurun veya plani yukseltin
03:04:00 INFO    [info] Yeni coin: 4WWDgf8v4W - analiz 40s sonra
03:04:02 INFO    [info] Yeni coin: DB3mFy1YqP - analiz 40s sonra
03:04:12 INFO    [info] Yeni coin: 57j8CKnHtH - analiz 40s sonra
03:04:14 INFO    [info] Yeni coin: 24wzhF4q7G - analiz 40s sonra
03:04:14 INFO    [info] Yeni coin: 3jKNXMbSak - analiz 40s sonra
03:04:15 INFO    [info] Yeni coin: BVL6mVoZ7A - analiz 40s sonra
03:04:15 INFO    [info] Yeni coin: fun4q7GPp8 - analiz 40s sonra
03:04:20 INFO    [info] Yeni coin: CHHQAP62Dv - analiz 40s sonra
03:04:21 INFO    [info] Yeni coin: 9rN3pZaGp9 - analiz 40s sonra
03:04:27 INFO    [info] Yeni coin: EA3aJmMFyC - analiz 40s sonra
03:04:27 INFO    [info] Yeni coin: 88dqT73DiR - analiz 40s sonra
03:04:28 INFO    [info] Yeni coin: 7FkA53ojuY - analiz 40s sonra
03:04:32 WARNING RPC hiz limiti (429) - RPC_RPS dusurun veya plani yukseltin
03:04:32 INFO    [info] Yeni coin: 7VBSzVcSjP - analiz 40s sonra
03:04:33 INFO    [info] Yeni coin: FFrBP2R4Zo - analiz 40s sonra
03:04:33 INFO    [info] Yeni coin: 7wyySE4PzB - analiz 40s sonra
03:04:38 INFO    [warn] Takip edilen cuzdan yok - once skorlayip takibe alin
03:04:47 INFO    [info] Yeni coin: Ffjut3xupg - analiz 40s sonra
03:04:49 INFO    [info] Yeni coin: Cc8oJzS4Ju - analiz 40s sonra
03:04:50 INFO    [info] Yeni coin: Gwo7PuqJ4h - analiz 40s sonra
03:04:54 INFO    [info] Yeni coin: EM9CCo8PYN - analiz 40s sonra
03:04:56 INFO    [info] Yeni coin: iSD9VpNq34 - analiz 40s sonra
03:04:57 WARNING RPC hiz limiti (429) - RPC_RPS dusurun veya plani yukseltin
03:04:58 INFO    [info] Yeni coin: jitodontfr - analiz 40s sonra
03:05:01 INFO    [info] Yeni coin: HAaAYaKQmE - analiz 40s sonra
03:05:01 INFO    [info] Yeni coin: 63JoQmhyiW - analiz 40s sonra
03:05:07 INFO    [info] Yeni coin: E2pkMHsLPY - analiz 40s sonra
03:05:08 INFO    [info] Yeni coin: HcziPDjdkZ - analiz 40s sonra
03:05:08 INFO    [info] Yeni coin: ujPvSALcq6 - analiz 40s sonra
03:05:11 INFO    [info] Yeni coin: E4vLAtZgWe - analiz 40s sonra
03:05:12 INFO    [info] Yeni coin: 8GAmJeAAyX - analiz 40s sonra
03:05:14 INFO    [info] Yeni coin: Cvt1ACiLm6 - analiz 40s sonra
03:05:15 WARNING RPC hiz limiti (429) - RPC_RPS dusurun veya plani yukseltin
03:05:15 INFO    [info] Yeni coin: 5BEsf9ab4J - analiz 40s sonra
03:05:17 INFO    [info] Yeni coin: UsxZvnvukW - analiz 40s sonra
03:05:26 INFO    [info] Yeni coin: aje8WoeX32 - analiz 40s sonra
03:05:26 INFO    [info] Yeni coin: BCtcJdZz7W - analiz 40s sonra
03:05:26 INFO    [info] Yeni coin: 6ApaHoaQEB - analiz 40s sonra
03:05:27 INFO    [info] Yeni coin: 6hEgFrxTKo - analiz 40s sonra
03:05:31 INFO    [info] Yeni coin: 6DGnvBAQEZ - analiz 40s sonra
03:05:32 INFO    [info] Yeni coin: 4Pf5isDxqE - analiz 40s sonra
03:05:32 INFO    [info] Yeni coin: 9BzH3ohQaA - analiz 40s sonra
03:05:34 INFO    [info] Yeni coin: 9xSyWiyznz - analiz 40s sonra
03:05:34 INFO    [info] Yeni coin: HdA3aiFYKo - analiz 40s sonra
03:05:35 INFO    [info] Yeni coin: 2RgbAapyRe - analiz 40s sonra
03:05:35 INFO    [info] Yeni coin: E8VwbJQQT1 - analiz 40s sonra
03:05:35 INFO    [info] Yeni coin: AHSAuBpENc - analiz 40s sonra
03:05:35 INFO    [info] Yeni coin: C2pBuBeVyf - analiz 40s sonra
03:05:36 INFO    [info] Yeni coin: B3KLeZaHAv - analiz 40s sonra
03:05:36 INFO    [info] Yeni coin: AYqQvKe887 - analiz 40s sonra
03:05:37 INFO    [info] Yeni coin: 7Gg2tTvWXX - analiz 40s sonra
03:05:37 INFO    [info] Yeni coin: 98ZasNTfFK - analiz 40s sonra
03:05:37 INFO    [info] Yeni coin: 8m1BBY9NoA - analiz 40s sonra
03:05:37 INFO    [info] Yeni coin: Fpyy3cK27c - analiz 40s sonra
03:05:38 INFO    [info] Yeni coin: BDzPp2hpAz - analiz 40s sonra
03:05:39 INFO    [info] Yeni coin: BWVeWB1Ape - analiz 40s sonra
03:05:39 INFO    [info] Yeni coin: GaRVfavGNV - analiz 40s sonra
03:05:45 INFO    [info] Yeni coin: 24wbCuuqak - analiz 40s sonra
03:05:45 INFO    [info] Yeni coin: Zbd8VhzSNw - analiz 40s sonra
03:05:47 WARNING RPC hiz limiti (429) - RPC_RPS dusurun veya plani yukseltin
03:05:50 INFO    [info] Yeni coin: 3XLcGjXtV1 - analiz 40s sonra
03:05:51 INFO    [info] Yeni coin: 5Ezf2AeNPZ - analiz 40s sonra
03:05:51 INFO    [info] Yeni coin: Ai74Y2QKnw - analiz 40s sonra
03:05:53 INFO    [info] Yeni coin: 6wuoJVRPhv - analiz 40s sonra
03:05:54 INFO    [info] Yeni coin: 8iHB4wqa1h - analiz 40s sonra
03:05:56 INFO    [info] Yeni coin: 4GEjh1Amnb - analiz 40s sonra
03:06:00 INFO    [info] Yeni coin: 6Nr7UjSgLR - analiz 40s sonra
03:06:00 INFO    [info] Yeni coin: HUMrANXK3Q - analiz 40s sonra
03:06:08 INFO    [info] Yeni coin: 9kH9axd7LQ - analiz 40s sonra
03:06:08 INFO    [info] Yeni coin: 56GxSuXm9E - analiz 40s sonra
03:06:15 INFO    [info] Yeni coin: Hovf8UBnBi - analiz 40s sonra
03:06:16 INFO    [info] Yeni coin: BVFM7Qu5Da - analiz 40s sonra
03:06:17 WARNING RPC hiz limiti (429) - RPC_RPS dusurun veya plani yukseltin
03:06:17 INFO    [info] Yeni coin: 8PEPvqfMmr - analiz 40s sonra
03:06:19 INFO    [info] Yeni coin: 4Ns1qNyiwY - analiz 40s sonra
03:06:21 INFO    [info] Yeni coin: 2RwCfn5Wrs - analiz 40s sonra
03:06:22 INFO    [info] Yeni coin: 6fr5vH2Z7y - analiz 40s sonra
03:06:26 INFO    [info] Yeni coin: CFWXNfShxc - analiz 40s sonra
03:06:29 INFO    [info] Yeni coin: HiKHwAYek4 - analiz 40s sonra
03:06:31 INFO    [info] Yeni coin: J5kFPYHxY9 - analiz 40s sonra
03:06:32 INFO    [info] Yeni coin: HPArvsetLu - analiz 40s sonra
03:06:32 INFO    [info] Yeni coin: 3zPmGCbZGK - analiz 40s sonra
03:06:33 WARNING RPC hiz limiti (429) - RPC_RPS dusurun veya plani yukseltin
03:06:35 INFO    [info] Yeni coin: FEfRCXW1SV - analiz 40s sonra
03:06:35 INFO    [info] Yeni coin: FYZ2eQfXLJ - analiz 40s sonra
03:06:36 INFO    [info] Yeni coin: gzkDPNKbra - analiz 40s sonra
03:06:38 INFO    [warn] Takip edilen cuzdan yok - once skorlayip takibe alin
03:06:43 INFO    [info] Yeni coin: E88XwnuHSs - analiz 40s sonra
03:06:43 INFO    [info] Yeni coin: 3Mn24zzcEJ - analiz 40s sonra
03:06:43 INFO    [info] Yeni coin: 5n4XDvT3gi - analiz 40s sonra
03:06:44 INFO    [info] Yeni coin: Ai6e6F9rkH - analiz 40s sonra
03:06:44 INFO    [info] Yeni coin: 4m2XC9voGn - analiz 40s sonra
03:06:44 INFO    [info] Yeni coin: 692Xo6SHnb - analiz 40s sonra
03:06:44 INFO    [info] Yeni coin: 4UYw8HerTJ - analiz 40s sonra
03:06:45 INFO    [info] Yeni coin: 4RNtJUrG5v - analiz 40s sonra
03:06:56 INFO    [info] Yeni coin: 81uFZMXAW9 - analiz 40s sonra
03:07:01 INFO    [info] Yeni coin: VCRjSRusxB - analiz 40s sonra
03:07:01 INFO    [info] Yeni coin: TWgHbmt5z8 - analiz 40s sonra
03:07:02 INFO    [info] Yeni coin: GYt425mQXQ - analiz 40s sonra
03:07:07 INFO    [info] Yeni coin: 9aWpNExQwj - analiz 40s sonra
03:07:08 INFO    [info] Yeni coin: 54RmDRoLyk - analiz 40s sonra
03:07:10 INFO    [info] Yeni coin: i3WScW3ayN - analiz 40s sonra
03:07:11 WARNING RPC hiz limiti (429) - RPC_RPS dusurun veya plani yukseltin
03:07:16 INFO    [info] Yeni coin: 4CwRX9ByUr - analiz 40s sonra
03:07:20 INFO    [info] Yeni coin: akQGzAZm3a - analiz 40s sonra
03:07:25 INFO    [info] Yeni coin: 6r4BSH3DCs - analiz 40s sonra
03:07:26 INFO    [info] Yeni coin: HBppqk3XVR - analiz 40s sonra
03:07:32 INFO    [info] Yeni coin: 3m93J2q4Fd - analiz 40s sonra
03:07:36 WARNING RPC hiz limiti (429) - RPC_RPS dusurun veya plani yukseltin
03:07:39 INFO    [info] Yeni coin: 3BC9QJYTn7 - analiz 40s sonra
03:07:48 INFO    [info] Yeni coin: 22JccrFa6m - analiz 40s sonra
03:07:49 INFO    [info] Yeni coin: HnkthDjY2h - analiz 40s sonra
03:07:49 INFO    [info] Yeni coin: 9FkXbv1hoy - analiz 40s sonra
03:07:50 INFO    [info] Yeni coin: zE6CHDxUiw - analiz 40s sonra
03:07:56 INFO    [info] Yeni coin: DxSTfVbNea - analiz 40s sonra
03:07:58 INFO    [info] Yeni coin: C1TxrdgR6C - analiz 40s sonra
03:08:04 INFO    [info] Yeni coin: Es1hLX9JG5 - analiz 40s sonra
03:08:07 INFO    [info] Yeni coin: A8ocnXxgWA - analiz 40s sonra
03:08:13 INFO    [info] Yeni coin: ExZnXXP7ck - analiz 40s sonra
03:08:14 WARNING RPC hiz limiti (429) - RPC_RPS dusurun veya plani yukseltin
03:08:15 INFO    [info] Yeni coin: doyKLAN4ih - analiz 40s sonra
03:08:17 INFO    [info] Yeni coin: 4k6yXuMmfj - analiz 40s sonra
03:08:18 INFO    [info] Yeni coin: GCCQTGuVUL - analiz 40s sonra
03:08:19 INFO    [info] Yeni coin: DzxQYNdVJP - analiz 40s sonra
03:08:19 INFO    [info] Yeni coin: dPCqNAgTbR - analiz 40s sonra
03:08:19 INFO    [info] Yeni coin: 21XzHeiC7v - analiz 40s sonra
03:08:23 INFO    [info] Yeni coin: 6U9t1Bm5Fc - analiz 40s sonra
03:08:26 INFO    [info] Yeni coin: A71MTWVUP5 - analiz 40s sonra
03:08:30 WARNING RPC hiz limiti (429) - RPC_RPS dusurun veya plani yukseltin
03:08:31 INFO    [info] Yeni coin: CFGBv7AMjf - analiz 40s sonra
03:08:32 INFO    [info] Yeni coin: 7h5TPUp8K9 - analiz 40s sonra
03:08:32 INFO    [info] Yeni coin: HeBCXWJsHs - analiz 40s sonra
03:08:33 INFO    [info] Yeni coin: BEEwJj6v4N - analiz 40s sonra
03:08:34 INFO    [info] Yeni coin: BAap8ejWW3 - analiz 40s sonra
03:08:38 INFO    [warn] Takip edilen cuzdan yok - once skorlayip takibe alin
03:08:41 INFO    [info] Yeni coin: GyL2T1VRZF - analiz 40s sonra
03:08:42 INFO    [info] Yeni coin: 9B9zfTTW9q - analiz 40s sonra
03:08:46 INFO    [info] Yeni coin: 8W5FiU7pxV - analiz 40s sonra
03:08:46 INFO    [info] Yeni coin: 6RALMraxQy - analiz 40s sonra
03:08:48 INFO    [info] Yeni coin: 4inNE5BXKn - analiz 40s sonra
03:08:48 INFO    [info] Yeni coin: HHZgeXfeat - analiz 40s sonra
03:08:53 WARNING RPC hiz limiti (429) - RPC_RPS dusurun veya plani yukseltin
03:08:53 INFO    [info] Yeni coin: AzpKRVeMkr - analiz 40s sonra
03:08:58 INFO    [info] Yeni coin: BH8DNUknRp - analiz 40s sonra
03:09:07 INFO    [info] Yeni coin: D7mPcpDxYL - analiz 40s sonra
03:09:17 INFO    [info] Yeni coin: AiQ5jSCthZ - analiz 40s sonra
03:09:20 INFO    [info] Yeni coin: HaNJX4QSww - analiz 40s sonra
03:09:21 INFO    [info] Yeni coin: 9v8xMBhdVq - analiz 40s sonra
03:09:22 INFO    [info] Yeni coin: 24x2eqNPzq - analiz 40s sonra
03:09:26 INFO    [info] Yeni coin: DbCrsdWG8Y - analiz 40s sonra
03:09:29 WARNING RPC hiz limiti (429) - RPC_RPS dusurun veya plani yukseltin
03:09:30 INFO    [info] Yeni coin: 9NjH5kNmvn - analiz 40s sonra
03:09:30 INFO    [info] Yeni coin: AjNFJ2ZUdx - analiz 40s sonra
03:09:47 INFO    [info] Yeni coin: EPjFWdd5Au - analiz 40s sonra
03:09:56 WARNING RPC hiz limiti (429) - RPC_RPS dusurun veya plani yukseltin
03:09:56 INFO    [info] Yeni coin: ETRTwEWkqu - analiz 40s sonra
03:10:01 INFO    [info] Yeni coin: F1RmRGhbBu - analiz 40s sonra
03:10:09 INFO    [info] Yeni coin: AmaaLPNvPR - analiz 40s sonra
03:10:09 INFO    [info] Yeni coin: FkgQUW81XE - analiz 40s sonra
03:10:12 WARNING RPC hiz limiti (429) - RPC_RPS dusurun veya plani yukseltin
03:10:13 INFO    [info] Yeni coin: HZKD1WBJ7Q - analiz 40s sonra
03:10:16 INFO    [info] Yeni coin: 5fbV3tQBQb - analiz 40s sonra
03:10:30 INFO    [info] Yeni coin: 89vqRz27Av - analiz 40s sonra
03:10:38 INFO    [warn] Takip edilen cuzdan yok - once skorlayip takibe alin
03:10:41 INFO    [info] Yeni coin: uaeuYfX3si - analiz 40s sonra
03:10:41 INFO    [info] Yeni coin: BcVVMwuMDz - analiz 40s sonra
03:10:43 INFO    [info] Yeni coin: G4yCPUV1w2 - analiz 40s sonra
03:10:43 WARNING RPC hiz limiti (429) - RPC_RPS dusurun veya plani yukseltin
03:10:43 INFO    [info] Yeni coin: 31GTGMM43Y - analiz 40s sonra
03:10:46 INFO    [info] Yeni coin: 7C52KAdKxh - analiz 40s sonra
03:10:50 INFO    [info] Yeni coin: 6E5zWAMECN - analiz 40s sonra
03:10:55 INFO    [info] Yeni coin: 2FZD3iRsVz - analiz 40s sonra
03:10:55 INFO    [info] Yeni coin: 2VjPnDH7h7 - analiz 40s sonra
03:10:56 INFO    [info] Yeni coin: 4Xgh1TRx4m - analiz 40s sonra
03:11:01 INFO    [info] Yeni coin: C33BXnbArX - analiz 40s sonra
03:11:01 INFO    [info] Yeni coin: 43WT8DRm6p - analiz 40s sonra
03:11:08 INFO    [info] Yeni coin: BLTK9iTb2W - analiz 40s sonra
03:11:08 INFO    [info] Yeni coin: H3xDMntivZ - analiz 40s sonra
03:11:09 WARNING RPC hiz limiti (429) - RPC_RPS dusurun veya plani yukseltin
03:11:09 INFO    [info] Yeni coin: 9iuVpHCUtJ - analiz 40s sonra
03:11:09 INFO    [info] Yeni coin: GLbBTCcrpK - analiz 40s sonra
03:11:13 INFO    [info] Yeni coin: HzE2ZJJAWX - analiz 40s sonra
03:11:18 INFO    [info] Yeni coin: 7VkETS6rRd - analiz 40s sonra
03:11:19 INFO    [info] Yeni coin: A1BxwvRMRf - analiz 40s sonra
03:11:27 INFO    [info] Yeni coin: FsDwggya6K - analiz 40s sonra
03:11:28 INFO    [info] Yeni coin: 6aGrW5ingV - analiz 40s sonra
03:11:29 INFO    [info] Yeni coin: HXKQBCCUps - analiz 40s sonra
03:11:29 INFO    [info] Yeni coin: EUKGUkUDpe - analiz 40s sonra
03:11:34 INFO    [info] Yeni coin: DnMzTFn5en - analiz 40s sonra
03:11:39 INFO    [info] Yeni coin: GNiDQfGS1H - analiz 40s sonra
03:11:41 WARNING RPC hiz limiti (429) - RPC_RPS dusurun veya plani yukseltin
03:11:43 INFO    [info] Yeni coin: ERhgESmpD1 - analiz 40s sonra
03:11:44 INFO    [info] Yeni coin: DiiZf6Dn97 - analiz 40s sonra
03:11:47 INFO    [info] Yeni coin: eeRwPvexdV - analiz 40s sonra
03:11:51 INFO    [info] Yeni coin: HeYN6p2PTt - analiz 40s sonra
03:11:55 INFO    [info] Yeni coin: C6J2FX3C2a - analiz 40s sonra
03:11:55 INFO    [info] Yeni coin: GgU4woSuoP - analiz 40s sonra
03:11:56 INFO    [info] Yeni coin: DFXp9VKseT - analiz 40s sonra
03:11:59 INFO    [info] Yeni coin: 7BWWyaD3zF - analiz 40s sonra
03:12:00 INFO    [info] Yeni coin: HXfHEA4Y8q - analiz 40s sonra
03:12:09 INFO    [info] Yeni coin: 8mQLvifNoP - analiz 40s sonra
03:12:10 INFO    [info] Yeni coin: AheXAypPf2 - analiz 40s sonra
03:12:13 INFO    [info] Yeni coin: CEjtRkcQMo - analiz 40s sonra
03:12:16 WARNING RPC hiz limiti (429) - RPC_RPS dusurun veya plani yukseltin
03:12:18 INFO    [info] Yeni coin: 2KDT6ewtmm - analiz 40s sonra
03:12:19 INFO    [info] Yeni coin: 81of3tKY5Z - analiz 40s sonra
03:12:19 INFO    [info] Yeni coin: BoxLVHkJgb - analiz 40s sonra
03:12:19 INFO    [info] Yeni coin: 2adZY96Xdp - analiz 40s sonra
03:12:21 INFO    [info] Yeni coin: 3XdoTCPJ5U - analiz 40s sonra
03:12:22 INFO    [info] Yeni coin: C9dshwp8X4 - analiz 40s sonra
03:12:23 INFO    [info] Yeni coin: 7XAgPmWghE - analiz 40s sonra
03:12:26 INFO    [info] Yeni coin: 5JNwpoVxA1 - analiz 40s sonra
03:12:28 INFO    [info] Yeni coin: 2hJvyaNXUS - analiz 40s sonra
03:12:31 INFO    [info] Yeni coin: ErWisKBoXy - analiz 40s sonra
03:12:32 INFO    [info] Yeni coin: CjmRtfxDgC - analiz 40s sonra
03:12:32 INFO    [info] Yeni coin: 8eo19E5hZ3 - analiz 40s sonra
03:12:38 INFO    [warn] Takip edilen cuzdan yok - once skorlayip takibe alin
03:12:39 INFO    [info] Yeni coin: 65APH8uuDD - analiz 40s sonra
03:12:39 INFO    [info] Yeni coin: dj9iK7Prkb - analiz 40s sonra
03:12:40 WARNING RPC hiz limiti (429) - RPC_RPS dusurun veya plani yukseltin
03:12:43 INFO    [info] Yeni coin: 6hEGnyEWHG - analiz 40s sonra
03:12:44 INFO    [info] Yeni coin: Ev7UXLPKpZ - analiz 40s sonra
03:12:45 INFO    [info] Yeni coin: 4ayooy3BE5 - analiz 40s sonra
03:12:47 INFO    [info] Yeni coin: FQr1RzqJf1 - analiz 40s sonra
03:12:49 INFO    [info] Yeni coin: HCiNaK1eJ9 - analiz 40s sonra
03:12:50 INFO    [info] Yeni coin: 7KPWpXXpsp - analiz 40s sonra
03:12:50 INFO    [info] Yeni coin: 8sfPyn9bqY - analiz 40s sonra
03:12:50 INFO    [info] Yeni coin: GoWQc8ii1F - analiz 40s sonra
03:12:54 INFO    [info] Yeni coin: 4fy8T2ggu1 - analiz 40s sonra
03:12:54 INFO    [info] Yeni coin: ADndnfkxFG - analiz 40s sonra
03:12:56 INFO    [info] Yeni coin: 6yShqyfisP - analiz 40s sonra
03:12:58 INFO    [info] Yeni coin: 8jjWayQjSs - analiz 40s sonra
03:12:58 INFO    [info] Yeni coin: BoKJifnPnj - analiz 40s sonra
03:13:07 INFO    [info] Yeni coin: 8FLHTn8TsU - analiz 40s sonra
03:13:07 INFO    [info] Yeni coin: DXinZuiCEh - analiz 40s sonra
03:13:09 INFO    [info] Yeni coin: 4odxZnPiEj - analiz 40s sonra
03:13:10 WARNING RPC hiz limiti (429) - RPC_RPS dusurun veya plani yukseltin
03:13:15 INFO    [info] Yeni coin: AzSdirJWQj - analiz 40s sonra
03:13:18 INFO    [info] Yeni coin: FModq3Ume9 - analiz 40s sonra
03:13:19 INFO    [info] Yeni coin: 3b52UqVToB - analiz 40s sonra
03:13:19 INFO    [info] Yeni coin: HsteW7LCVW - analiz 40s sonra
03:13:19 INFO    [info] Yeni coin: 56qYXdEgkr - analiz 40s sonra
03:13:19 INFO    [info] Yeni coin: Dw7D1tHruA - analiz 40s sonra
03:13:19 INFO    [info] Yeni coin: J6JqdeaBNd - analiz 40s sonra
03:13:20 INFO    [info] Yeni coin: 6QWTZWPLy2 - analiz 40s sonra
03:13:21 INFO    [info] Yeni coin: 8LZSGbxpbd - analiz 40s sonra
03:13:21 INFO    [info] Yeni coin: GEjcBAZSDx - analiz 40s sonra
03:13:22 INFO    [info] Yeni coin: D8NHJxFdDQ - analiz 40s sonra
03:13:26 INFO    [info] Yeni coin: 24x4UmbQkJ - analiz 40s sonra
03:13:34 INFO    [info] Yeni coin: 8qtbvcQEvo - analiz 40s sonra
03:13:36 INFO    [info] Yeni coin: 3jMGQZSVJx - analiz 40s sonra
03:13:38 INFO    [info] Yeni coin: AJ5kNBamMg - analiz 40s sonra
03:13:41 INFO    [info] Yeni coin: 3xxy82EeSW - analiz 40s sonra
03:13:42 INFO    [info] Yeni coin: A8xCsg6Ke4 - analiz 40s sonra
03:13:43 WARNING RPC hiz limiti (429) - RPC_RPS dusurun veya plani yukseltin
03:13:45 INFO    [info] Yeni coin: 8VGuv54F2k - analiz 40s sonra
03:13:49 INFO    [info] Yeni coin: Cn35ywtysA - analiz 40s sonra
03:13:49 INFO    [info] Yeni coin: EdScajTWug - analiz 40s sonra
03:13:49 INFO    [info] Yeni coin: Gm8zbG7DLm - analiz 40s sonra
03:13:49 INFO    [info] Yeni coin: G59cnKUjTs - analiz 40s sonra
03:13:49 INFO    [info] Yeni coin: 2pEESCLVZT - analiz 40s sonra
03:13:50 INFO    [info] Yeni coin: FSwUjndJnY - analiz 40s sonra
03:13:53 INFO    [info] Yeni coin: J9LFdcYof2 - analiz 40s sonra
03:13:53 INFO    [info] Yeni coin: 4qWjkqCKDg - analiz 40s sonra
03:13:53 INFO    [info] Yeni coin: 7GoVSBCc52 - analiz 40s sonra
03:13:54 INFO    [info] Yeni coin: F6xX5sU3N9 - analiz 40s sonra
03:13:58 INFO    [info] Yeni coin: GoeH4eGK3K - analiz 40s sonra
03:13:59 INFO    [info] Yeni coin: AvLmUKUNoo - analiz 40s sonra
03:13:59 INFO    [info] Yeni coin: E3spCSU71S - analiz 40s sonra
03:14:03 INFO    [info] Yeni coin: 3r5fTTAmdi - analiz 40s sonra
03:14:04 INFO    [info] Yeni coin: FYJSyy1KB7 - analiz 40s sonra
03:14:07 INFO    [info] Yeni coin: 4iPu2xHZoP - analiz 40s sonra
03:14:07 INFO    [info] Yeni coin: 7AYdmnVijr - analiz 40s sonra
03:14:08 INFO    [info] Yeni coin: pbMUysbFPR - analiz 40s sonra
03:14:09 INFO    [info] Yeni coin: D8aB5n1LYy - analiz 40s sonra
03:14:09 INFO    [info] Yeni coin: 9d3gQP8qrL - analiz 40s sonra
03:14:10 INFO    [info] Yeni coin: 6zBEJtXda2 - analiz 40s sonra
03:14:10 WARNING RPC hiz limiti (429) - RPC_RPS dusurun veya plani yukseltin
03:14:10 INFO    [info] Yeni coin: HeU27chUdk - analiz 40s sonra
03:14:12 INFO    [info] Yeni coin: DBnZo22ZFR - analiz 40s sonra
03:14:18 INFO    [info] Yeni coin: D6WtNZUJ4C - analiz 40s sonra
03:14:21 INFO    [info] Yeni coin: JAhHzPUiHu - analiz 40s sonra
03:14:21 INFO    [info] Yeni coin: A1wsCcPJMj - analiz 40s sonra
03:14:22 INFO    [info] Yeni coin: 3XZY4DbRFq - analiz 40s sonra
03:14:24 INFO    [info] Yeni coin: 5K7HUopwMM - analiz 40s sonra
03:14:25 INFO    [info] Yeni coin: HePgiXZp6a - analiz 40s sonra
03:14:27 INFO    [info] Yeni coin: H4ecHKcMoZ - analiz 40s sonra
03:14:31 INFO    [info] Yeni coin: 44rW6Bcy9z - analiz 40s sonra
03:14:33 INFO    [info] Yeni coin: DzJWTVJNsv - analiz 40s sonra
03:14:34 WARNING RPC hiz limiti (429) - RPC_RPS dusurun veya plani yukseltin
03:14:39 INFO    [warn] Takip edilen cuzdan yok - once skorlayip takibe alin
03:14:39 INFO    [info] Yeni coin: Du1GeWmJie - analiz 40s sonra
03:14:42 INFO    [info] Yeni coin: GRovHMJaCN - analiz 40s sonra
03:14:45 INFO    [info] Yeni coin: 24x572m4DT - analiz 40s sonra
03:14:46 INFO    [info] Yeni coin: J5LTAJHZYW - analiz 40s sonra
03:14:48 INFO    [info] Yeni coin: FyxYUfXMHz - analiz 40s sonra
03:14:52 INFO    [info] Yeni coin: SBpaNkq3F3 - analiz 40s sonra
03:14:54 INFO    [info] Yeni coin: 9CYMvSmAf4 - analiz 40s sonra
03:14:55 INFO    [info] Yeni coin: G2SeYCssfZ - analiz 40s sonra
03:14:56 INFO    [info] Yeni coin: 4mB4z7DScB - analiz 40s sonra
03:14:57 INFO    [info] Yeni coin: D5F7akWZQk - analiz 40s sonra
03:15:00 WARNING RPC hiz limiti (429) - RPC_RPS dusurun veya plani yukseltin
03:15:04 INFO    [info] Yeni coin: HSxnw415wW - analiz 40s sonra
03:15:06 INFO    [info] Yeni coin: 5JBj7we6js - analiz 40s sonra
03:15:07 INFO    [info] Yeni coin: H6U1wHT5Sk - analiz 40s sonra
03:15:07 INFO    [info] Yeni coin: 83yT2FbutU - analiz 40s sonra
03:15:08 INFO    [info] Yeni coin: 3EcEQ9THCR - analiz 40s sonra
03:15:10 INFO    [info] Yeni coin: B6YEo28ahP - analiz 40s sonra
03:15:12 INFO    [info] Yeni coin: GJvZUNtMqV - analiz 40s sonra
03:15:13 INFO    [info] Yeni coin: 78e5SbxcTv - analiz 40s sonra
03:15:15 INFO    [info] Yeni coin: 7RaNn7TXaf - analiz 40s sonra
03:15:16 INFO    [info] Yeni coin: HDi94LERLL - analiz 40s sonra
03:15:18 INFO    [info] Yeni coin: 5nvAszqrm4 - analiz 40s sonra
03:15:18 INFO    [info] Yeni coin: 7mrX9zqopU - analiz 40s sonra
03:15:20 WARNING RPC hiz limiti (429) - RPC_RPS dusurun veya plani yukseltin
03:15:21 INFO    [info] Yeni coin: GZzAHVFkt4 - analiz 40s sonra
03:15:28 INFO    [info] Yeni coin: A1hcosbi1R - analiz 40s sonra
03:15:30 INFO    [info] Yeni coin: BbDgvjPbXG - analiz 40s sonra
03:15:31 INFO    [info] Yeni coin: Bwzd44bMy6 - analiz 40s sonra
03:15:37 INFO    [info] Yeni coin: AbcZASva2N - analiz 40s sonra
03:15:42 INFO    [info] Yeni coin: G8H9Egmg9n - analiz 40s sonra
03:15:43 INFO    [info] Yeni coin: EyTWbxkAf1 - analiz 40s sonra
03:15:44 INFO    [info] Yeni coin: DE2gyodBgM - analiz 40s sonra
03:15:45 INFO    [info] Yeni coin: FAdawtKb84 - analiz 40s sonra
03:15:45 INFO    [info] Yeni coin: 786RuQ5Hix - analiz 40s sonra
03:15:46 INFO    [info] Yeni coin: HXn3xstJsJ - analiz 40s sonra
03:15:46 INFO    [info] Yeni coin: 5UPkoG8EcE - analiz 40s sonra
03:15:46 INFO    [info] Yeni coin: EuRRyHZRdo - analiz 40s sonra
03:15:47 WARNING RPC hiz limiti (429) - RPC_RPS dusurun veya plani yukseltin
03:15:47 INFO    [info] Yeni coin: HjYFtVKpVd - analiz 40s sonra
03:15:47 INFO    [info] Yeni coin: C1V3eDGN8z - analiz 40s sonra
03:15:53 INFO    [info] Yeni coin: 24x5LBNsVZ - analiz 40s sonra
03:15:59 INFO    [info] Yeni coin: BJ2FxBhLCk - analiz 40s sonra
03:16:02 INFO    [info] Yeni coin: HXyjKzqDdV - analiz 40s sonra
03:16:03 INFO    [info] Yeni coin: AX6QUuiwqv - analiz 40s sonra
03:16:03 INFO    [info] Yeni coin: 7qN8dGBt1r - analiz 40s sonra
03:16:03 INFO    [info] Yeni coin: 6G5h66Ui5j - analiz 40s sonra
03:16:04 INFO    [info] Yeni coin: XaDeo3mCYh - analiz 40s sonra
03:16:08 INFO    [info] Yeni coin: ELBqm7C3bW - analiz 40s sonra
03:16:10 INFO    [info] Yeni coin: DduoFregtK - analiz 40s sonra
03:16:10 INFO    [info] Yeni coin: DqkhUf8ydj - analiz 40s sonra
03:16:11 INFO    [info] Yeni coin: 4mpQbZuxSy - analiz 40s sonra
03:16:11 INFO    [info] Yeni coin: 7Fj15LK1eN - analiz 40s sonra
03:16:11 INFO    [info] Yeni coin: 3Cv36xoQni - analiz 40s sonra
03:16:12 INFO    [info] Yeni coin: GPE5LT7QK3 - analiz 40s sonra
03:16:12 INFO    [info] Yeni coin: BroarJdXBE - analiz 40s sonra
03:16:13 WARNING RPC hiz limiti (429) - RPC_RPS dusurun veya plani yukseltin
03:16:13 INFO    [info] Yeni coin: uBExTo6s2q - analiz 40s sonra
03:16:13 INFO    [info] Yeni coin: 8rvQcKmDcs - analiz 40s sonra
03:16:13 INFO    [info] Yeni coin: AyaMzK6s5x - analiz 40s sonra
03:16:14 INFO    [info] Yeni coin: 5awcrmr27G - analiz 40s sonra
03:16:14 INFO    [info] Yeni coin: AMcC31gYoM - analiz 40s sonra
03:16:14 INFO    [info] Yeni coin: 8xvWaMLkTW - analiz 40s sonra
03:16:15 INFO    [info] Yeni coin: B1HQ5zdFp6 - analiz 40s sonra
03:16:16 INFO    [info] Yeni coin: 67AmgqFkjT - analiz 40s sonra
03:16:16 INFO    [info] Yeni coin: EQe2NSfrQE - analiz 40s sonra
03:16:16 INFO    [info] Yeni coin: 5jMK6UEKhu - analiz 40s sonra
03:16:16 INFO    [info] Yeni coin: BParNAzpYY - analiz 40s sonra
03:16:17 INFO    [info] Yeni coin: EuExjLSdxX - analiz 40s sonra
03:16:18 INFO    [info] Yeni coin: GUGkdnLmDH - analiz 40s sonra
03:16:18 INFO    [info] Yeni coin: 5MxzgsmBsq - analiz 40s sonra
03:16:18 INFO    [info] Yeni coin: H2cKEpP2Fv - analiz 40s sonra
03:16:20 INFO    [info] Yeni coin: 35MDsMxRwG - analiz 40s sonra
03:16:21 INFO    [info] Yeni coin: 3zgJfxiGXC - analiz 40s sonra
03:16:25 INFO    [info] Yeni coin: DJvptkmDdc - analiz 40s sonra
03:16:26 INFO    [info] Yeni coin: BgvzcU4XG6 - analiz 40s sonra
03:16:26 INFO    [info] Yeni coin: 3tZZbVyMzs - analiz 40s sonra
03:16:27 INFO    [info] Yeni coin: 8jTgAbKku1 - analiz 40s sonra
03:16:27 INFO    [info] Yeni coin: Dwta8RywAi - analiz 40s sonra
03:16:28 INFO    [info] Yeni coin: 7Z8GgreBgZ - analiz 40s sonra
03:16:29 INFO    [info] Yeni coin: 8bR7biY6tT - analiz 40s sonra
03:16:30 INFO    [info] Yeni coin: 5Ap3aY7kSi - analiz 40s sonra
03:16:30 WARNING RPC hiz limiti (429) - RPC_RPS dusurun veya plani yukseltin
03:16:30 INFO    [info] Yeni coin: 5vr7PSTbtj - analiz 40s sonra
03:16:30 INFO    [info] Yeni coin: 4y9mFJyXcA - analiz 40s sonra
03:16:31 INFO    [info] Yeni coin: Dn3jy4vjVh - analiz 40s sonra
03:16:32 INFO    [info] Yeni coin: 2nFnFDZct5 - analiz 40s sonra
03:16:34 INFO    [info] Yeni coin: 59Ny5L8ou9 - analiz 40s sonra
03:16:39 INFO    [warn] Takip edilen cuzdan yok - once skorlayip takibe alin
03:16:41 INFO    [info] Yeni coin: 2vyUuFDscy - analiz 40s sonra
03:16:42 INFO    [info] Yeni coin: 8cWRcDJC8j - analiz 40s sonra
03:16:59 INFO    [info] Yeni coin: 2SWF6jkX7r - analiz 40s sonra
03:17:02 INFO    [info] Yeni coin: 7f5J1qJ1iM - analiz 40s sonra
03:17:05 INFO    [info] Yeni coin: 7yg4GZcb12 - analiz 40s sonra
03:17:07 WARNING RPC hiz limiti (429) - RPC_RPS dusurun veya plani yukseltin
03:17:08 INFO    [info] Yeni coin: 74DMEfQxuq - analiz 40s sonra
03:17:09 INFO    [info] Yeni coin: 2LFSdvNhQ8 - analiz 40s sonra
03:17:10 INFO    [info] Yeni coin: 8FrorRun8w - analiz 40s sonra
03:17:11 INFO    [info] Yeni coin: 8ZNm6dojyH - analiz 40s sonra
03:17:12 INFO    [info] Yeni coin: Cs1Xz8J1cr - analiz 40s sonra
03:17:14 INFO    [info] Yeni coin: B7LzLG7GkR - analiz 40s sonra
03:17:16 INFO    [info] Yeni coin: E1eaEwrrJ8 - analiz 40s sonra
03:17:19 INFO    [info] Yeni coin: GAGCYNeumh - analiz 40s sonra
03:17:19 INFO    [info] Yeni coin: HmZdhXHj8y - analiz 40s sonra
03:17:20 INFO    [info] Yeni coin: ANi4scwqE5 - analiz 40s sonra
03:17:20 INFO    [info] Yeni coin: 27CCDxvXH4 - analiz 40s sonra
03:17:20 INFO    [info] Yeni coin: 9jhbzhPvdS - analiz 40s sonra
03:17:25 INFO    [info] Yeni coin: FsVAZVoWhF - analiz 40s sonra
03:17:27 INFO    [info] Yeni coin: 8rrRJSUwj9 - analiz 40s sonra
03:17:35 WARNING RPC hiz limiti (429) - RPC_RPS dusurun veya plani yukseltin
03:17:36 INFO    [info] Yeni coin: 472Tfr84L2 - analiz 40s sonra
03:17:38 INFO    [info] Yeni coin: vfysxoGFHV - analiz 40s sonra
03:17:41 INFO    [info] Yeni coin: 6PoMhDCa2k - analiz 40s sonra
03:17:42 INFO    [info] Yeni coin: FJGKsKr5ug - analiz 40s sonra
03:17:55 INFO    [info] Yeni coin: 8WofXgKLVn - analiz 40s sonra
03:18:01 INFO    [info] Yeni coin: 8ASaxuAken - analiz 40s sonra
03:18:02 INFO    [info] Yeni coin: FbfJM4j1zC - analiz 40s sonra
03:18:02 WARNING RPC hiz limiti (429) - RPC_RPS dusurun veya plani yukseltin
03:18:04 INFO    [info] Yeni coin: 2wr6mXVepi - analiz 40s sonra
03:18:04 INFO    [info] Yeni coin: 8dGC247Z2z - analiz 40s sonra
03:18:11 INFO    [info] Yeni coin: Gey86VkE2m - analiz 40s sonra
03:18:12 INFO    [info] Yeni coin: 55phfszsJ7 - analiz 40s sonra
03:18:14 INFO    [info] Yeni coin: CpLQF5CWAo - analiz 40s sonra
03:18:15 INFO    [info] Yeni coin: 7psVXXsS4p - analiz 40s sonra
03:18:18 INFO    [info] Yeni coin: 7dTt83mqCG - analiz 40s sonra
03:18:19 INFO    [info] Yeni coin: Gv5Cu9YsXH - analiz 40s sonra
03:18:20 INFO    [info] Yeni coin: Hnj8G8Hvp6 - analiz 40s sonra
03:18:21 INFO    [info] Yeni coin: 9ZGt8CZscg - analiz 40s sonra
03:18:21 INFO    [info] Yeni coin: DPgWeNVJxx - analiz 40s sonra
03:18:21 INFO    [info] Yeni coin: EpqfVFALSj - analiz 40s sonra
03:18:28 INFO    [info] Yeni coin: cWFfP1Gopq - analiz 40s sonra
03:18:28 INFO    [info] Yeni coin: Gj9bcnhcsk - analiz 40s sonra
03:18:29 INFO    [info] Yeni coin: 6eNLHnbpuY - analiz 40s sonra
03:18:30 INFO    [info] Yeni coin: GSxFUW1Lh4 - analiz 40s sonra
03:18:31 INFO    [info] Yeni coin: 8fPHGdauxZ - analiz 40s sonra
03:18:31 INFO    [info] Yeni coin: EBRdLHqthj - analiz 40s sonra
03:18:31 INFO    [info] Yeni coin: BPgvAX2UDm - analiz 40s sonra
03:18:32 INFO    [info] Yeni coin: FB1maFHttG - analiz 40s sonra
03:18:39 INFO    [warn] Takip edilen cuzdan yok - once skorlayip takibe alin
03:18:42 WARNING RPC hiz limiti (429) - RPC_RPS dusurun veya plani yukseltin
03:18:45 INFO    [info] Yeni coin: Bbga7KD8B6 - analiz 40s sonra
03:18:46 INFO    [info] Yeni coin: GLJbX11kAG - analiz 40s sonra
03:18:52 INFO    [info] Yeni coin: BhzbHH4taE - analiz 40s sonra
03:18:58 INFO    [info] Yeni coin: AJTMP2DQU4 - analiz 40s sonra
03:18:58 INFO    [info] Yeni coin: AHaNtwWP34 - analiz 40s sonra
03:18:58 INFO    [info] Yeni coin: 2uynmvuTot - analiz 40s sonra
03:18:59 INFO    [info] Yeni coin: 5XKRFDJHPY - analiz 40s sonra
03:19:01 INFO    [info] Yeni coin: A5okrMRofk - analiz 40s sonra
03:19:01 INFO    [info] Yeni coin: 7SnSuiLWfT - analiz 40s sonra
03:19:01 INFO    [info] Yeni coin: B92WEwgXL7 - analiz 40s sonra
03:19:03 INFO    [info] Yeni coin: yFyTV4rFxA - analiz 40s sonra
03:19:03 INFO    [info] Yeni coin: 7ZQb1svsgF - analiz 40s sonra
03:19:09 INFO    [info] Yeni coin: 24x5TLzZAP - analiz 40s sonra
03:19:13 INFO    [info] Yeni coin: 365SNNGP9M - analiz 40s sonra
03:19:14 INFO    [info] Yeni coin: Ep63KFgTRj - analiz 40s sonra
03:19:14 WARNING RPC hiz limiti (429) - RPC_RPS dusurun veya plani yukseltin
03:19:16 INFO    [info] Yeni coin: 3thgGisXeQ - analiz 40s sonra
03:19:18 INFO    [info] Yeni coin: 6vwndCfYPs - analiz 40s sonra
03:19:25 INFO    [info] Yeni coin: 5XeAyznGfB - analiz 40s sonra
03:19:30 INFO    [info] Yeni coin: 7MWq9atyvf - analiz 40s sonra
03:19:33 INFO    [info] Yeni coin: 9FNt8wipvg - analiz 40s sonra
03:19:36 INFO    [info] Yeni coin: 4yQDawwNcF - analiz 40s sonra
03:19:47 INFO    [info] Yeni coin: esTEJt1gZS - analiz 40s sonra
03:19:47 WARNING RPC hiz limiti (429) - RPC_RPS dusurun veya plani yukseltin
03:19:52 INFO    [info] Yeni coin: HfEEpfTPFX - analiz 40s sonra
03:19:52 INFO    [info] Yeni coin: HDKaQu6CDk - analiz 40s sonra
03:19:53 INFO    [info] Yeni coin: FJatXc3gVW - analiz 40s sonra
03:19:56 INFO    [info] Yeni coin: HA7Lzq9SoJ - analiz 40s sonra
03:19:56 INFO    [info] Yeni coin: 4TMDyzhqRR - analiz 40s sonra
03:19:59 INFO    [info] Yeni coin: AVkSb77r3r - analiz 40s sonra
03:20:01 INFO    [info] Yeni coin: Hs15fmMpmX - analiz 40s sonra
03:20:13 WARNING RPC hiz limiti (429) - RPC_RPS dusurun veya plani yukseltin
03:20:14 INFO    [info] Yeni coin: BVDGUxbRRK - analiz 40s sonra
03:20:27 INFO    [info] Yeni coin: 3oPPCr6xku - analiz 40s sonra
03:20:39 INFO    [warn] Takip edilen cuzdan yok - once skorlayip takibe alin
03:20:39 INFO    [info] Yeni coin: CWUS3yvF7A - analiz 40s sonra
03:20:40 WARNING RPC hiz limiti (429) - RPC_RPS dusurun veya plani yukseltin
03:20:40 INFO    [info] Yeni coin: 792u7XG6Vi - analiz 40s sonra
03:20:42 INFO    [info] Yeni coin: DoHSKpfffv - analiz 40s sonra
03:20:42 INFO    [info] Yeni coin: Es1yCsfpem - analiz 40s sonra
03:20:53 INFO    [info] Yeni coin: 24x5uoDE3a - analiz 40s sonra
03:20:55 INFO    [info] Yeni coin: 6bRh49EPPy - analiz 40s sonra
03:20:57 WARNING RPC hiz limiti (429) - RPC_RPS dusurun veya plani yukseltin
03:20:58 INFO    [info] Yeni coin: 2vjUiVzN81 - analiz 40s sonra
03:21:01 INFO    [info] Yeni coin: 7NnL93ZJtz - analiz 40s sonra
03:21:01 INFO    [info] Yeni coin: Eup9XMe9vE - analiz 40s sonra
03:21:02 INFO    [info] Yeni coin: 24218xwGdb - analiz 40s sonra
03:21:03 INFO    [info] Yeni coin: Hk8BdD1xaq - analiz 40s sonra
03:21:03 INFO    [info] Yeni coin: BqNBfU8Kmj - analiz 40s sonra
03:21:03 INFO    [info] Yeni coin: BDzwBQAUsU - analiz 40s sonra
03:21:06 INFO    [info] Yeni coin: 8SXLuXCszx - analiz 40s sonra
03:21:15 INFO    [info] Yeni coin: HSE8EFEmVh - analiz 40s sonra
03:21:27 WARNING RPC hiz limiti (429) - RPC_RPS dusurun veya plani yukseltin
03:21:33 INFO    [info] Yeni coin: AkTkpPrzY1 - analiz 40s sonra
03:21:37 INFO    [info] Yeni coin: wfuX8gr8nG - analiz 40s sonra
03:21:41 INFO    [info] Yeni coin: GaAmijSAbu - analiz 40s sonra
03:21:41 INFO    [info] Yeni coin: ELgPfGZJTC - analiz 40s sonra
03:21:42 INFO    [info] Yeni coin: 5ubEv2dW56 - analiz 40s sonra
03:21:43 INFO    [info] Yeni coin: 7zdrg3Vha5 - analiz 40s sonra
03:21:47 INFO    [info] Yeni coin: CrMkXzqjwP - analiz 40s sonra
03:21:51 INFO    [info] Yeni coin: 3XdeQ4h8gY - analiz 40s sonra
03:21:56 WARNING RPC hiz limiti (429) - RPC_RPS dusurun veya plani yukseltin
03:21:57 INFO    [info] Yeni coin: 8fkihTNW6N - analiz 40s sonra
03:21:58 INFO    [info] Yeni coin: 5xLsvKbWbS - analiz 40s sonra
03:22:07 INFO    [info] Yeni coin: 2kyvh7Uju9 - analiz 40s sonra
03:22:09 INFO    [info] Yeni coin: 3CWfEANvoZ - analiz 40s sonra
03:22:11 INFO    [info] Yeni coin: GMhSBZgS8c - analiz 40s sonra
03:22:12 INFO    [info] Yeni coin: EoBEd2bKfW - analiz 40s sonra
03:22:12 INFO    [info] Yeni coin: HjVWCt8AaZ - analiz 40s sonra
03:22:18 INFO    [info] Yeni coin: 64KYHmb6PA - analiz 40s sonra
03:22:22 INFO    [info] Yeni coin: FZwwRGpm8k - analiz 40s sonra
03:22:23 INFO    [info] Yeni coin: HXf1RhJqg9 - analiz 40s sonra
03:22:24 WARNING RPC hiz limiti (429) - RPC_RPS dusurun veya plani yukseltin
03:22:33 INFO    [info] Yeni coin: 8N1N73uEiq - analiz 40s sonra
03:22:39 INFO    [warn] Takip edilen cuzdan yok - once skorlayip takibe alin
03:22:51 INFO    [info] Yeni coin: ByHzcpduxs - analiz 40s sonra
03:22:57 INFO    [info] Yeni coin: 6Koc6E79uQ - analiz 40s sonra
03:22:58 INFO    [info] Yeni coin: 6HMmtx6zXf - analiz 40s sonra
03:23:02 INFO    [info] Yeni coin: 2sXpF17F8E - analiz 40s sonra
03:23:03 INFO    [info] Yeni coin: At9sPHg7iA - analiz 40s sonra
03:23:04 INFO    [info] Yeni coin: A6EJgkBc6K - analiz 40s sonra
03:23:04 INFO    [info] Yeni coin: 67cLgeQt5V - analiz 40s sonra
03:23:07 INFO    [info] Yeni coin: FzJ46puBV8 - analiz 40s sonra
03:23:08 INFO    [info] Yeni coin: AW4zFgdXdj - analiz 40s sonra
03:23:08 WARNING RPC hiz limiti (429) - RPC_RPS dusurun veya plani yukseltin
03:23:23 INFO    [info] Yeni coin: 3bBjHNRXY5 - analiz 40s sonra
03:23:24 INFO    [info] Yeni coin: 8PVLUo5opk - analiz 40s sonra
03:23:25 INFO    [info] Yeni coin: B6XhrXP4uc - analiz 40s sonra
03:23:27 INFO    [info] Yeni coin: 37KvPU8tut - analiz 40s sonra
03:23:27 INFO    [info] Yeni coin: HiHMvxu6Hh - analiz 40s sonra
03:23:32 INFO    [info] Yeni coin: 5Jt7E4LGuJ - analiz 40s sonra
03:23:34 INFO    [info] Yeni coin: CkdoGKen9u - analiz 40s sonra
03:23:41 WARNING RPC hiz limiti (429) - RPC_RPS dusurun veya plani yukseltin
03:23:50 INFO    [info] Yeni coin: 9wRQ34Wq8g - analiz 40s sonra
03:23:53 INFO    [info] Yeni coin: EE4bxCRBiA - analiz 40s sonra
03:24:02 INFO    [info] Yeni coin: 8rkm2boJ4p - analiz 40s sonra
03:24:07 WARNING RPC hiz limiti (429) - RPC_RPS dusurun veya plani yukseltin
03:24:11 INFO    [info] Yeni coin: BpX9NXvrFs - analiz 40s sonra
03:24:14 INFO    [info] Yeni coin: ATFjKnfrDT - analiz 40s sonra
03:24:20 INFO    [info] Yeni coin: 2EWNpsigD9 - analiz 40s sonra
03:24:22 INFO    [info] Yeni coin: DobxUsYbyv - analiz 40s sonra
03:24:22 INFO    [info] Yeni coin: 3QKhNeMdsg - analiz 40s sonra
03:24:22 INFO    [info] Yeni coin: 8bQpE16Ypn - analiz 40s sonra
03:24:23 INFO    [info] Yeni coin: HRSZWGj8Y3 - analiz 40s sonra
03:24:23 INFO    [info] Yeni coin: DMtT7CK9SN - analiz 40s sonra
03:24:23 INFO    [info] Yeni coin: FKsTgAK3Kf - analiz 40s sonra
03:24:24 WARNING RPC hiz limiti (429) - RPC_RPS dusurun veya plani yukseltin
03:24:24 INFO    [info] Yeni coin: AQsHpXDfKX - analiz 40s sonra
03:24:25 INFO    [info] Yeni coin: HWWe2kpwoc - analiz 40s sonra
03:24:25 INFO    [info] Yeni coin: ApFqLqN6ni - analiz 40s sonra
03:24:28 INFO    [info] Yeni coin: 7huS82APN1 - analiz 40s sonra
03:24:36 INFO    [info] Yeni coin: F9PJdg3Fa3 - analiz 40s sonra
03:24:39 INFO    [warn] Takip edilen cuzdan yok - once skorlayip takibe alin
03:24:40 INFO    [info] Yeni coin: PVGZbW7zQR - analiz 40s sonra
03:24:43 INFO    [info] Yeni coin: 8GqDm6XBwL - analiz 40s sonra
03:24:45 INFO    [info] Yeni coin: EyGmiChoi2 - analiz 40s sonra
03:24:46 WARNING RPC hiz limiti (429) - RPC_RPS dusurun veya plani yukseltin
03:24:48 INFO    [info] Yeni coin: CaxLC5Xm9Q - analiz 40s sonra
03:24:50 INFO    [info] Yeni coin: FRh8SyKoYQ - analiz 40s sonra
03:24:57 INFO    [info] Yeni coin: Am7zA6rUBt - analiz 40s sonra
03:25:11 INFO    [info] Yeni coin: DsP9vtTVXa - analiz 40s sonra
03:25:14 INFO    [info] Yeni coin: ENiw8PtXXu - analiz 40s sonra
03:25:16 WARNING RPC hiz limiti (429) - RPC_RPS dusurun veya plani yukseltin
03:25:16 INFO    [info] Yeni coin: Go64JyFtSu - analiz 40s sonra
03:25:17 INFO    [info] Yeni coin: 5fwJRowUUN - analiz 40s sonra
03:25:18 INFO    [info] Yeni coin: 9kan8UE68B - analiz 40s sonra
03:25:19 INFO    [info] Yeni coin: Bk3857aYMt - analiz 40s sonra
03:25:19 INFO    [info] Yeni coin: JEJjUQiVYs - analiz 40s sonra
03:25:38 INFO    [info] Yeni coin: 7Hrm9z1vAt - analiz 40s sonra
03:25:40 INFO    [info] Yeni coin: 4NRMyt2czz - analiz 40s sonra
03:25:41 WARNING RPC hiz limiti (429) - RPC_RPS dusurun veya plani yukseltin
03:25:43 INFO    [info] Yeni coin: 9EYbKo7M1F - analiz 40s sonra
03:25:50 INFO    [info] Yeni coin: 51f4H2FSXA - analiz 40s sonra
03:25:52 INFO    [info] Yeni coin: 24x7bEQu8X - analiz 40s sonra
03:25:57 INFO    [info] Yeni coin: AyNcMmrxcf - analiz 40s sonra
03:25:59 INFO    [info] Yeni coin: EVfctDVVtP - analiz 40s sonra
03:26:02 INFO    [info] Yeni coin: 6bmhoQsM6w - analiz 40s sonra
03:26:02 INFO    [info] Yeni coin: CfDfFaRYDh - analiz 40s sonra
03:26:02 INFO    [info] Yeni coin: Gp4qwYMiKG - analiz 40s sonra
03:26:04 INFO    [info] Yeni coin: BTeWK2Brgp - analiz 40s sonra
03:26:05 INFO    [info] Yeni coin: B9FgJwNr2h - analiz 40s sonra
03:26:10 INFO    [info] Yeni coin: GdbZsV8AG9 - analiz 40s sonra
03:26:10 INFO    [info] Yeni coin: 7zaTRB9V2w - analiz 40s sonra
03:26:11 INFO    [info] Yeni coin: 5yuvBRsXeE - analiz 40s sonra
03:26:12 WARNING RPC hiz limiti (429) - RPC_RPS dusurun veya plani yukseltin
03:26:21 INFO    [info] Yeni coin: gDoCZ8Dbmt - analiz 40s sonra
03:26:24 INFO    [info] Yeni coin: 2Ue2uYqZxq - analiz 40s sonra
03:26:27 INFO    [info] Yeni coin: 5pwzq6ooZY - analiz 40s sonra
03:26:32 INFO    [info] Yeni coin: H4akBpqX7g - analiz 40s sonra
03:26:37 WARNING RPC hiz limiti (429) - RPC_RPS dusurun veya plani yukseltin
03:26:39 INFO    [info] Yeni coin: 4FwyPjW5uv - analiz 40s sonra
03:26:39 INFO    [warn] Takip edilen cuzdan yok - once skorlayip takibe alin
03:26:42 INFO    [info] Yeni coin: BW6EjX1gzg - analiz 40s sonra
03:26:45 INFO    [info] Yeni coin: FMXmESYAa4 - analiz 40s sonra
03:26:47 INFO    [info] Yeni coin: EnWALAqkB6 - analiz 40s sonra
03:26:48 INFO    [info] Yeni coin: ErACApKeux - analiz 40s sonra
03:26:52 INFO    [info] Yeni coin: 6kbnFKEdyH - analiz 40s sonra
03:26:56 INFO    [info] Yeni coin: 8J69jokMCf - analiz 40s sonra
03:27:01 INFO    [info] Yeni coin: ri4vabUG6Q - analiz 40s sonra
03:27:01 WARNING RPC hiz limiti (429) - RPC_RPS dusurun veya plani yukseltin
03:27:08 INFO    [info] Yeni coin: FRu7LD73ab - analiz 40s sonra
03:27:08 INFO    [info] Yeni coin: 9TfFZTWcRv - analiz 40s sonra
03:27:10 INFO    [info] Yeni coin: 2tdAwxg9eJ - analiz 40s sonra
03:27:12 INFO    [info] Yeni coin: TPLP2YierX - analiz 40s sonra
03:27:14 INFO    [info] Yeni coin: GGFGDBCwck - analiz 40s sonra
03:27:15 INFO    [info] Yeni coin: GiAXHqgpNX - analiz 40s sonra
03:27:23 INFO    [info] Yeni coin: AWNg5vr7w5 - analiz 40s sonra
03:27:25 WARNING RPC hiz limiti (429) - RPC_RPS dusurun veya plani yukseltin
03:27:25 INFO    [info] Yeni coin: Fwv6VEDvbZ - analiz 40s sonra
03:27:27 INFO    [info] Yeni coin: 3Wtch1jUTr - analiz 40s sonra
03:27:29 INFO    [info] Yeni coin: 3vVWPTjZaQ - analiz 40s sonra
03:27:36 INFO    [info] Yeni coin: 39x44HTvNQ - analiz 40s sonra
03:27:41 INFO    [info] Yeni coin: 6WxYUdJk2B - analiz 40s sonra
03:27:55 INFO    [info] Yeni coin: 5TFnGqKK6v - analiz 40s sonra
03:27:56 INFO    [info] Yeni coin: ERv2kj17gm - analiz 40s sonra
03:28:02 INFO    [info] Yeni coin: 53CPqDFdFs - analiz 40s sonra
03:28:02 WARNING RPC hiz limiti (429) - RPC_RPS dusurun veya plani yukseltin
03:28:07 INFO    [info] Yeni coin: AG5tvnPdRx - analiz 40s sonra
03:28:07 INFO    [info] Yeni coin: 7dXcMdK4Xy - analiz 40s sonra
03:28:08 INFO    [info] Yeni coin: F27gHP6mC5 - analiz 40s sonra
03:28:17 INFO    [info] Yeni coin: Gb3eMcxWGg - analiz 40s sonra
03:28:21 INFO    [info] Yeni coin: 4YY2t1JrA8 - analiz 40s sonra
03:28:27 WARNING RPC hiz limiti (429) - RPC_RPS dusurun veya plani yukseltin
03:28:27 INFO    [info] Yeni coin: 5w37GSFbZe - analiz 40s sonra
03:28:30 INFO    [info] Yeni coin: 4E31KQKQbd - analiz 40s sonra
03:28:33 INFO    [info] Yeni coin: AVQSVNrFCv - analiz 40s sonra
03:28:33 INFO    [info] Yeni coin: 4ASZzLegcC - analiz 40s sonra
03:28:34 INFO    [info] Yeni coin: 8p1vePx2vy - analiz 40s sonra
03:28:35 INFO    [info] Yeni coin: 9fkcBfddS8 - analiz 40s sonra
03:28:35 INFO    [info] Yeni coin: 5jiuSN5PhB - analiz 40s sonra
03:28:37 INFO    [info] Yeni coin: 7tg4CCTHTi - analiz 40s sonra
03:28:39 INFO    [warn] Takip edilen cuzdan yok - once skorlayip takibe alin
03:28:40 INFO    [info] Yeni coin: h3PLASaKpt - analiz 40s sonra
03:28:40 INFO    [info] Yeni coin: 7NNZTADHdd - analiz 40s sonra
03:28:40 INFO    [info] Yeni coin: 24x7x4MPcZ - analiz 40s sonra
03:28:43 INFO    [info] Yeni coin: 35Lw4Crw25 - analiz 40s sonra
03:28:43 INFO    [info] Yeni coin: 24kGfmTGp9 - analiz 40s sonra
03:28:44 INFO    [info] Yeni coin: 893SBUcAk6 - analiz 40s sonra
03:28:46 INFO    [info] Yeni coin: Brpe4xW7Nz - analiz 40s sonra
03:28:46 INFO    [info] Yeni coin: 4jahUSJ8gf - analiz 40s sonra
03:28:47 INFO    [info] Yeni coin: 7QHejo6miu - analiz 40s sonra
03:28:49 INFO    [info] Yeni coin: 5xNfobd3hv - analiz 40s sonra
03:28:50 WARNING RPC hiz limiti (429) - RPC_RPS dusurun veya plani yukseltin
03:28:50 INFO    [info] Yeni coin: 3Yp1Lsjks1 - analiz 40s sonra
03:29:00 INFO    [info] Yeni coin: 856U6DkXV9 - analiz 40s sonra
03:29:03 INFO    [info] Yeni coin: 4EBzESd6wV - analiz 40s sonra
03:29:12 INFO    [info] Yeni coin: E11oe3JxcL - analiz 40s sonra
03:29:13 INFO    [info] Yeni coin: F3FewsKZwr - analiz 40s sonra
03:29:15 INFO    [info] Yeni coin: Eh2a5j4DiL - analiz 40s sonra
03:29:16 WARNING RPC hiz limiti (429) - RPC_RPS dusurun veya plani yukseltin
03:29:16 INFO    [info] Yeni coin: 2VzLgtcawC - analiz 40s sonra
03:29:18 INFO    [info] Yeni coin: BBcSbZdRcF - analiz 40s sonra
03:29:19 INFO    [info] Yeni coin: TPi5ErjHcb - analiz 40s sonra
03:29:19 INFO    [info] Yeni coin: Br3qsvJzK6 - analiz 40s sonra
03:29:20 INFO    [info] Yeni coin: 36JDKskQrf - analiz 40s sonra
03:29:21 INFO    [info] Yeni coin: HEBp9B4EXz - analiz 40s sonra
03:29:21 INFO    [info] Yeni coin: 8xNgRch5jS - analiz 40s sonra
03:29:22 INFO    [info] Yeni coin: 8Kr2d7UW5J - analiz 40s sonra
03:29:23 INFO    [info] Yeni coin: Kj7LCuEn2Z - analiz 40s sonra
03:29:30 INFO    [info] Yeni coin: H32fN6MXip - analiz 40s sonra
03:29:32 WARNING RPC hiz limiti (429) - RPC_RPS dusurun veya plani yukseltin
03:29:35 INFO    [info] Yeni coin: B3rqwQSW1s - analiz 40s sonra
03:29:38 INFO    [info] Yeni coin: 7nB96BrKHo - analiz 40s sonra
03:29:50 INFO    [info] Yeni coin: CbrUvXhAUt - analiz 40s sonra
03:29:57 INFO    [info] Yeni coin: 69H42VitGQ - analiz 40s sonra
03:30:11 WARNING RPC hiz limiti (429) - RPC_RPS dusurun veya plani yukseltin
03:30:11 INFO    [info] Yeni coin: 9HtTZRKNkk - analiz 40s sonra
03:30:13 INFO    [info] Yeni coin: c9uN8UHyKy - analiz 40s sonra
03:30:22 INFO    [info] Yeni coin: RmhFqzM8qq - analiz 40s sonra
03:30:23 INFO    [info] Yeni coin: H1ZzntYpqG - analiz 40s sonra
03:30:28 INFO    [info] Yeni coin: 8Wi3kYKHWr - analiz 40s sonra
03:30:29 INFO    [info] Yeni coin: GcqxdjMdDV - analiz 40s sonra
03:30:29 INFO    [info] Yeni coin: B6kjJ2Fatu - analiz 40s sonra
03:30:29 INFO    [info] Yeni coin: 67HpA3Z7uG - analiz 40s sonra
03:30:30 INFO    [info] Yeni coin: HyGnQuyQNY - analiz 40s sonra
03:30:30 INFO    [info] Yeni coin: EsxXuyRvuK - analiz 40s sonra
03:30:31 INFO    [info] Yeni coin: 8tY5rBSVeH - analiz 40s sonra
03:30:35 INFO    [info] Yeni coin: 5XxhdobEQz - analiz 40s sonra
03:30:35 INFO    [info] Yeni coin: 2Ak8sqRxJu - analiz 40s sonra
03:30:35 INFO    [info] Yeni coin: DEKXd5oc8Z - analiz 40s sonra
03:30:37 INFO    [info] Yeni coin: FL4YxyJ3h9 - analiz 40s sonra
03:30:39 INFO    [warn] Takip edilen cuzdan yok - once skorlayip takibe alin
03:30:39 INFO    [info] Yeni coin: 3934rCBDRi - analiz 40s sonra
03:30:40 INFO    [info] Yeni coin: 1UqTDQzkXG - analiz 40s sonra
03:30:44 INFO    [info] Yeni coin: H6XmG2iCuT - analiz 40s sonra
03:30:44 INFO    [info] Yeni coin: DW5kSmfScB - analiz 40s sonra
03:30:45 INFO    [info] Yeni coin: 48tv2BFobv - analiz 40s sonra
03:30:46 INFO    [info] Yeni coin: Gq35r1zsGu - analiz 40s sonra
03:30:47 INFO    [info] Yeni coin: EGfU9T7DG6 - analiz 40s sonra
03:30:48 WARNING RPC hiz limiti (429) - RPC_RPS dusurun veya plani yukseltin
03:30:49 INFO    [info] Yeni coin: 8h71mR94D3 - analiz 40s sonra
03:30:52 INFO    [info] Yeni coin: FmFZbZECjg - analiz 40s sonra
03:30:58 INFO    [info] Yeni coin: HAkh4SZ4ru - analiz 40s sonra
03:30:59 INFO    [info] Yeni coin: Fea116kmo1 - analiz 40s sonra
03:31:00 INFO    [info] Yeni coin: 9Uf5FfNtpV - analiz 40s sonra
03:31:11 INFO    [info] Yeni coin: 7gCdv4vusY - analiz 40s sonra
03:31:11 INFO    [info] Yeni coin: CmoTZ5SBYr - analiz 40s sonra
03:31:12 INFO    [info] Yeni coin: BegpkbF3W4 - analiz 40s sonra
03:31:12 INFO    [info] Yeni coin: 4Wg8GpGRgA - analiz 40s sonra
03:31:12 INFO    [info] Yeni coin: EfAp7qFrmh - analiz 40s sonra
03:31:24 INFO    [info] Yeni coin: 5RUMUcTk7p - analiz 40s sonra
03:31:30 WARNING RPC hiz limiti (429) - RPC_RPS dusurun veya plani yukseltin
03:31:31 INFO    [info] Yeni coin: FhVXg4zY2W - analiz 40s sonra
03:31:35 INFO    [info] Yeni coin: 9TyL59goXG - analiz 40s sonra
03:31:38 INFO    [info] Yeni coin: 6yKomei6nG - analiz 40s sonra
03:31:38 INFO    [info] Yeni coin: GsHVQTC2jh - analiz 40s sonra
03:31:39 INFO    [info] Yeni coin: JAksA1XAnu - analiz 40s sonra
03:31:50 INFO    [info] Yeni coin: 7YjzkgWyqr - analiz 40s sonra
03:31:51 INFO    [info] Yeni coin: GfCmgZLm3g - analiz 40s sonra
03:31:52 WARNING RPC hiz limiti (429) - RPC_RPS dusurun veya plani yukseltin
03:31:52 INFO    [info] Yeni coin: CTdUueceZn - analiz 40s sonra
03:31:54 INFO    [info] Yeni coin: 8PVpwtuRS6 - analiz 40s sonra
03:32:00 INFO    [info] Yeni coin: DqbjFTxw13 - analiz 40s sonra
03:32:00 INFO    [info] Yeni coin: HshwxWrB8w - analiz 40s sonra
03:32:07 INFO    [info] Yeni coin: EVxW64NCcC - analiz 40s sonra
03:32:08 INFO    [info] Yeni coin: GRuiNzbiHK - analiz 40s sonra
03:32:09 INFO    [info] Yeni coin: uTRGYFG4oc - analiz 40s sonra
03:32:09 INFO    [info] Yeni coin: 4rt34zpSjr - analiz 40s sonra
03:32:10 INFO    [info] Yeni coin: DBGbdwisCo - analiz 40s sonra
03:32:18 INFO    [info] Yeni coin: GimJVYgZXA - analiz 40s sonra
03:32:20 WARNING RPC hiz limiti (429) - RPC_RPS dusurun veya plani yukseltin
03:32:38 INFO    [info] Yeni coin: Dq4ndfAf7c - analiz 40s sonra
03:32:39 INFO    [warn] Takip edilen cuzdan yok - once skorlayip takibe alin
03:32:41 INFO    [info] Yeni coin: fF5RS379Fv - analiz 40s sonra
03:32:45 INFO    [info] Yeni coin: DnbnH7BmeB - analiz 40s sonra
03:32:47 INFO    [info] Yeni coin: 6UN4GBH3s7 - analiz 40s sonra
03:32:50 INFO    [info] Yeni coin: 9A7pLDggdG - analiz 40s sonra
03:32:51 WARNING RPC hiz limiti (429) - RPC_RPS dusurun veya plani yukseltin
03:32:52 INFO    [info] Yeni coin: EdSD9tgnf4 - analiz 40s sonra
03:32:52 INFO    [info] Yeni coin: 9X1ZTSTGTA - analiz 40s sonra
03:32:53 INFO    [info] Yeni coin: 6rz14oJn4f - analiz 40s sonra
03:32:54 INFO    [info] Yeni coin: 7epg7r4VNn - analiz 40s sonra
03:32:55 INFO    [info] Yeni coin: 77nKmtZXh7 - analiz 40s sonra
03:32:56 INFO    [info] Yeni coin: 3g7Z5WXXft - analiz 40s sonra
03:32:56 INFO    [info] Yeni coin: HTKJWU6yQc - analiz 40s sonra
03:33:01 INFO    [info] Yeni coin: Cd2gSHhxkn - analiz 40s sonra
03:33:03 INFO    [info] Yeni coin: 74ShMEdq8c - analiz 40s sonra
03:33:03 INFO    [info] Yeni coin: 9F1dzupcJd - analiz 40s sonra
03:33:09 INFO    [info] Yeni coin: AtCgoyDTaA - analiz 40s sonra
03:33:10 INFO    [info] Yeni coin: 7o6wqzMsXy - analiz 40s sonra
03:33:15 INFO    [info] Yeni coin: 24x8EjcCnt - analiz 40s sonra
03:33:18 WARNING RPC hiz limiti (429) - RPC_RPS dusurun veya plani yukseltin
03:33:18 INFO    [info] Yeni coin: 6RcXrGG3V9 - analiz 40s sonra
03:33:30 INFO    [info] Yeni coin: 8CbPtTPEnV - analiz 40s sonra
03:33:35 INFO    [info] Yeni coin: DmjZGr5MEY - analiz 40s sonra
03:33:40 INFO    [info] Yeni coin: 24x8MEANsR - analiz 40s sonra
03:33:41 INFO    [info] Yeni coin: 24x8HRzqPv - analiz 40s sonra
03:33:42 INFO    [info] Yeni coin: FyKbWvPvWi - analiz 40s sonra
03:33:50 WARNING RPC hiz limiti (429) - RPC_RPS dusurun veya plani yukseltin
03:33:52 INFO    [info] Yeni coin: AGpUxE99RE - analiz 40s sonra
03:33:52 INFO    [info] Yeni coin: EvmVsYzicT - analiz 40s sonra
03:33:55 INFO    [info] Yeni coin: DG5zo4AP4n - analiz 40s sonra
03:34:03 INFO    [info] Yeni coin: AhAEGKEZ5d - analiz 40s sonra
03:34:07 INFO    [info] Yeni coin: CPt5w9jaVt - analiz 40s sonra
03:34:13 INFO    [info] Yeni coin: 3DyudRvYzS - analiz 40s sonra
03:34:14 INFO    [info] Yeni coin: CzSDyFGHgZ - analiz 40s sonra
03:34:16 INFO    [info] Yeni coin: 2UDxRPVkL3 - analiz 40s sonra
03:34:31 WARNING RPC hiz limiti (429) - RPC_RPS dusurun veya plani yukseltin
03:34:39 INFO    [warn] Takip edilen cuzdan yok - once skorlayip takibe alin
03:34:51 INFO    [info] Yeni coin: 81rforLL3t - analiz 40s sonra
03:34:52 INFO    [info] Yeni coin: FJuKP8djMy - analiz 40s sonra
03:34:52 INFO    [info] Yeni coin: vLEMFXzvLw - analiz 40s sonra
03:34:53 INFO    [info] Yeni coin: A6yuDvkj1n - analiz 40s sonra
03:34:53 INFO    [info] Yeni coin: Hfnv14JNK9 - analiz 40s sonra
03:34:55 INFO    [info] Yeni coin: DRrWqFFjUp - analiz 40s sonra
03:34:55 INFO    [info] Yeni coin: Ae6iVUoV1z - analiz 40s sonra
03:35:00 WARNING RPC hiz limiti (429) - RPC_RPS dusurun veya plani yukseltin
03:35:10 INFO    [info] Yeni coin: HdruoiYZop - analiz 40s sonra
03:35:16 WARNING RPC hiz limiti (429) - RPC_RPS dusurun veya plani yukseltin
03:35:26 INFO    [info] Yeni coin: 4TFwXR3RYV - analiz 40s sonra
03:35:31 INFO    [info] Yeni coin: 9v6u4yK3KL - analiz 40s sonra
03:35:34 INFO    [info] Yeni coin: 24x8rcMtsF - analiz 40s sonra
03:35:38 INFO    [info] Yeni coin: yUtB6JUCMQ - analiz 40s sonra
03:35:39 WARNING RPC hiz limiti (429) - RPC_RPS dusurun veya plani yukseltin
03:35:39 INFO    [info] Yeni coin: F1kRFEqnaH - analiz 40s sonra
03:35:41 INFO    [info] Yeni coin: 3HLwYeGaHD - analiz 40s sonra
03:35:48 INFO    [info] Yeni coin: AjFLyKhRAc - analiz 40s sonra
03:35:58 INFO    [info] Yeni coin: 8myqD1qnih - analiz 40s sonra
03:36:01 INFO    [info] Yeni coin: FnQLdYAud8 - analiz 40s sonra
03:36:03 INFO    [info] Yeni coin: 5XF1soDvqp - analiz 40s sonra
03:36:04 INFO    [info] Yeni coin: EW1AaqWvZs - analiz 40s sonra
03:36:04 INFO    [info] Yeni coin: F2j1RupKYv - analiz 40s sonra
03:36:06 INFO    [info] Yeni coin: 9D2aBbNRw2 - analiz 40s sonra
03:36:08 WARNING RPC hiz limiti (429) - RPC_RPS dusurun veya plani yukseltin
03:36:08 INFO    [info] Yeni coin: 8TbgksYoRU - analiz 40s sonra
03:36:11 INFO    [info] Yeni coin: 91icJoj8Eh - analiz 40s sonra
03:36:12 INFO    [info] Yeni coin: 9miRXXEa3w - analiz 40s sonra
03:36:15 INFO    [info] Yeni coin: EPfxg7xANv - analiz 40s sonra
03:36:16 INFO    [info] Yeni coin: 3FzbrFcvh8 - analiz 40s sonra
03:36:17 INFO    [info] Yeni coin: 9jQFjYbQAm - analiz 40s sonra
03:36:26 INFO    [info] Yeni coin: AdbzgW5wYB - analiz 40s sonra
03:36:27 INFO    [info] Yeni coin: A8n7cVJyFe - analiz 40s sonra
03:36:27 INFO    [info] Yeni coin: 6tY6fQn1DW - analiz 40s sonra
03:36:27 INFO    [info] Yeni coin: 24x9hzctZn - analiz 40s sonra
03:36:28 INFO    [info] Yeni coin: 8Zb4fzU7ZY - analiz 40s sonra
03:36:33 INFO    [info] Yeni coin: E2jmmQ13qY - analiz 40s sonra
03:36:33 INFO    [info] Yeni coin: BRRpRqMA9q - analiz 40s sonra
03:36:34 WARNING RPC hiz limiti (429) - RPC_RPS dusurun veya plani yukseltin
03:36:34 INFO    [info] Yeni coin: 3nCBXgmh8p - analiz 40s sonra
03:36:39 INFO    [warn] Takip edilen cuzdan yok - once skorlayip takibe alin
03:36:42 INFO    [info] Yeni coin: 9GPKeRf8eK - analiz 40s sonra
03:36:43 INFO    [info] Yeni coin: DAGJ5Cpqpy - analiz 40s sonra
03:36:43 INFO    [info] Yeni coin: DhYaNckdku - analiz 40s sonra
03:36:44 INFO    [info] Yeni coin: 98ZVvpTF1C - analiz 40s sonra
03:36:44 INFO    [info] Yeni coin: PhKaSSzgxp - analiz 40s sonra
03:36:45 INFO    [info] Yeni coin: CEL5eg6qMj - analiz 40s sonra
03:36:54 INFO    [info] Yeni coin: FgrTP3cyWP - analiz 40s sonra
03:36:55 INFO    [info] Yeni coin: TJdQgXTGN4 - analiz 40s sonra
03:37:00 INFO    [info] Yeni coin: 5285bkSixN - analiz 40s sonra
03:37:01 INFO    [info] Yeni coin: EZyp2htGDd - analiz 40s sonra
03:37:01 INFO    [info] Yeni coin: 9sXgB4absL - analiz 40s sonra
03:37:02 INFO    [info] Yeni coin: 43Nn4Ap3Rv - analiz 40s sonra
03:37:02 INFO    [info] Yeni coin: EsAVuRiaYA - analiz 40s sonra
03:37:02 INFO    [info] Yeni coin: 9dg3iSkGZf - analiz 40s sonra
03:37:03 INFO    [info] Yeni coin: Pgr8cjgKZn - analiz 40s sonra
03:37:03 INFO    [info] Yeni coin: GZKnNeDGAp - analiz 40s sonra
03:37:03 INFO    [info] Yeni coin: GYMmh9DtBQ - analiz 40s sonra
03:37:03 INFO    [info] Yeni coin: 4TDLmZKHwa - analiz 40s sonra
03:37:05 INFO    [info] Yeni coin: 4AK4YZNtPp - analiz 40s sonra
03:37:07 INFO    [info] Yeni coin: omiWzkGVRz - analiz 40s sonra
03:37:08 WARNING RPC hiz limiti (429) - RPC_RPS dusurun veya plani yukseltin
03:37:08 INFO    [info] Yeni coin: GFZn8ozyVr - analiz 40s sonra
03:37:11 INFO    [info] Yeni coin: GLZ6xKaKZu - analiz 40s sonra
03:37:17 INFO    [info] Yeni coin: CFAVCr3eqv - analiz 40s sonra
03:37:18 INFO    [info] Yeni coin: HyqvNEd7oD - analiz 40s sonra
03:37:20 INFO    [info] Yeni coin: 8DsghZqkWp - analiz 40s sonra
03:37:21 INFO    [info] Yeni coin: FoKg1Up6gg - analiz 40s sonra
03:37:22 INFO    [info] Yeni coin: rzYtvD1wHf - analiz 40s sonra
03:37:24 INFO    [info] Yeni coin: 7mjrAAcknG - analiz 40s sonra
03:37:25 INFO    [info] Yeni coin: C1vZKwXaq1 - analiz 40s sonra
03:37:27 INFO    [info] Yeni coin: 75MvDNsz5S - analiz 40s sonra
03:37:29 INFO    [info] Yeni coin: 4ULxAKQBrC - analiz 40s sonra
03:37:30 INFO    [info] Yeni coin: 532sXKnJT8 - analiz 40s sonra
03:37:31 INFO    [info] Yeni coin: D3R9Zz4JQa - analiz 40s sonra
03:37:32 INFO    [info] Yeni coin: FKxwkvNaMx - analiz 40s sonra
03:37:32 INFO    [info] Yeni coin: E5cT4bYve4 - analiz 40s sonra
03:37:33 INFO    [info] Yeni coin: 2wSDjjjwJf - analiz 40s sonra
03:37:33 INFO    [info] Yeni coin: 5CuB6etoxq - analiz 40s sonra
03:37:42 INFO    [info] Yeni coin: 84PLdWXHs3 - analiz 40s sonra
03:37:43 WARNING RPC hiz limiti (429) - RPC_RPS dusurun veya plani yukseltin
03:37:49 INFO    [info] Yeni coin: 7uMGdGxfbn - analiz 40s sonra
03:37:50 INFO    [info] Yeni coin: E4hkUSMJ8Z - analiz 40s sonra
03:37:53 INFO    [info] Yeni coin: FAWZDBNXQU - analiz 40s sonra
03:37:53 INFO    [info] Yeni coin: 2PLxhBH5oB - analiz 40s sonra
03:38:00 INFO    [info] Yeni coin: 7pup3yXdJs - analiz 40s sonra
03:38:03 INFO    [info] Yeni coin: 6qfj2doM4b - analiz 40s sonra
03:38:05 INFO    [info] Yeni coin: 89HzfC4xQA - analiz 40s sonra
03:38:13 INFO    [info] Yeni coin: 4cyymeJhKZ - analiz 40s sonra
03:38:22 INFO    [info] Yeni coin: 5MoKZEEd2q - analiz 40s sonra
03:38:22 INFO    [info] Yeni coin: 5DDYbGTc9R - analiz 40s sonra
03:38:22 INFO    [info] Yeni coin: hBGbGrkhmY - analiz 40s sonra
03:38:22 INFO    [info] Yeni coin: BYjgCTaGif - analiz 40s sonra
03:38:24 WARNING RPC hiz limiti (429) - RPC_RPS dusurun veya plani yukseltin
03:38:24 INFO    [info] Yeni coin: 3JBqswRRVy - analiz 40s sonra
03:38:29 INFO    [info] Yeni coin: E62XcYjz6E - analiz 40s sonra
03:38:35 INFO    [info] Yeni coin: 71Suro814C - analiz 40s sonra
03:38:35 INFO    [info] Yeni coin: By9CvvCfnt - analiz 40s sonra
03:38:35 INFO    [info] Yeni coin: 8Xfotxu6k6 - analiz 40s sonra
03:38:35 INFO    [info] Yeni coin: HVwdZApMGx - analiz 40s sonra
03:38:36 INFO    [info] Yeni coin: A9fVnWvmUg - analiz 40s sonra
03:38:36 INFO    [info] Yeni coin: 2B2mzH9wBv - analiz 40s sonra
03:38:39 INFO    [warn] Takip edilen cuzdan yok - once skorlayip takibe alin
03:38:41 INFO    [info] Yeni coin: 8Gf56aWss3 - analiz 40s sonra
03:38:50 INFO    [info] Yeni coin: HxgVBsuAbq - analiz 40s sonra
03:38:50 INFO    [info] Yeni coin: 5uEVqHCpnc - analiz 40s sonra
03:38:54 INFO    [info] Yeni coin: 6XEpmUn8gV - analiz 40s sonra
03:38:57 INFO    [info] Yeni coin: pc6Me8ZJr7 - analiz 40s sonra
03:38:57 INFO    [info] Yeni coin: GwxuoPMENy - analiz 40s sonra
03:38:58 INFO    [info] Yeni coin: DsiJMf9MhD - analiz 40s sonra
03:39:00 INFO    [info] Yeni coin: 4uTb9yh6Xa - analiz 40s sonra
03:39:02 WARNING RPC hiz limiti (429) - RPC_RPS dusurun veya plani yukseltin
03:39:04 INFO    [info] Yeni coin: D6ek2pN1NE - analiz 40s sonra
03:39:08 INFO    [info] Yeni coin: 4sX6a4UhbJ - analiz 40s sonra
03:39:13 INFO    [info] Yeni coin: GeKWbNLGeG - analiz 40s sonra
03:39:16 INFO    [info] Yeni coin: 8ZsJuR3m3G - analiz 40s sonra
03:39:20 INFO    [info] Yeni coin: CCQghtTUNz - analiz 40s sonra
03:39:23 INFO    [info] Yeni coin: DYT1nCnwCi - analiz 40s sonra
03:39:26 INFO    [info] Yeni coin: DyfW5xWKap - analiz 40s sonra
03:39:28 WARNING RPC hiz limiti (429) - RPC_RPS dusurun veya plani yukseltin
03:39:29 INFO    [info] Yeni coin: D7cRAfFPcL - analiz 40s sonra
03:39:30 INFO    [info] Yeni coin: 3qMUSoRn7D - analiz 40s sonra
03:39:31 INFO    [info] Yeni coin: 4HaaPxeWXu - analiz 40s sonra
03:39:32 INFO    [info] Yeni coin: 7DtBh27872 - analiz 40s sonra
03:39:33 INFO    [info] Yeni coin: EMpoqXU56f - analiz 40s sonra
03:39:35 INFO    [info] Yeni coin: 83VnxkH8Mb - analiz 40s sonra
03:39:36 INFO    [info] Yeni coin: 91XKJPXvSX - analiz 40s sonra
03:39:40 INFO    [info] Yeni coin: 9D1oeMk5ak - analiz 40s sonra
03:39:43 INFO    [info] Yeni coin: EFjQrvoqHP - analiz 40s sonra
03:39:45 INFO    [info] Yeni coin: 7yQNHJNRNa - analiz 40s sonra
03:39:46 WARNING RPC hiz limiti (429) - RPC_RPS dusurun veya plani yukseltin
03:39:51 INFO    [info] Yeni coin: HBHqtMXdhU - analiz 40s sonra
03:39:51 INFO    [info] Yeni coin: D1UmkXnJ2z - analiz 40s sonra
03:39:51 INFO    [info] Yeni coin: HDZGR1SBT5 - analiz 40s sonra
03:39:51 INFO    [info] Yeni coin: HJsoM72Shc - analiz 40s sonra
03:39:55 INFO    [info] Yeni coin: DqdQpyL6wp - analiz 40s sonra
03:40:04 INFO    [info] Yeni coin: 9bwgs5Dr5L - analiz 40s sonra
03:40:09 WARNING RPC hiz limiti (429) - RPC_RPS dusurun veya plani yukseltin
03:40:10 INFO    [info] Yeni coin: 5MwJAWPFuq - analiz 40s sonra
03:40:10 INFO    [info] Yeni coin: AjRW3QsPsx - analiz 40s sonra
03:40:11 INFO    [info] Yeni coin: 5pCtaNrapr - analiz 40s sonra
03:40:12 INFO    [info] Yeni coin: 2n1YUHJURD - analiz 40s sonra
03:40:12 INFO    [info] Yeni coin: 67t7Cx9Q4k - analiz 40s sonra
03:40:14 INFO    [info] Yeni coin: Qt1nA4bdeZ - analiz 40s sonra
03:40:15 INFO    [info] Yeni coin: JBgsU5MUnZ - analiz 40s sonra
03:40:15 INFO    [info] Yeni coin: BFAdV6bKT5 - analiz 40s sonra
03:40:19 INFO    [info] Yeni coin: EUUF18K7Wr - analiz 40s sonra
03:40:28 INFO    [info] Yeni coin: 7kxcgSXYw2 - analiz 40s sonra
03:40:29 INFO    [info] Yeni coin: 7Tkujobf96 - analiz 40s sonra
03:40:32 WARNING RPC hiz limiti (429) - RPC_RPS dusurun veya plani yukseltin
03:40:32 INFO    [info] Yeni coin: 2eNKUQuDdi - analiz 40s sonra
03:40:34 INFO    [info] Yeni coin: 5woYgr2y8z - analiz 40s sonra
03:40:34 INFO    [info] Yeni coin: ECvG88KFoa - analiz 40s sonra
03:40:39 INFO    [info] Yeni coin: kmnrT2QmDZ - analiz 40s sonra
03:40:39 INFO    [warn] Takip edilen cuzdan yok - once skorlayip takibe alin
03:40:40 INFO    [info] Yeni coin: 67agVMMqYE - analiz 40s sonra
03:40:46 INFO    [info] Yeni coin: 4PYRiRetW5 - analiz 40s sonra
03:40:48 INFO    [info] Yeni coin: CZWYTCqAeN - analiz 40s sonra
03:40:50 INFO    [info] Yeni coin: GPqS38VEWW - analiz 40s sonra
03:40:54 WARNING RPC hiz limiti (429) - RPC_RPS dusurun veya plani yukseltin
03:40:55 INFO    [info] Yeni coin: 3d8hFHcXEx - analiz 40s sonra
03:40:55 INFO    [info] Yeni coin: 7oFvGGNLE5 - analiz 40s sonra
03:40:56 INFO    [info] Yeni coin: 3K5Wk7PZex - analiz 40s sonra
03:40:57 INFO    [info] Yeni coin: QY5tHAnGgD - analiz 40s sonra
03:40:57 INFO    [info] Yeni coin: GFmtkZQR1M - analiz 40s sonra
03:40:59 INFO    [info] Yeni coin: BZpfZf2RgU - analiz 40s sonra
03:41:00 INFO    [info] Yeni coin: 2qaMqcLUWg - analiz 40s sonra
03:41:00 INFO    [info] Yeni coin: 3MR7296hJg - analiz 40s sonra
03:41:00 INFO    [info] Yeni coin: 8gQfiNronj - analiz 40s sonra
03:41:01 INFO    [info] Yeni coin: ASy1owynkt - analiz 40s sonra
03:41:01 INFO    [info] Yeni coin: 3HX8Sgm3XM - analiz 40s sonra
03:41:01 INFO    [info] Yeni coin: 5tQBeJKTse - analiz 40s sonra
03:41:03 INFO    [info] Yeni coin: CKs3gr1584 - analiz 40s sonra
03:41:05 INFO    [info] Yeni coin: G5PJwxqbnw - analiz 40s sonra
03:41:05 INFO    [info] Yeni coin: 6p2NQ5DRgb - analiz 40s sonra
03:41:06 INFO    [info] Yeni coin: AdgRhNwbTj - analiz 40s sonra
03:41:10 INFO    [info] Yeni coin: D7qytDuSKU - analiz 40s sonra
03:41:11 INFO    [info] Yeni coin: AEBsuWSus6 - analiz 40s sonra
03:41:13 INFO    [info] Yeni coin: Cnswyf2Ugx - analiz 40s sonra
03:41:13 INFO    [info] Yeni coin: 3AiM5WLMK8 - analiz 40s sonra
03:41:17 INFO    [info] Yeni coin: DBufWDJcPo - analiz 40s sonra
03:41:17 INFO    [info] Yeni coin: BJRLT5zwzK - analiz 40s sonra
03:41:18 WARNING RPC hiz limiti (429) - RPC_RPS dusurun veya plani yukseltin
03:41:18 INFO    [info] Yeni coin: Mx9mXNwwQn - analiz 40s sonra
03:41:19 INFO    [info] Yeni coin: 4wRjz8vPVm - analiz 40s sonra
03:41:20 INFO    [info] Yeni coin: BSTZiUgXnM - analiz 40s sonra
03:41:21 INFO    [info] Yeni coin: BkyBG95ewk - analiz 40s sonra
03:41:22 INFO    [info] Yeni coin: FgHh3xvLgh - analiz 40s sonra
03:41:22 INFO    [info] Yeni coin: H7AwJb4z1Z - analiz 40s sonra
03:41:23 INFO    [info] Yeni coin: 3ZPu4NrwgA - analiz 40s sonra
03:41:23 INFO    [info] Yeni coin: BchzukrLX1 - analiz 40s sonra
03:41:24 INFO    [info] Yeni coin: Bu1AmGSFht - analiz 40s sonra
03:41:24 INFO    [info] Yeni coin: 23zXUL85BF - analiz 40s sonra
03:41:24 INFO    [info] Yeni coin: 7GHra5GKe6 - analiz 40s sonra
03:41:26 INFO    [info] Yeni coin: 3Rjx5GiXaR - analiz 40s sonra
03:41:28 INFO    [info] Yeni coin: BeZpp4qMs7 - analiz 40s sonra
03:41:30 INFO    [info] Yeni coin: 7CbUP7NJu5 - analiz 40s sonra
03:41:31 INFO    [info] Yeni coin: 4eRm77hwk4 - analiz 40s sonra
03:41:32 INFO    [info] Yeni coin: EyokEs3vy7 - analiz 40s sonra
03:41:32 INFO    [info] Yeni coin: PVJi8YwVL5 - analiz 40s sonra
03:41:38 INFO    [info] Yeni coin: 4d8mMV1NaG - analiz 40s sonra
03:41:39 INFO    [info] Yeni coin: GHREkYJt1Z - analiz 40s sonra
03:41:40 INFO    [info] Yeni coin: 3BCzLdjNCp - analiz 40s sonra
03:41:43 INFO    [info] Yeni coin: 3UovHWeuAN - analiz 40s sonra
03:41:43 INFO    [info] Yeni coin: GgmHsVuSLC - analiz 40s sonra
03:41:44 WARNING RPC hiz limiti (429) - RPC_RPS dusurun veya plani yukseltin
03:41:44 INFO    [info] Yeni coin: Gcmn38RX6h - analiz 40s sonra
03:41:45 INFO    [info] Yeni coin: A1rPFEV8pE - analiz 40s sonra
03:41:47 INFO    [info] Yeni coin: 5kJWc2jp2n - analiz 40s sonra
03:41:49 INFO    [info] Yeni coin: 4xK57wTFxZ - analiz 40s sonra
03:41:49 INFO    [info] Yeni coin: 8PJhsX4nMa - analiz 40s sonra
03:41:49 INFO    [info] Yeni coin: 8yxxjcB6vH - analiz 40s sonra
03:41:51 INFO    [info] Yeni coin: 9uqSEENRii - analiz 40s sonra
03:41:58 INFO    [info] Yeni coin: 3Yygknq1zD - analiz 40s sonra
03:42:00 INFO    [info] Yeni coin: 5ePxaYYZY6 - analiz 40s sonra
03:42:03 INFO    [info] Yeni coin: Y9Uf6ygBRS - analiz 40s sonra
03:42:04 INFO    [info] Yeni coin: 5hnLQEB5L7 - analiz 40s sonra
03:42:07 INFO    [info] Yeni coin: 3TvUZTHCew - analiz 40s sonra
03:42:08 INFO    [info] Yeni coin: 2Pmq99FuRV - analiz 40s sonra
03:42:08 INFO    [info] Yeni coin: 9pechvLyDy - analiz 40s sonra
03:42:09 WARNING RPC hiz limiti (429) - RPC_RPS dusurun veya plani yukseltin
03:42:09 INFO    [info] Yeni coin: GUyiyHo92n - analiz 40s sonra
03:42:10 INFO    [info] Yeni coin: C9WKfXxGPF - analiz 40s sonra
03:42:10 INFO    [info] Yeni coin: EoWm3mscsv - analiz 40s sonra
03:42:23 INFO    [info] Yeni coin: 9ixeDddrWK - analiz 40s sonra
03:42:24 INFO    [info] Yeni coin: 85pU54QdDL - analiz 40s sonra
03:42:28 INFO    [info] Yeni coin: 8mdaYrxJqw - analiz 40s sonra
03:42:29 INFO    [info] Yeni coin: 7hnVVc7kwh - analiz 40s sonra
03:42:37 INFO    [info] Yeni coin: 6EryPxYdAP - analiz 40s sonra
03:42:38 WARNING RPC hiz limiti (429) - RPC_RPS dusurun veya plani yukseltin
03:42:39 INFO    [warn] Takip edilen cuzdan yok - once skorlayip takibe alin
03:42:51 INFO    [info] Yeni coin: 9bSgZE1kBs - analiz 40s sonra
03:42:52 INFO    [info] Yeni coin: ErAhJ5tZk1 - analiz 40s sonra
03:42:53 INFO    [info] Yeni coin: E6eVCBeZuy - analiz 40s sonra
03:42:54 INFO    [info] Yeni coin: 7pioLw7pRf - analiz 40s sonra
03:42:54 INFO    [info] Yeni coin: 7MacwDgvQZ - analiz 40s sonra
03:42:55 INFO    [info] Yeni coin: 44WksFLkCU - analiz 40s sonra
03:42:57 INFO    [info] Yeni coin: B9eWpfeKU4 - analiz 40s sonra
03:42:57 INFO    [info] Yeni coin: AHTGvaWAmR - analiz 40s sonra
03:43:05 WARNING RPC hiz limiti (429) - RPC_RPS dusurun veya plani yukseltin
03:43:05 INFO    [info] Yeni coin: 5bDMDHhCmy - analiz 40s sonra
03:43:06 INFO    [info] Yeni coin: GH4RWMTBfj - analiz 40s sonra
03:43:09 INFO    [info] Yeni coin: CkDR52T8ah - analiz 40s sonra
03:43:11 INFO    [info] Yeni coin: 3xr3akw5Tp - analiz 40s sonra
03:43:12 INFO    [info] Yeni coin: EVij8iUiXh - analiz 40s sonra
03:43:13 INFO    [info] Yeni coin: AuNviwR9xh - analiz 40s sonra
03:43:13 INFO    [info] Yeni coin: Fo4kNcxwce - analiz 40s sonra
03:43:18 INFO    [info] Yeni coin: X1ZEjprKQi - analiz 40s sonra
03:43:19 INFO    [info] Yeni coin: FtTEqYptyE - analiz 40s sonra
03:43:20 INFO    [info] Yeni coin: 5TPqUgDFmP - analiz 40s sonra
03:43:21 INFO    [info] Yeni coin: 4ByZEDNoSF - analiz 40s sonra
03:43:24 INFO    [info] Yeni coin: G1YecLSY1o - analiz 40s sonra
03:43:24 INFO    [info] Yeni coin: CYxcqg1ri7 - analiz 40s sonra
03:43:24 INFO    [info] Yeni coin: 8LCFaVf4HT - analiz 40s sonra
03:43:30 WARNING RPC hiz limiti (429) - RPC_RPS dusurun veya plani yukseltin
03:43:31 INFO    [info] Yeni coin: 7TAXzTetyc - analiz 40s sonra
03:43:31 INFO    [info] Yeni coin: 28zLkTeKF3 - analiz 40s sonra
03:43:32 INFO    [info] Yeni coin: EaXEdh8HWf - analiz 40s sonra
03:43:35 INFO    [info] Yeni coin: E8miTZHZ3t - analiz 40s sonra
03:43:38 INFO    [info] Yeni coin: 3sKyXguAey - analiz 40s sonra
03:43:38 INFO    [info] Yeni coin: 6ZLsifMr7f - analiz 40s sonra
03:43:39 INFO    [info] Yeni coin: CFkZX6Yai5 - analiz 40s sonra
03:43:39 INFO    [info] Yeni coin: 7PWrTs4Gbr - analiz 40s sonra
03:43:45 INFO    [info] Yeni coin: CKKsZyguD1 - analiz 40s sonra
03:43:46 INFO    [info] Yeni coin: EPF1DusnA3 - analiz 40s sonra
03:43:48 INFO    [info] Yeni coin: 3Sk1qRSDsR - analiz 40s sonra
03:43:48 INFO    [info] Yeni coin: Dtoy3cyRBA - analiz 40s sonra
03:43:53 WARNING RPC hiz limiti (429) - RPC_RPS dusurun veya plani yukseltin
03:43:54 INFO    [info] Yeni coin: 2Ps3edRpVp - analiz 40s sonra
03:43:56 INFO    [info] Yeni coin: 9mYJuwrbvP - analiz 40s sonra
03:44:02 INFO    [info] Yeni coin: FXSUTb2uvJ - analiz 40s sonra
03:44:03 INFO    [info] Yeni coin: JBHRzRatnj - analiz 40s sonra
03:44:08 INFO    [info] Yeni coin: DPj8uPA2JN - analiz 40s sonra
03:44:09 INFO    [info] Yeni coin: 9TFszWdGV7 - analiz 40s sonra
03:44:16 INFO    [info] Yeni coin: 83PxsmaVGY - analiz 40s sonra
03:44:24 WARNING RPC hiz limiti (429) - RPC_RPS dusurun veya plani yukseltin
03:44:25 INFO    [info] Yeni coin: 4S6mPJm5ME - analiz 40s sonra
03:44:28 INFO    [info] Yeni coin: Cb6pBDd8k7 - analiz 40s sonra
03:44:29 INFO    [info] Yeni coin: yJ6M4jYJM3 - analiz 40s sonra
03:44:29 INFO    [info] Yeni coin: 8M2Sk9G2jE - analiz 40s sonra
03:44:29 INFO    [info] Yeni coin: AVipQJA3dH - analiz 40s sonra
03:44:30 INFO    [info] Yeni coin: C18vYNQaka - analiz 40s sonra
03:44:31 INFO    [info] Yeni coin: 4zS7YNCKTG - analiz 40s sonra
03:44:32 INFO    [info] Yeni coin: HRGhDo3kgK - analiz 40s sonra
03:44:33 INFO    [info] Yeni coin: 75g8Bgxkq1 - analiz 40s sonra
03:44:33 INFO    [info] Yeni coin: 7MqxXM6Xin - analiz 40s sonra
03:44:33 INFO    [info] Yeni coin: 7qrhzXoNBF - analiz 40s sonra
03:44:34 INFO    [info] Yeni coin: DwAMpCL7V1 - analiz 40s sonra
03:44:35 INFO    [info] Yeni coin: DgNnfrysxt - analiz 40s sonra
03:44:35 INFO    [info] Yeni coin: hFGdwtLbd9 - analiz 40s sonra
03:44:35 INFO    [info] Yeni coin: EogCTfj99Z - analiz 40s sonra
03:44:36 INFO    [info] Yeni coin: G4WfbBHgVX - analiz 40s sonra
03:44:38 INFO    [info] Yeni coin: 89uVZgibUf - analiz 40s sonra
03:44:39 INFO    [warn] Takip edilen cuzdan yok - once skorlayip takibe alin
03:44:40 WARNING RPC hiz limiti (429) - RPC_RPS dusurun veya plani yukseltin
03:44:46 INFO    [info] Yeni coin: AiZHv78Ywt - analiz 40s sonra
03:44:49 INFO    [info] Yeni coin: GKN9vdpRA1 - analiz 40s sonra
03:44:50 INFO    [info] Yeni coin: 9dEBQnugxA - analiz 40s sonra
03:44:57 WARNING RPC hiz limiti (429) - RPC_RPS dusurun veya plani yukseltin
03:44:57 INFO    [info] Yeni coin: 2vDccymBRE - analiz 40s sonra
03:44:59 INFO    [info] Yeni coin: 7XY7LfQDJw - analiz 40s sonra
03:45:00 INFO    [info] Yeni coin: HuQjrJFsaJ - analiz 40s sonra
03:45:12 INFO    [info] Yeni coin: C7MYd68Bwh - analiz 40s sonra
03:45:15 INFO    [info] Yeni coin: D3t8vxjZ1z - analiz 40s sonra
03:45:15 INFO    [info] Yeni coin: 4UJK5qguC8 - analiz 40s sonra
03:45:17 INFO    [info] Yeni coin: EryjS6RzNo - analiz 40s sonra
03:45:23 INFO    [info] Yeni coin: GWMb9fvVi5 - analiz 40s sonra
03:45:23 INFO    [info] Yeni coin: EA1oFFeuLY - analiz 40s sonra
03:45:27 WARNING RPC hiz limiti (429) - RPC_RPS dusurun veya plani yukseltin
03:45:27 INFO    [info] Yeni coin: FEpzKWEPJ5 - analiz 40s sonra
03:45:27 INFO    [info] Yeni coin: 45Gk5y33yo - analiz 40s sonra
03:45:33 INFO    [info] Yeni coin: 3pw3GDogyJ - analiz 40s sonra
03:45:34 INFO    [info] Yeni coin: FzjzTk6KCT - analiz 40s sonra
03:45:38 INFO    [info] Yeni coin: 4LHF5DRE42 - analiz 40s sonra
03:45:38 INFO    [info] Yeni coin: 4RbUpQFavk - analiz 40s sonra
03:45:40 INFO    [info] Yeni coin: 5uZELobJ54 - analiz 40s sonra
03:45:48 INFO    [info] Yeni coin: G7QKiaDmfv - analiz 40s sonra
03:45:51 INFO    [info] Yeni coin: EVWA4FVmqw - analiz 40s sonra
03:46:00 WARNING RPC hiz limiti (429) - RPC_RPS dusurun veya plani yukseltin
03:46:05 INFO    [info] Yeni coin: 6MuEesvbMf - analiz 40s sonra
03:46:05 INFO    [info] Yeni coin: 7QR1yt6mTB - analiz 40s sonra
03:46:11 INFO    [info] Yeni coin: FrNkQPpK5U - analiz 40s sonra
03:46:12 INFO    [info] Yeni coin: HAsSGjiP3N - analiz 40s sonra
03:46:15 INFO    [info] Yeni coin: BkpYiLXk44 - analiz 40s sonra
03:46:16 INFO    [info] Yeni coin: 6saMZbEVjk - analiz 40s sonra
03:46:17 INFO    [info] Yeni coin: 7nCzQCg3zN - analiz 40s sonra
03:46:17 INFO    [info] Yeni coin: G9yuQzcSeK - analiz 40s sonra
03:46:18 INFO    [info] Yeni coin: FCdzF1H4BA - analiz 40s sonra
03:46:18 INFO    [info] Yeni coin: J2akAC9P3M - analiz 40s sonra
03:46:20 INFO    [info] Yeni coin: 2VyZ6VoLxr - analiz 40s sonra
03:46:20 INFO    [info] Yeni coin: 3CjWLsKLsX - analiz 40s sonra
03:46:21 INFO    [info] Yeni coin: 8KvNSAXrTC - analiz 40s sonra
03:46:28 INFO    [info] Yeni coin: HKAKvLZ1AA - analiz 40s sonra
03:46:31 INFO    [info] Yeni coin: 4dqnTeDndX - analiz 40s sonra
03:46:32 WARNING RPC hiz limiti (429) - RPC_RPS dusurun veya plani yukseltin
03:46:32 INFO    [info] Yeni coin: C7wm8rVJyW - analiz 40s sonra
03:46:32 INFO    [info] Yeni coin: Gs2iBQUgzE - analiz 40s sonra
03:46:33 INFO    [info] Yeni coin: 3HuEoezs2E - analiz 40s sonra
03:46:34 INFO    [info] Yeni coin: 7uni5wwF6H - analiz 40s sonra
03:46:34 INFO    [info] Yeni coin: DULsBsU184 - analiz 40s sonra
03:46:38 INFO    [info] Yeni coin: HncCfhn2Jb - analiz 40s sonra
03:46:39 INFO    [info] Yeni coin: 2g39XSLJMh - analiz 40s sonra
03:46:39 INFO    [info] Yeni coin: EHJVD9NBz4 - analiz 40s sonra
03:46:39 INFO    [info] Yeni coin: AihQ6BNNFz - analiz 40s sonra
03:46:39 INFO    [info] Yeni coin: QnH2faV1rZ - analiz 40s sonra
03:46:40 INFO    [warn] Takip edilen cuzdan yok - once skorlayip takibe alin
03:46:40 INFO    [info] Yeni coin: Ff8ynbvrvz - analiz 40s sonra
03:46:44 INFO    [info] Yeni coin: H45F7qFdot - analiz 40s sonra
03:46:44 INFO    [info] Yeni coin: BADYmMJDFm - analiz 40s sonra
03:46:45 INFO    [info] Yeni coin: Ghf6FT9rk3 - analiz 40s sonra
03:46:46 INFO    [info] Yeni coin: 9JA55GEtNf - analiz 40s sonra
03:46:46 INFO    [info] Yeni coin: Guht1usSEJ - analiz 40s sonra
03:46:51 INFO    [info] Yeni coin: CnSKHw6BKP - analiz 40s sonra
03:46:51 INFO    [info] Yeni coin: 454RsKmu4B - analiz 40s sonra
03:46:51 INFO    [info] Yeni coin: Em4eaZXavL - analiz 40s sonra
03:46:56 WARNING RPC hiz limiti (429) - RPC_RPS dusurun veya plani yukseltin
03:47:03 INFO    [info] Yeni coin: AyEPkhaUHi - analiz 40s sonra
03:47:08 INFO    [info] Yeni coin: Bgc3mRabhe - analiz 40s sonra
03:47:09 INFO    [info] Yeni coin: D8RHobSRJc - analiz 40s sonra
03:47:10 INFO    [info] Yeni coin: Ggy6uSVJv5 - analiz 40s sonra
03:47:11 INFO    [info] Yeni coin: 33iyQhn9Ci - analiz 40s sonra
03:47:13 INFO    [info] Yeni coin: GxzSCGbgBK - analiz 40s sonra
03:47:13 INFO    [info] Yeni coin: Bq7X9oSauK - analiz 40s sonra
03:47:17 INFO    [info] Yeni coin: 8QusHC58kb - analiz 40s sonra
03:47:17 INFO    [info] Yeni coin: FnJ6HweNZm - analiz 40s sonra
03:47:18 WARNING RPC hiz limiti (429) - RPC_RPS dusurun veya plani yukseltin
03:47:18 INFO    [info] Yeni coin: GsbJSHimMx - analiz 40s sonra
03:47:19 INFO    [info] Yeni coin: 6kezeKiDwr - analiz 40s sonra
03:47:19 INFO    [info] Yeni coin: 9Jn9MEwCUn - analiz 40s sonra
03:47:22 INFO    [info] Yeni coin: 29uX22oVu2 - analiz 40s sonra
03:47:27 INFO    [info] Yeni coin: Bp6PJqHNC6 - analiz 40s sonra
03:47:31 INFO    [info] Yeni coin: FJ9bJz9wCL - analiz 40s sonra
03:47:37 INFO    [info] Yeni coin: 25EVU6jjJ6 - analiz 40s sonra
03:47:37 INFO    [info] Yeni coin: 3PiX1MSH12 - analiz 40s sonra
03:47:39 INFO    [info] Yeni coin: 3M5HkWdLL5 - analiz 40s sonra
03:47:39 INFO    [info] Yeni coin: DNXhgWXtdR - analiz 40s sonra
03:47:40 WARNING RPC hiz limiti (429) - RPC_RPS dusurun veya plani yukseltin
03:47:45 INFO    [info] Yeni coin: 4mtgkdyfHR - analiz 40s sonra
03:47:49 INFO    [info] Yeni coin: 7aDY8tAwv5 - analiz 40s sonra
03:47:50 INFO    [info] Yeni coin: HGHPUT2SpP - analiz 40s sonra
03:47:51 INFO    [info] Yeni coin: GnUZqZgSYG - analiz 40s sonra
03:47:52 INFO    [info] Yeni coin: 4jewjWpYfY - analiz 40s sonra
03:47:53 INFO    [info] Yeni coin: 2efzP3mFkx - analiz 40s sonra
03:47:54 INFO    [info] Yeni coin: 2FLGE3kXRp - analiz 40s sonra
03:47:56 INFO    [info] Yeni coin: 37dgWMKx3M - analiz 40s sonra
03:48:01 INFO    [info] Yeni coin: Gde7SSQmGA - analiz 40s sonra
03:48:03 WARNING RPC hiz limiti (429) - RPC_RPS dusurun veya plani yukseltin
03:48:07 INFO    [info] Yeni coin: YUxfnMR5Sv - analiz 40s sonra
03:48:07 INFO    [info] Yeni coin: 74ikoXGEtT - analiz 40s sonra
03:48:08 INFO    [info] Yeni coin: 5eGDV8cgNe - analiz 40s sonra
03:48:08 INFO    [info] Yeni coin: FySNFQta5m - analiz 40s sonra
03:48:13 INFO    [info] Yeni coin: GrQD7T6Nai - analiz 40s sonra
03:48:17 INFO    [info] Yeni coin: DoQYt9frFe - analiz 40s sonra
03:48:19 INFO    [info] Yeni coin: 9S47epMjCk - analiz 40s sonra
03:48:20 INFO    [info] Yeni coin: 42zPasrrnk - analiz 40s sonra
03:48:28 INFO    [info] Yeni coin: HtZqbCZDCT - analiz 40s sonra
03:48:28 INFO    [info] Yeni coin: 5sodHVkfMr - analiz 40s sonra
03:48:29 INFO    [info] Yeni coin: 4koDVQ8DmX - analiz 40s sonra
03:48:37 WARNING RPC hiz limiti (429) - RPC_RPS dusurun veya plani yukseltin
03:48:37 INFO    [info] Yeni coin: BZCQdjrszU - analiz 40s sonra
03:48:38 INFO    [info] Yeni coin: 6As5M7nj6G - analiz 40s sonra
03:48:39 INFO    [info] Yeni coin: DUmB4aWcEv - analiz 40s sonra
03:48:40 INFO    [warn] Takip edilen cuzdan yok - once skorlayip takibe alin
03:48:40 INFO    [info] Yeni coin: 4Bj4bb51Nh - analiz 40s sonra
03:48:41 INFO    [info] Yeni coin: F4bak5FKE1 - analiz 40s sonra
03:48:41 INFO    [info] Yeni coin: 2ReXGQYQsx - analiz 40s sonra
03:48:43 INFO    [info] Yeni coin: 3Fats8kbrJ - analiz 40s sonra
03:48:56 INFO    [info] Yeni coin: HzXZeFkvhM - analiz 40s sonra
03:48:57 INFO    [info] Yeni coin: 9hprdttAac - analiz 40s sonra
03:49:02 INFO    [info] Yeni coin: 2oN45V57ZK - analiz 40s sonra
03:49:02 INFO    [info] Yeni coin: Ac56XjYWn5 - analiz 40s sonra
03:49:04 INFO    [info] Yeni coin: GBfZmv7k2M - analiz 40s sonra
03:49:04 INFO    [info] Yeni coin: EiigZD9rzv - analiz 40s sonra
03:49:05 WARNING RPC hiz limiti (429) - RPC_RPS dusurun veya plani yukseltin
03:49:09 INFO    [info] Yeni coin: 6q1VCjaPRF - analiz 40s sonra
03:49:18 INFO    [info] Yeni coin: EkZ3A4CpCA - analiz 40s sonra
03:49:20 INFO    [info] Yeni coin: 8dSGcDbDJY - analiz 40s sonra
03:49:23 INFO    [info] Yeni coin: 7dod9BXVfv - analiz 40s sonra
03:49:27 INFO    [info] Yeni coin: 5nUrbUuMV6 - analiz 40s sonra
03:49:29 INFO    [info] Yeni coin: FbCtS6zUaz - analiz 40s sonra
03:49:30 INFO    [info] Yeni coin: CWc7EqEnMr - analiz 40s sonra
03:49:30 INFO    [info] Yeni coin: FJVcpxNrZ5 - analiz 40s sonra
03:49:31 INFO    [info] Yeni coin: 8k3ZNHBcfd - analiz 40s sonra
03:49:35 INFO    [info] Yeni coin: 7sVWbAjRzf - analiz 40s sonra
03:49:40 WARNING RPC hiz limiti (429) - RPC_RPS dusurun veya plani yukseltin
03:49:51 INFO    [info] Yeni coin: 9PHVWTGVfz - analiz 40s sonra
03:49:53 INFO    [info] Yeni coin: 4tar27tfnS - analiz 40s sonra
03:49:57 INFO    [info] Yeni coin: DRYK5L6PnL - analiz 40s sonra
03:49:57 INFO    [info] Yeni coin: 9dJ4D5t4Ux - analiz 40s sonra
03:50:02 WARNING RPC hiz limiti (429) - RPC_RPS dusurun veya plani yukseltin
03:50:02 INFO    [info] Yeni coin: 2CZz1hEoCB - analiz 40s sonra
03:50:05 INFO    [info] Yeni coin: D4fcHVc8zU - analiz 40s sonra
03:50:06 INFO    [info] Yeni coin: 2m4BdmaauR - analiz 40s sonra
03:50:07 INFO    [info] Yeni coin: 7uEkJ8fmP2 - analiz 40s sonra
03:50:12 INFO    [info] Yeni coin: 6nT839tGaD - analiz 40s sonra
03:50:13 INFO    [info] Yeni coin: CXx1AxwaPE - analiz 40s sonra
03:50:16 INFO    [info] Yeni coin: 3xKGhZRFLq - analiz 40s sonra
03:50:16 INFO    [info] Yeni coin: AnQQ1knSAt - analiz 40s sonra
03:50:16 INFO    [info] Yeni coin: ENZdMViuN5 - analiz 40s sonra
03:50:17 INFO    [info] Yeni coin: BKk1HKV755 - analiz 40s sonra
03:50:19 WARNING RPC hiz limiti (429) - RPC_RPS dusurun veya plani yukseltin
03:50:20 INFO    [info] Yeni coin: Aru9VtX3fC - analiz 40s sonra
03:50:21 INFO    [info] Yeni coin: x5pn97t677 - analiz 40s sonra
03:50:24 INFO    [info] Yeni coin: CgeJn9aCGD - analiz 40s sonra
03:50:25 INFO    [info] Yeni coin: Bm88mD1q9H - analiz 40s sonra
03:50:30 INFO    [info] Yeni coin: 3XhQzQVkff - analiz 40s sonra
03:50:32 INFO    [info] Yeni coin: 5ZMLyGb9CA - analiz 40s sonra
03:50:35 INFO    [info] Yeni coin: HRj1giMA5L - analiz 40s sonra
03:50:35 INFO    [info] Yeni coin: 3cMehkcDwR - analiz 40s sonra
03:50:38 INFO    [info] Yeni coin: C9FJUeFpZi - analiz 40s sonra
03:50:38 INFO    [info] Yeni coin: E3TRywwSZr - analiz 40s sonra
03:50:40 INFO    [warn] Takip edilen cuzdan yok - once skorlayip takibe alin
03:50:40 INFO    [info] Yeni coin: 24xAkgm4p2 - analiz 40s sonra
03:50:41 INFO    [info] Yeni coin: 8WEoraHzvF - analiz 40s sonra
03:50:41 INFO    [info] Yeni coin: AcczVJQfuo - analiz 40s sonra
03:50:44 INFO    [info] Yeni coin: FfjZuKFPs9 - analiz 40s sonra
03:50:54 INFO    [info] Yeni coin: 97Gm44xAqD - analiz 40s sonra
03:50:55 WARNING RPC hiz limiti (429) - RPC_RPS dusurun veya plani yukseltin
03:50:55 INFO    [info] Yeni coin: 5P69xaRW6x - analiz 40s sonra
03:51:00 INFO    [info] Yeni coin: 7p8x3WLCwQ - analiz 40s sonra
03:51:06 INFO    [info] Yeni coin: 9WP6asny5c - analiz 40s sonra
03:51:09 INFO    [info] Yeni coin: 2bKCBRdnMJ - analiz 40s sonra
03:51:11 INFO    [info] Yeni coin: 91JSuinkv2 - analiz 40s sonra
03:51:13 INFO    [info] Yeni coin: AM8yV7ot1S - analiz 40s sonra
03:51:15 INFO    [info] Yeni coin: 6cX8gGBCM6 - analiz 40s sonra
03:51:16 INFO    [info] Yeni coin: HvX9SSJkXR - analiz 40s sonra
03:51:16 INFO    [info] Yeni coin: EWwK1unDWA - analiz 40s sonra
03:51:17 INFO    [info] Yeni coin: 9VLNLDawzs - analiz 40s sonra
03:51:21 INFO    [info] Yeni coin: HASv4X86D1 - analiz 40s sonra
03:51:22 WARNING RPC hiz limiti (429) - RPC_RPS dusurun veya plani yukseltin
03:51:32 INFO    [info] Yeni coin: 6vdMqmhYN1 - analiz 40s sonra
03:51:32 INFO    [info] Yeni coin: AoJdfHpHen - analiz 40s sonra
03:51:33 INFO    [info] Yeni coin: E9pFAJqVho - analiz 40s sonra
03:51:37 INFO    [info] Yeni coin: FhFpwHGE8P - analiz 40s sonra
03:51:40 INFO    [info] Yeni coin: 9UbYD3mBMo - analiz 40s sonra
03:51:40 INFO    [info] Yeni coin: 2ctMNqWjEk - analiz 40s sonra
03:51:46 INFO    [info] Yeni coin: 8apaggWpmQ - analiz 40s sonra
03:51:54 INFO    [info] Yeni coin: ALKL4vyZFX - analiz 40s sonra
03:51:55 WARNING RPC hiz limiti (429) - RPC_RPS dusurun veya plani yukseltin
03:51:58 INFO    [info] Yeni coin: GYmCq3w8W3 - analiz 40s sonra
03:52:00 INFO    [info] Yeni coin: 3S4VnbmeNw - analiz 40s sonra
03:52:00 INFO    [info] Yeni coin: 5pR8Knv6fy - analiz 40s sonra
03:52:07 INFO    [info] Yeni coin: HUA6ipMiw8 - analiz 40s sonra
03:52:08 INFO    [info] Yeni coin: 7Vi5VNNTKK - analiz 40s sonra
03:52:10 INFO    [info] Yeni coin: DaYGTZoSxN - analiz 40s sonra
03:52:11 INFO    [info] Yeni coin: AdoCzvczGc - analiz 40s sonra
03:52:23 INFO    [info] Yeni coin: 6JPBAmwuvs - analiz 40s sonra
03:52:26 WARNING RPC hiz limiti (429) - RPC_RPS dusurun veya plani yukseltin
03:52:31 INFO    [info] Yeni coin: 99kVySzCrc - analiz 40s sonra
03:52:33 INFO    [info] Yeni coin: 8gUDWDCmgP - analiz 40s sonra
03:52:34 INFO    [info] Yeni coin: Bf6g9ZiNM6 - analiz 40s sonra
03:52:36 INFO    [info] Yeni coin: 5gfXJWP6XZ - analiz 40s sonra
03:52:40 INFO    [info] Yeni coin: 5s7xb72hAA - analiz 40s sonra
03:52:40 INFO    [warn] Takip edilen cuzdan yok - once skorlayip takibe alin
03:52:42 INFO    [info] Yeni coin: 9zWDV4jzhM - analiz 40s sonra
03:52:42 WARNING RPC hiz limiti (429) - RPC_RPS dusurun veya plani yukseltin
03:52:43 INFO    [info] Yeni coin: HzNUEfomxV - analiz 40s sonra
03:52:43 INFO    [info] Yeni coin: 59jqyRxE9b - analiz 40s sonra
03:52:43 INFO    [info] Yeni coin: Fyj6Y16z3t - analiz 40s sonra
03:52:44 INFO    [info] Yeni coin: 47ifHWTMJJ - analiz 40s sonra
03:52:45 INFO    [info] Yeni coin: DWtTHbPsEY - analiz 40s sonra
03:52:49 INFO    [info] Yeni coin: 82TAoB7NBn - analiz 40s sonra
03:52:49 INFO    [info] Yeni coin: 8DN5cPHJK2 - analiz 40s sonra
03:52:51 INFO    [info] Yeni coin: 5aNSTcLyv7 - analiz 40s sonra
03:52:52 INFO    [warn] Helius baglantisi koptu (ConnectionClosedError), 5s sonra tekrar denenecek
03:52:57 INFO    [success] Helius websocket baglandi, pump.fun dinleniyor
03:52:59 INFO    [info] Yeni coin: 7GMJ7yJToS - analiz 40s sonra
03:53:04 INFO    [info] Yeni coin: FkCEWAp5Z5 - analiz 40s sonra
03:53:09 INFO    [info] Yeni coin: 8FwQ3FsNvj - analiz 40s sonra
03:53:09 INFO    [info] Yeni coin: DkWxKQDeXA - analiz 40s sonra
03:53:11 INFO    [info] Yeni coin: BwPCtHMaA5 - analiz 40s sonra
03:53:14 WARNING RPC hiz limiti (429) - RPC_RPS dusurun veya plani yukseltin
03:53:19 INFO    [info] Yeni coin: CABe3RA2vD - analiz 40s sonra
03:53:30 INFO    [info] Yeni coin: FW5cc2WN8S - analiz 40s sonra
03:53:31 INFO    [info] Yeni coin: HDLWWiUqy2 - analiz 40s sonra
03:53:31 INFO    [info] Yeni coin: rAHSC7SBAB - analiz 40s sonra
03:53:34 INFO    [info] Yeni coin: JEHxMxezkV - analiz 40s sonra
03:53:35 INFO    [info] Yeni coin: 7Fee281j8U - analiz 40s sonra
03:53:36 INFO    [info] Yeni coin: F9jupkegHC - analiz 40s sonra
03:53:48 WARNING RPC hiz limiti (429) - RPC_RPS dusurun veya plani yukseltin
03:53:48 INFO    [info] Yeni coin: GnfJWyiVqi - analiz 40s sonra
03:53:49 INFO    [info] Yeni coin: DckK7ztpeh - analiz 40s sonra
03:53:50 INFO    [info] Yeni coin: GbZFhwtCq5 - analiz 40s sonra
03:53:53 INFO    [info] Yeni coin: 9U38BBzKZb - analiz 40s sonra
03:53:54 INFO    [info] Yeni coin: 4cTFVhChzr - analiz 40s sonra
03:53:55 INFO    [info] Yeni coin: 3wwUsCParC - analiz 40s sonra
03:54:01 INFO    [info] Yeni coin: F4bnJDUwpi - analiz 40s sonra
03:54:01 INFO    [info] Yeni coin: 6jrDo39URt - analiz 40s sonra
03:54:06 INFO    [info] Yeni coin: 2fE81nZZHF - analiz 40s sonra
03:54:06 INFO    [info] Yeni coin: 74oTEoPtvK - analiz 40s sonra
03:54:07 WARNING RPC hiz limiti (429) - RPC_RPS dusurun veya plani yukseltin
03:54:08 INFO    [info] Yeni coin: FAN73Xdca2 - analiz 40s sonra
03:54:11 INFO    [info] Yeni coin: 2TYCUgRsTS - analiz 40s sonra
03:54:15 INFO    [info] Yeni coin: GKkQDPNjNV - analiz 40s sonra
03:54:18 INFO    [info] Yeni coin: 9T6YZwF4ce - analiz 40s sonra
03:54:24 INFO    [info] Yeni coin: 5vUHE2Smhx - analiz 40s sonra
03:54:28 INFO    [info] Yeni coin: GYgQHLEhww - analiz 40s sonra
03:54:29 INFO    [info] Yeni coin: TsVnwQQxrg - analiz 40s sonra
03:54:30 WARNING RPC hiz limiti (429) - RPC_RPS dusurun veya plani yukseltin
03:54:36 INFO    [info] Yeni coin: DViRtSHJr9 - analiz 40s sonra
03:54:37 INFO    [info] Yeni coin: 54eamgHKRC - analiz 40s sonra
03:54:39 INFO    [info] Yeni coin: 6gnB7xhCJC - analiz 40s sonra
03:54:40 INFO    [warn] Takip edilen cuzdan yok - once skorlayip takibe alin
03:54:40 INFO    [info] Yeni coin: 4XcnQdrPkE - analiz 40s sonra
03:54:42 INFO    [info] Yeni coin: C8e2D7tVev - analiz 40s sonra
03:54:43 INFO    [info] Yeni coin: HL1DVZbMLD - analiz 40s sonra
03:54:51 INFO    [info] Yeni coin: EYWWNGTiCY - analiz 40s sonra
03:54:54 INFO    [info] Yeni coin: DEbZoEBQqE - analiz 40s sonra
03:54:55 INFO    [info] Yeni coin: 4x8HpG8sur - analiz 40s sonra
03:55:03 WARNING RPC hiz limiti (429) - RPC_RPS dusurun veya plani yukseltin
03:55:04 INFO    [info] Yeni coin: 5tgcFtZaWg - analiz 40s sonra
03:55:04 INFO    [info] Yeni coin: 3STejo6DK8 - analiz 40s sonra
03:55:04 INFO    [info] Yeni coin: 9S2mqmHKGf - analiz 40s sonra
03:55:05 INFO    [info] Yeni coin: 4iPMB6JuH8 - analiz 40s sonra
03:55:12 INFO    [info] Yeni coin: 3y5DmPawSq - analiz 40s sonra
03:55:15 INFO    [info] Yeni coin: 8XLwv7Prj4 - analiz 40s sonra
03:55:18 INFO    [info] Yeni coin: 5uVwVUvzXs - analiz 40s sonra
03:55:18 INFO    [info] Yeni coin: 4zjRZSDP1m - analiz 40s sonra
03:55:19 INFO    [info] Yeni coin: A1qyWdaUtC - analiz 40s sonra
03:55:25 INFO    [info] Yeni coin: 7c5FKXFkU1 - analiz 40s sonra
03:55:27 INFO    [info] Yeni coin: Ef3isCWiHM - analiz 40s sonra
03:55:28 WARNING RPC hiz limiti (429) - RPC_RPS dusurun veya plani yukseltin
03:55:39 INFO    [info] Yeni coin: 7DscqzefH3 - analiz 40s sonra
03:55:41 INFO    [info] Yeni coin: 4PQZkUhQrC - analiz 40s sonra
03:55:44 WARNING RPC hiz limiti (429) - RPC_RPS dusurun veya plani yukseltin
03:55:45 INFO    [info] Yeni coin: EZtNtzSdta - analiz 40s sonra
03:55:45 INFO    [info] Yeni coin: 4Zd6nAGXNm - analiz 40s sonra
03:55:46 INFO    [info] Yeni coin: 3C2NVwF1Ti - analiz 40s sonra
03:55:49 INFO    [info] Yeni coin: 32ChcCLtUM - analiz 40s sonra
03:55:55 INFO    [info] Yeni coin: 56jBeZ1pc8 - analiz 40s sonra
03:55:56 INFO    [info] Yeni coin: 24xAmu9dZY - analiz 40s sonra
03:55:57 INFO    [info] Yeni coin: Cvxpup2cyc - analiz 40s sonra
03:55:57 INFO    [info] Yeni coin: C2QzQDJw48 - analiz 40s sonra
03:56:00 INFO    [info] Yeni coin: DiL4L7cQ1U - analiz 40s sonra
03:56:00 INFO    [info] Yeni coin: 3x2hibtmjB - analiz 40s sonra
03:56:02 INFO    [info] Yeni coin: 8agu2kWJSN - analiz 40s sonra
03:56:04 INFO    [info] Yeni coin: E2a1ndS9t9 - analiz 40s sonra
03:56:04 INFO    [info] Yeni coin: H9FMs94TXD - analiz 40s sonra
03:56:06 WARNING RPC hiz limiti (429) - RPC_RPS dusurun veya plani yukseltin
03:56:07 INFO    [info] Yeni coin: FLVyqtBJx6 - analiz 40s sonra
03:56:09 INFO    [info] Yeni coin: 9bRLzxA3iT - analiz 40s sonra
03:56:09 INFO    [info] Yeni coin: F3c5UMsmUY - analiz 40s sonra
03:56:10 INFO    [info] Yeni coin: 8NMQhJRqKh - analiz 40s sonra
03:56:10 INFO    [info] Yeni coin: 9b7rMB3K3x - analiz 40s sonra
03:56:10 INFO    [info] Yeni coin: GzGFFHAxiT - analiz 40s sonra
03:56:14 INFO    [info] Yeni coin: GqvVUhyDEU - analiz 40s sonra
03:56:20 INFO    [info] Yeni coin: HgKH3Shtru - analiz 40s sonra
03:56:26 INFO    [info] Yeni coin: 55JF3cnnGC - analiz 40s sonra
03:56:27 INFO    [info] Yeni coin: HSeKCo8MGH - analiz 40s sonra
03:56:29 INFO    [info] Yeni coin: 2bsY4YfdAT - analiz 40s sonra
03:56:32 INFO    [info] Yeni coin: D4HUebd78p - analiz 40s sonra
03:56:33 WARNING RPC hiz limiti (429) - RPC_RPS dusurun veya plani yukseltin
03:56:35 INFO    [info] Yeni coin: AcCV66JqJA - analiz 40s sonra
03:56:35 INFO    [info] Yeni coin: 9dXuHRtcgq - analiz 40s sonra
03:56:35 INFO    [info] Yeni coin: EhrA9jrZBk - analiz 40s sonra
03:56:38 INFO    [info] Yeni coin: EDgRurPa1a - analiz 40s sonra
03:56:40 INFO    [warn] Takip edilen cuzdan yok - once skorlayip takibe alin
03:56:40 INFO    [info] Yeni coin: AxnKMGfeyw - analiz 40s sonra
03:56:42 INFO    [info] Yeni coin: 9xZ1fFYKzi - analiz 40s sonra
03:56:44 INFO    [info] Yeni coin: GGox5pUaVV - analiz 40s sonra
03:56:46 INFO    [info] Yeni coin: 6Ra95hB279 - analiz 40s sonra
03:56:46 INFO    [info] Yeni coin: 7rme5pxZXT - analiz 40s sonra
03:56:46 INFO    [info] Yeni coin: 27YPVBurQq - analiz 40s sonra
03:56:51 INFO    [info] Yeni coin: FCbpu53Yy6 - analiz 40s sonra
03:56:52 INFO    [info] Yeni coin: 9F8wguqKQ8 - analiz 40s sonra
03:56:55 INFO    [info] Yeni coin: G4zRMJowLJ - analiz 40s sonra
03:56:55 INFO    [info] Yeni coin: DARYkxPCxs - analiz 40s sonra
03:56:56 WARNING RPC hiz limiti (429) - RPC_RPS dusurun veya plani yukseltin
03:56:56 INFO    [info] Yeni coin: DDHvSPYMYH - analiz 40s sonra
03:56:56 INFO    [info] Yeni coin: HxGXLysURY - analiz 40s sonra
03:56:56 INFO    [info] Yeni coin: F7xxH1NrCa - analiz 40s sonra
03:56:57 INFO    [info] Yeni coin: AN1ww9eYX6 - analiz 40s sonra
03:57:07 INFO    [info] Yeni coin: 8Ykr6axJTa - analiz 40s sonra
03:57:07 INFO    [info] Yeni coin: CLaekwbKVH - analiz 40s sonra
03:57:08 INFO    [info] Yeni coin: FGD94yuBVe - analiz 40s sonra
03:57:09 INFO    [info] Yeni coin: CsEL99iHSD - analiz 40s sonra
03:57:10 INFO    [info] Yeni coin: HPjYSxQbGj - analiz 40s sonra
03:57:11 INFO    [info] Yeni coin: BY7tdZNkt3 - analiz 40s sonra
03:57:15 INFO    [info] Yeni coin: 6NsXhB5FKS - analiz 40s sonra
03:57:15 INFO    [info] Yeni coin: 8WDPzFbzTT - analiz 40s sonra
03:57:17 INFO    [info] Yeni coin: 3CcqzGhsE7 - analiz 40s sonra
03:57:17 INFO    [info] Yeni coin: 4QgaNWNmQS - analiz 40s sonra
03:57:18 WARNING RPC hiz limiti (429) - RPC_RPS dusurun veya plani yukseltin
03:57:19 INFO    [info] Yeni coin: 48o9zpbtKD - analiz 40s sonra
03:57:20 INFO    [info] Yeni coin: BARkdspnJU - analiz 40s sonra
03:57:23 INFO    [info] Yeni coin: 6vgTBuJxCm - analiz 40s sonra
03:57:24 INFO    [info] Yeni coin: EZWptfX2Vm - analiz 40s sonra
03:57:25 INFO    [info] Yeni coin: 2wtFXVeymn - analiz 40s sonra
03:57:26 INFO    [info] Yeni coin: 3ey1adj3gZ - analiz 40s sonra
03:57:29 INFO    [info] Yeni coin: HyGQTzHAkc - analiz 40s sonra
03:57:29 INFO    [info] Yeni coin: 4QPHCrLYWK - analiz 40s sonra
03:57:30 INFO    [info] Yeni coin: G6FKLHpmQy - analiz 40s sonra
03:57:33 INFO    [info] Yeni coin: 7KZhDxL1Aq - analiz 40s sonra
03:57:34 INFO    [info] Yeni coin: 7vRGJA9kWu - analiz 40s sonra
03:57:35 INFO    [info] Yeni coin: J1cnzUYid3 - analiz 40s sonra
03:57:40 INFO    [info] Yeni coin: 6erffTpmsw - analiz 40s sonra
03:57:42 INFO    [info] Yeni coin: DDv7sXNFa1 - analiz 40s sonra
03:57:44 WARNING RPC hiz limiti (429) - RPC_RPS dusurun veya plani yukseltin
03:57:45 INFO    [info] Yeni coin: 7RXRsFbLo6 - analiz 40s sonra
03:57:45 INFO    [info] Yeni coin: 2VHG4uyU7X - analiz 40s sonra
03:57:45 INFO    [info] Yeni coin: 6LH8EKaPUg - analiz 40s sonra
03:57:49 INFO    [info] Yeni coin: EH9ph567pm - analiz 40s sonra
03:57:54 INFO    [info] Yeni coin: DGd8vrt3Y1 - analiz 40s sonra
03:58:00 INFO    [info] Yeni coin: Gq1r1WtJdk - analiz 40s sonra
03:58:00 INFO    [info] Yeni coin: 6GyoSyWRDf - analiz 40s sonra
03:58:03 INFO    [info] Yeni coin: EjBD3WKz9A - analiz 40s sonra
03:58:03 INFO    [info] Yeni coin: vVLmTnexWf - analiz 40s sonra
03:58:04 INFO    [info] Yeni coin: 5DnvP1QF4h - analiz 40s sonra
03:58:05 WARNING RPC hiz limiti (429) - RPC_RPS dusurun veya plani yukseltin
03:58:05 INFO    [info] Yeni coin: 63o9T3mFuM - analiz 40s sonra
03:58:05 INFO    [info] Yeni coin: 7r3xRWiBpr - analiz 40s sonra
03:58:06 INFO    [info] Yeni coin: CRvkhC2VrD - analiz 40s sonra
03:58:09 INFO    [info] Yeni coin: AJswdLZFyJ - analiz 40s sonra
03:58:09 INFO    [info] Yeni coin: 4TAPmEbprM - analiz 40s sonra
03:58:11 INFO    [info] Yeni coin: 9xkZpjQsGj - analiz 40s sonra
03:58:12 INFO    [info] Yeni coin: 95bGvMHV7g - analiz 40s sonra
03:58:15 INFO    [info] Yeni coin: GMN73YNaMe - analiz 40s sonra
03:58:18 INFO    [info] Yeni coin: 6TqBrMNdGJ - analiz 40s sonra
03:58:18 INFO    [info] Yeni coin: BmVhoh5coV - analiz 40s sonra
03:58:24 INFO    [info] Yeni coin: 8FhAXv2tfX - analiz 40s sonra
03:58:24 WARNING RPC hiz limiti (429) - RPC_RPS dusurun veya plani yukseltin
03:58:26 INFO    [info] Yeni coin: Hz3VuN2vLx - analiz 40s sonra
03:58:27 INFO    [info] Yeni coin: H7gHsB2bL5 - analiz 40s sonra
03:58:28 INFO    [info] Yeni coin: BgxTZmTxyh - analiz 40s sonra
03:58:31 INFO    [info] Yeni coin: 2tf5oNcr5V - analiz 40s sonra
03:58:32 INFO    [info] Yeni coin: FdQmzNcxpM - analiz 40s sonra
03:58:34 INFO    [info] Yeni coin: 91oai2XTzh - analiz 40s sonra
03:58:36 INFO    [info] Yeni coin: DYkwL1bPRm - analiz 40s sonra
03:58:36 INFO    [info] Yeni coin: BqPMJeoGZy - analiz 40s sonra
03:58:36 INFO    [info] Yeni coin: CFAxcQUD6Z - analiz 40s sonra
03:58:37 INFO    [info] Yeni coin: 4V5MWpaP8p - analiz 40s sonra
03:58:38 INFO    [info] Yeni coin: AmAxNviK9N - analiz 40s sonra
03:58:38 INFO    [info] Yeni coin: 2ZrU7LwVUv - analiz 40s sonra
03:58:39 INFO    [info] Yeni coin: 3BKiXZNZZu - analiz 40s sonra
03:58:39 INFO    [info] Yeni coin: DPYjxXZ2V5 - analiz 40s sonra
03:58:40 INFO    [info] Yeni coin: 8Q7wGE9GPq - analiz 40s sonra
03:58:40 INFO    [warn] Takip edilen cuzdan yok - once skorlayip takibe alin
03:58:41 WARNING RPC hiz limiti (429) - RPC_RPS dusurun veya plani yukseltin
03:58:42 INFO    [info] Yeni coin: 29fpb2e3SG - analiz 40s sonra
03:58:42 INFO    [info] Yeni coin: GMKx3BzcUA - analiz 40s sonra
03:58:52 INFO    [info] Yeni coin: BNuz5CtFEY - analiz 40s sonra
03:58:52 INFO    [info] Yeni coin: 7NhGYUsX5d - analiz 40s sonra
03:58:53 INFO    [info] Yeni coin: 9SLsLSq2dV - analiz 40s sonra
03:58:53 INFO    [info] Yeni coin: EatCQfCc8u - analiz 40s sonra
03:58:53 INFO    [info] Yeni coin: 2C3brTb8sb - analiz 40s sonra
03:58:54 INFO    [info] Yeni coin: DhXTWC72vH - analiz 40s sonra
03:58:54 INFO    [info] Yeni coin: 6sziSJTxFZ - analiz 40s sonra
03:58:54 INFO    [info] Yeni coin: 2QSk8eMuRa - analiz 40s sonra
03:58:54 INFO    [info] Yeni coin: GNektgU189 - analiz 40s sonra
03:58:55 INFO    [info] Yeni coin: 2HJGCgH5LP - analiz 40s sonra
03:58:58 INFO    [info] Yeni coin: DAXicHaBmw - analiz 40s sonra
03:58:59 INFO    [info] Yeni coin: 7cdo7QKfCU - analiz 40s sonra
03:58:59 INFO    [info] Yeni coin: 2LEVtqjooJ - analiz 40s sonra
03:59:00 INFO    [info] Yeni coin: 8CkmkXoZBD - analiz 40s sonra
03:59:03 INFO    [info] Yeni coin: XnEewxWtRJ - analiz 40s sonra
03:59:04 INFO    [info] Yeni coin: BYhdvxKEzq - analiz 40s sonra
03:59:06 INFO    [info] Yeni coin: 42gWbWjBWA - analiz 40s sonra
03:59:08 INFO    [info] Yeni coin: ACSu7iBQy6 - analiz 40s sonra
03:59:17 INFO    [info] Yeni coin: EQYqW4cvLc - analiz 40s sonra
03:59:18 INFO    [info] Yeni coin: 7ursFQJE7U - analiz 40s sonra
03:59:20 INFO    [info] Yeni coin: H8fRH6Pmvr - analiz 40s sonra
03:59:21 WARNING RPC hiz limiti (429) - RPC_RPS dusurun veya plani yukseltin
03:59:31 INFO    [info] Yeni coin: GsHJUHHU1u - analiz 40s sonra
03:59:33 INFO    [info] Yeni coin: 2bkD7M1Qy2 - analiz 40s sonra
03:59:36 INFO    [info] Yeni coin: 7CCkV3eS7j - analiz 40s sonra
03:59:38 INFO    [info] Yeni coin: 84LXtk6QCF - analiz 40s sonra
03:59:38 INFO    [info] Yeni coin: Fu3ZF7a3X5 - analiz 40s sonra
03:59:38 INFO    [info] Yeni coin: 38bTnTry4G - analiz 40s sonra
03:59:40 INFO    [info] Yeni coin: AE9TP3Su2T - analiz 40s sonra
03:59:42 INFO    [info] Yeni coin: 2hknG5QW1r - analiz 40s sonra
03:59:43 INFO    [info] Yeni coin: FqwkDMeUmw - analiz 40s sonra
03:59:46 WARNING RPC hiz limiti (429) - RPC_RPS dusurun veya plani yukseltin
03:59:49 INFO    [info] Yeni coin: 5eQJhnDyFa - analiz 40s sonra
03:59:55 INFO    [info] Yeni coin: F53Z93nS1a - analiz 40s sonra
03:59:57 INFO    [info] Yeni coin: FKeGuxnuuh - analiz 40s sonra
04:00:03 INFO    [info] Yeni coin: MBXVqNuRwL - analiz 40s sonra
04:00:05 INFO    [info] Yeni coin: AY6A7ULLZ9 - analiz 40s sonra
04:00:09 INFO    [info] Yeni coin: 6j4f8PP9uz - analiz 40s sonra
04:00:11 INFO    [info] Yeni coin: 56XgAE6ARH - analiz 40s sonra
04:00:16 INFO    [info] Yeni coin: C7DRXVnUQK - analiz 40s sonra
04:00:18 WARNING RPC hiz limiti (429) - RPC_RPS dusurun veya plani yukseltin
04:00:20 INFO    [info] Yeni coin: zkCPmPqiC3 - analiz 40s sonra
04:00:28 INFO    [info] Yeni coin: 5T7a4V2erS - analiz 40s sonra
04:00:29 INFO    [info] Yeni coin: 4emPjqhVqH - analiz 40s sonra
04:00:37 INFO    [info] Yeni coin: Agj8P9Kahw - analiz 40s sonra
04:00:37 INFO    [info] Yeni coin: 74gzuK7TGZ - analiz 40s sonra
04:00:38 INFO    [info] Yeni coin: 5nFYMiZkmQ - analiz 40s sonra
04:00:38 INFO    [info] Yeni coin: E8EgDjqkXu - analiz 40s sonra
04:00:39 WARNING RPC hiz limiti (429) - RPC_RPS dusurun veya plani yukseltin
04:00:40 INFO    [info] Yeni coin: kxsW98wxEP - analiz 40s sonra
04:00:40 INFO    [info] Yeni coin: 55i7fCb28s - analiz 40s sonra
04:00:40 INFO    [warn] Takip edilen cuzdan yok - once skorlayip takibe alin
04:00:41 INFO    [info] Yeni coin: 6sV4j7X6SE - analiz 40s sonra
04:00:42 INFO    [info] Yeni coin: AByT4a4755 - analiz 40s sonra
04:00:43 INFO    [info] Yeni coin: C2csPyhPDE - analiz 40s sonra
04:00:45 INFO    [info] Yeni coin: 4jWayiMaGL - analiz 40s sonra
04:00:45 INFO    [info] Yeni coin: 3VWL8zAKFZ - analiz 40s sonra
04:00:48 INFO    [info] Yeni coin: 53bHRGPKio - analiz 40s sonra
04:00:49 INFO    [info] Yeni coin: CVC56VFyo4 - analiz 40s sonra
04:00:50 INFO    [info] Yeni coin: tLnf5aZEs1 - analiz 40s sonra
04:00:51 INFO    [info] Yeni coin: 5y2DQbAQQJ - analiz 40s sonra
04:01:01 INFO    [info] Yeni coin: FsSsdcYfRd - analiz 40s sonra
04:01:01 INFO    [info] Yeni coin: 43QTpJcE41 - analiz 40s sonra
04:01:01 INFO    [info] Yeni coin: 2qB4HC6BWM - analiz 40s sonra
04:01:02 INFO    [info] Yeni coin: 8FyN9G6BQQ - analiz 40s sonra
04:01:02 INFO    [info] Yeni coin: 8V4FzRjG3R - analiz 40s sonra
04:01:07 INFO    [info] Yeni coin: F7tThAzmBn - analiz 40s sonra
04:01:07 INFO    [info] Yeni coin: Dc38AMyehD - analiz 40s sonra
04:01:08 WARNING RPC hiz limiti (429) - RPC_RPS dusurun veya plani yukseltin
04:01:15 INFO    [info] Yeni coin: 5QuYxfDyxm - analiz 40s sonra
04:01:15 INFO    [info] Yeni coin: 3NGvYgiZst - analiz 40s sonra
04:01:24 INFO    [info] Yeni coin: 9X42X2x5f1 - analiz 40s sonra
04:01:36 INFO    [info] Yeni coin: 4dQrofmiWa - analiz 40s sonra
04:01:38 INFO    [info] Yeni coin: 46drbhwpMv - analiz 40s sonra
04:01:38 INFO    [info] Yeni coin: CZ1oN5PE7w - analiz 40s sonra
04:01:40 INFO    [info] Yeni coin: DDD8eXA4Ty - analiz 40s sonra
04:01:42 INFO    [info] Yeni coin: EvtJdyVH3w - analiz 40s sonra
04:01:42 WARNING RPC hiz limiti (429) - RPC_RPS dusurun veya plani yukseltin
04:01:44 INFO    [info] Yeni coin: 7jgedFeD3m - analiz 40s sonra
04:01:44 INFO    [info] Yeni coin: 3eK9rL1pKG - analiz 40s sonra
04:01:45 INFO    [info] Yeni coin: Hw72nZspUg - analiz 40s sonra
04:01:48 INFO    [info] Yeni coin: FWRWVDw9AN - analiz 40s sonra
04:01:49 INFO    [info] Yeni coin: 5kRESyKQph - analiz 40s sonra
04:01:49 INFO    [info] Yeni coin: H4YPUn1GfL - analiz 40s sonra
04:01:51 INFO    [info] Yeni coin: 6CaJfo4tDq - analiz 40s sonra
04:01:54 INFO    [info] Yeni coin: AvhAL3d1LS - analiz 40s sonra
04:01:55 INFO    [info] Yeni coin: 5NwUu1fkJd - analiz 40s sonra
04:01:55 INFO    [info] Yeni coin: 3iQuqh3wWr - analiz 40s sonra
04:01:55 INFO    [info] Yeni coin: 2phwKeaMhh - analiz 40s sonra
04:01:57 INFO    [info] Yeni coin: HibyNb16cR - analiz 40s sonra
04:01:57 INFO    [info] Yeni coin: GFDtpKy4yA - analiz 40s sonra
04:01:58 INFO    [info] Yeni coin: 8Nz3sLYoFu - analiz 40s sonra
04:01:58 INFO    [info] Yeni coin: 6m4KuqCmgX - analiz 40s sonra
04:01:59 INFO    [info] Yeni coin: 4SnNssZ3gx - analiz 40s sonra
04:02:02 INFO    [info] Yeni coin: HWevJBejUt - analiz 40s sonra
04:02:09 INFO    [info] Yeni coin: G2dVGAui6Q - analiz 40s sonra
04:02:10 WARNING RPC hiz limiti (429) - RPC_RPS dusurun veya plani yukseltin
04:02:10 INFO    [info] Yeni coin: GmXTCYyMfU - analiz 40s sonra
04:02:14 INFO    [info] Yeni coin: 2nsXnqwMMy - analiz 40s sonra
04:02:15 INFO    [info] Yeni coin: 6QdrLysMSY - analiz 40s sonra
04:02:17 INFO    [info] Yeni coin: E6BUqxRPWL - analiz 40s sonra
04:02:17 INFO    [info] Yeni coin: 7urv9yREQD - analiz 40s sonra
04:02:17 INFO    [info] Yeni coin: E72FHWpumB - analiz 40s sonra
04:02:19 INFO    [info] Yeni coin: 757v7Ygnvk - analiz 40s sonra
04:02:19 INFO    [info] Yeni coin: AAvCBw2e7i - analiz 40s sonra
04:02:25 INFO    [info] Yeni coin: BVXTi1f9sx - analiz 40s sonra
04:02:29 INFO    [info] Yeni coin: 4twizYMhEH - analiz 40s sonra
04:02:31 INFO    [info] Yeni coin: 4m31849FvK - analiz 40s sonra
04:02:38 INFO    [info] Yeni coin: 7noK9wkFM3 - analiz 40s sonra
04:02:40 INFO    [info] Yeni coin: 5s3uo2mb62 - analiz 40s sonra
04:02:40 INFO    [warn] Takip edilen cuzdan yok - once skorlayip takibe alin
04:02:41 INFO    [info] Yeni coin: DbFw6Jv3yV - analiz 40s sonra
04:02:43 WARNING RPC hiz limiti (429) - RPC_RPS dusurun veya plani yukseltin
04:02:46 INFO    [info] Yeni coin: FqkRzgjcQb - analiz 40s sonra
04:02:50 INFO    [info] Yeni coin: F3YRt1aRXG - analiz 40s sonra
04:02:50 INFO    [info] Yeni coin: ADHHjAGsQr - analiz 40s sonra
04:02:55 INFO    [info] Yeni coin: 7pUF2LHV3n - analiz 40s sonra
04:03:00 INFO    [info] Yeni coin: 2jHbWyh3jF - analiz 40s sonra
04:03:00 INFO    [info] Yeni coin: CwDRM8tn3W - analiz 40s sonra
04:03:01 INFO    [info] Yeni coin: 6rpSRdrSnD - analiz 40s sonra
04:03:01 INFO    [info] Yeni coin: AEsRAtDJR9 - analiz 40s sonra
04:03:04 INFO    [info] Yeni coin: 2bupL3M63p - analiz 40s sonra
04:03:06 INFO    [info] Yeni coin: dJ92ge5NhR - analiz 40s sonra
04:03:06 INFO    [info] Yeni coin: 8rmJhsQjkX - analiz 40s sonra
04:03:06 INFO    [info] Yeni coin: 4uQDWb7FnT - analiz 40s sonra
04:03:06 INFO    [info] Yeni coin: 7YJQsrGCjb - analiz 40s sonra
04:03:08 WARNING RPC hiz limiti (429) - RPC_RPS dusurun veya plani yukseltin
04:03:11 INFO    [info] Yeni coin: BwgX2u8dkd - analiz 40s sonra
04:03:12 INFO    [info] Yeni coin: GbnokCVQvU - analiz 40s sonra
04:03:15 INFO    [info] Yeni coin: F2UFNEo81s - analiz 40s sonra
04:03:16 INFO    [info] Yeni coin: AFpbB1L34u - analiz 40s sonra
04:03:16 INFO    [info] Yeni coin: EBUHt38tMR - analiz 40s sonra
04:03:18 INFO    [info] Yeni coin: AqJLjwNaRZ - analiz 40s sonra
04:03:19 INFO    [info] Yeni coin: 9Ygqsh8Xhi - analiz 40s sonra
04:03:20 INFO    [info] Yeni coin: 8k2ZiTkSFC - analiz 40s sonra
04:03:20 INFO    [info] Yeni coin: B36p3jGhWA - analiz 40s sonra
04:03:21 INFO    [info] Yeni coin: 4qG8AwGn62 - analiz 40s sonra
04:03:22 INFO    [info] Yeni coin: ABeyGQ7eB6 - analiz 40s sonra
04:03:22 INFO    [info] Yeni coin: 668Qq2jJ4h - analiz 40s sonra
04:03:25 INFO    [info] Yeni coin: 4TkdUVedAL - analiz 40s sonra
04:03:28 INFO    [info] Yeni coin: 5g36zJBtmb - analiz 40s sonra
04:03:29 WARNING RPC hiz limiti (429) - RPC_RPS dusurun veya plani yukseltin
04:03:30 INFO    [info] Yeni coin: 4sX767TRmH - analiz 40s sonra
04:03:36 INFO    [info] Yeni coin: GKRkFb1GY2 - analiz 40s sonra
04:03:37 INFO    [info] Yeni coin: 3Bx9KMmew7 - analiz 40s sonra
04:03:43 INFO    [info] Yeni coin: 8uTGGsh2iL - analiz 40s sonra
04:03:44 INFO    [info] Yeni coin: D5Sm8Huvdk - analiz 40s sonra
04:03:48 INFO    [info] Yeni coin: Ah4VuJFTWt - analiz 40s sonra
04:03:56 INFO    [info] Yeni coin: 2jsu8yizTg - analiz 40s sonra
04:03:58 INFO    [info] Yeni coin: 2SbkBb22D4 - analiz 40s sonra
04:03:58 INFO    [info] Yeni coin: Fz7Yvg8Dux - analiz 40s sonra
04:03:59 INFO    [info] Yeni coin: Cx5MuSfwPK - analiz 40s sonra
04:04:03 INFO    [info] Yeni coin: 8fztfRGvfq - analiz 40s sonra
04:04:05 INFO    [info] Yeni coin: G3MSd6tmEJ - analiz 40s sonra
04:04:09 WARNING RPC hiz limiti (429) - RPC_RPS dusurun veya plani yukseltin
04:04:12 INFO    [info] Yeni coin: FQGx4QmhoF - analiz 40s sonra
04:04:14 INFO    [info] Yeni coin: 9sxnvUxYZr - analiz 40s sonra
04:04:29 INFO    [info] Yeni coin: 9VmGWQnkme - analiz 40s sonra
04:04:40 INFO    [info] Yeni coin: 4Cd3561ucB - analiz 40s sonra
04:04:40 INFO    [info] Yeni coin: 9yYswvaDpg - analiz 40s sonra
04:04:40 INFO    [warn] Takip edilen cuzdan yok - once skorlayip takibe alin
04:04:46 INFO    [info] Yeni coin: CfWWPdnRHq - analiz 40s sonra
04:04:49 WARNING RPC hiz limiti (429) - RPC_RPS dusurun veya plani yukseltin
04:04:51 INFO    [info] Yeni coin: 2i2PUD5VxZ - analiz 40s sonra
04:04:56 INFO    [info] Yeni coin: 3N6oHm6gKa - analiz 40s sonra
04:04:56 INFO    [info] Yeni coin: 6BXgq3bnt7 - analiz 40s sonra
04:05:02 INFO    [info] Yeni coin: ErHxuczcsH - analiz 40s sonra
04:05:03 INFO    [info] Yeni coin: 3CkLCKpVEG - analiz 40s sonra
04:05:05 INFO    [info] Yeni coin: 2ZxDytvJHq - analiz 40s sonra
04:05:05 INFO    [info] Yeni coin: 4GwsTJDjRd - analiz 40s sonra
04:05:05 INFO    [info] Yeni coin: 6uLdeK3aLS - analiz 40s sonra
04:05:11 INFO    [info] Yeni coin: Eq88dwW28d - analiz 40s sonra
04:05:26 WARNING RPC hiz limiti (429) - RPC_RPS dusurun veya plani yukseltin
04:05:31 INFO    [info] Yeni coin: 8SWbZY748o - analiz 40s sonra
04:05:31 INFO    [info] Yeni coin: 2fwdCAM5SF - analiz 40s sonra
04:05:31 INFO    [info] Yeni coin: 9u4VATRqUn - analiz 40s sonra
04:05:37 INFO    [info] Yeni coin: 978NP9EZe7 - analiz 40s sonra
04:05:42 INFO    [info] Yeni coin: AB751sCsB5 - analiz 40s sonra
04:05:44 INFO    [info] Yeni coin: EXWuGRQ2ea - analiz 40s sonra
04:05:45 INFO    [info] Yeni coin: 8BhtPbx4Lf - analiz 40s sonra
04:05:45 INFO    [info] Yeni coin: DwyH7U88sU - analiz 40s sonra
04:05:54 INFO    [info] Yeni coin: 2c4oYzXgRy - analiz 40s sonra
04:06:01 WARNING RPC hiz limiti (429) - RPC_RPS dusurun veya plani yukseltin
04:06:06 INFO    [info] Yeni coin: EgncMUSeU1 - analiz 40s sonra
04:06:12 INFO    [info] Yeni coin: CWN9wFfoPR - analiz 40s sonra
04:06:16 INFO    [info] Yeni coin: 5QeYUwbVP3 - analiz 40s sonra
04:06:18 INFO    [info] Yeni coin: 2sfcCR5ceJ - analiz 40s sonra
04:06:20 INFO    [info] Yeni coin: FY2LReCxRk - analiz 40s sonra
04:06:21 INFO    [info] Yeni coin: AtAX3uvLDU - analiz 40s sonra
04:06:22 WARNING RPC hiz limiti (429) - RPC_RPS dusurun veya plani yukseltin
04:06:23 INFO    [info] Yeni coin: ELoPfFBXgN - analiz 40s sonra
04:06:24 INFO    [info] Yeni coin: 5WNSEhNiN4 - analiz 40s sonra
04:06:27 INFO    [info] Yeni coin: 9g5sFT1N2m - analiz 40s sonra
04:06:28 INFO    [info] Yeni coin: GeViKNfbHa - analiz 40s sonra
04:06:30 INFO    [info] Yeni coin: 4Xcr3FKYwd - analiz 40s sonra
04:06:33 INFO    [info] Yeni coin: 5RrfcmcDkt - analiz 40s sonra
04:06:35 INFO    [info] Yeni coin: 5agPMN8Kz3 - analiz 40s sonra
04:06:40 INFO    [warn] Takip edilen cuzdan yok - once skorlayip takibe alin
04:06:40 INFO    [info] Yeni coin: DjuMh29NZA - analiz 40s sonra
04:06:47 INFO    [info] Yeni coin: 9SHT2so71X - analiz 40s sonra
04:06:49 INFO    [info] Yeni coin: FzJW7ZbhF1 - analiz 40s sonra
04:06:49 WARNING RPC hiz limiti (429) - RPC_RPS dusurun veya plani yukseltin
04:06:51 INFO    [info] Yeni coin: A4ttsP9Wvm - analiz 40s sonra
04:06:57 INFO    [info] Yeni coin: 2kPxsi5rZg - analiz 40s sonra
04:06:58 INFO    [info] Yeni coin: 6TBXAoFmRR - analiz 40s sonra
04:07:00 INFO    [info] Yeni coin: FfeGCSP2TP - analiz 40s sonra
04:07:02 INFO    [info] Yeni coin: 2PYEXVLkuB - analiz 40s sonra
04:07:03 INFO    [info] Yeni coin: CAYpF4ZgE5 - analiz 40s sonra
04:07:05 INFO    [info] Yeni coin: Dwy3BPg8bK - analiz 40s sonra
04:07:08 INFO    [info] Yeni coin: 8mzPWCPtRc - analiz 40s sonra
04:07:09 INFO    [info] Yeni coin: DLs5KFSVVi - analiz 40s sonra
04:07:17 INFO    [info] Yeni coin: 9mx7sNFgX8 - analiz 40s sonra
04:07:19 INFO    [info] Yeni coin: Agu1zU4C93 - analiz 40s sonra
04:07:19 INFO    [info] Yeni coin: CPwCL6RmmK - analiz 40s sonra
04:07:19 INFO    [info] Yeni coin: 12smmDMPW6 - analiz 40s sonra
04:07:22 WARNING RPC hiz limiti (429) - RPC_RPS dusurun veya plani yukseltin
04:07:22 INFO    [info] Yeni coin: 6WUqSQDA7X - analiz 40s sonra
04:07:23 INFO    [info] Yeni coin: 3nALJAtnJb - analiz 40s sonra
04:07:31 INFO    [info] Yeni coin: 2qZWSsM9VP - analiz 40s sonra
04:07:33 INFO    [info] Yeni coin: Uft9FVq5ET - analiz 40s sonra
04:07:35 INFO    [info] Yeni coin: NrGuQ9wSuV - analiz 40s sonra
04:07:35 INFO    [info] Yeni coin: 2pkjFK4SzD - analiz 40s sonra
04:07:37 INFO    [info] Yeni coin: HB6Hy4Aoso - analiz 40s sonra
04:07:39 INFO    [info] Yeni coin: BN6nNaXYf4 - analiz 40s sonra
04:07:43 INFO    [info] Yeni coin: Cydhgw5n7A - analiz 40s sonra
04:07:44 INFO    [info] Yeni coin: HtWkoPzf99 - analiz 40s sonra
04:07:44 INFO    [info] Yeni coin: DKhQ6ybh3T - analiz 40s sonra
04:07:44 INFO    [info] Yeni coin: 3A1HTgpuQY - analiz 40s sonra
04:07:48 INFO    [info] Yeni coin: ALN37k89LZ - analiz 40s sonra
04:07:49 INFO    [info] Yeni coin: D2JUsknbS5 - analiz 40s sonra
04:07:49 INFO    [info] Yeni coin: AwPNa4L7fK - analiz 40s sonra
04:07:50 INFO    [info] Yeni coin: 6JCGbByaWx - analiz 40s sonra
04:07:50 INFO    [info] Yeni coin: D2XXv5UVm5 - analiz 40s sonra
04:07:50 INFO    [info] Yeni coin: AKqk3t1zmF - analiz 40s sonra
04:07:50 INFO    [info] Yeni coin: HHTkqzHJwf - analiz 40s sonra
04:07:53 INFO    [info] Yeni coin: 6a5GkJoHGL - analiz 40s sonra
04:07:54 WARNING RPC hiz limiti (429) - RPC_RPS dusurun veya plani yukseltin
04:07:54 INFO    [info] Yeni coin: BUrouHdw8W - analiz 40s sonra
04:07:56 INFO    [info] Yeni coin: 7Sssn3F9gb - analiz 40s sonra
04:08:00 INFO    [info] Yeni coin: 6zMXNeymKC - analiz 40s sonra
04:08:03 INFO    [info] Yeni coin: HS8hQeV2oD - analiz 40s sonra
04:08:03 INFO    [info] Yeni coin: 2ZATWCUjX9 - analiz 40s sonra
04:08:05 INFO    [info] Yeni coin: 3FP7QWgFcQ - analiz 40s sonra
04:08:06 INFO    [info] Yeni coin: G6RJGEMg1g - analiz 40s sonra
04:08:07 INFO    [info] Yeni coin: 4yiD8DSjZ9 - analiz 40s sonra
04:08:09 INFO    [info] Yeni coin: CrGHc4XmZE - analiz 40s sonra
04:08:09 INFO    [info] Yeni coin: 41BGiVypyL - analiz 40s sonra
04:08:11 INFO    [info] Yeni coin: AiWbUktFHC - analiz 40s sonra
04:08:12 INFO    [info] Yeni coin: FNjZNdJvEF - analiz 40s sonra
04:08:12 INFO    [info] Yeni coin: Er67puRBtq - analiz 40s sonra
04:08:13 INFO    [info] Yeni coin: NFBCUD42qe - analiz 40s sonra
04:08:15 INFO    [info] Yeni coin: 2tJ5QuzRfe - analiz 40s sonra
04:08:26 WARNING RPC hiz limiti (429) - RPC_RPS dusurun veya plani yukseltin
04:08:27 INFO    [info] Yeni coin: 3JpSfMV549 - analiz 40s sonra
04:08:27 INFO    [info] Yeni coin: Fr7HwrsZng - analiz 40s sonra
04:08:28 INFO    [info] Yeni coin: 6PATfB1N7r - analiz 40s sonra
04:08:30 INFO    [info] Yeni coin: B2X5uRLQoE - analiz 40s sonra
04:08:36 INFO    [info] Yeni coin: He16GCQsRC - analiz 40s sonra
04:08:37 INFO    [info] Yeni coin: 8B7FMBRTqJ - analiz 40s sonra
04:08:37 INFO    [info] Yeni coin: 8zjh6JMDVf - analiz 40s sonra
04:08:40 INFO    [warn] Takip edilen cuzdan yok - once skorlayip takibe alin
04:08:49 INFO    [info] Yeni coin: 92jaeTRHbo - analiz 40s sonra
04:08:49 INFO    [info] Yeni coin: 8MRWt4YY1J - analiz 40s sonra
04:08:51 INFO    [info] Yeni coin: 2ojdrxsxuX - analiz 40s sonra
04:08:54 INFO    [info] Yeni coin: 7dvT1hUtw7 - analiz 40s sonra
04:08:54 INFO    [info] Yeni coin: 73gsrxUwNb - analiz 40s sonra
04:08:56 WARNING RPC hiz limiti (429) - RPC_RPS dusurun veya plani yukseltin
04:09:02 INFO    [info] Yeni coin: BNujcFwMTp - analiz 40s sonra
04:09:02 INFO    [info] Yeni coin: HD3wfTXV3v - analiz 40s sonra
04:09:08 INFO    [info] Yeni coin: EkCz2nif8G - analiz 40s sonra
04:09:08 INFO    [info] Yeni coin: 8UW1dPy4k6 - analiz 40s sonra
04:09:09 INFO    [info] Yeni coin: 3rSkc8rbd6 - analiz 40s sonra
04:09:13 WARNING RPC hiz limiti (429) - RPC_RPS dusurun veya plani yukseltin
04:09:21 INFO    [info] Yeni coin: C5JKN3fbwf - analiz 40s sonra
04:09:32 INFO    [info] Yeni coin: ACnnDKWyRu - analiz 40s sonra
04:09:33 INFO    [info] Yeni coin: 2pf2h11nc1 - analiz 40s sonra
04:09:33 INFO    [info] Yeni coin: 2zp3YaAVkj - analiz 40s sonra
04:09:34 INFO    [info] Yeni coin: xt1hqUnxkC - analiz 40s sonra
04:09:34 INFO    [info] Yeni coin: 5chCLQHD6h - analiz 40s sonra
04:09:35 INFO    [info] Yeni coin: 24xBFspgeg - analiz 40s sonra
04:09:39 INFO    [info] Yeni coin: 8p5SCLq1Fn - analiz 40s sonra
04:09:42 WARNING RPC hiz limiti (429) - RPC_RPS dusurun veya plani yukseltin
04:09:45 INFO    [info] Yeni coin: AzVsyHSoXf - analiz 40s sonra
04:09:50 INFO    [info] Yeni coin: AFBaUewZW6 - analiz 40s sonra
04:09:55 INFO    [info] Yeni coin: 5DPsensBG4 - analiz 40s sonra
04:09:57 INFO    [info] Yeni coin: 8R1d9N2XAT - analiz 40s sonra
04:10:02 INFO    [info] Yeni coin: 4EoEGbzS7R - analiz 40s sonra
04:10:05 INFO    [info] Yeni coin: AMVAMN7CFu - analiz 40s sonra
04:10:06 INFO    [info] Yeni coin: 4kh82KmodX - analiz 40s sonra
04:10:07 INFO    [info] Yeni coin: 9Q6QY8pvX5 - analiz 40s sonra
04:10:08 INFO    [info] Yeni coin: 8b7HfegDzS - analiz 40s sonra
04:10:09 INFO    [info] Yeni coin: AR36MD34aX - analiz 40s sonra
04:10:10 INFO    [info] Yeni coin: GU6kL8TEqS - analiz 40s sonra
04:10:11 WARNING RPC hiz limiti (429) - RPC_RPS dusurun veya plani yukseltin
04:10:19 INFO    [info] Yeni coin: ABZNzCZjsq - analiz 40s sonra
04:10:23 INFO    [info] Yeni coin: 3HGwDATj9V - analiz 40s sonra
04:10:24 INFO    [info] Yeni coin: EPjFWdd5Au - analiz 40s sonra
04:10:36 WARNING RPC hiz limiti (429) - RPC_RPS dusurun veya plani yukseltin
04:10:37 INFO    [info] Yeni coin: AiUMbyR4Bw - analiz 40s sonra
04:10:38 INFO    [info] Yeni coin: 92TGq5BMCE - analiz 40s sonra
04:10:40 INFO    [warn] Takip edilen cuzdan yok - once skorlayip takibe alin
04:10:44 INFO    [info] Yeni coin: 6oQdvm1e5E - analiz 40s sonra
04:10:47 INFO    [info] Yeni coin: 2447ijw1ha - analiz 40s sonra
04:10:52 INFO    [info] Yeni coin: 3G1RQ6Prtz - analiz 40s sonra
04:10:52 INFO    [info] Yeni coin: 3qryd9ckyi - analiz 40s sonra
04:10:52 INFO    [info] Yeni coin: BrwLBeXZ97 - analiz 40s sonra
04:10:56 INFO    [info] Yeni coin: CYgM5MAkwu - analiz 40s sonra
04:11:03 INFO    [info] Yeni coin: G7SM5a3Px2 - analiz 40s sonra
04:11:06 INFO    [info] Yeni coin: 5EDo8NN8yX - analiz 40s sonra
04:11:07 INFO    [info] Yeni coin: 42ycK9ArBy - analiz 40s sonra
04:11:08 INFO    [info] Yeni coin: GrcPzYw5A9 - analiz 40s sonra
04:11:08 INFO    [info] Yeni coin: wnBH8WZvPq - analiz 40s sonra
04:11:09 WARNING RPC hiz limiti (429) - RPC_RPS dusurun veya plani yukseltin
04:11:11 INFO    [info] Yeni coin: Btayg6nEL3 - analiz 40s sonra
04:11:17 INFO    [info] Yeni coin: GNd1ssnKPx - analiz 40s sonra
04:11:23 INFO    [info] Yeni coin: 4QjAZ8YP4E - analiz 40s sonra
04:11:26 INFO    [info] Yeni coin: CMXp9JL58V - analiz 40s sonra
04:11:26 INFO    [info] Yeni coin: EWJ9WuyiQJ - analiz 40s sonra
04:11:26 INFO    [info] Yeni coin: GcvJQim8MW - analiz 40s sonra
04:11:28 WARNING RPC hiz limiti (429) - RPC_RPS dusurun veya plani yukseltin
04:11:31 INFO    [info] Yeni coin: 6AgRRLRgPZ - analiz 40s sonra
04:11:36 INFO    [info] Yeni coin: 2UfgRTExLw - analiz 40s sonra
04:11:42 INFO    [info] Yeni coin: CASHx9KJUS - analiz 40s sonra
04:11:48 INFO    [info] Yeni coin: FWYcbqBDHm - analiz 40s sonra
04:11:51 INFO    [info] Yeni coin: 6ZGbQ5ZsvV - analiz 40s sonra
04:11:52 INFO    [info] Yeni coin: hHddMyjmZ2 - analiz 40s sonra
04:11:53 INFO    [info] Yeni coin: EbAi7RDMoi - analiz 40s sonra
04:11:54 INFO    [info] Yeni coin: 8xEw2uyjaW - analiz 40s sonra
04:11:59 WARNING RPC hiz limiti (429) - RPC_RPS dusurun veya plani yukseltin
04:12:03 INFO    [info] Yeni coin: 4qLu31tK1o - analiz 40s sonra
04:12:08 INFO    [info] Yeni coin: 2n37JTEXuN - analiz 40s sonra
04:12:10 INFO    [info] Yeni coin: F71xLFeP7p - analiz 40s sonra
04:12:11 INFO    [info] Yeni coin: A1f8KjxVg8 - analiz 40s sonra
04:12:13 INFO    [info] Yeni coin: GYzXJ6sdsq - analiz 40s sonra
04:12:26 WARNING RPC hiz limiti (429) - RPC_RPS dusurun veya plani yukseltin
04:12:26 INFO    [info] Yeni coin: 7mMgdAgFLY - analiz 40s sonra
04:12:29 INFO    [info] Yeni coin: EgaDdqezZF - analiz 40s sonra
04:12:29 INFO    [info] Yeni coin: 3PBj9qxDcw - analiz 40s sonra
04:12:30 INFO    [info] Yeni coin: 7ck3i64ua5 - analiz 40s sonra
04:12:31 INFO    [info] Yeni coin: GX4BSaN3WB - analiz 40s sonra
04:12:31 INFO    [info] Yeni coin: 6zywGtGGwf - analiz 40s sonra
04:12:32 INFO    [info] Yeni coin: FJdL3NPfXq - analiz 40s sonra
04:12:32 INFO    [info] Yeni coin: 2hVgYrCPtW - analiz 40s sonra
04:12:34 INFO    [info] Yeni coin: 4mqLFGqkcb - analiz 40s sonra
04:12:34 INFO    [info] Yeni coin: AWrtAYoXsa - analiz 40s sonra
04:12:35 INFO    [info] Yeni coin: E5vZBk96WF - analiz 40s sonra
04:12:35 INFO    [info] Yeni coin: 6UXU67tLC4 - analiz 40s sonra
04:12:37 INFO    [info] Yeni coin: 7WmMGKc7b3 - analiz 40s sonra
04:12:39 INFO    [info] Yeni coin: Gj5AR1wLJA - analiz 40s sonra
04:12:40 INFO    [info] Yeni coin: 3Kcmph1xHr - analiz 40s sonra
04:12:40 INFO    [warn] Takip edilen cuzdan yok - once skorlayip takibe alin
04:12:41 INFO    [info] Yeni coin: DrhBHU8nP3 - analiz 40s sonra
04:12:41 INFO    [info] Yeni coin: As2oXiRqzQ - analiz 40s sonra
04:12:43 INFO    [info] Yeni coin: GmN4LaNrE5 - analiz 40s sonra
04:12:47 INFO    [info] Yeni coin: 6Bg4Pgbjni - analiz 40s sonra
04:12:50 INFO    [info] Yeni coin: DM7htnr4D7 - analiz 40s sonra
04:12:53 INFO    [info] Yeni coin: HUDZMMVTb5 - analiz 40s sonra
04:12:56 INFO    [info] Yeni coin: HQB6e2xwE6 - analiz 40s sonra
04:12:59 INFO    [info] Yeni coin: GiuCWgBziM - analiz 40s sonra
04:13:00 WARNING RPC hiz limiti (429) - RPC_RPS dusurun veya plani yukseltin
04:13:04 INFO    [info] Yeni coin: 9hXQ3RWvLF - analiz 40s sonra
04:13:06 INFO    [info] Yeni coin: Dymd2Mm5UC - analiz 40s sonra
04:13:12 INFO    [info] Yeni coin: 7WWLjocx8h - analiz 40s sonra
04:13:25 INFO    [info] Yeni coin: DZ1EyrpyV9 - analiz 40s sonra
04:13:26 INFO    [info] Yeni coin: 7SpS4JePQm - analiz 40s sonra
04:13:29 INFO    [info] Yeni coin: 8BKPQWrqTx - analiz 40s sonra
04:13:29 INFO    [info] Yeni coin: 4aAgwGogdZ - analiz 40s sonra
04:13:30 INFO    [info] Yeni coin: Dexu3VBQmj - analiz 40s sonra
04:13:31 WARNING RPC hiz limiti (429) - RPC_RPS dusurun veya plani yukseltin
04:13:36 INFO    [info] Yeni coin: 36spEft67M - analiz 40s sonra
04:13:38 INFO    [info] Yeni coin: 4gP4eKL9Uw - analiz 40s sonra
04:13:38 INFO    [info] Yeni coin: DPiTveorKw - analiz 40s sonra
04:13:39 INFO    [info] Yeni coin: BP5afpb2ar - analiz 40s sonra
04:13:41 INFO    [info] Yeni coin: 8uMgJAdHxu - analiz 40s sonra
04:13:42 INFO    [info] Yeni coin: 5NYoJQrx7F - analiz 40s sonra
04:13:43 INFO    [info] Yeni coin: EVFLbsXim1 - analiz 40s sonra
04:13:43 INFO    [info] Yeni coin: ASEK4T3DRv - analiz 40s sonra
04:13:44 INFO    [info] Yeni coin: 9WasRscLt8 - analiz 40s sonra
04:13:52 INFO    [info] Yeni coin: 5YyQfMiKa6 - analiz 40s sonra
04:13:58 INFO    [info] Yeni coin: 26EvRR4oaJ - analiz 40s sonra
04:13:58 INFO    [info] Yeni coin: A9cfKJ3HKq - analiz 40s sonra
04:13:59 INFO    [info] Yeni coin: 7TZ64AUEfF - analiz 40s sonra
04:14:01 WARNING RPC hiz limiti (429) - RPC_RPS dusurun veya plani yukseltin
04:14:06 INFO    [info] Yeni coin: EQ7gWxe7Kk - analiz 40s sonra
04:14:07 INFO    [info] Yeni coin: 9XZEnMpFeH - analiz 40s sonra
04:14:09 INFO    [info] Yeni coin: UanFEdhMKH - analiz 40s sonra
04:14:14 INFO    [info] Yeni coin: EViF1iXUSK - analiz 40s sonra
04:14:16 INFO    [info] Yeni coin: AdeBjpYWfH - analiz 40s sonra
04:14:17 INFO    [info] Yeni coin: JBYsRX8pCb - analiz 40s sonra
04:14:17 INFO    [info] Yeni coin: 3bX6ndfqBH - analiz 40s sonra
04:14:25 INFO    [info] Yeni coin: 48h3wUvpqR - analiz 40s sonra
04:14:26 INFO    [info] Yeni coin: 77aMyDc2LP - analiz 40s sonra
04:14:26 INFO    [info] Yeni coin: 6tPUFwBSCH - analiz 40s sonra
04:14:32 INFO    [info] Yeni coin: 4Ns1qNyiwY - analiz 40s sonra
04:14:33 INFO    [info] Yeni coin: ciyyBJj1ff - analiz 40s sonra
04:14:36 INFO    [info] Yeni coin: 6ynzU7Am8p - analiz 40s sonra
04:14:39 INFO    [info] Yeni coin: ckCND3pqNY - analiz 40s sonra
04:14:40 INFO    [warn] Takip edilen cuzdan yok - once skorlayip takibe alin
04:14:41 WARNING RPC hiz limiti (429) - RPC_RPS dusurun veya plani yukseltin
04:14:42 INFO    [info] Yeni coin: HhicGQwvo1 - analiz 40s sonra
04:14:43 INFO    [info] Yeni coin: H5kSGE9ueB - analiz 40s sonra
04:14:48 INFO    [info] Yeni coin: EwS9n4KLq8 - analiz 40s sonra
04:14:54 INFO    [info] Yeni coin: CPFngS23R5 - analiz 40s sonra
04:14:56 INFO    [info] Yeni coin: 829ghhijTN - analiz 40s sonra
04:14:57 INFO    [info] Yeni coin: Rf17H21jLg - analiz 40s sonra
04:14:59 INFO    [info] Yeni coin: Gfg15UcRs7 - analiz 40s sonra
04:15:00 INFO    [info] Yeni coin: 728jfTXYeh - analiz 40s sonra
04:15:00 INFO    [info] Yeni coin: 6589eeVkdN - analiz 40s sonra
04:15:01 INFO    [info] Yeni coin: 4KjbhBVSGo - analiz 40s sonra
04:15:02 INFO    [info] Yeni coin: CUqQZjJ6k9 - analiz 40s sonra
04:15:03 INFO    [info] Yeni coin: EkVuqY1Gqm - analiz 40s sonra
04:15:07 WARNING RPC hiz limiti (429) - RPC_RPS dusurun veya plani yukseltin
04:15:08 INFO    [info] Yeni coin: XJQy4BXCcp - analiz 40s sonra
04:15:09 INFO    [info] Yeni coin: 5ZBurZbRsJ - analiz 40s sonra
04:15:16 INFO    [info] Yeni coin: 4CQHVXrbFL - analiz 40s sonra
04:15:16 INFO    [info] Yeni coin: FPTm4h7jkr - analiz 40s sonra
04:15:17 INFO    [info] Yeni coin: DiMm4M6nds - analiz 40s sonra
04:15:18 INFO    [info] Yeni coin: CYssnoJ9QK - analiz 40s sonra
04:15:18 INFO    [info] Yeni coin: CmjoLHGMZ1 - analiz 40s sonra
04:15:19 INFO    [info] Yeni coin: DrgzsjNq4x - analiz 40s sonra
04:15:19 INFO    [info] Yeni coin: 3q8e9K6wRW - analiz 40s sonra
04:15:20 INFO    [info] Yeni coin: Fkoff8WVNY - analiz 40s sonra
04:15:20 INFO    [info] Yeni coin: 28cePbnTZo - analiz 40s sonra
04:15:21 INFO    [info] Yeni coin: 95X9AyynQH - analiz 40s sonra
04:15:21 INFO    [info] Yeni coin: 9SQHN8Jdoq - analiz 40s sonra
04:15:23 INFO    [info] Yeni coin: EwWzQyVW4d - analiz 40s sonra
04:15:23 INFO    [info] Yeni coin: B75UzvaKzz - analiz 40s sonra
04:15:24 INFO    [info] Yeni coin: 7RRWSy76bJ - analiz 40s sonra
04:15:24 INFO    [info] Yeni coin: GcRnjYH1Lt - analiz 40s sonra
04:15:25 INFO    [info] Yeni coin: HoHbWod241 - analiz 40s sonra
04:15:25 INFO    [info] Yeni coin: 2XXDAa5QDL - analiz 40s sonra
04:15:26 INFO    [info] Yeni coin: GPaDCoCxCb - analiz 40s sonra
04:15:27 INFO    [info] Yeni coin: AprFmW56mM - analiz 40s sonra
04:15:27 INFO    [info] Yeni coin: 6XVK2jHhNm - analiz 40s sonra
04:15:27 INFO    [info] Yeni coin: ASdqzxoTfK - analiz 40s sonra
04:15:28 INFO    [info] Yeni coin: F3gaAbDzFT - analiz 40s sonra
04:15:28 INFO    [info] Yeni coin: Fu4mcrRU6v - analiz 40s sonra
04:15:29 INFO    [info] Yeni coin: AKFmt56VbU - analiz 40s sonra
04:15:29 WARNING RPC hiz limiti (429) - RPC_RPS dusurun veya plani yukseltin
04:15:30 INFO    [info] Yeni coin: 3FN9J12yfF - analiz 40s sonra
04:15:31 INFO    [info] Yeni coin: ETkPmPS5PM - analiz 40s sonra
04:15:34 INFO    [info] Yeni coin: 2eZeZdu4CR - analiz 40s sonra
04:15:35 INFO    [info] Yeni coin: 41s42cJAEM - analiz 40s sonra
04:15:38 INFO    [info] Yeni coin: 4yF18KoLrH - analiz 40s sonra
04:15:39 INFO    [info] Yeni coin: A2wrMH6PB6 - analiz 40s sonra
04:15:40 INFO    [info] Yeni coin: 2Pm8dXah78 - analiz 40s sonra
04:15:40 INFO    [info] Yeni coin: AkEhG9FNGV - analiz 40s sonra
04:15:40 INFO    [info] Yeni coin: GRvHasyLyk - analiz 40s sonra
04:15:41 INFO    [info] Yeni coin: BfHpeF9e1s - analiz 40s sonra
04:15:41 INFO    [info] Yeni coin: Bvfi8CFCja - analiz 40s sonra
04:15:49 INFO    [info] Yeni coin: 6vMD7mfGKZ - analiz 40s sonra
04:15:55 INFO    [info] Yeni coin: A4jbnqDEiJ - analiz 40s sonra
04:15:59 INFO    [info] Yeni coin: 9ka1GUPRcD - analiz 40s sonra
04:15:59 INFO    [info] Yeni coin: Awp1iTYDD3 - analiz 40s sonra
04:16:01 INFO    [info] Yeni coin: 6xJag476Mk - analiz 40s sonra
04:16:01 INFO    [info] Yeni coin: BEBBqGQJdj - analiz 40s sonra
04:16:02 INFO    [info] Yeni coin: FhRMGs3tDC - analiz 40s sonra
04:16:03 WARNING RPC hiz limiti (429) - RPC_RPS dusurun veya plani yukseltin
04:16:03 INFO    [info] Yeni coin: EGnYaQNqRC - analiz 40s sonra
04:16:06 INFO    [info] Yeni coin: 7cTWyUhZWT - analiz 40s sonra
04:16:07 INFO    [info] Yeni coin: 5EqzxYqdHr - analiz 40s sonra
04:16:08 INFO    [info] Yeni coin: 4RaPA5d2nA - analiz 40s sonra
04:16:11 INFO    [info] Yeni coin: 5Ddyqqn9ER - analiz 40s sonra
04:16:13 INFO    [info] Yeni coin: EbJfVhwj9B - analiz 40s sonra
04:16:13 INFO    [info] Yeni coin: ExjkhDqkpL - analiz 40s sonra
04:16:14 INFO    [info] Yeni coin: 7Hu1BVue2n - analiz 40s sonra
04:16:14 INFO    [info] Yeni coin: 2u74iz8PLN - analiz 40s sonra
04:16:14 INFO    [info] Yeni coin: 8HpvCVE2v5 - analiz 40s sonra
04:16:15 INFO    [info] Yeni coin: CQUkdkNsJf - analiz 40s sonra
04:16:16 INFO    [info] Yeni coin: HbsZWK3E8s - analiz 40s sonra
04:16:16 INFO    [info] Yeni coin: HQgEhBgFfd - analiz 40s sonra
04:16:16 INFO    [info] Yeni coin: EBdZpou8E6 - analiz 40s sonra
04:16:18 INFO    [info] Yeni coin: 7KyiUU4or7 - analiz 40s sonra
04:16:19 INFO    [info] Yeni coin: F5Q2CaYDoB - analiz 40s sonra
04:16:19 INFO    [info] Yeni coin: EWxtSqPSGv - analiz 40s sonra
04:16:24 INFO    [info] Yeni coin: 5QU3xgipLP - analiz 40s sonra
04:16:25 INFO    [info] Yeni coin: 5VVJapkg3E - analiz 40s sonra
04:16:26 INFO    [info] Yeni coin: G2BhFmXLEb - analiz 40s sonra
04:16:28 INFO    [info] Yeni coin: 9tBJqxLypU - analiz 40s sonra
04:16:32 WARNING RPC hiz limiti (429) - RPC_RPS dusurun veya plani yukseltin
04:16:34 INFO    [info] Yeni coin: cwPWSApo2Z - analiz 40s sonra
04:16:35 INFO    [info] Yeni coin: FHiqtuHJqb - analiz 40s sonra
04:16:36 INFO    [info] Yeni coin: B1bVARi3xk - analiz 40s sonra
04:16:37 INFO    [info] Yeni coin: 222AdgYQcT - analiz 40s sonra
04:16:39 INFO    [info] Yeni coin: APtyfQyt2A - analiz 40s sonra
04:16:40 INFO    [info] Yeni coin: JHDbFgUZUg - analiz 40s sonra
04:16:40 INFO    [info] Yeni coin: 3hYHxPcVgM - analiz 40s sonra
04:16:40 INFO    [warn] Takip edilen cuzdan yok - once skorlayip takibe alin
04:16:40 INFO    [info] Yeni coin: 2evgSgJ858 - analiz 40s sonra
04:16:41 INFO    [info] Yeni coin: 4VRUSBLM2M - analiz 40s sonra
04:16:41 INFO    [info] Yeni coin: BoZp491G4S - analiz 40s sonra
04:16:42 INFO    [info] Yeni coin: 3SXLDaZDPX - analiz 40s sonra
04:16:46 INFO    [info] Yeni coin: GbfhRG9sgR - analiz 40s sonra
04:16:46 INFO    [info] Yeni coin: AC8gTxqK5B - analiz 40s sonra
04:16:47 INFO    [info] Yeni coin: 9z54HyLEk3 - analiz 40s sonra
04:16:49 INFO    [info] Yeni coin: J5wUC5M4C7 - analiz 40s sonra
04:16:49 INFO    [info] Yeni coin: AtEZ4uNrDP - analiz 40s sonra
04:16:49 INFO    [info] Yeni coin: J88cc2Q77e - analiz 40s sonra
04:16:52 INFO    [info] Yeni coin: JE8S6gsvn5 - analiz 40s sonra
04:16:54 INFO    [info] Yeni coin: 6q2ofpDGkQ - analiz 40s sonra
04:16:55 INFO    [info] Yeni coin: H2fX3vFtg6 - analiz 40s sonra
04:16:56 INFO    [info] Yeni coin: 8od7tkQgW9 - analiz 40s sonra
04:16:56 INFO    [info] Yeni coin: cdWa5ysQoD - analiz 40s sonra
04:16:56 INFO    [info] Yeni coin: 4LZ4qchDfF - analiz 40s sonra
04:16:57 WARNING RPC hiz limiti (429) - RPC_RPS dusurun veya plani yukseltin
04:16:57 INFO    [info] Yeni coin: Cndr5pA6Ru - analiz 40s sonra
04:16:58 INFO    [info] Yeni coin: HXWTMsrLk2 - analiz 40s sonra
04:16:58 INFO    [info] Yeni coin: 52uKpHsCVN - analiz 40s sonra
04:16:58 INFO    [info] Yeni coin: D3Mxocx9D3 - analiz 40s sonra
04:16:58 INFO    [info] Yeni coin: 7UFbqKjiqw - analiz 40s sonra
04:16:59 INFO    [info] Yeni coin: Ch8iD9NzvK - analiz 40s sonra
04:17:00 INFO    [info] Yeni coin: Hmcho1puAc - analiz 40s sonra
04:17:01 INFO    [info] Yeni coin: 9RdjTHfuyj - analiz 40s sonra
04:17:02 INFO    [info] Yeni coin: CExhtQCwrV - analiz 40s sonra
04:17:03 INFO    [info] Yeni coin: CYSpTqio8P - analiz 40s sonra
04:17:03 INFO    [info] Yeni coin: CxzD1CeLcx - analiz 40s sonra
04:17:03 INFO    [info] Yeni coin: 9cYRE9n1cD - analiz 40s sonra
04:17:03 INFO    [info] Yeni coin: Ci5dmgn1xM - analiz 40s sonra
04:17:05 INFO    [info] Yeni coin: 21nmE4QzH2 - analiz 40s sonra
04:17:10 INFO    [info] Yeni coin: 9Tn5UwJiDw - analiz 40s sonra
04:17:11 INFO    [info] Yeni coin: 6zt91KLaf6 - analiz 40s sonra
04:17:11 INFO    [info] Yeni coin: GNDakwjDQo - analiz 40s sonra
04:17:12 INFO    [info] Yeni coin: aLdigqmuwo - analiz 40s sonra
04:17:12 INFO    [info] Yeni coin: 4aJ5MhJJqo - analiz 40s sonra
04:17:13 INFO    [info] Yeni coin: HLFxXZEfhE - analiz 40s sonra
04:17:13 INFO    [info] Yeni coin: 6cuXjg2HHw - analiz 40s sonra
04:17:13 INFO    [info] Yeni coin: DThzCnpgeN - analiz 40s sonra
04:17:14 INFO    [info] Yeni coin: CQ54X8QuGW - analiz 40s sonra
04:17:15 INFO    [info] Yeni coin: dqDGtqqfdz - analiz 40s sonra
04:17:16 WARNING RPC hiz limiti (429) - RPC_RPS dusurun veya plani yukseltin
04:17:16 INFO    [info] Yeni coin: HvbA8MY9ki - analiz 40s sonra
04:17:16 INFO    [info] Yeni coin: ByLar8XBuQ - analiz 40s sonra
04:17:16 INFO    [info] Yeni coin: 4ZqbkFWNRb - analiz 40s sonra
04:17:18 INFO    [info] Yeni coin: CJcjc7Pnmu - analiz 40s sonra
04:17:19 INFO    [info] Yeni coin: CiSSthVywU - analiz 40s sonra
04:17:20 INFO    [info] Yeni coin: Fvuoyeabp4 - analiz 40s sonra
04:17:20 INFO    [info] Yeni coin: AUyhSSe8xC - analiz 40s sonra
04:17:21 INFO    [info] Yeni coin: 2LHzdTmwE1 - analiz 40s sonra
04:17:21 INFO    [info] Yeni coin: 5BRBpfp8qd - analiz 40s sonra
04:17:24 INFO    [info] Yeni coin: 31rjZVQBq9 - analiz 40s sonra
04:17:24 INFO    [info] Yeni coin: FrSoEFHAWE - analiz 40s sonra
04:17:25 INFO    [info] Yeni coin: 472qsaJF59 - analiz 40s sonra
04:17:25 INFO    [info] Yeni coin: 59tWzTxs6N - analiz 40s sonra
04:17:29 INFO    [info] Yeni coin: Bp62VG3VbK - analiz 40s sonra
04:17:30 INFO    [info] Yeni coin: BRfNMX4RZW - analiz 40s sonra
04:17:31 INFO    [info] Yeni coin: DfDagZEVgy - analiz 40s sonra
04:17:32 INFO    [info] Yeni coin: 3KMVSL3fCz - analiz 40s sonra
04:17:35 INFO    [info] Yeni coin: 4GcbUEqeZ1 - analiz 40s sonra
04:17:36 INFO    [info] Yeni coin: 9RKEavPdm8 - analiz 40s sonra
04:17:36 INFO    [info] Yeni coin: CwL2qseAKi - analiz 40s sonra
04:17:37 INFO    [info] Yeni coin: FEvN69hvBt - analiz 40s sonra
04:17:37 WARNING RPC hiz limiti (429) - RPC_RPS dusurun veya plani yukseltin
04:17:38 INFO    [info] Yeni coin: ArFLymVqkm - analiz 40s sonra
04:17:38 INFO    [info] Yeni coin: B9qPXGV61B - analiz 40s sonra
04:17:39 INFO    [info] Yeni coin: 9Jo8g1uCwV - analiz 40s sonra
04:17:40 INFO    [info] Yeni coin: 5dKDVCH2FU - analiz 40s sonra
04:17:43 INFO    [info] Yeni coin: GPoEuxQ47D - analiz 40s sonra
04:17:44 INFO    [info] Yeni coin: M7Wvu1xBtd - analiz 40s sonra
04:17:44 INFO    [info] Yeni coin: AYRYEMzJyD - analiz 40s sonra
04:17:45 INFO    [info] Yeni coin: 24xCG9pJqw - analiz 40s sonra
04:17:46 INFO    [info] Yeni coin: 2T5VbfiA8r - analiz 40s sonra
04:17:46 INFO    [info] Yeni coin: BgzQwJpguh - analiz 40s sonra
04:17:46 INFO    [info] Yeni coin: Ds7SBsWUEZ - analiz 40s sonra
04:17:47 INFO    [info] Yeni coin: 2anV38kF8L - analiz 40s sonra
04:17:48 INFO    [info] Yeni coin: APddkYAbZL - analiz 40s sonra
04:17:48 INFO    [info] Yeni coin: BELD46zKrY - analiz 40s sonra
04:17:52 INFO    [info] Yeni coin: 9fo6U5yJ9R - analiz 40s sonra
04:17:52 INFO    [info] Yeni coin: 6ShZLp16dF - analiz 40s sonra
04:17:53 INFO    [info] Yeni coin: 5zoNicTohp - analiz 40s sonra
04:17:53 INFO    [info] Yeni coin: A2n8DkTrXx - analiz 40s sonra
04:17:53 INFO    [info] Yeni coin: 3aLmMnCThC - analiz 40s sonra
04:17:53 INFO    [info] Yeni coin: 4pgyhKnsK3 - analiz 40s sonra
04:17:54 INFO    [info] Yeni coin: HiyQajEfMv - analiz 40s sonra
04:17:58 INFO    [info] Yeni coin: BzQZ7PJKvW - analiz 40s sonra
04:18:01 INFO    [info] Yeni coin: b8Ci9HM145 - analiz 40s sonra
04:18:03 INFO    [info] Yeni coin: 8UfVLfKMez - analiz 40s sonra
04:18:07 INFO    [info] Yeni coin: 3tXBsF23E6 - analiz 40s sonra
04:18:17 WARNING RPC hiz limiti (429) - RPC_RPS dusurun veya plani yukseltin
04:18:19 INFO    [info] Yeni coin: 7zbrEiPzb3 - analiz 40s sonra
04:18:20 INFO    [info] Yeni coin: 9bvZmfCmsh - analiz 40s sonra
04:18:21 INFO    [info] Yeni coin: 8gSgbsNWuE - analiz 40s sonra
04:18:21 INFO    [info] Yeni coin: DAPQmywDYo - analiz 40s sonra
04:18:26 INFO    [info] Yeni coin: CKvNL5wttW - analiz 40s sonra
04:18:26 INFO    [info] Yeni coin: 7HE9XLDabF - analiz 40s sonra
04:18:32 INFO    [info] Yeni coin: BuBqz9FUq1 - analiz 40s sonra
04:18:35 INFO    [info] Yeni coin: 7EqEeiXgEc - analiz 40s sonra
04:18:38 WARNING RPC hiz limiti (429) - RPC_RPS dusurun veya plani yukseltin
04:18:40 INFO    [warn] Takip edilen cuzdan yok - once skorlayip takibe alin
04:18:43 INFO    [info] Yeni coin: ErYJBxDLj5 - analiz 40s sonra
04:18:44 INFO    [info] Yeni coin: 3Cs9rVac6A - analiz 40s sonra
04:18:51 INFO    [info] Yeni coin: B7UQkkLkA4 - analiz 40s sonra
04:18:52 INFO    [info] Yeni coin: AmXbbhitwz - analiz 40s sonra
04:18:52 INFO    [info] Yeni coin: 2QnmB7Q7R8 - analiz 40s sonra
04:18:53 INFO    [info] Yeni coin: JJwqmAGKn9 - analiz 40s sonra
04:18:54 INFO    [info] Yeni coin: DMdJmWETfh - analiz 40s sonra
04:18:56 INFO    [info] Yeni coin: HAEfHDKVks - analiz 40s sonra
04:18:56 INFO    [info] Yeni coin: xWpfZFeBLT - analiz 40s sonra
04:18:59 INFO    [info] Yeni coin: FHUBizPDft - analiz 40s sonra
04:19:01 INFO    [info] Yeni coin: 9xc3Cq4wvX - analiz 40s sonra
04:19:01 INFO    [info] Yeni coin: 2XxvHxGLky - analiz 40s sonra
04:19:13 WARNING RPC hiz limiti (429) - RPC_RPS dusurun veya plani yukseltin
04:19:17 INFO    [info] Yeni coin: 5sqtk6c6U5 - analiz 40s sonra
04:19:29 INFO    [info] Yeni coin: 25AA5DMMEV - analiz 40s sonra
04:19:29 INFO    [info] Yeni coin: 6AFF1soGNH - analiz 40s sonra
04:19:29 INFO    [info] Yeni coin: 8u1XWDg6X8 - analiz 40s sonra
04:19:30 INFO    [info] Yeni coin: 5DdFjaLL1s - analiz 40s sonra
04:19:30 INFO    [info] Yeni coin: 2oF2Cvch3A - analiz 40s sonra
04:19:31 INFO    [info] Yeni coin: x61ZE3EMjG - analiz 40s sonra
04:19:32 INFO    [info] Yeni coin: 3YcreVUEak - analiz 40s sonra
04:19:38 WARNING RPC hiz limiti (429) - RPC_RPS dusurun veya plani yukseltin
04:19:39 INFO    [info] Yeni coin: tpto9pZDPc - analiz 40s sonra
04:19:39 INFO    [info] Yeni coin: EvVCzBfwfK - analiz 40s sonra
04:19:47 INFO    [info] Yeni coin: HNMEd4o9t9 - analiz 40s sonra
04:19:48 INFO    [info] Yeni coin: jCzrG2DcoL - analiz 40s sonra
04:19:58 INFO    [info] Yeni coin: wphSJR7EEw - analiz 40s sonra
04:20:17 WARNING RPC hiz limiti (429) - RPC_RPS dusurun veya plani yukseltin
04:20:23 INFO    [info] Yeni coin: 2YeeCYb5Gg - analiz 40s sonra
04:20:30 INFO    [info] Yeni coin: THTWTaSF2c - analiz 40s sonra
04:20:36 INFO    [info] Yeni coin: 5Lf2DczsMe - analiz 40s sonra
04:20:41 INFO    [warn] Takip edilen cuzdan yok - once skorlayip takibe alin
04:20:41 INFO    [info] Yeni coin: 92bgjaHKGi - analiz 40s sonra
04:20:47 INFO    [info] Yeni coin: 5qz1cj54gv - analiz 40s sonra
04:20:50 INFO    [info] Yeni coin: 5U9pc6n97A - analiz 40s sonra
04:20:53 INFO    [info] Yeni coin: 3tCzT2QUSP - analiz 40s sonra
04:20:57 INFO    [info] Yeni coin: 2Hsbzkj1ZX - analiz 40s sonra
04:20:58 WARNING RPC hiz limiti (429) - RPC_RPS dusurun veya plani yukseltin
04:20:59 INFO    [info] Yeni coin: 4UhBrSNkDf - analiz 40s sonra
04:21:01 INFO    [info] Yeni coin: 43CZxPG8Gk - analiz 40s sonra
04:21:02 INFO    [info] Yeni coin: ACqZz3TtN1 - analiz 40s sonra
04:21:03 INFO    [info] Yeni coin: 6DVehzMswN - analiz 40s sonra
04:21:09 INFO    [info] Yeni coin: 7xqDpgrHh1 - analiz 40s sonra
04:21:13 INFO    [info] Yeni coin: GhnKmFKQCw - analiz 40s sonra
04:21:21 WARNING RPC hiz limiti (429) - RPC_RPS dusurun veya plani yukseltin
04:21:21 INFO    [info] Yeni coin: AmTdcXA99R - analiz 40s sonra
04:21:21 INFO    [info] Yeni coin: E2CKSX7Axz - analiz 40s sonra
04:21:22 INFO    [info] Yeni coin: GCbxZL7rDP - analiz 40s sonra
04:21:22 INFO    [info] Yeni coin: HFQP5qMxiN - analiz 40s sonra
04:21:23 INFO    [info] Yeni coin: HmpPT7LrJg - analiz 40s sonra
04:21:23 INFO    [info] Yeni coin: D1i27p4UbQ - analiz 40s sonra
04:21:23 INFO    [info] Yeni coin: nKp23VKeGp - analiz 40s sonra
04:21:23 INFO    [info] Yeni coin: BXsSW7SnET - analiz 40s sonra
04:21:39 INFO    [info] Yeni coin: 4UDH3eUxEP - analiz 40s sonra
04:21:40 INFO    [info] Yeni coin: 9NkVkXPStR - analiz 40s sonra
04:21:42 INFO    [info] Yeni coin: 3VFBJZgJGr - analiz 40s sonra
04:21:43 INFO    [info] Yeni coin: 9s2n6UXLWH - analiz 40s sonra
04:21:44 INFO    [info] Yeni coin: 6X3kNm5fB4 - analiz 40s sonra
04:21:53 INFO    [info] Yeni coin: FaUrNJPCfX - analiz 40s sonra
04:21:53 INFO    [info] Yeni coin: 6hyN3sk3o6 - analiz 40s sonra
04:21:53 INFO    [info] Yeni coin: Bptxfy4CHT - analiz 40s sonra
04:21:59 WARNING RPC hiz limiti (429) - RPC_RPS dusurun veya plani yukseltin
04:22:08 INFO    [info] Yeni coin: 5k22CoFKQC - analiz 40s sonra
04:22:08 INFO    [info] Yeni coin: 8sxbUkkktA - analiz 40s sonra
04:22:12 INFO    [info] Yeni coin: AsU3TqfmgR - analiz 40s sonra
04:22:15 INFO    [info] Yeni coin: BBYcA1Szxg - analiz 40s sonra
04:22:17 INFO    [info] Yeni coin: GrmhvPyaHW - analiz 40s sonra
04:22:20 INFO    [info] Yeni coin: AbFJV4hT5c - analiz 40s sonra
04:22:23 INFO    [info] Yeni coin: ASYb1CCVXu - analiz 40s sonra
04:22:27 INFO    [info] Yeni coin: 792u7XG6Vi - analiz 40s sonra
04:22:32 INFO    [info] Yeni coin: 5J9iETXd2V - analiz 40s sonra
04:22:32 INFO    [info] Yeni coin: BhSHeGQXGR - analiz 40s sonra
04:22:34 INFO    [info] Yeni coin: HS89SKVxd6 - analiz 40s sonra
04:22:37 WARNING RPC hiz limiti (429) - RPC_RPS dusurun veya plani yukseltin
04:22:40 INFO    [info] Yeni coin: 5mH155ePpN - analiz 40s sonra
04:22:41 INFO    [warn] Takip edilen cuzdan yok - once skorlayip takibe alin
04:22:44 INFO    [info] Yeni coin: kuRemGjn7j - analiz 40s sonra
04:22:46 INFO    [info] Yeni coin: DrgW8Luj1x - analiz 40s sonra
04:22:51 INFO    [info] Yeni coin: FeNFP73E13 - analiz 40s sonra
04:22:52 INFO    [info] Yeni coin: DqdjNykfLb - analiz 40s sonra
04:22:52 INFO    [info] Yeni coin: 22VdCk6jmS - analiz 40s sonra
04:22:53 INFO    [info] Yeni coin: 7JkmRSAJ1a - analiz 40s sonra
04:22:54 INFO    [info] Yeni coin: BRbSXK6uwU - analiz 40s sonra
04:22:56 INFO    [info] Yeni coin: BZ9i3p2KY6 - analiz 40s sonra
04:22:58 WARNING RPC hiz limiti (429) - RPC_RPS dusurun veya plani yukseltin
04:23:05 INFO    [info] Yeni coin: 9st31iAccC - analiz 40s sonra
04:23:08 INFO    [info] Yeni coin: 9EbcxT9LyT - analiz 40s sonra
04:23:09 INFO    [info] Yeni coin: 4s4ryCHUaY - analiz 40s sonra
04:23:09 INFO    [info] Yeni coin: CttBxQwmMo - analiz 40s sonra
04:23:10 INFO    [info] Yeni coin: CNdKmzNNG8 - analiz 40s sonra
04:23:19 INFO    [info] Yeni coin: BAtC1RAWZb - analiz 40s sonra
04:23:21 WARNING RPC hiz limiti (429) - RPC_RPS dusurun veya plani yukseltin
04:23:32 INFO    [info] Yeni coin: BmFfYGML3X - analiz 40s sonra
04:23:33 INFO    [info] Yeni coin: LLSSAViP6x - analiz 40s sonra
04:23:34 INFO    [info] Yeni coin: CusRMVAbTz - analiz 40s sonra
04:23:39 INFO    [info] Yeni coin: D2E6CcLF7z - analiz 40s sonra
04:23:39 INFO    [info] Yeni coin: C2gYzYv26y - analiz 40s sonra
04:23:44 INFO    [info] Yeni coin: T7gww7jg78 - analiz 40s sonra
04:23:58 WARNING RPC hiz limiti (429) - RPC_RPS dusurun veya plani yukseltin
04:23:58 INFO    [info] Yeni coin: GsPVNGi5zY - analiz 40s sonra
04:23:58 INFO    [info] Yeni coin: 8QMQBgUyUB - analiz 40s sonra
04:23:58 INFO    [info] Yeni coin: 4witm5Mm6W - analiz 40s sonra
04:24:03 INFO    [info] Yeni coin: zp6ursHKDH - analiz 40s sonra
04:24:05 INFO    [info] Yeni coin: Dv93YikJ4g - analiz 40s sonra
04:24:10 INFO    [info] Yeni coin: ABwfBG51ao - analiz 40s sonra
04:24:20 INFO    [info] Yeni coin: 88j7KVt8Gk - analiz 40s sonra
04:24:21 INFO    [info] Yeni coin: H5pRReQe8X - analiz 40s sonra
04:24:22 INFO    [info] Yeni coin: EkWmz98s5n - analiz 40s sonra
04:24:23 WARNING RPC hiz limiti (429) - RPC_RPS dusurun veya plani yukseltin
04:24:25 INFO    [info] Yeni coin: HSAAPUfFx6 - analiz 40s sonra
04:24:25 INFO    [info] Yeni coin: BMeYLA9HGb - analiz 40s sonra
04:24:32 INFO    [info] Yeni coin: D4VmoWeaZE - analiz 40s sonra
04:24:34 INFO    [info] Yeni coin: Hi7uUckQWx - analiz 40s sonra
04:24:41 INFO    [warn] Takip edilen cuzdan yok - once skorlayip takibe alin
04:24:42 INFO    [info] Yeni coin: HzXHhuyULi - analiz 40s sonra
04:24:45 INFO    [info] Yeni coin: 46zwyNDT7D - analiz 40s sonra
04:24:51 INFO    [info] Yeni coin: 6EM7N12Atd - analiz 40s sonra
04:24:53 INFO    [info] Yeni coin: J78fAvTc1i - analiz 40s sonra
04:24:54 WARNING RPC hiz limiti (429) - RPC_RPS dusurun veya plani yukseltin
04:24:54 INFO    [info] Yeni coin: 12cs6wkNDE - analiz 40s sonra
04:25:01 INFO    [info] Yeni coin: HqeScNKo5m - analiz 40s sonra
04:25:07 INFO    [info] Yeni coin: HoKbceFeNW - analiz 40s sonra
04:25:12 INFO    [info] Yeni coin: 6J42UpzKVV - analiz 40s sonra
04:25:13 INFO    [info] Yeni coin: EhF1YyxQ37 - analiz 40s sonra
04:25:16 INFO    [info] Yeni coin: 6iHJFQ8jAD - analiz 40s sonra
04:25:22 WARNING RPC hiz limiti (429) - RPC_RPS dusurun veya plani yukseltin
04:25:22 INFO    [info] Yeni coin: 6LrYm8czQK - analiz 40s sonra
04:25:23 INFO    [info] Yeni coin: 2rR7PmSUcG - analiz 40s sonra
04:25:23 INFO    [info] Yeni coin: Gi475bW5BH - analiz 40s sonra
04:25:23 INFO    [info] Yeni coin: BUd8QZcCQ4 - analiz 40s sonra
04:25:23 INFO    [info] Yeni coin: AGCoU8D5jW - analiz 40s sonra
04:25:30 INFO    [info] Yeni coin: 7BcNr8rcQK - analiz 40s sonra
04:25:33 INFO    [info] Yeni coin: 12jgKfAs5d - analiz 40s sonra
04:25:37 INFO    [info] Yeni coin: nFXFvpvJ2T - analiz 40s sonra
04:25:44 INFO    [info] Yeni coin: CjawjM2Uok - analiz 40s sonra
04:25:47 INFO    [info] Yeni coin: 96LrhL4oLu - analiz 40s sonra
04:25:48 INFO    [info] Yeni coin: 6An2WjsnD7 - analiz 40s sonra
04:25:49 INFO    [info] Yeni coin: 131ko1nr1h - analiz 40s sonra
04:25:51 INFO    [info] Yeni coin: CGsUF5QDWu - analiz 40s sonra
04:25:51 INFO    [info] Yeni coin: EMLY71Crsu - analiz 40s sonra
04:25:52 INFO    [info] Yeni coin: 3DMbCgfqG4 - analiz 40s sonra
04:25:52 INFO    [info] Yeni coin: 8LKEtnaiyS - analiz 40s sonra
04:26:01 WARNING RPC hiz limiti (429) - RPC_RPS dusurun veya plani yukseltin
04:26:05 INFO    [info] Yeni coin: AnQYEAcJAt - analiz 40s sonra
04:26:05 INFO    [info] Yeni coin: DSKMsYyygk - analiz 40s sonra
04:26:10 INFO    [info] Yeni coin: AAyKFw88Jn - analiz 40s sonra
04:26:13 INFO    [info] Yeni coin: ET133CivHf - analiz 40s sonra
04:26:19 INFO    [info] Yeni coin: 5WzCVQriR7 - analiz 40s sonra
04:26:23 INFO    [info] Yeni coin: 59C33Kk2HK - analiz 40s sonra
04:26:24 WARNING RPC hiz limiti (429) - RPC_RPS dusurun veya plani yukseltin
04:26:24 INFO    [info] Yeni coin: CmtZbobCKu - analiz 40s sonra
04:26:25 INFO    [info] Yeni coin: F73KsaNkch - analiz 40s sonra
04:26:31 INFO    [info] Yeni coin: FcA7QkC8QV - analiz 40s sonra
04:26:32 INFO    [info] Yeni coin: J3BgyecuPW - analiz 40s sonra
04:26:32 INFO    [info] Yeni coin: CkPk2K36FU - analiz 40s sonra
04:26:33 INFO    [info] Yeni coin: DkybvGV7mj - analiz 40s sonra
04:26:34 INFO    [info] Yeni coin: 7NnNfR2mZb - analiz 40s sonra
04:26:38 INFO    [info] Yeni coin: CYBiJCx5Qd - analiz 40s sonra
04:26:38 INFO    [info] Yeni coin: DBFmsyPzCD - analiz 40s sonra
04:26:39 INFO    [info] Yeni coin: 5r37FwNF6c - analiz 40s sonra
04:26:39 INFO    [info] Yeni coin: FmZiUrntPo - analiz 40s sonra
04:26:41 INFO    [warn] Takip edilen cuzdan yok - once skorlayip takibe alin
04:26:42 INFO    [info] Yeni coin: FvWvEcLE43 - analiz 40s sonra
04:26:44 INFO    [info] Yeni coin: JDFdY8f38v - analiz 40s sonra
04:26:45 INFO    [info] Yeni coin: E7z7AhNP2D - analiz 40s sonra
04:26:45 WARNING RPC hiz limiti (429) - RPC_RPS dusurun veya plani yukseltin
04:26:46 INFO    [info] Yeni coin: BgbpYMjniV - analiz 40s sonra
04:26:47 INFO    [info] Yeni coin: FQLU6nTZAa - analiz 40s sonra
04:26:49 INFO    [info] Yeni coin: 7sDGQcXmdv - analiz 40s sonra
04:26:50 INFO    [info] Yeni coin: EKox1eUy4S - analiz 40s sonra
04:26:50 INFO    [info] Yeni coin: 2aqR45QirE - analiz 40s sonra
04:26:51 INFO    [info] Yeni coin: 9UGyMRX8Qw - analiz 40s sonra
04:26:52 INFO    [info] Yeni coin: 4uodjxpHLC - analiz 40s sonra
04:26:54 INFO    [info] Yeni coin: 6ztBwFtEZJ - analiz 40s sonra
04:26:54 INFO    [info] Yeni coin: GrmXgyXWvA - analiz 40s sonra
04:26:55 INFO    [info] Yeni coin: 9dvdXyy5Pv - analiz 40s sonra
04:26:56 INFO    [info] Yeni coin: 33gJtYZY5a - analiz 40s sonra
04:26:57 INFO    [info] Yeni coin: 43nRfHZarv - analiz 40s sonra
04:26:57 INFO    [info] Yeni coin: BGTdbAKLfb - analiz 40s sonra
04:27:10 WARNING RPC hiz limiti (429) - RPC_RPS dusurun veya plani yukseltin
04:27:12 INFO    [info] Yeni coin: 7zTKCWce5Y - analiz 40s sonra
04:27:23 INFO    [info] Yeni coin: CP5d7QZg6w - analiz 40s sonra
04:27:23 INFO    [info] Yeni coin: 7paXzxMDJh - analiz 40s sonra
04:27:23 INFO    [info] Yeni coin: 3FzJqqt5U6 - analiz 40s sonra
04:27:25 INFO    [info] Yeni coin: CyWXFiPZig - analiz 40s sonra
04:27:28 INFO    [info] Yeni coin: om4QbzWGwC - analiz 40s sonra
04:27:29 INFO    [info] Yeni coin: BjBVB5MhAi - analiz 40s sonra
04:27:30 INFO    [info] Yeni coin: 6HKhao3EvE - analiz 40s sonra
04:27:30 INFO    [info] Yeni coin: FSfCBkckf1 - analiz 40s sonra
04:27:32 INFO    [info] Yeni coin: FRP3CRgdmJ - analiz 40s sonra
04:27:33 INFO    [info] Yeni coin: ppUd9sc3CR - analiz 40s sonra
04:27:36 INFO    [info] Yeni coin: 271xGuQTxw - analiz 40s sonra
04:27:36 INFO    [info] Yeni coin: 7NK4ToNkcS - analiz 40s sonra
04:27:36 WARNING RPC hiz limiti (429) - RPC_RPS dusurun veya plani yukseltin
04:27:37 INFO    [info] Yeni coin: 52qVnDNUqM - analiz 40s sonra
04:27:38 INFO    [info] Yeni coin: GRo6uRE2wq - analiz 40s sonra
04:27:39 INFO    [info] Yeni coin: 68sQLkPeZY - analiz 40s sonra
04:27:40 INFO    [info] Yeni coin: EdBqzXrN6y - analiz 40s sonra
04:27:41 INFO    [info] Yeni coin: G9aLELDbc7 - analiz 40s sonra
04:27:41 INFO    [info] Yeni coin: 7xn2kabWw2 - analiz 40s sonra
04:27:41 INFO    [info] Yeni coin: 24xCZpRzbX - analiz 40s sonra
04:27:42 INFO    [info] Yeni coin: C6MdXbmn3D - analiz 40s sonra
04:27:44 INFO    [info] Yeni coin: Eyvdzgjq37 - analiz 40s sonra
04:27:45 INFO    [info] Yeni coin: HJRNeYWfrd - analiz 40s sonra
04:27:45 INFO    [info] Yeni coin: 2pNrpXiAre - analiz 40s sonra
04:27:46 INFO    [info] Yeni coin: DpyvCM7MXo - analiz 40s sonra
04:27:46 INFO    [info] Yeni coin: GxvZnj9XHG - analiz 40s sonra
04:27:49 INFO    [info] Yeni coin: 7Vhab8EFRe - analiz 40s sonra
04:27:50 INFO    [info] Yeni coin: CiF563RyHs - analiz 40s sonra
04:27:51 INFO    [info] Yeni coin: GMFEvh6YSZ - analiz 40s sonra
04:27:51 INFO    [info] Yeni coin: 4EXsRAjdMF - analiz 40s sonra
04:27:51 INFO    [info] Yeni coin: EtCsTWGPE9 - analiz 40s sonra
04:27:53 WARNING RPC hiz limiti (429) - RPC_RPS dusurun veya plani yukseltin
04:27:54 INFO    [info] Yeni coin: 4yER7SnFAU - analiz 40s sonra
04:27:55 INFO    [info] Yeni coin: 9FXwBCZPgM - analiz 40s sonra
04:27:55 INFO    [info] Yeni coin: AfZS9QH2er - analiz 40s sonra
04:27:57 INFO    [info] Yeni coin: Brcy3LXX66 - analiz 40s sonra
04:28:03 INFO    [info] Yeni coin: A5uuN2BRb7 - analiz 40s sonra
04:28:05 INFO    [info] Yeni coin: Ge39cF2zAW - analiz 40s sonra
04:28:06 INFO    [info] Yeni coin: FMPKipzZsQ - analiz 40s sonra
04:28:06 INFO    [info] Yeni coin: 58vVSd4ePS - analiz 40s sonra
04:28:10 INFO    [info] Yeni coin: BRgLtFBK3g - analiz 40s sonra
04:28:11 INFO    [info] Yeni coin: 5HDLh1ddT6 - analiz 40s sonra
04:28:12 INFO    [info] Yeni coin: 8zAy5fYnGk - analiz 40s sonra
04:28:13 INFO    [info] Yeni coin: ALvLhe2Q6K - analiz 40s sonra
04:28:13 INFO    [info] Yeni coin: hPVCq3wsft - analiz 40s sonra
04:28:13 INFO    [info] Yeni coin: FragDYvfN1 - analiz 40s sonra
04:28:16 INFO    [info] Yeni coin: 8pvFk4RnLB - analiz 40s sonra
04:28:19 INFO    [info] Yeni coin: 6bbZa11XJt - analiz 40s sonra
04:28:21 INFO    [info] Yeni coin: 5TU8teXSXw - analiz 40s sonra
04:28:29 WARNING RPC hiz limiti (429) - RPC_RPS dusurun veya plani yukseltin
04:28:29 INFO    [info] Yeni coin: BkVi3h7H7P - analiz 40s sonra
04:28:30 INFO    [info] Yeni coin: 8ZEhRZP2hN - analiz 40s sonra
04:28:37 INFO    [info] Yeni coin: 2cpzoowjxN - analiz 40s sonra
04:28:41 INFO    [warn] Takip edilen cuzdan yok - once skorlayip takibe alin
04:28:45 INFO    [info] Yeni coin: BAecoD8Nae - analiz 40s sonra
04:28:50 INFO    [info] Yeni coin: 4kbnpAQ1Zq - analiz 40s sonra
04:28:50 INFO    [info] Yeni coin: 516nMcCbMV - analiz 40s sonra
04:28:51 INFO    [info] Yeni coin: 6y7AdTuhdo - analiz 40s sonra
04:28:52 INFO    [info] Yeni coin: EHv5PVheWU - analiz 40s sonra
04:28:52 INFO    [info] Yeni coin: 5dnA7zkaHX - analiz 40s sonra
04:28:53 INFO    [info] Yeni coin: 3ZWQBxb21v - analiz 40s sonra
04:28:53 INFO    [info] Yeni coin: U7akqcLunF - analiz 40s sonra
04:28:54 INFO    [info] Yeni coin: 8eYNFCK72B - analiz 40s sonra
04:28:55 INFO    [info] Yeni coin: Gb653F5iKx - analiz 40s sonra
04:28:56 INFO    [info] Yeni coin: 9a4yEQbgob - analiz 40s sonra
04:28:56 INFO    [info] Yeni coin: BQhLNyFJeK - analiz 40s sonra
04:28:57 INFO    [info] Yeni coin: 3hhHG64jqC - analiz 40s sonra
04:28:58 WARNING RPC hiz limiti (429) - RPC_RPS dusurun veya plani yukseltin
04:28:59 INFO    [info] Yeni coin: ERHNCMsXY7 - analiz 40s sonra
04:29:00 INFO    [info] Yeni coin: Beu7gqz99z - analiz 40s sonra
04:29:00 INFO    [info] Yeni coin: 2UCQfjb2sv - analiz 40s sonra
04:29:01 INFO    [info] Yeni coin: FpxdYFzuT6 - analiz 40s sonra
04:29:01 INFO    [info] Yeni coin: 4tA7aapZYx - analiz 40s sonra
04:29:01 INFO    [info] Yeni coin: HirbWDDmbd - analiz 40s sonra
04:29:02 INFO    [info] Yeni coin: Eq35ceCX4F - analiz 40s sonra
04:29:03 INFO    [info] Yeni coin: 2G8Tvh4idV - analiz 40s sonra
04:29:04 INFO    [info] Yeni coin: FkjcWLgWTt - analiz 40s sonra
04:29:05 INFO    [info] Yeni coin: CrtQ8TE54q - analiz 40s sonra
04:29:05 INFO    [info] Yeni coin: DUy6Cw7bUx - analiz 40s sonra
04:29:05 INFO    [info] Yeni coin: 2osYEmj41b - analiz 40s sonra
04:29:06 INFO    [info] Yeni coin: 96ka1XyQ4f - analiz 40s sonra
04:29:07 INFO    [info] Yeni coin: HbkKbD8ySc - analiz 40s sonra
04:29:07 INFO    [info] Yeni coin: BwwCyGPYXd - analiz 40s sonra
04:29:08 INFO    [info] Yeni coin: Hc6w3Mo4Np - analiz 40s sonra
04:29:08 INFO    [info] Yeni coin: J8VPwE4orz - analiz 40s sonra
04:29:08 INFO    [info] Yeni coin: 59cmBJurgP - analiz 40s sonra
04:29:08 INFO    [info] Yeni coin: HQXQ19NxzU - analiz 40s sonra
04:29:09 INFO    [info] Yeni coin: 6DeUCQtvuU - analiz 40s sonra
04:29:09 INFO    [info] Yeni coin: BQc7Xoy7nv - analiz 40s sonra
04:29:09 INFO    [info] Yeni coin: 3xUdkeKVpq - analiz 40s sonra
04:29:10 INFO    [info] Yeni coin: 6ZEscYSYHM - analiz 40s sonra
04:29:10 INFO    [info] Yeni coin: H4zUL4DVNH - analiz 40s sonra
04:29:11 INFO    [info] Yeni coin: 9Wtd4QB5CP - analiz 40s sonra
04:29:13 INFO    [info] Yeni coin: 9WWNVBAv1b - analiz 40s sonra
04:29:13 INFO    [info] Yeni coin: 9ypLegP5f5 - analiz 40s sonra
04:29:13 INFO    [info] Yeni coin: DS3EFXLs4P - analiz 40s sonra
04:29:13 INFO    [info] Yeni coin: GtFNqefJ4N - analiz 40s sonra
04:29:14 INFO    [info] Yeni coin: G4P1CVAA6c - analiz 40s sonra
04:29:14 INFO    [info] Yeni coin: AcPEGmSuX1 - analiz 40s sonra
04:29:14 INFO    [info] Yeni coin: DZaGsyYxTj - analiz 40s sonra
04:29:15 INFO    [info] Yeni coin: 2aP4EQXzLv - analiz 40s sonra
04:29:18 INFO    [info] Yeni coin: 5Wu7WQGpkz - analiz 40s sonra
04:29:20 INFO    [info] Yeni coin: 7VZDc669R6 - analiz 40s sonra
04:29:21 WARNING RPC hiz limiti (429) - RPC_RPS dusurun veya plani yukseltin
04:29:25 INFO    [info] Yeni coin: rpSFhm7Hzq - analiz 40s sonra
04:29:26 INFO    [info] Yeni coin: EG27uK4wKD - analiz 40s sonra
04:29:29 INFO    [info] Yeni coin: 8EozSKEiCD - analiz 40s sonra
04:29:29 INFO    [info] Yeni coin: 6CWHtfGFt6 - analiz 40s sonra
04:29:30 INFO    [info] Yeni coin: Cuiq3BgiXw - analiz 40s sonra
04:29:31 INFO    [info] Yeni coin: 6vSSdSJrgi - analiz 40s sonra
04:29:34 INFO    [info] Yeni coin: HKv56Q2tym - analiz 40s sonra
04:29:34 INFO    [info] Yeni coin: CFXuLzfHZa - analiz 40s sonra
04:29:39 INFO    [info] Yeni coin: DgZC2tUofN - analiz 40s sonra
04:29:39 INFO    [info] Yeni coin: 7UuoDwyeCL - analiz 40s sonra
04:29:41 INFO    [info] Yeni coin: JBj3ZhgFHy - analiz 40s sonra
04:29:42 INFO    [info] Yeni coin: H1agtJVLVs - analiz 40s sonra
04:29:45 INFO    [info] Yeni coin: 6sqt5UPdM4 - analiz 40s sonra
04:29:50 WARNING RPC hiz limiti (429) - RPC_RPS dusurun veya plani yukseltin
04:29:53 INFO    [info] Yeni coin: AnqHhzmRSM - analiz 40s sonra
04:30:03 INFO    [info] Yeni coin: BxMvASyMEV - analiz 40s sonra
04:30:04 INFO    [info] Yeni coin: FJ9VwnkuU2 - analiz 40s sonra
04:30:08 INFO    [info] Yeni coin: 4vqind26Ds - analiz 40s sonra
04:30:09 INFO    [info] Yeni coin: FTPREVmDbo - analiz 40s sonra
04:30:11 INFO    [info] Yeni coin: 9eWEX2FcZS - analiz 40s sonra
04:30:18 WARNING RPC hiz limiti (429) - RPC_RPS dusurun veya plani yukseltin
04:30:19 INFO    [info] Yeni coin: 7LkrVvZbGq - analiz 40s sonra
04:30:21 INFO    [info] Yeni coin: 6P7zDLXcTV - analiz 40s sonra
04:30:22 INFO    [info] Yeni coin: 3XXSTnf7ds - analiz 40s sonra
04:30:26 INFO    [info] Yeni coin: 3L6F4E2oy1 - analiz 40s sonra
04:30:27 INFO    [info] Yeni coin: CdSd5fewjk - analiz 40s sonra
04:30:35 INFO    [info] Yeni coin: Am78mmoERL - analiz 40s sonra
04:30:37 INFO    [info] Yeni coin: EYrfett9Dh - analiz 40s sonra
04:30:37 INFO    [info] Yeni coin: 25n6QxGMj9 - analiz 40s sonra
04:30:38 WARNING RPC hiz limiti (429) - RPC_RPS dusurun veya plani yukseltin
04:30:41 INFO    [warn] Takip edilen cuzdan yok - once skorlayip takibe alin
04:30:43 INFO    [info] Yeni coin: 3PEDWmjVB3 - analiz 40s sonra
04:30:50 INFO    [info] Yeni coin: Ah8d7Fsg1C - analiz 40s sonra
04:30:59 INFO    [info] Yeni coin: ExmeBXeHcD - analiz 40s sonra
04:31:01 WARNING RPC hiz limiti (429) - RPC_RPS dusurun veya plani yukseltin
04:31:01 INFO    [info] Yeni coin: 4wTsqNF9bb - analiz 40s sonra
04:31:04 INFO    [info] Yeni coin: BXRtUrFvXY - analiz 40s sonra
04:31:12 INFO    [info] Yeni coin: AoM8LHUFpu - analiz 40s sonra
04:31:13 INFO    [info] Yeni coin: 89yP5emxe2 - analiz 40s sonra
04:31:16 INFO    [info] Yeni coin: 4Bv89BKYKx - analiz 40s sonra
04:31:17 INFO    [info] Yeni coin: 2CZRvFdHCw - analiz 40s sonra
04:31:19 INFO    [info] Yeni coin: 5xLSt1SXm1 - analiz 40s sonra
04:31:22 INFO    [info] Yeni coin: DTp6t5SPYf - analiz 40s sonra
04:31:22 INFO    [info] Yeni coin: 4cAaCAX4u3 - analiz 40s sonra
04:31:26 INFO    [info] Yeni coin: BbJ7DETK5J - analiz 40s sonra
04:31:26 INFO    [info] Yeni coin: 7UGfXKqFrA - analiz 40s sonra
04:31:31 WARNING RPC hiz limiti (429) - RPC_RPS dusurun veya plani yukseltin
04:31:33 INFO    [info] Yeni coin: 88t7U3WfSh - analiz 40s sonra
04:31:40 INFO    [info] Yeni coin: ELnCWKMY7S - analiz 40s sonra
04:31:44 INFO    [info] Yeni coin: GLGgYHvsji - analiz 40s sonra
04:31:44 INFO    [info] Yeni coin: EATAvbkfdM - analiz 40s sonra
04:31:45 INFO    [info] Yeni coin: 2jQrHtCRgR - analiz 40s sonra
04:31:46 INFO    [info] Yeni coin: 941w6VcMCF - analiz 40s sonra
04:31:48 INFO    [info] Yeni coin: 9Wpa46KRKk - analiz 40s sonra
04:31:48 INFO    [info] Yeni coin: DakDgafr8Y - analiz 40s sonra
04:31:48 INFO    [info] Yeni coin: 7Xg4fQnPt4 - analiz 40s sonra
04:31:48 INFO    [info] Yeni coin: AnrGh53svr - analiz 40s sonra
04:31:50 INFO    [info] Yeni coin: 7DRepcVQ8h - analiz 40s sonra
04:31:56 INFO    [info] Yeni coin: GMCcFp68E1 - analiz 40s sonra
04:31:58 INFO    [info] Yeni coin: FsGNx6K4pP - analiz 40s sonra
04:32:00 INFO    [info] Yeni coin: 9DHawMCrXk - analiz 40s sonra
04:32:04 INFO    [info] Yeni coin: DdRcRLbLA4 - analiz 40s sonra
04:32:04 INFO    [info] Yeni coin: CnUCD7aF2T - analiz 40s sonra
04:32:05 WARNING RPC hiz limiti (429) - RPC_RPS dusurun veya plani yukseltin
04:32:07 INFO    [info] Yeni coin: 6hHCquWzDr - analiz 40s sonra
04:32:12 INFO    [info] Yeni coin: GJKZVqMvjo - analiz 40s sonra
04:32:13 INFO    [info] Yeni coin: Ajf7zyFxzo - analiz 40s sonra
04:32:16 INFO    [info] Yeni coin: 2B3NFNRaS5 - analiz 40s sonra
04:32:17 INFO    [info] Yeni coin: 5GsaXmdMi5 - analiz 40s sonra
04:32:19 INFO    [info] Yeni coin: J6SpgzaKsn - analiz 40s sonra
04:32:31 INFO    [info] Yeni coin: 6MGKUQrMpp - analiz 40s sonra
04:32:34 INFO    [info] Yeni coin: 5VUeqTj1ym - analiz 40s sonra
04:32:37 INFO    [info] Yeni coin: 76boByDX8m - analiz 40s sonra
04:32:37 WARNING RPC hiz limiti (429) - RPC_RPS dusurun veya plani yukseltin
04:32:38 INFO    [info] Yeni coin: AkabWaLNNE - analiz 40s sonra
04:32:41 INFO    [info] Yeni coin: DPh4pp6PPD - analiz 40s sonra
04:32:41 INFO    [warn] Takip edilen cuzdan yok - once skorlayip takibe alin
04:32:42 INFO    [info] Yeni coin: 6NudSYbGb8 - analiz 40s sonra
04:32:46 INFO    [info] Yeni coin: 4ZYKgU8vMT - analiz 40s sonra
04:32:49 INFO    [info] Yeni coin: 4GJfzNFJdc - analiz 40s sonra
04:32:50 INFO    [info] Yeni coin: NiEyJucWK9 - analiz 40s sonra
04:32:53 INFO    [info] Yeni coin: 7mTopxzkUR - analiz 40s sonra
04:32:53 INFO    [info] Yeni coin: 9L7dcN2syd - analiz 40s sonra
04:32:57 INFO    [info] Yeni coin: CymfgzwdHY - analiz 40s sonra
04:32:58 INFO    [info] Yeni coin: 46ukGVVCHr - analiz 40s sonra
04:32:58 WARNING RPC hiz limiti (429) - RPC_RPS dusurun veya plani yukseltin
04:33:02 INFO    [info] Yeni coin: 3Kop8Aoasd - analiz 40s sonra
04:33:11 INFO    [info] Yeni coin: G8C4jno1LV - analiz 40s sonra
04:33:12 INFO    [info] Yeni coin: AMKw1jyGqc - analiz 40s sonra
04:33:20 INFO    [info] Yeni coin: B41VopTSRt - analiz 40s sonra
04:33:27 INFO    [info] Yeni coin: 7G8b8abxGE - analiz 40s sonra
04:33:27 INFO    [info] Yeni coin: AnJrFNXvK1 - analiz 40s sonra
04:33:38 INFO    [info] Yeni coin: E1gqCQ2FJV - analiz 40s sonra
04:33:39 WARNING RPC hiz limiti (429) - RPC_RPS dusurun veya plani yukseltin
04:33:40 INFO    [info] Yeni coin: 5rH1Hh5Mh6 - analiz 40s sonra
04:33:41 INFO    [info] Yeni coin: 4ojTnH2kvs - analiz 40s sonra
04:33:45 INFO    [info] Yeni coin: 8fi98oF5US - analiz 40s sonra
04:33:54 INFO    [info] Yeni coin: APYtQirCra - analiz 40s sonra
04:33:55 INFO    [info] Yeni coin: EWNsqqnwm5 - analiz 40s sonra
04:33:56 INFO    [info] Yeni coin: FoWng28ohF - analiz 40s sonra
04:33:56 INFO    [info] Yeni coin: 5M383mPJXb - analiz 40s sonra
04:34:03 INFO    [info] Yeni coin: Aop77TgtKM - analiz 40s sonra
04:34:04 WARNING RPC hiz limiti (429) - RPC_RPS dusurun veya plani yukseltin
04:34:06 INFO    [info] Yeni coin: 9CPxZBYyu8 - analiz 40s sonra
04:34:08 INFO    [info] Yeni coin: Exrpki8fDC - analiz 40s sonra
04:34:12 INFO    [info] Yeni coin: 8pjRoXxMVX - analiz 40s sonra
04:34:13 INFO    [info] Yeni coin: 3e6uyCi2k3 - analiz 40s sonra
04:34:13 INFO    [info] Yeni coin: 3gJhFLMJwQ - analiz 40s sonra
04:34:13 INFO    [info] Yeni coin: 8XHnABZ48y - analiz 40s sonra
04:34:15 INFO    [info] Yeni coin: 5M5LyQozpi - analiz 40s sonra
04:34:25 INFO    [info] Yeni coin: G6RamPWW8p - analiz 40s sonra
04:34:26 INFO    [info] Yeni coin: Djr6nrDfBo - analiz 40s sonra
04:34:30 INFO    [info] Yeni coin: 5tjKUMskog - analiz 40s sonra
04:34:34 INFO    [info] Yeni coin: ETjfd4SBBq - analiz 40s sonra
04:34:37 WARNING RPC hiz limiti (429) - RPC_RPS dusurun veya plani yukseltin
04:34:41 INFO    [warn] Takip edilen cuzdan yok - once skorlayip takibe alin
04:34:43 INFO    [info] Yeni coin: FE9i5nKLRV - analiz 40s sonra
04:34:43 INFO    [info] Yeni coin: 443iAuekzA - analiz 40s sonra
04:34:43 INFO    [info] Yeni coin: DLaWLKQSEp - analiz 40s sonra
04:34:43 INFO    [info] Yeni coin: 6D5bYCMJK6 - analiz 40s sonra
04:34:44 INFO    [info] Yeni coin: Uc4pGtKb2f - analiz 40s sonra
04:34:45 INFO    [info] Yeni coin: GVYbGGePDZ - analiz 40s sonra
04:34:45 INFO    [info] Yeni coin: AgiqRFDb8g - analiz 40s sonra
04:34:54 INFO    [info] Yeni coin: J3fCYm5tfQ - analiz 40s sonra
04:34:56 INFO    [info] Yeni coin: HvMZyca9Pi - analiz 40s sonra
04:34:56 INFO    [info] Yeni coin: Fqf3chZdCi - analiz 40s sonra
04:34:56 INFO    [info] Yeni coin: Gs1FVt8ikE - analiz 40s sonra
04:34:56 INFO    [info] Yeni coin: H8A6Hm5WNQ - analiz 40s sonra
04:35:08 INFO    [info] Yeni coin: 69soB5Hhdk - analiz 40s sonra
04:35:09 INFO    [info] Yeni coin: 2h1xNs8nKr - analiz 40s sonra
04:35:09 INFO    [info] Yeni coin: AC6EgJFzkb - analiz 40s sonra
04:35:09 INFO    [info] Yeni coin: 27ysqxyL2U - analiz 40s sonra
04:35:09 INFO    [info] Yeni coin: Bqkcxqsb2A - analiz 40s sonra
04:35:10 INFO    [info] Yeni coin: XfmTFwdxH5 - analiz 40s sonra
04:35:17 INFO    [info] Yeni coin: DfMjPdSNPz - analiz 40s sonra
04:35:18 WARNING RPC hiz limiti (429) - RPC_RPS dusurun veya plani yukseltin
04:35:23 INFO    [info] Yeni coin: C6W8KVFRzU - analiz 40s sonra
04:35:23 INFO    [info] Yeni coin: 97ezUQFpp2 - analiz 40s sonra
04:35:24 INFO    [info] Yeni coin: CTKXgCR6wR - analiz 40s sonra
04:35:24 INFO    [info] Yeni coin: DMQguU1oRa - analiz 40s sonra
04:35:25 INFO    [info] Yeni coin: CfRi3bdiGj - analiz 40s sonra
04:35:25 INFO    [info] Yeni coin: HjymY48yug - analiz 40s sonra
04:35:26 INFO    [info] Yeni coin: CZWLQxD8Yg - analiz 40s sonra
04:35:27 INFO    [info] Yeni coin: 9ZSNpUhrji - analiz 40s sonra
04:35:27 INFO    [info] Yeni coin: Hn8WjrCqsv - analiz 40s sonra
04:35:34 INFO    [info] Yeni coin: 3vWyhqT6wL - analiz 40s sonra
04:35:34 INFO    [info] Yeni coin: HsgJHriHwY - analiz 40s sonra
04:35:35 INFO    [info] Yeni coin: 5JCvugK7fZ - analiz 40s sonra
04:35:38 INFO    [info] Yeni coin: 12yjbAgAjT - analiz 40s sonra
04:35:42 INFO    [info] Yeni coin: 4TPrhLziNG - analiz 40s sonra
04:35:43 INFO    [info] Yeni coin: 3E8kGJLZjG - analiz 40s sonra
04:35:43 INFO    [info] Yeni coin: 24xD2HHM5n - analiz 40s sonra
04:35:43 INFO    [info] Yeni coin: EWSVyWugdU - analiz 40s sonra
04:35:43 INFO    [info] Yeni coin: B6GpqiYk5x - analiz 40s sonra
04:35:44 WARNING RPC hiz limiti (429) - RPC_RPS dusurun veya plani yukseltin
04:35:46 INFO    [info] Yeni coin: DGqaSNmZR5 - analiz 40s sonra
04:35:50 INFO    [info] Yeni coin: 9pkrVqDDMb - analiz 40s sonra
04:35:55 INFO    [info] Yeni coin: 68W4r6hyyW - analiz 40s sonra
04:35:57 INFO    [info] Yeni coin: 7NZYKyWZG2 - analiz 40s sonra
04:36:04 INFO    [info] Yeni coin: 84p55fbwS7 - analiz 40s sonra
04:36:09 INFO    [info] Yeni coin: HWRbZefpsX - analiz 40s sonra
04:36:10 INFO    [info] Yeni coin: 2DEZBAahDP - analiz 40s sonra
04:36:15 WARNING RPC hiz limiti (429) - RPC_RPS dusurun veya plani yukseltin
04:36:15 INFO    [info] Yeni coin: 9GpNeLws2e - analiz 40s sonra
04:36:16 INFO    [info] Yeni coin: 9EahGfsFNb - analiz 40s sonra
04:36:25 INFO    [info] Yeni coin: 2fLAJQmDsS - analiz 40s sonra
04:36:26 INFO    [info] Yeni coin: 7gKzdq9QaW - analiz 40s sonra
04:36:28 INFO    [info] Yeni coin: AVCTrw45nb - analiz 40s sonra
04:36:30 INFO    [info] Yeni coin: 2ts9vAvsqS - analiz 40s sonra
04:36:31 INFO    [info] Yeni coin: 3hmBnKgUgy - analiz 40s sonra
04:36:33 INFO    [info] Yeni coin: 9iyDkXeUCz - analiz 40s sonra
04:36:33 INFO    [info] Yeni coin: ADL1hD6ZAH - analiz 40s sonra
04:36:34 INFO    [info] Yeni coin: 767Svgo6CG - analiz 40s sonra
04:36:38 INFO    [info] Yeni coin: FTLYydxsZR - analiz 40s sonra
04:36:40 INFO    [info] Yeni coin: 9ZaNxNsPYB - analiz 40s sonra
04:36:40 WARNING RPC hiz limiti (429) - RPC_RPS dusurun veya plani yukseltin
04:36:41 INFO    [info] Yeni coin: HeCbws57Mi - analiz 40s sonra
04:36:41 INFO    [warn] Takip edilen cuzdan yok - once skorlayip takibe alin
04:36:41 INFO    [info] Yeni coin: 8AXCvFYRQk - analiz 40s sonra
04:36:41 INFO    [info] Yeni coin: EUG1nfXjnh - analiz 40s sonra
04:36:44 INFO    [info] Yeni coin: uvaWDhMbBP - analiz 40s sonra
04:36:52 INFO    [info] Yeni coin: HXP7jK9jNo - analiz 40s sonra
04:36:52 INFO    [info] Yeni coin: 9ZWj1qtfFJ - analiz 40s sonra
04:36:52 INFO    [info] Yeni coin: BsMVNJddD5 - analiz 40s sonra
04:36:53 INFO    [info] Yeni coin: F3JjMhrcxF - analiz 40s sonra
04:36:53 INFO    [info] Yeni coin: 8h3wVL1MsN - analiz 40s sonra
04:36:59 INFO    [info] Yeni coin: FcCq6MuYvn - analiz 40s sonra
04:37:00 INFO    [info] Yeni coin: 7wTE9Qwov9 - analiz 40s sonra
04:37:00 INFO    [info] Yeni coin: 3DRF9H5diZ - analiz 40s sonra
04:37:01 INFO    [info] Yeni coin: J1ww6YsWoT - analiz 40s sonra
04:37:01 INFO    [info] Yeni coin: EMw6shn4pf - analiz 40s sonra
04:37:01 INFO    [info] Yeni coin: 6BTMFPCeM5 - analiz 40s sonra
04:37:03 INFO    [info] Yeni coin: BG6ypciN2e - analiz 40s sonra
04:37:04 INFO    [info] Yeni coin: 6jAd4DJGm2 - analiz 40s sonra
04:37:05 INFO    [info] Yeni coin: GexAjxp4rU - analiz 40s sonra
04:37:08 WARNING RPC hiz limiti (429) - RPC_RPS dusurun veya plani yukseltin
04:37:09 INFO    [info] Yeni coin: EynpQcefUv - analiz 40s sonra
04:37:13 INFO    [info] Yeni coin: 6ithrs8YRa - analiz 40s sonra
04:37:14 INFO    [info] Yeni coin: FENifsPC8f - analiz 40s sonra
04:37:18 INFO    [info] Yeni coin: 42toqFNfxD - analiz 40s sonra
04:37:19 INFO    [info] Yeni coin: GeT5nV1uP9 - analiz 40s sonra
04:37:20 INFO    [info] Yeni coin: FkhfQ3dHmo - analiz 40s sonra
04:37:20 INFO    [info] Yeni coin: 3ogDwRyb9e - analiz 40s sonra
04:37:20 INFO    [info] Yeni coin: 8nRHCigscs - analiz 40s sonra
04:37:20 INFO    [info] Yeni coin: Cs93dyNqRs - analiz 40s sonra
04:37:21 INFO    [info] Yeni coin: ByacDtgY1u - analiz 40s sonra
04:37:22 INFO    [info] Yeni coin: EGfimMq2yT - analiz 40s sonra
04:37:22 INFO    [info] Yeni coin: 6KmFp6mEUY - analiz 40s sonra
04:37:23 INFO    [info] Yeni coin: 8FH9DNk4aX - analiz 40s sonra
04:37:23 INFO    [info] Yeni coin: GHFVsKv4uB - analiz 40s sonra
04:37:26 WARNING RPC hiz limiti (429) - RPC_RPS dusurun veya plani yukseltin
04:37:26 INFO    [info] Yeni coin: SsACj8k6Ch - analiz 40s sonra
04:37:26 INFO    [info] Yeni coin: 5QmD2XhqTe - analiz 40s sonra
04:37:28 INFO    [info] Yeni coin: GTSdEZguqX - analiz 40s sonra
04:37:28 INFO    [info] Yeni coin: GtQCePfxb8 - analiz 40s sonra
04:37:35 INFO    [info] Yeni coin: BLecb6W1Yu - analiz 40s sonra
04:37:35 INFO    [info] Yeni coin: GotnrJhrFt - analiz 40s sonra
04:37:35 INFO    [info] Yeni coin: HSixyQcsSk - analiz 40s sonra
04:37:37 INFO    [info] Yeni coin: EMPmsrGD49 - analiz 40s sonra
04:37:37 INFO    [info] Yeni coin: 9AUu73qq6y - analiz 40s sonra
04:37:40 INFO    [info] Yeni coin: G9MksM8Mn5 - analiz 40s sonra
04:37:41 INFO    [info] Yeni coin: 7U1j2FnMWy - analiz 40s sonra
04:37:48 INFO    [info] Yeni coin: 2sfu8ZNVnq - analiz 40s sonra
04:37:50 INFO    [info] Yeni coin: 3p6LRLH8YN - analiz 40s sonra
04:37:50 INFO    [info] Yeni coin: Fgh363RTMe - analiz 40s sonra
04:37:53 INFO    [info] Yeni coin: 9PHCopFb9L - analiz 40s sonra
04:37:54 INFO    [info] Yeni coin: Bz5wALzvD7 - analiz 40s sonra
04:37:55 WARNING RPC hiz limiti (429) - RPC_RPS dusurun veya plani yukseltin
04:38:01 INFO    [info] Yeni coin: 7hD8447pJn - analiz 40s sonra
04:38:04 INFO    [info] Yeni coin: HDH2G4qA5z - analiz 40s sonra
04:38:12 INFO    [info] Yeni coin: ABNHS5ugAU - analiz 40s sonra
04:38:12 INFO    [info] Yeni coin: 6ufqwFbjcn - analiz 40s sonra
04:38:13 INFO    [info] Yeni coin: 24xDMPMoDr - analiz 40s sonra
04:38:16 WARNING RPC hiz limiti (429) - RPC_RPS dusurun veya plani yukseltin
04:38:17 INFO    [info] Yeni coin: 8HVhuDNFjk - analiz 40s sonra
04:38:18 INFO    [info] Yeni coin: Ezj13RVZRP - analiz 40s sonra
04:38:27 INFO    [info] Yeni coin: 9mrPMBZ83K - analiz 40s sonra
04:38:28 INFO    [info] Yeni coin: EHQP6uDrh1 - analiz 40s sonra
04:38:29 INFO    [info] Yeni coin: CU52VhtrrP - analiz 40s sonra
04:38:40 INFO    [info] Yeni coin: 7cKNVFbdt2 - analiz 40s sonra
04:38:41 INFO    [warn] Takip edilen cuzdan yok - once skorlayip takibe alin
04:38:43 INFO    [info] Yeni coin: GFZwynuQ2L - analiz 40s sonra
04:38:44 INFO    [info] Yeni coin: Gjj2b61UMd - analiz 40s sonra
04:38:45 INFO    [info] Yeni coin: AD5H2Qq12d - analiz 40s sonra
04:38:45 INFO    [info] Yeni coin: BJJJsLv6YV - analiz 40s sonra
04:38:46 INFO    [info] Yeni coin: Ci13cqUqvm - analiz 40s sonra
04:38:52 WARNING RPC hiz limiti (429) - RPC_RPS dusurun veya plani yukseltin
04:38:53 INFO    [info] Yeni coin: DmUsS8DzCU - analiz 40s sonra
04:38:59 INFO    [info] Yeni coin: 7xWtHyPX1F - analiz 40s sonra
04:38:59 INFO    [info] Yeni coin: Bd4JjvdFwW - analiz 40s sonra
04:39:00 INFO    [info] Yeni coin: 2aBXxfBJU2 - analiz 40s sonra
04:39:00 INFO    [info] Yeni coin: 8uvL1VVXBS - analiz 40s sonra
04:39:00 INFO    [info] Yeni coin: HboccwFGXb - analiz 40s sonra
04:39:00 INFO    [info] Yeni coin: FJ8a844RMt - analiz 40s sonra
04:39:00 INFO    [info] Yeni coin: 8fyfthRYBC - analiz 40s sonra
04:39:00 INFO    [info] Yeni coin: ESwf1rs4Af - analiz 40s sonra
04:39:01 INFO    [info] Yeni coin: 8bxsP34xxB - analiz 40s sonra
04:39:02 INFO    [info] Yeni coin: CmabZjCmA8 - analiz 40s sonra
04:39:03 INFO    [info] Yeni coin: 6SacDWdxMk - analiz 40s sonra
04:39:07 INFO    [info] Yeni coin: F5g5W7MrCo - analiz 40s sonra
04:39:07 INFO    [info] Yeni coin: Gpyu4R9Cx6 - analiz 40s sonra
04:39:10 INFO    [info] Yeni coin: 2dC7ffZ1Wo - analiz 40s sonra
04:39:11 INFO    [info] Yeni coin: ErTiwshQnT - analiz 40s sonra
04:39:11 INFO    [info] Yeni coin: CTvbENwdZM - analiz 40s sonra
04:39:13 WARNING RPC hiz limiti (429) - RPC_RPS dusurun veya plani yukseltin
04:39:13 INFO    [info] Yeni coin: D3ck1UaBTD - analiz 40s sonra
04:39:14 INFO    [info] Yeni coin: 6kyhEFZAfm - analiz 40s sonra
04:39:15 INFO    [info] Yeni coin: AwD9HFSBYH - analiz 40s sonra
04:39:21 INFO    [info] Yeni coin: 4ZK6kKLfhc - analiz 40s sonra
04:39:21 INFO    [info] Yeni coin: rFirEZfSej - analiz 40s sonra
04:39:21 INFO    [info] Yeni coin: DTBwosLmPA - analiz 40s sonra
04:39:22 INFO    [info] Yeni coin: 7CAgMe1GVe - analiz 40s sonra
04:39:25 INFO    [info] Yeni coin: yQKdbkRfFK - analiz 40s sonra
04:39:25 INFO    [info] Yeni coin: CTYpdEo3fh - analiz 40s sonra
04:39:29 WARNING RPC hiz limiti (429) - RPC_RPS dusurun veya plani yukseltin
04:39:36 INFO    [info] Yeni coin: Dc8xCirkS9 - analiz 40s sonra
04:39:38 INFO    [info] Yeni coin: 9ChBuwLp26 - analiz 40s sonra
04:39:39 INFO    [info] Yeni coin: 2n1vcYY9wi - analiz 40s sonra
04:39:39 INFO    [info] Yeni coin: Et3Fsd9GfT - analiz 40s sonra
04:39:40 INFO    [info] Yeni coin: 5qTmmi2SH9 - analiz 40s sonra
04:39:41 INFO    [info] Yeni coin: FjmzadNuYX - analiz 40s sonra
04:39:41 INFO    [info] Yeni coin: BZkkbMkpNW - analiz 40s sonra
04:39:43 INFO    [info] Yeni coin: GD76craySc - analiz 40s sonra
04:39:44 INFO    [info] Yeni coin: GM7KTutx8u - analiz 40s sonra
04:39:45 INFO    [info] Yeni coin: 3GztPogDi1 - analiz 40s sonra
04:39:46 INFO    [info] Yeni coin: 9EFtWdVkHk - analiz 40s sonra
04:39:50 INFO    [info] Yeni coin: DTA1nE26Ys - analiz 40s sonra
04:39:50 INFO    [info] Yeni coin: CPvpU2ghDb - analiz 40s sonra
04:39:50 INFO    [info] Yeni coin: 7BDnpJMqH2 - analiz 40s sonra
04:39:51 WARNING RPC hiz limiti (429) - RPC_RPS dusurun veya plani yukseltin
04:40:02 INFO    [info] Yeni coin: 2hB1gzqRnF - analiz 40s sonra
04:40:04 INFO    [info] Yeni coin: B1DuGKuoT5 - analiz 40s sonra
04:40:04 INFO    [info] Yeni coin: CJwhzsuE76 - analiz 40s sonra
04:40:06 INFO    [info] Yeni coin: 9uScqX9UPv - analiz 40s sonra
04:40:07 INFO    [info] Yeni coin: 7T81NwfxdH - analiz 40s sonra
04:40:08 INFO    [info] Yeni coin: EWMCQ9XPWX - analiz 40s sonra
04:40:08 INFO    [info] Yeni coin: 3mQCbcj28d - analiz 40s sonra
04:40:11 INFO    [info] Yeni coin: DwwftVW2mz - analiz 40s sonra
04:40:11 INFO    [info] Yeni coin: 6JBmJL7v9n - analiz 40s sonra
04:40:11 WARNING RPC hiz limiti (429) - RPC_RPS dusurun veya plani yukseltin
04:40:12 INFO    [info] Yeni coin: BQX8cJvLHM - analiz 40s sonra
04:40:13 INFO    [info] Yeni coin: HCxRaMHQ64 - analiz 40s sonra
04:40:14 INFO    [info] Yeni coin: H5PqxcZTcF - analiz 40s sonra
04:40:14 INFO    [info] Yeni coin: HZm661epuY - analiz 40s sonra
04:40:17 INFO    [info] Yeni coin: GcmjUBPh5o - analiz 40s sonra
04:40:18 INFO    [info] Yeni coin: 9XWmHuoR9y - analiz 40s sonra
04:40:19 INFO    [info] Yeni coin: DyvwGr7a7J - analiz 40s sonra
04:40:37 WARNING RPC hiz limiti (429) - RPC_RPS dusurun veya plani yukseltin
04:40:37 INFO    [info] Yeni coin: Az6SZk6EzW - analiz 40s sonra
04:40:38 INFO    [info] Yeni coin: 5StQfXfADz - analiz 40s sonra
04:40:40 INFO    [info] Yeni coin: EczixyFeEN - analiz 40s sonra
04:40:41 INFO    [warn] Takip edilen cuzdan yok - once skorlayip takibe alin
04:40:43 INFO    [info] Yeni coin: BEzpEuxvLw - analiz 40s sonra
04:40:43 INFO    [info] Yeni coin: FcFEWb5Xrj - analiz 40s sonra
04:40:44 INFO    [info] Yeni coin: AMsHLrD6zY - analiz 40s sonra
04:40:44 INFO    [info] Yeni coin: EiTwFtVQLW - analiz 40s sonra
04:40:44 INFO    [info] Yeni coin: 4cZPEPLWEz - analiz 40s sonra
04:40:46 INFO    [info] Yeni coin: BjHEcLzw4H - analiz 40s sonra
04:40:57 INFO    [info] Yeni coin: CTAohVfYC7 - analiz 40s sonra
04:40:57 INFO    [info] Yeni coin: 3R6ZHb5vAK - analiz 40s sonra
04:41:00 INFO    [info] Yeni coin: gABhxbyUf6 - analiz 40s sonra
04:41:00 INFO    [info] Yeni coin: 2VyxedBBtW - analiz 40s sonra
04:41:01 INFO    [info] Yeni coin: BfNuxiyBrV - analiz 40s sonra
04:41:01 INFO    [info] Yeni coin: 85N8fwnpyP - analiz 40s sonra
04:41:02 INFO    [info] Yeni coin: 6zCTnaGAZV - analiz 40s sonra
04:41:03 INFO    [info] Yeni coin: EZsN6H67GU - analiz 40s sonra
04:41:03 WARNING RPC hiz limiti (429) - RPC_RPS dusurun veya plani yukseltin
04:41:04 INFO    [info] Yeni coin: 5KYhKMoNek - analiz 40s sonra
04:41:04 INFO    [info] Yeni coin: FDZaEkLyCv - analiz 40s sonra
04:41:04 INFO    [info] Yeni coin: 3KoSnur7r6 - analiz 40s sonra
04:41:05 INFO    [info] Yeni coin: HzeLZeeEDE - analiz 40s sonra
04:41:06 INFO    [info] Yeni coin: 4kCTdNMMLj - analiz 40s sonra
04:41:06 INFO    [info] Yeni coin: HbL62B5FTJ - analiz 40s sonra
04:41:06 INFO    [info] Yeni coin: HbneXVGhYQ - analiz 40s sonra
04:41:07 INFO    [info] Yeni coin: 5eN6MW6HSN - analiz 40s sonra
04:41:07 INFO    [info] Yeni coin: Bv77uMH3Xg - analiz 40s sonra
04:41:07 INFO    [info] Yeni coin: CES2kPB9j2 - analiz 40s sonra
04:41:24 INFO    [info] Yeni coin: BjzCHuWwQo - analiz 40s sonra
04:41:25 INFO    [info] Yeni coin: BCSxJcmJt1 - analiz 40s sonra
04:41:28 INFO    [info] Yeni coin: 6uFHzwzfsQ - analiz 40s sonra
04:41:29 INFO    [info] Yeni coin: F26g5Rrjaw - analiz 40s sonra
04:41:30 WARNING RPC hiz limiti (429) - RPC_RPS dusurun veya plani yukseltin
04:41:33 INFO    [info] Yeni coin: 7Fraz13Wz1 - analiz 40s sonra
04:41:33 INFO    [info] Yeni coin: EsDeHBkXgZ - analiz 40s sonra
04:41:33 INFO    [info] Yeni coin: HUjFXJPpcx - analiz 40s sonra
04:41:40 INFO    [info] Yeni coin: 6XsasSpq6v - analiz 40s sonra
04:41:41 INFO    [info] Yeni coin: 45EYqZFWqi - analiz 40s sonra
04:41:49 INFO    [info] Yeni coin: 4ZwcLw33x2 - analiz 40s sonra
04:41:49 INFO    [info] Yeni coin: 6d556XymZr - analiz 40s sonra
04:42:00 WARNING RPC hiz limiti (429) - RPC_RPS dusurun veya plani yukseltin
04:42:01 INFO    [info] Yeni coin: 7B53LCwSaS - analiz 40s sonra
04:42:03 INFO    [info] Yeni coin: 3kULgt4nsN - analiz 40s sonra
04:42:03 INFO    [info] Yeni coin: BKGn4yjwhR - analiz 40s sonra
04:42:05 INFO    [info] Yeni coin: HaJ3GqEAv9 - analiz 40s sonra
04:42:06 INFO    [info] Yeni coin: yDVxDppFEY - analiz 40s sonra
04:42:09 INFO    [info] Yeni coin: 3Ck9mDHRZf - analiz 40s sonra
04:42:16 INFO    [info] Yeni coin: 6ZKw6FvE9J - analiz 40s sonra
04:42:16 INFO    [info] Yeni coin: 7tGgsaE16s - analiz 40s sonra
04:42:16 INFO    [info] Yeni coin: HK4FvAxfzm - analiz 40s sonra
04:42:19 INFO    [info] Yeni coin: Bgi8CXkgNP - analiz 40s sonra
04:42:20 INFO    [info] Yeni coin: 6XAhTJkPoQ - analiz 40s sonra
04:42:22 INFO    [info] Yeni coin: 6CUnt73RqK - analiz 40s sonra
04:42:23 INFO    [info] Yeni coin: 75uURqMdB7 - analiz 40s sonra
04:42:25 WARNING RPC hiz limiti (429) - RPC_RPS dusurun veya plani yukseltin
04:42:32 INFO    [info] Yeni coin: FMTWc4s9vs - analiz 40s sonra
04:42:33 INFO    [info] Yeni coin: 3rxfahC1aK - analiz 40s sonra
04:42:38 INFO    [info] Yeni coin: JE8rfRAGYe - analiz 40s sonra
04:42:41 INFO    [warn] Takip edilen cuzdan yok - once skorlayip takibe alin
04:42:44 INFO    [info] Yeni coin: 7RoYsEiRqK - analiz 40s sonra
04:42:45 WARNING RPC hiz limiti (429) - RPC_RPS dusurun veya plani yukseltin
04:42:52 INFO    [info] Yeni coin: 3T5vg26Xps - analiz 40s sonra
04:43:08 INFO    [info] Yeni coin: A4mFVwFMGL - analiz 40s sonra
04:43:08 INFO    [info] Yeni coin: FVvn8Z1zUv - analiz 40s sonra
04:43:09 INFO    [info] Yeni coin: 9JFzJhCvdY - analiz 40s sonra
04:43:09 WARNING RPC hiz limiti (429) - RPC_RPS dusurun veya plani yukseltin
04:43:10 INFO    [info] Yeni coin: GUKzYZNUgY - analiz 40s sonra
04:43:10 INFO    [info] Yeni coin: HoybqkTgY2 - analiz 40s sonra
04:43:10 INFO    [info] Yeni coin: DGRho1tivu - analiz 40s sonra
04:43:10 INFO    [info] Yeni coin: 8H9kDXugHL - analiz 40s sonra
04:43:10 INFO    [info] Yeni coin: FXL4XtLaWT - analiz 40s sonra
04:43:11 INFO    [info] Yeni coin: EvHTotfa7W - analiz 40s sonra
04:43:12 INFO    [info] Yeni coin: BUEgVWCC1t - analiz 40s sonra
04:43:12 INFO    [info] Yeni coin: 8M1mKQqjmU - analiz 40s sonra
04:43:12 INFO    [info] Yeni coin: 8eiXzuPomc - analiz 40s sonra
04:43:13 INFO    [info] Yeni coin: 2sjVhePbJd - analiz 40s sonra
04:43:13 INFO    [info] Yeni coin: Cov2SZ4eUj - analiz 40s sonra
04:43:14 INFO    [info] Yeni coin: Bay2LAgGea - analiz 40s sonra
04:43:17 INFO    [info] Yeni coin: 7fhZmwSgoh - analiz 40s sonra
04:43:22 INFO    [info] Yeni coin: 9QDBLGr7dG - analiz 40s sonra
04:43:23 INFO    [info] Yeni coin: 5FLT2TrNbK - analiz 40s sonra
04:43:23 INFO    [info] Yeni coin: J2rXDpDniw - analiz 40s sonra
04:43:24 INFO    [info] Yeni coin: HGAdRnQT7K - analiz 40s sonra
04:43:24 INFO    [info] Yeni coin: 6roufuHGcW - analiz 40s sonra
04:43:25 INFO    [info] Yeni coin: 8WZwXDVTcr - analiz 40s sonra
04:43:26 INFO    [info] Yeni coin: EyBQwaQaAR - analiz 40s sonra
04:43:26 INFO    [info] Yeni coin: 12zJBxhQe2 - analiz 40s sonra
04:43:27 INFO    [info] Yeni coin: B8v2Spfiu5 - analiz 40s sonra
04:43:27 INFO    [info] Yeni coin: HLn5A9BhWw - analiz 40s sonra
04:43:28 INFO    [info] Yeni coin: 6N3DKzLmgy - analiz 40s sonra
04:43:29 INFO    [info] Yeni coin: NV7Hw6WRoy - analiz 40s sonra
04:43:29 WARNING RPC hiz limiti (429) - RPC_RPS dusurun veya plani yukseltin
04:43:34 INFO    [info] Yeni coin: 6g5nY7CmJv - analiz 40s sonra
04:43:39 INFO    [info] Yeni coin: fxcAotjmww - analiz 40s sonra
04:43:40 INFO    [info] Yeni coin: 3Ub33skDMH - analiz 40s sonra
04:43:41 INFO    [info] Yeni coin: 8Fu51gSSwP - analiz 40s sonra
04:43:57 WARNING RPC hiz limiti (429) - RPC_RPS dusurun veya plani yukseltin
04:44:00 INFO    [info] Yeni coin: J3MKFQkL1p - analiz 40s sonra
04:44:10 INFO    [info] Yeni coin: GgyVzPLs9A - analiz 40s sonra
04:44:11 INFO    [info] Yeni coin: DwGkHph8mF - analiz 40s sonra
04:44:12 INFO    [info] Yeni coin: ETPECJ6ajJ - analiz 40s sonra
04:44:13 INFO    [info] Yeni coin: CVbLeHYGJY - analiz 40s sonra
04:44:14 INFO    [info] Yeni coin: Eqtvb6VTGw - analiz 40s sonra
04:44:15 INFO    [info] Yeni coin: BFg6nc2rSJ - analiz 40s sonra
04:44:20 WARNING RPC hiz limiti (429) - RPC_RPS dusurun veya plani yukseltin
04:44:21 INFO    [info] Yeni coin: CD5ADJgr8P - analiz 40s sonra
04:44:24 INFO    [info] Yeni coin: 47KCJfuCHt - analiz 40s sonra
04:44:32 INFO    [info] Yeni coin: EYPL8VKEtK - analiz 40s sonra
04:44:40 INFO    [info] Yeni coin: Qx6HB6E224 - analiz 40s sonra
04:44:41 INFO    [warn] Takip edilen cuzdan yok - once skorlayip takibe alin
04:44:53 WARNING RPC hiz limiti (429) - RPC_RPS dusurun veya plani yukseltin
04:44:56 INFO    [info] Yeni coin: BKZHQdJ46D - analiz 40s sonra
04:45:06 INFO    [info] Yeni coin: B8kueWqSas - analiz 40s sonra
04:45:07 INFO    [info] Yeni coin: uowMJvge7p - analiz 40s sonra
04:45:08 INFO    [info] Yeni coin: 7sFsBV1KSw - analiz 40s sonra
04:45:09 INFO    [info] Yeni coin: By1E4agYpY - analiz 40s sonra
04:45:12 INFO    [info] Yeni coin: 3qF6oSRxXx - analiz 40s sonra
04:45:13 INFO    [info] Yeni coin: DnsyFXUgja - analiz 40s sonra
04:45:13 INFO    [info] Yeni coin: 7pRaQMCGyA - analiz 40s sonra
04:45:14 INFO    [info] Yeni coin: 9WGQ57TGBP - analiz 40s sonra
04:45:14 INFO    [info] Yeni coin: 3NumgGQCXo - analiz 40s sonra
04:45:15 INFO    [info] Yeni coin: BvfBJt8Du1 - analiz 40s sonra
04:45:17 INFO    [info] Yeni coin: DtzcGpyYis - analiz 40s sonra
04:45:18 INFO    [info] Yeni coin: 9WLDfCUGq6 - analiz 40s sonra
04:45:18 INFO    [info] Yeni coin: piovyybeTY - analiz 40s sonra
04:45:20 INFO    [info] Yeni coin: 3bG3ESjRzF - analiz 40s sonra
04:45:20 INFO    [info] Yeni coin: 5RirMJyaor - analiz 40s sonra
04:45:22 WARNING RPC hiz limiti (429) - RPC_RPS dusurun veya plani yukseltin
04:45:23 INFO    [info] Yeni coin: DhsiJoi2wM - analiz 40s sonra
04:45:24 INFO    [info] Yeni coin: 8vGwoyxd52 - analiz 40s sonra
04:45:25 INFO    [info] Yeni coin: H7XhjFd1w2 - analiz 40s sonra
04:45:27 INFO    [info] Yeni coin: FtHaKdUoQU - analiz 40s sonra
04:45:36 INFO    [info] Yeni coin: BPqn8WDSx6 - analiz 40s sonra
04:45:40 INFO    [info] Yeni coin: Ak4DwR8eA4 - analiz 40s sonra
04:45:43 INFO    [info] Yeni coin: 4judUbvECN - analiz 40s sonra
04:45:43 INFO    [info] Yeni coin: HMeMXJjkRf - analiz 40s sonra
04:45:46 INFO    [info] Yeni coin: 2WY7aEHnrB - analiz 40s sonra
04:45:47 INFO    [info] Yeni coin: BnNbocf1Sz - analiz 40s sonra
04:45:47 WARNING RPC hiz limiti (429) - RPC_RPS dusurun veya plani yukseltin
04:45:49 INFO    [info] Yeni coin: 2nKxWT7r5q - analiz 40s sonra
04:45:51 INFO    [info] Yeni coin: 5yrGPzPbjS - analiz 40s sonra
04:45:51 INFO    [info] Yeni coin: 65RtaBqHvZ - analiz 40s sonra
04:45:51 INFO    [info] Yeni coin: EHJrCqVv8J - analiz 40s sonra
04:45:51 INFO    [info] Yeni coin: 5FgGAfAZQN - analiz 40s sonra
04:45:52 INFO    [info] Yeni coin: 7WP7Rq2oav - analiz 40s sonra
04:45:52 INFO    [info] Yeni coin: GAXi4dnVGf - analiz 40s sonra
04:45:52 INFO    [info] Yeni coin: AqzZRk3A9i - analiz 40s sonra
04:45:52 INFO    [info] Yeni coin: CcZHXmy4Vw - analiz 40s sonra
04:45:53 INFO    [info] Yeni coin: 2pr8cw3fmn - analiz 40s sonra
04:45:53 INFO    [info] Yeni coin: FkRUtsk8js - analiz 40s sonra
04:45:53 INFO    [info] Yeni coin: 8mPgTt5Q3q - analiz 40s sonra
04:45:53 INFO    [info] Yeni coin: 2cqY2DEnyY - analiz 40s sonra
04:45:54 INFO    [info] Yeni coin: 5BpjhcmuLi - analiz 40s sonra
04:45:54 INFO    [info] Yeni coin: RbSxf4uZQN - analiz 40s sonra
04:45:54 INFO    [info] Yeni coin: 5gVfSDsct2 - analiz 40s sonra
04:45:55 INFO    [info] Yeni coin: BKvMtYPD52 - analiz 40s sonra
04:45:56 INFO    [info] Yeni coin: AwnDsa8rSV - analiz 40s sonra
04:45:57 INFO    [info] Yeni coin: F1Hp4qF7M6 - analiz 40s sonra
04:45:57 INFO    [info] Yeni coin: 3Ff4BjS8Jy - analiz 40s sonra
04:45:57 INFO    [info] Yeni coin: 991KfSMRcu - analiz 40s sonra
04:46:00 INFO    [info] Yeni coin: 3g3BqqxuNm - analiz 40s sonra
04:46:00 INFO    [info] Yeni coin: 8bEZ6kKM63 - analiz 40s sonra
04:46:01 INFO    [info] Yeni coin: DmnXkzUcUi - analiz 40s sonra
04:46:02 INFO    [info] Yeni coin: DNnDrQtZRe - analiz 40s sonra
04:46:03 INFO    [info] Yeni coin: HcboxAnyUN - analiz 40s sonra
04:46:03 INFO    [info] Yeni coin: 9r2dQEU6cB - analiz 40s sonra
04:46:04 INFO    [info] Yeni coin: 9tBeeV4dVv - analiz 40s sonra
04:46:04 INFO    [info] Yeni coin: 7aj8ChrSu3 - analiz 40s sonra
04:46:07 WARNING RPC hiz limiti (429) - RPC_RPS dusurun veya plani yukseltin
04:46:08 INFO    [info] Yeni coin: B2pfHaQdCu - analiz 40s sonra
04:46:08 INFO    [info] Yeni coin: 7KDCQVZM8r - analiz 40s sonra
04:46:09 INFO    [info] Yeni coin: J9XKWsbPKo - analiz 40s sonra
04:46:10 INFO    [info] Yeni coin: F74WrM55wc - analiz 40s sonra
04:46:12 INFO    [info] Yeni coin: 2BPW9b8TX3 - analiz 40s sonra
04:46:14 INFO    [info] Yeni coin: FZ8VY5dbqC - analiz 40s sonra
04:46:14 INFO    [info] Yeni coin: 6eZMarZ5Xd - analiz 40s sonra
04:46:15 INFO    [info] Yeni coin: 9yUEiLfUZs - analiz 40s sonra
04:46:15 INFO    [info] Yeni coin: 3Bk6a3oHMd - analiz 40s sonra
04:46:16 INFO    [info] Yeni coin: 2jhzDTbSsg - analiz 40s sonra
04:46:17 INFO    [info] Yeni coin: 8kFbUD7W2D - analiz 40s sonra
04:46:17 INFO    [info] Yeni coin: 2LPEBEVxRU - analiz 40s sonra
04:46:17 INFO    [info] Yeni coin: FeHrstPewj - analiz 40s sonra
04:46:18 INFO    [info] Yeni coin: EpnpRnxUNc - analiz 40s sonra
04:46:19 INFO    [info] Yeni coin: 5Lmp6od2pR - analiz 40s sonra
04:46:20 INFO    [info] Yeni coin: 2UyP4ybUKh - analiz 40s sonra
04:46:20 INFO    [info] Yeni coin: C9XKmePyQU - analiz 40s sonra
04:46:20 INFO    [info] Yeni coin: FRrupSxpon - analiz 40s sonra
04:46:21 INFO    [info] Yeni coin: 6e9Jros3W5 - analiz 40s sonra
04:46:21 INFO    [info] Yeni coin: APqaf43UpX - analiz 40s sonra
04:46:21 INFO    [info] Yeni coin: 32MSj79vEg - analiz 40s sonra
04:46:23 INFO    [info] Yeni coin: 9Q2fWjisYU - analiz 40s sonra
04:46:25 INFO    [info] Yeni coin: 8MRxXGUDn3 - analiz 40s sonra
04:46:33 WARNING RPC hiz limiti (429) - RPC_RPS dusurun veya plani yukseltin
04:46:38 INFO    [info] Yeni coin: 868NnK3hhH - analiz 40s sonra
04:46:40 INFO    [info] Yeni coin: 7AHcb8fsGW - analiz 40s sonra
04:46:41 INFO    [warn] Takip edilen cuzdan yok - once skorlayip takibe alin
04:46:46 INFO    [info] Yeni coin: HpXcggFTpe - analiz 40s sonra
04:46:49 INFO    [info] Yeni coin: 9bwQdw9RGR - analiz 40s sonra
04:46:50 INFO    [info] Yeni coin: 9jyWi6tW6Y - analiz 40s sonra
04:46:51 INFO    [info] Yeni coin: HPJv674yxP - analiz 40s sonra
04:46:52 INFO    [info] Yeni coin: EpfrMq1b7n - analiz 40s sonra
04:46:53 INFO    [info] Yeni coin: 87e1JoJScS - analiz 40s sonra
04:46:54 INFO    [info] Yeni coin: Bvm1QviGBi - analiz 40s sonra
04:46:54 WARNING RPC hiz limiti (429) - RPC_RPS dusurun veya plani yukseltin
04:46:55 INFO    [info] Yeni coin: Gsjy4aTwAD - analiz 40s sonra
04:46:55 INFO    [info] Yeni coin: GdbjQFtGMy - analiz 40s sonra
04:46:56 INFO    [info] Yeni coin: 8nBnnpHqDv - analiz 40s sonra
04:46:56 INFO    [info] Yeni coin: 99HF7ef3Df - analiz 40s sonra
04:46:57 INFO    [info] Yeni coin: 4ct3B3RMn7 - analiz 40s sonra
04:46:58 INFO    [info] Yeni coin: Hpgb8kbgGS - analiz 40s sonra
04:46:58 INFO    [info] Yeni coin: 4Yr8XSuJdV - analiz 40s sonra
04:47:00 INFO    [info] Yeni coin: 5TUiHSCw1g - analiz 40s sonra
04:47:00 INFO    [info] Yeni coin: 3wWduVF6nq - analiz 40s sonra
04:47:01 INFO    [info] Yeni coin: 5ArLk24h6a - analiz 40s sonra
04:47:01 INFO    [info] Yeni coin: 7pj83J7ytw - analiz 40s sonra
04:47:02 INFO    [info] Yeni coin: FkgQMEwsmE - analiz 40s sonra
04:47:02 INFO    [info] Yeni coin: 6TyqLFX7UY - analiz 40s sonra
04:47:02 INFO    [info] Yeni coin: FRbap1gUF2 - analiz 40s sonra
04:47:03 INFO    [info] Yeni coin: EQJdweostX - analiz 40s sonra
04:47:04 INFO    [info] Yeni coin: 6Dvz2VrynD - analiz 40s sonra
04:47:04 INFO    [info] Yeni coin: 9FSuCBaTeL - analiz 40s sonra
04:47:05 INFO    [info] Yeni coin: rkbYUifjNk - analiz 40s sonra
04:47:06 INFO    [info] Yeni coin: 5ffSEm8xzd - analiz 40s sonra
04:47:07 INFO    [info] Yeni coin: G2fPssmY3d - analiz 40s sonra
04:47:09 INFO    [info] Yeni coin: 4xfC3PM5Wb - analiz 40s sonra
04:47:14 INFO    [info] Yeni coin: FEnbAZREYz - analiz 40s sonra
04:47:15 INFO    [info] Yeni coin: 3RifbRVqDX - analiz 40s sonra
04:47:15 INFO    [info] Yeni coin: 8rnRhWNiHW - analiz 40s sonra
04:47:15 WARNING RPC hiz limiti (429) - RPC_RPS dusurun veya plani yukseltin
04:47:16 INFO    [info] Yeni coin: 5PPCCzZXdT - analiz 40s sonra
04:47:16 INFO    [info] Yeni coin: 5rrdhHZBJX - analiz 40s sonra
04:47:18 INFO    [info] Yeni coin: DwH2mbnueU - analiz 40s sonra
04:47:19 INFO    [info] Yeni coin: 5uZKfL2Z4m - analiz 40s sonra
04:47:20 INFO    [info] Yeni coin: 5TTqtXbAMF - analiz 40s sonra
04:47:23 INFO    [info] Yeni coin: 8qjbMscgN7 - analiz 40s sonra
04:47:24 INFO    [info] Yeni coin: CoG2ZZC6AP - analiz 40s sonra
04:47:25 INFO    [info] Yeni coin: AWcWX87A6o - analiz 40s sonra
04:47:25 INFO    [info] Yeni coin: Hmcvgk6d23 - analiz 40s sonra
04:47:26 INFO    [info] Yeni coin: Du6xaUjw9J - analiz 40s sonra
04:47:29 INFO    [info] Yeni coin: GNt6GtkKMu - analiz 40s sonra
04:47:29 INFO    [info] Yeni coin: 3J2x24UC4r - analiz 40s sonra
04:47:31 INFO    [info] Yeni coin: 9A4KFT1KQn - analiz 40s sonra
04:47:33 INFO    [info] Yeni coin: Bdo47sZbCP - analiz 40s sonra
04:47:33 INFO    [info] Yeni coin: 9HrGgmSAAh - analiz 40s sonra
04:47:34 INFO    [info] Yeni coin: AzjLDKCieC - analiz 40s sonra
04:47:35 INFO    [info] Yeni coin: 2StRWHQXfW - analiz 40s sonra
04:47:42 WARNING RPC hiz limiti (429) - RPC_RPS dusurun veya plani yukseltin
04:47:44 INFO    [info] Yeni coin: 8PL4U75CTW - analiz 40s sonra
04:47:45 INFO    [info] Yeni coin: 3NBCjJyC36 - analiz 40s sonra
04:47:45 INFO    [info] Yeni coin: BWEA4DGFic - analiz 40s sonra
04:47:47 INFO    [info] Yeni coin: D5DZdtTq76 - analiz 40s sonra
04:47:47 INFO    [info] Yeni coin: 4K6JC7vUAd - analiz 40s sonra
04:47:49 INFO    [info] Yeni coin: 73Xiuu2JdQ - analiz 40s sonra
04:47:49 INFO    [info] Yeni coin: BLGb2o9czL - analiz 40s sonra
04:47:50 INFO    [info] Yeni coin: J5iqmrFAu2 - analiz 40s sonra
04:47:51 INFO    [info] Yeni coin: BD2LGnAZno - analiz 40s sonra
04:47:52 INFO    [info] Yeni coin: CD1Nms4PZn - analiz 40s sonra
04:47:52 INFO    [info] Yeni coin: AtBH3rCC7r - analiz 40s sonra
04:47:54 INFO    [info] Yeni coin: CNVQ7r8UeF - analiz 40s sonra
04:47:54 INFO    [info] Yeni coin: 9D16kUYgiL - analiz 40s sonra
04:47:55 INFO    [info] Yeni coin: Ewrnvt9VWy - analiz 40s sonra
04:47:55 INFO    [info] Yeni coin: B2B1WsRDtw - analiz 40s sonra
04:47:55 INFO    [info] Yeni coin: 6taw1HhMsm - analiz 40s sonra
04:47:56 INFO    [info] Yeni coin: 9P3t16SEe3 - analiz 40s sonra
04:47:57 INFO    [info] Yeni coin: 91ypYJxrgt - analiz 40s sonra
04:47:58 INFO    [info] Yeni coin: ANQBvBwSXS - analiz 40s sonra
04:47:58 INFO    [info] Yeni coin: 7bPZbbz2TM - analiz 40s sonra
04:47:59 INFO    [info] Yeni coin: 24xDRubKRN - analiz 40s sonra
04:47:59 INFO    [info] Yeni coin: FFYbHBKGTw - analiz 40s sonra
04:47:59 INFO    [info] Yeni coin: CXYdWXGKz2 - analiz 40s sonra
04:48:00 INFO    [info] Yeni coin: CGMTFoHeoG - analiz 40s sonra
04:48:00 INFO    [info] Yeni coin: FvoptrhaPH - analiz 40s sonra
04:48:00 WARNING RPC hiz limiti (429) - RPC_RPS dusurun veya plani yukseltin
04:48:02 INFO    [info] Yeni coin: 6PiuKj5qTB - analiz 40s sonra
04:48:05 INFO    [info] Yeni coin: 5SJ6yoTKQz - analiz 40s sonra
04:48:05 INFO    [info] Yeni coin: 7ZxCsptwYZ - analiz 40s sonra
04:48:05 INFO    [info] Yeni coin: 3xvJqNq2hw - analiz 40s sonra
04:48:07 INFO    [info] Yeni coin: 6JPhQxkM9g - analiz 40s sonra
04:48:07 INFO    [info] Yeni coin: 84tV8CyKYy - analiz 40s sonra
04:48:07 INFO    [info] Yeni coin: FVA8BCdzTm - analiz 40s sonra
04:48:08 INFO    [info] Yeni coin: 45TuuYzvhC - analiz 40s sonra
04:48:09 INFO    [info] Yeni coin: 2ZWxSWRsrs - analiz 40s sonra
04:48:12 INFO    [info] Yeni coin: 25UHAoNzXk - analiz 40s sonra
04:48:14 INFO    [info] Yeni coin: 8wAKZbccFZ - analiz 40s sonra
04:48:19 INFO    [info] Yeni coin: 7L625aLnXs - analiz 40s sonra
04:48:20 WARNING RPC hiz limiti (429) - RPC_RPS dusurun veya plani yukseltin
04:48:21 INFO    [info] Yeni coin: Ddyj5pP7q9 - analiz 40s sonra
04:48:22 INFO    [info] Yeni coin: 4wXP83KvMN - analiz 40s sonra
04:48:23 INFO    [info] Yeni coin: J3x1grD3nf - analiz 40s sonra
04:48:29 INFO    [info] Yeni coin: 4Zq2jJZqqC - analiz 40s sonra
04:48:30 INFO    [info] Yeni coin: Gzf8P4mWzc - analiz 40s sonra
04:48:32 INFO    [info] Yeni coin: 4VHDprNfUw - analiz 40s sonra
04:48:32 INFO    [info] Yeni coin: C36DPwr7P7 - analiz 40s sonra
04:48:32 INFO    [info] Yeni coin: JBUny35i5d - analiz 40s sonra
04:48:33 INFO    [info] Yeni coin: 3jERdYJ18p - analiz 40s sonra
04:48:37 INFO    [info] Yeni coin: BkXi9c7DoZ - analiz 40s sonra
04:48:40 INFO    [info] Yeni coin: EykDwm7Sdm - analiz 40s sonra
04:48:41 INFO    [warn] Takip edilen cuzdan yok - once skorlayip takibe alin
04:48:42 INFO    [info] Yeni coin: FEwLr9qQT1 - analiz 40s sonra
04:48:43 INFO    [info] Yeni coin: ES4zvKbAWG - analiz 40s sonra
04:48:44 INFO    [info] Yeni coin: AteakDNFmY - analiz 40s sonra
04:48:45 INFO    [info] Yeni coin: 34i4kMds6M - analiz 40s sonra
04:48:46 INFO    [info] Yeni coin: 3yixUL8Ubz - analiz 40s sonra
04:48:46 INFO    [info] Yeni coin: 3iEAih7S9L - analiz 40s sonra
04:48:46 INFO    [info] Yeni coin: 6N3ERvU8Mq - analiz 40s sonra
04:48:46 INFO    [info] Yeni coin: 32tkcDbddz - analiz 40s sonra
04:48:47 WARNING RPC hiz limiti (429) - RPC_RPS dusurun veya plani yukseltin
04:48:47 INFO    [info] Yeni coin: E6haP6ovbD - analiz 40s sonra
04:48:48 INFO    [info] Yeni coin: wPquV954vW - analiz 40s sonra
04:48:49 INFO    [info] Yeni coin: G31nTyocVq - analiz 40s sonra
04:48:50 INFO    [info] Yeni coin: Azz9ApzMS5 - analiz 40s sonra
04:48:52 INFO    [info] Yeni coin: B69MfrhZvm - analiz 40s sonra
04:48:53 INFO    [info] Yeni coin: 5p4cmf8eMq - analiz 40s sonra
04:48:55 INFO    [info] Yeni coin: 5XvBBLL3PC - analiz 40s sonra
04:48:57 INFO    [info] Yeni coin: EQ74z4DhVF - analiz 40s sonra
04:48:58 INFO    [info] Yeni coin: EfEPcRjGhD - analiz 40s sonra
04:48:59 INFO    [info] Yeni coin: 12uazxHMMD - analiz 40s sonra
04:48:59 INFO    [info] Yeni coin: 42NB6CWJRY - analiz 40s sonra
04:48:59 INFO    [info] Yeni coin: 3MsJdmdonA - analiz 40s sonra
04:49:00 INFO    [info] Yeni coin: HGQw3HHfQg - analiz 40s sonra
04:49:00 INFO    [info] Yeni coin: Et5ZQeKUMv - analiz 40s sonra
04:49:02 INFO    [info] Yeni coin: 9zN1c1WWsu - analiz 40s sonra
04:49:02 INFO    [info] Yeni coin: DwgPwysJQZ - analiz 40s sonra
04:49:04 INFO    [info] Yeni coin: EgqDuQs1j9 - analiz 40s sonra
04:49:09 INFO    [info] Yeni coin: 8bDx9zCxKN - analiz 40s sonra
04:49:09 INFO    [info] Yeni coin: 9UkRidzZ1Y - analiz 40s sonra
04:49:11 INFO    [info] Yeni coin: J7sWJ93MMe - analiz 40s sonra
04:49:11 INFO    [info] Yeni coin: YiAJjJo8NU - analiz 40s sonra
04:49:12 INFO    [info] Yeni coin: 8YKy37t9SX - analiz 40s sonra
04:49:12 INFO    [info] Yeni coin: 6yrYLmtbjh - analiz 40s sonra
04:49:18 INFO    [info] Yeni coin: HnvZe162CJ - analiz 40s sonra
04:49:19 INFO    [info] Yeni coin: BTuLB4LNVC - analiz 40s sonra
04:49:20 INFO    [info] Yeni coin: 86BdpwJh2H - analiz 40s sonra
04:49:21 WARNING RPC hiz limiti (429) - RPC_RPS dusurun veya plani yukseltin
04:49:21 INFO    [info] Yeni coin: GyfgXHSTw8 - analiz 40s sonra
04:49:21 INFO    [info] Yeni coin: 4fQZZacL2C - analiz 40s sonra
04:49:22 INFO    [info] Yeni coin: EGdDgxevPv - analiz 40s sonra
04:49:22 INFO    [info] Yeni coin: CfrQ31sqp4 - analiz 40s sonra
04:49:23 INFO    [info] Yeni coin: 4DPf4LfeAL - analiz 40s sonra
04:49:23 INFO    [info] Yeni coin: Hh8QB3GoDU - analiz 40s sonra
04:49:24 INFO    [info] Yeni coin: 4WdWqMbFSd - analiz 40s sonra
04:49:24 INFO    [info] Yeni coin: C8H5fQYWtP - analiz 40s sonra
04:49:25 INFO    [info] Yeni coin: 8mVAThpPhc - analiz 40s sonra
04:49:26 INFO    [info] Yeni coin: 7yCUF1ouZb - analiz 40s sonra
04:49:26 INFO    [info] Yeni coin: 4PzSiUPefE - analiz 40s sonra
04:49:27 INFO    [info] Yeni coin: B25MXjBioG - analiz 40s sonra
04:49:29 INFO    [info] Yeni coin: KpP7AXP4SB - analiz 40s sonra
04:49:30 INFO    [info] Yeni coin: BkpJ8ekGiy - analiz 40s sonra
04:49:32 INFO    [info] Yeni coin: 8TSmw9nEoX - analiz 40s sonra
04:49:33 INFO    [info] Yeni coin: J7E9Ud7GK2 - analiz 40s sonra
04:49:33 INFO    [info] Yeni coin: 5Yc9kptV6v - analiz 40s sonra
04:49:33 INFO    [info] Yeni coin: 2sUvETDkmt - analiz 40s sonra
04:49:34 INFO    [info] Yeni coin: B5iY7wHDtZ - analiz 40s sonra
04:49:38 INFO    [info] Yeni coin: AjEPczUccy - analiz 40s sonra
04:49:44 WARNING RPC hiz limiti (429) - RPC_RPS dusurun veya plani yukseltin
04:49:50 INFO    [info] Yeni coin: 3EEmu5XWiM - analiz 40s sonra
04:49:51 INFO    [info] Yeni coin: GRsbTkZsC3 - analiz 40s sonra
04:49:53 INFO    [info] Yeni coin: 8Yka1syCVt - analiz 40s sonra
04:49:58 INFO    [info] Yeni coin: HLkHibLWLb - analiz 40s sonra
04:49:58 INFO    [info] Yeni coin: Guy62RXWZS - analiz 40s sonra
04:49:58 INFO    [info] Yeni coin: 9kTAXsHtpP - analiz 40s sonra
04:50:00 INFO    [info] Yeni coin: F2cWBLLLSR - analiz 40s sonra
04:50:00 INFO    [info] Yeni coin: 953G2gE8x9 - analiz 40s sonra
04:50:02 INFO    [info] Yeni coin: 6TApamUghJ - analiz 40s sonra
04:50:03 INFO    [info] Yeni coin: BCrXgaxg8p - analiz 40s sonra
04:50:04 INFO    [info] Yeni coin: 8kZykbmpXM - analiz 40s sonra
04:50:05 INFO    [info] Yeni coin: A5uFCyXhQ8 - analiz 40s sonra
04:50:07 INFO    [info] Yeni coin: ARB5D8Lg7U - analiz 40s sonra
04:50:12 INFO    [info] Yeni coin: 7yQqvZDXi8 - analiz 40s sonra
04:50:14 WARNING RPC hiz limiti (429) - RPC_RPS dusurun veya plani yukseltin
04:50:16 INFO    [info] Yeni coin: 9bQAw2Bgwj - analiz 40s sonra
04:50:17 INFO    [info] Yeni coin: HcwUEasG1B - analiz 40s sonra
04:50:19 INFO    [info] Yeni coin: DSfYvY9sJq - analiz 40s sonra
04:50:20 INFO    [info] Yeni coin: A8rZgDYmGV - analiz 40s sonra
04:50:31 INFO    [info] Yeni coin: 8hd3agvfFv - analiz 40s sonra
04:50:41 INFO    [warn] Takip edilen cuzdan yok - once skorlayip takibe alin
04:50:44 INFO    [info] Yeni coin: AMHixUaJkx - analiz 40s sonra
04:50:48 INFO    [info] Yeni coin: ApF9JroPei - analiz 40s sonra
04:50:58 WARNING RPC hiz limiti (429) - RPC_RPS dusurun veya plani yukseltin
04:51:00 INFO    [info] Yeni coin: GBwf2Z5hGK - analiz 40s sonra
04:51:00 INFO    [info] Yeni coin: D8msrwXJz2 - analiz 40s sonra
04:51:01 INFO    [info] Yeni coin: 5eHXxzRvPF - analiz 40s sonra
04:51:02 INFO    [info] Yeni coin: BXhc8i9az6 - analiz 40s sonra
04:51:19 INFO    [info] Yeni coin: CHoSdrpxMD - analiz 40s sonra
04:51:19 INFO    [info] Yeni coin: GJqcwmbGpd - analiz 40s sonra
04:51:20 INFO    [info] Yeni coin: GQgdj4uGA9 - analiz 40s sonra
04:51:25 WARNING RPC hiz limiti (429) - RPC_RPS dusurun veya plani yukseltin
04:51:27 INFO    [info] Yeni coin: Gh9Dx4XPDW - analiz 40s sonra
04:51:32 INFO    [info] Yeni coin: BSqoor5oBs - analiz 40s sonra
04:51:46 INFO    [info] Yeni coin: HAfezUUwpH - analiz 40s sonra
04:51:53 INFO    [info] Yeni coin: ZXZr5cbzRb - analiz 40s sonra
04:51:53 INFO    [info] Yeni coin: 9g9pKamA3z - analiz 40s sonra
04:51:54 INFO    [info] Yeni coin: 8DkxYfPx8X - analiz 40s sonra
04:51:54 WARNING RPC hiz limiti (429) - RPC_RPS dusurun veya plani yukseltin
04:51:58 INFO    [info] Yeni coin: B4mEA7zbb8 - analiz 40s sonra
04:52:00 INFO    [info] Yeni coin: DyaxHJmNNi - analiz 40s sonra
04:52:03 INFO    [info] Yeni coin: CHz2MiHDEX - analiz 40s sonra
04:52:03 INFO    [info] Yeni coin: 3QJ53hYk2s - analiz 40s sonra
04:52:06 INFO    [info] Yeni coin: Fun72fL6hq - analiz 40s sonra
04:52:06 INFO    [info] Yeni coin: 8WGycDox89 - analiz 40s sonra
04:52:08 INFO    [info] Yeni coin: iwcyYWjUBd - analiz 40s sonra
04:52:09 INFO    [info] Yeni coin: CitNse7ZzC - analiz 40s sonra
04:52:09 INFO    [info] Yeni coin: CSz8Zat2Xg - analiz 40s sonra
04:52:11 INFO    [info] Yeni coin: AAwv5KF4mA - analiz 40s sonra
04:52:11 INFO    [info] Yeni coin: 3jKNXMbSak - analiz 40s sonra
04:52:13 INFO    [info] Yeni coin: BY1s78h6wW - analiz 40s sonra
04:52:13 INFO    [info] Yeni coin: 76MUB5LiEQ - analiz 40s sonra
04:52:19 INFO    [info] Yeni coin: CeAwjR2BMh - analiz 40s sonra
04:52:19 INFO    [info] Yeni coin: CtmBRvyhKZ - analiz 40s sonra
04:52:22 INFO    [info] Yeni coin: GcUsBfHyfN - analiz 40s sonra
04:52:32 INFO    [info] Yeni coin: 76mMaqMS9q - analiz 40s sonra
04:52:33 WARNING RPC hiz limiti (429) - RPC_RPS dusurun veya plani yukseltin
04:52:35 INFO    [info] Yeni coin: 6k1ytNvFam - analiz 40s sonra
04:52:41 INFO    [warn] Takip edilen cuzdan yok - once skorlayip takibe alin
04:52:43 INFO    [info] Yeni coin: GaNJVjZXMp - analiz 40s sonra
04:52:52 INFO    [info] Yeni coin: ezM58pMee5 - analiz 40s sonra
04:52:53 INFO    [info] Yeni coin: 4WZAZkbsG7 - analiz 40s sonra
04:52:58 WARNING RPC hiz limiti (429) - RPC_RPS dusurun veya plani yukseltin
04:53:06 INFO    [info] Yeni coin: 59DqDg5BBV - analiz 40s sonra
04:53:09 INFO    [info] Yeni coin: J4PvsKhfNg - analiz 40s sonra
04:53:10 INFO    [info] Yeni coin: 5J299Un9Gm - analiz 40s sonra
04:53:11 INFO    [info] Yeni coin: FVhkGqn8xk - analiz 40s sonra
04:53:13 INFO    [info] Yeni coin: D9YVo11xcA - analiz 40s sonra
04:53:15 WARNING RPC hiz limiti (429) - RPC_RPS dusurun veya plani yukseltin
04:53:15 INFO    [info] Yeni coin: 9kEGQRkGTx - analiz 40s sonra
04:53:15 INFO    [info] Yeni coin: 2VyZ6VoLxr - analiz 40s sonra
04:53:16 INFO    [info] Yeni coin: cKcEjAZeCf - analiz 40s sonra
04:53:16 INFO    [info] Yeni coin: aviKYcNDTr - analiz 40s sonra
04:53:22 INFO    [info] Yeni coin: AFy8WsJvTN - analiz 40s sonra
04:53:22 INFO    [info] Yeni coin: 2t6oeHe5Zk - analiz 40s sonra
04:53:22 INFO    [info] Yeni coin: 354JSrDjXZ - analiz 40s sonra
04:53:24 INFO    [info] Yeni coin: Dmp9HDwfAF - analiz 40s sonra
04:53:25 INFO    [info] Yeni coin: 9KSPVvLq4T - analiz 40s sonra
04:53:25 INFO    [info] Yeni coin: BFPjbEhbkH - analiz 40s sonra
04:53:26 INFO    [info] Yeni coin: 3WC2182qsg - analiz 40s sonra
04:53:34 INFO    [info] Yeni coin: CQcf4CvVBV - analiz 40s sonra
04:53:45 INFO    [info] Yeni coin: 9VuezaViMJ - analiz 40s sonra
04:53:46 INFO    [info] Yeni coin: DwEdwDnwqG - analiz 40s sonra
04:53:48 INFO    [info] Yeni coin: Ce9k8bDRRJ - analiz 40s sonra
04:53:58 WARNING RPC hiz limiti (429) - RPC_RPS dusurun veya plani yukseltin
04:54:00 INFO    [info] Yeni coin: 3VGrdFHvfM - analiz 40s sonra
04:54:10 INFO    [info] Yeni coin: 42f3tEHg6p - analiz 40s sonra
04:54:11 INFO    [info] Yeni coin: 4EMNzr8zkZ - analiz 40s sonra
04:54:12 INFO    [info] Yeni coin: 9ebiK5p1d8 - analiz 40s sonra
04:54:13 INFO    [info] Yeni coin: F77PRSeTrT - analiz 40s sonra
04:54:13 INFO    [info] Yeni coin: 6vXKEzG828 - analiz 40s sonra
04:54:13 INFO    [info] Yeni coin: 7yFm92KV5B - analiz 40s sonra
04:54:14 INFO    [info] Yeni coin: Dvq3sEAJBw - analiz 40s sonra
04:54:14 INFO    [info] Yeni coin: EYq5vsgsD4 - analiz 40s sonra
04:54:15 INFO    [info] Yeni coin: DPyL4MNSNu - analiz 40s sonra
04:54:15 WARNING RPC hiz limiti (429) - RPC_RPS dusurun veya plani yukseltin
04:54:18 INFO    [info] Yeni coin: 68wJLxfB7A - analiz 40s sonra
04:54:32 INFO    [info] Yeni coin: Ef1kaxAg7P - analiz 40s sonra
04:54:38 INFO    [info] Yeni coin: ELpkAQcM5y - analiz 40s sonra
04:54:42 INFO    [warn] Takip edilen cuzdan yok - once skorlayip takibe alin
04:54:43 INFO    [info] Yeni coin: 7Fqepcxj7y - analiz 40s sonra
04:54:43 INFO    [info] Yeni coin: 7JHqZt3439 - analiz 40s sonra
04:54:43 WARNING RPC hiz limiti (429) - RPC_RPS dusurun veya plani yukseltin
04:54:45 INFO    [info] Yeni coin: 4eDhKA8ntq - analiz 40s sonra
04:54:46 INFO    [info] Yeni coin: Ai1oCa2htz - analiz 40s sonra
04:54:57 INFO    [info] Yeni coin: 8tLRVewXwY - analiz 40s sonra
04:54:58 INFO    [info] Yeni coin: BFJTyKawiK - analiz 40s sonra
04:55:08 INFO    [info] Yeni coin: 3BJYgj49XX - analiz 40s sonra
04:55:09 INFO    [info] Yeni coin: FPquSnD2mb - analiz 40s sonra
04:55:09 INFO    [info] Yeni coin: 6hy1kBfTxB - analiz 40s sonra
04:55:10 INFO    [info] Yeni coin: 8hMxDZS54L - analiz 40s sonra
04:55:14 INFO    [info] Yeni coin: HjubF2KusG - analiz 40s sonra
04:55:19 INFO    [info] Yeni coin: FL6V1LDRy8 - analiz 40s sonra
04:55:19 INFO    [info] Yeni coin: CMWstAxzhP - analiz 40s sonra
04:55:19 INFO    [info] Yeni coin: D73z9hqtMD - analiz 40s sonra
04:55:19 INFO    [info] Yeni coin: J2Z2cM3L8U - analiz 40s sonra
04:55:20 INFO    [info] Yeni coin: JjjZLZdRb8 - analiz 40s sonra
04:55:22 INFO    [info] Yeni coin: 7YedRExJzF - analiz 40s sonra
04:55:24 WARNING RPC hiz limiti (429) - RPC_RPS dusurun veya plani yukseltin
04:55:25 INFO    [info] Yeni coin: 5wb9oy6z1k - analiz 40s sonra
04:55:27 INFO    [info] Yeni coin: C7PsnzNzx1 - analiz 40s sonra
04:55:27 INFO    [info] Yeni coin: HCaZe7ZZTR - analiz 40s sonra
04:55:28 INFO    [info] Yeni coin: GCstoFcPd5 - analiz 40s sonra
04:55:28 INFO    [info] Yeni coin: 3FSdeLngdm - analiz 40s sonra
04:55:38 INFO    [info] Yeni coin: 4upqPuy4cb - analiz 40s sonra
04:55:39 INFO    [info] Yeni coin: Dko6fcyUZo - analiz 40s sonra
04:55:39 INFO    [info] Yeni coin: C5SAnSidLd - analiz 40s sonra
04:55:41 INFO    [info] Yeni coin: 6jHMV4KQAT - analiz 40s sonra
04:55:41 INFO    [info] Yeni coin: FR1ScE1w9o - analiz 40s sonra
04:55:43 INFO    [info] Yeni coin: 6MuVXbCWfV - analiz 40s sonra
04:55:45 INFO    [info] Yeni coin: 64M3iYnFZe - analiz 40s sonra
04:55:47 INFO    [info] Yeni coin: 52kYNV28K1 - analiz 40s sonra
04:55:48 INFO    [info] Yeni coin: CAqebn4qfC - analiz 40s sonra
04:55:48 INFO    [info] Yeni coin: 4ANN5npaaH - analiz 40s sonra
04:55:48 INFO    [info] Yeni coin: EnmYu4dRc9 - analiz 40s sonra
04:55:53 INFO    [info] Yeni coin: 3HYdsCMSWk - analiz 40s sonra
04:55:53 INFO    [info] Yeni coin: FxxiueSV4g - analiz 40s sonra
04:55:54 WARNING RPC hiz limiti (429) - RPC_RPS dusurun veya plani yukseltin
04:55:54 INFO    [info] Yeni coin: eH9Kx1yhya - analiz 40s sonra
04:55:55 INFO    [info] Yeni coin: 9C3kdFpAL8 - analiz 40s sonra
04:55:55 INFO    [info] Yeni coin: BMm6FrCt22 - analiz 40s sonra
04:55:56 INFO    [info] Yeni coin: 24xEZUeWJF - analiz 40s sonra
04:55:57 INFO    [info] Yeni coin: AWDpoDzn5k - analiz 40s sonra
04:55:57 INFO    [info] Yeni coin: 3ubTZvnf5w - analiz 40s sonra
04:55:58 INFO    [info] Yeni coin: AQ2FoVMXKq - analiz 40s sonra
04:56:00 INFO    [info] Yeni coin: HJ9h1QNYKc - analiz 40s sonra
04:56:11 INFO    [info] Yeni coin: As3miaDGgw - analiz 40s sonra
04:56:12 INFO    [info] Yeni coin: CJ4Jqpr6eA - analiz 40s sonra
04:56:15 INFO    [info] Yeni coin: 65n9dCjbiJ - analiz 40s sonra
04:56:15 INFO    [info] Yeni coin: HNmzjYCHGV - analiz 40s sonra
04:56:15 INFO    [info] Yeni coin: 4buU2AasCh - analiz 40s sonra
04:56:19 INFO    [info] Yeni coin: ELY2THTSPD - analiz 40s sonra
04:56:19 INFO    [info] Yeni coin: D2gBkU3QKf - analiz 40s sonra
04:56:19 INFO    [info] Yeni coin: Cr6XEhBVGx - analiz 40s sonra
04:56:19 WARNING RPC hiz limiti (429) - RPC_RPS dusurun veya plani yukseltin
04:56:21 INFO    [info] Yeni coin: bnseDHdM8o - analiz 40s sonra
04:56:21 INFO    [info] Yeni coin: 8RFogG9jy8 - analiz 40s sonra
04:56:29 INFO    [info] Yeni coin: ARZYDYKSve - analiz 40s sonra
04:56:29 INFO    [info] Yeni coin: FNCdgoSroD - analiz 40s sonra
04:56:31 INFO    [info] Yeni coin: 4SSbkpSTZR - analiz 40s sonra
04:56:32 INFO    [info] Yeni coin: CmFnr9iU8H - analiz 40s sonra
04:56:34 INFO    [info] Yeni coin: GJFt8wguHB - analiz 40s sonra
04:56:36 INFO    [info] Yeni coin: 7rWHc23UCZ - analiz 40s sonra
04:56:37 INFO    [info] Yeni coin: 2SgAg9Z9GH - analiz 40s sonra
04:56:38 INFO    [info] Yeni coin: CLTj5P5Cpw - analiz 40s sonra
04:56:39 INFO    [info] Yeni coin: 8GJGRXm9zD - analiz 40s sonra
04:56:39 INFO    [info] Yeni coin: 2VjPMUkZjY - analiz 40s sonra
04:56:39 INFO    [info] Yeni coin: 6VGy1CU8HR - analiz 40s sonra
04:56:40 INFO    [info] Yeni coin: 7rG6Ajq4k4 - analiz 40s sonra
04:56:41 INFO    [info] Yeni coin: 5szhiLidhf - analiz 40s sonra
04:56:41 WARNING RPC hiz limiti (429) - RPC_RPS dusurun veya plani yukseltin
04:56:42 INFO    [warn] Takip edilen cuzdan yok - once skorlayip takibe alin
04:56:42 INFO    [info] Yeni coin: 41HSSjqrAo - analiz 40s sonra
04:56:42 INFO    [info] Yeni coin: 3kwQMdshZu - analiz 40s sonra
04:56:43 INFO    [info] Yeni coin: EeKdoBPzA5 - analiz 40s sonra
04:56:43 INFO    [info] Yeni coin: J8Dj5n8SS4 - analiz 40s sonra
04:56:44 INFO    [info] Yeni coin: CDGmJAy6Nw - analiz 40s sonra
04:56:46 INFO    [info] Yeni coin: nMxwt7pGC9 - analiz 40s sonra
04:56:50 INFO    [info] Yeni coin: Gw2mpkT2cu - analiz 40s sonra
04:57:01 INFO    [info] Yeni coin: A9L9UiooWu - analiz 40s sonra
04:57:03 INFO    [info] Yeni coin: 2NS7U2Up2g - analiz 40s sonra
04:57:04 INFO    [info] Yeni coin: 6S2LKe9Hgv - analiz 40s sonra
04:57:07 WARNING RPC hiz limiti (429) - RPC_RPS dusurun veya plani yukseltin
04:57:13 INFO    [info] Yeni coin: 9dA9DBgizd - analiz 40s sonra
04:57:13 INFO    [info] Yeni coin: 9ZfAorkWaV - analiz 40s sonra
04:57:14 INFO    [info] Yeni coin: 4ZMnmgCXpH - analiz 40s sonra
04:57:18 INFO    [info] Yeni coin: 6DaxSzh7sN - analiz 40s sonra
04:57:20 INFO    [info] Yeni coin: 6vUFcsMCgW - analiz 40s sonra
04:57:21 INFO    [info] Yeni coin: 8DE9w11A1A - analiz 40s sonra
04:57:22 INFO    [info] Yeni coin: F6qQm4bTet - analiz 40s sonra
04:57:26 WARNING RPC hiz limiti (429) - RPC_RPS dusurun veya plani yukseltin
04:57:29 INFO    [info] Yeni coin: A6ckVoZDPk - analiz 40s sonra
04:57:29 INFO    [info] Yeni coin: GUbHKccLKK - analiz 40s sonra
04:57:31 INFO    [info] Yeni coin: AcJwpigaFA - analiz 40s sonra
04:57:40 INFO    [info] Yeni coin: 2u3RR5wCex - analiz 40s sonra
04:57:43 INFO    [info] Yeni coin: HQ4CGrnC3n - analiz 40s sonra
04:57:46 INFO    [info] Yeni coin: 616nVkfdvm - analiz 40s sonra
04:57:54 INFO    [info] Yeni coin: FuH7S943H1 - analiz 40s sonra
04:57:55 INFO    [info] Yeni coin: GwKE4ysMBn - analiz 40s sonra
04:57:56 INFO    [info] Yeni coin: 8XDzyX3bur - analiz 40s sonra
04:57:57 WARNING RPC hiz limiti (429) - RPC_RPS dusurun veya plani yukseltin
04:57:59 INFO    [info] Yeni coin: A5Rp9Nbnhn - analiz 40s sonra
04:58:00 INFO    [info] Yeni coin: 2kWCdkij6X - analiz 40s sonra
04:58:01 INFO    [info] Yeni coin: 74vW6CiGq7 - analiz 40s sonra
04:58:03 INFO    [info] Yeni coin: ApeUxxW1Ht - analiz 40s sonra
04:58:03 INFO    [info] Yeni coin: 5wvNgS2uYn - analiz 40s sonra
04:58:05 INFO    [info] Yeni coin: 5CHefspoTk - analiz 40s sonra
04:58:05 INFO    [info] Yeni coin: D8RHobSRJc - analiz 40s sonra
04:58:07 INFO    [info] Yeni coin: Evo9v4LgPD - analiz 40s sonra
04:58:13 INFO    [info] Yeni coin: HQFjjQs5k9 - analiz 40s sonra
04:58:19 INFO    [info] Yeni coin: A43kk2JNtg - analiz 40s sonra
04:58:24 INFO    [info] Yeni coin: 7PppjfR1cU - analiz 40s sonra
04:58:24 INFO    [info] Yeni coin: 37WrCR2tiD - analiz 40s sonra
04:58:24 WARNING RPC hiz limiti (429) - RPC_RPS dusurun veya plani yukseltin
04:58:30 INFO    [info] Yeni coin: HB8wqCvhEv - analiz 40s sonra
04:58:31 INFO    [info] Yeni coin: 12NevmaH85 - analiz 40s sonra
04:58:33 INFO    [info] Yeni coin: DMQT5EpSwV - analiz 40s sonra
04:58:33 INFO    [info] Yeni coin: 9zLtYfUBrz - analiz 40s sonra
04:58:34 INFO    [info] Yeni coin: 4yG1CvLsWD - analiz 40s sonra
04:58:38 INFO    [info] Yeni coin: H7kcfAV1XM - analiz 40s sonra
04:58:38 INFO    [info] Yeni coin: 7CDQD6k9WP - analiz 40s sonra
04:58:39 INFO    [info] Yeni coin: D9S7wMcPGs - analiz 40s sonra
04:58:39 INFO    [info] Yeni coin: GusAGqyv1W - analiz 40s sonra
04:58:42 INFO    [warn] Takip edilen cuzdan yok - once skorlayip takibe alin
04:58:42 INFO    [info] Yeni coin: CES4RCKhfU - analiz 40s sonra
04:58:43 INFO    [info] Yeni coin: E6gjQd971h - analiz 40s sonra
04:58:48 INFO    [info] Yeni coin: G3WgRxZPSi - analiz 40s sonra
04:58:48 INFO    [info] Yeni coin: 5NZ8hu7JJw - analiz 40s sonra
04:58:50 INFO    [info] Yeni coin: 2QQEonNsZn - analiz 40s sonra
04:58:50 INFO    [info] Yeni coin: 5mgZyTLR4Z - analiz 40s sonra
04:58:52 INFO    [info] Yeni coin: 27Kmzyhn4K - analiz 40s sonra
04:58:52 WARNING RPC hiz limiti (429) - RPC_RPS dusurun veya plani yukseltin
04:58:55 INFO    [info] Yeni coin: FKEGR2NYuM - analiz 40s sonra
04:58:56 INFO    [info] Yeni coin: M7EwxcdFfw - analiz 40s sonra
04:59:06 INFO    [info] Yeni coin: 6FmMq5AndA - analiz 40s sonra
04:59:08 INFO    [info] Yeni coin: Hio2ApXqHy - analiz 40s sonra
04:59:12 INFO    [info] Yeni coin: 4JMVexY1QK - analiz 40s sonra
04:59:18 INFO    [info] Yeni coin: 3iNkMSWmdf - analiz 40s sonra
04:59:19 WARNING RPC hiz limiti (429) - RPC_RPS dusurun veya plani yukseltin
04:59:27 INFO    [info] Yeni coin: FZuQ1S6YDP - analiz 40s sonra
04:59:28 INFO    [info] Yeni coin: 8sNH4XATdk - analiz 40s sonra
04:59:28 INFO    [info] Yeni coin: BitsJPL7dZ - analiz 40s sonra
04:59:29 INFO    [info] Yeni coin: GFKRcdd4n2 - analiz 40s sonra
04:59:31 INFO    [info] Yeni coin: 5jfESwTRz3 - analiz 40s sonra
04:59:32 INFO    [info] Yeni coin: BDujxjZe7Z - analiz 40s sonra
04:59:33 INFO    [info] Yeni coin: Ge3S9Lp6w7 - analiz 40s sonra
04:59:40 INFO    [info] Yeni coin: 6hAc2m5yZk - analiz 40s sonra
04:59:40 INFO    [info] Yeni coin: Hm4hjpVKNM - analiz 40s sonra
04:59:40 INFO    [info] Yeni coin: DPCan3vMAt - analiz 40s sonra
04:59:41 INFO    [info] Yeni coin: f8fShc3k4W - analiz 40s sonra
04:59:46 INFO    [info] Yeni coin: BGrJFVqniN - analiz 40s sonra
04:59:46 INFO    [info] Yeni coin: D84wWk3JqJ - analiz 40s sonra
04:59:49 INFO    [info] Yeni coin: FHHTL5iLEn - analiz 40s sonra
04:59:50 INFO    [info] Yeni coin: Ed7TmT9mSr - analiz 40s sonra
04:59:52 INFO    [info] Yeni coin: 7Z2xMPronj - analiz 40s sonra
04:59:53 WARNING RPC hiz limiti (429) - RPC_RPS dusurun veya plani yukseltin
04:59:53 INFO    [info] Yeni coin: G5bHPxCs3x - analiz 40s sonra
04:59:57 INFO    [info] Yeni coin: 3bZSGUjPXA - analiz 40s sonra
05:00:00 INFO    [info] Yeni coin: 8gqeNhpyF1 - analiz 40s sonra
05:00:03 INFO    [info] Yeni coin: G53rVXmCyX - analiz 40s sonra
05:00:04 INFO    [info] Yeni coin: AMbypLDWhX - analiz 40s sonra
05:00:08 INFO    [info] Yeni coin: G3Uy3JGkNT - analiz 40s sonra
05:00:09 WARNING RPC hiz limiti (429) - RPC_RPS dusurun veya plani yukseltin
05:00:12 INFO    [info] Yeni coin: 5o3URpkSCG - analiz 40s sonra
05:00:13 INFO    [info] Yeni coin: HrHWT1NpMN - analiz 40s sonra
05:00:22 INFO    [info] Yeni coin: 26iLwaDUt2 - analiz 40s sonra
05:00:22 INFO    [info] Yeni coin: FdSUwt13qW - analiz 40s sonra
05:00:23 INFO    [info] Yeni coin: AWVXrk1SB8 - analiz 40s sonra
05:00:24 INFO    [info] Yeni coin: Ax8d4yxpKK - analiz 40s sonra
05:00:24 INFO    [info] Yeni coin: 8CLthiQeUa - analiz 40s sonra
05:00:24 INFO    [info] Yeni coin: BA1vpNi4B6 - analiz 40s sonra
05:00:25 INFO    [info] Yeni coin: 6XwMYAaoSb - analiz 40s sonra
05:00:29 INFO    [info] Yeni coin: B6hGkoXRT6 - analiz 40s sonra
05:00:29 INFO    [info] Yeni coin: 7bjCtJJjz8 - analiz 40s sonra
05:00:30 INFO    [info] Yeni coin: 4rEZEXBa7e - analiz 40s sonra
05:00:33 INFO    [info] Yeni coin: 7cEnWfhG3K - analiz 40s sonra
05:00:33 INFO    [info] Yeni coin: EdcwQPpsiJ - analiz 40s sonra
05:00:33 INFO    [info] Yeni coin: AXpYDXtY44 - analiz 40s sonra
05:00:37 WARNING RPC hiz limiti (429) - RPC_RPS dusurun veya plani yukseltin
05:00:40 INFO    [info] Yeni coin: Ek2RnCuHh1 - analiz 40s sonra
05:00:41 INFO    [info] Yeni coin: GqdKCJTWQL - analiz 40s sonra
05:00:42 INFO    [warn] Takip edilen cuzdan yok - once skorlayip takibe alin
05:00:48 INFO    [info] Yeni coin: 5gr8sodXeG - analiz 40s sonra
05:00:49 INFO    [info] Yeni coin: AC9MSyxxmJ - analiz 40s sonra
05:00:51 INFO    [info] Yeni coin: 6hfCqcCvLB - analiz 40s sonra
05:00:52 INFO    [info] Yeni coin: HFThN3ZdpS - analiz 40s sonra
05:00:53 INFO    [info] Yeni coin: 4KGmZ1TiL9 - analiz 40s sonra
05:00:53 INFO    [info] Yeni coin: bNURC9Nhdu - analiz 40s sonra
05:00:59 WARNING RPC hiz limiti (429) - RPC_RPS dusurun veya plani yukseltin
05:01:00 INFO    [info] Yeni coin: F7SzBfE3oJ - analiz 40s sonra
05:01:03 INFO    [info] Yeni coin: 4AsyudroCe - analiz 40s sonra
05:01:03 INFO    [info] Yeni coin: 61fqt6ZNpA - analiz 40s sonra
05:01:03 INFO    [info] Yeni coin: C2hNdGT2fQ - analiz 40s sonra
05:01:06 INFO    [info] Yeni coin: HdFbZFjmKG - analiz 40s sonra
05:01:08 INFO    [info] Yeni coin: 2DMdnkdkTh - analiz 40s sonra
05:01:12 INFO    [info] Yeni coin: 37Dhsxd5Kt - analiz 40s sonra
05:01:14 INFO    [info] Yeni coin: FPME6P4kdX - analiz 40s sonra
05:01:15 INFO    [info] Yeni coin: 5vvEH3n4w3 - analiz 40s sonra
05:01:19 INFO    [info] Yeni coin: 4H3KjxdCwZ - analiz 40s sonra
05:01:33 INFO    [info] Yeni coin: 2a9xqtTYoT - analiz 40s sonra
05:01:34 INFO    [info] Yeni coin: 48uJpKRpwA - analiz 40s sonra
05:01:35 INFO    [info] Yeni coin: GGHk7u2sNm - analiz 40s sonra
05:01:35 WARNING RPC hiz limiti (429) - RPC_RPS dusurun veya plani yukseltin
05:01:38 INFO    [info] Yeni coin: D1dCj7fj25 - analiz 40s sonra
05:01:40 INFO    [info] Yeni coin: 43LHy11Mus - analiz 40s sonra
05:01:41 INFO    [info] Yeni coin: 5NxgsmTknx - analiz 40s sonra
05:01:41 INFO    [info] Yeni coin: 5b41X8zFXK - analiz 40s sonra
05:01:42 INFO    [info] Yeni coin: 5tdpQSY9he - analiz 40s sonra
05:01:54 INFO    [info] Yeni coin: 3g9yBJVm9x - analiz 40s sonra
05:01:55 INFO    [info] Yeni coin: GSzMGgVAdV - analiz 40s sonra
05:01:55 INFO    [info] Yeni coin: hhyWJ1r83Y - analiz 40s sonra
05:02:00 INFO    [info] Yeni coin: HuKGPsGppu - analiz 40s sonra
05:02:01 INFO    [info] Yeni coin: EnitEqfn1d - analiz 40s sonra
05:02:01 WARNING RPC hiz limiti (429) - RPC_RPS dusurun veya plani yukseltin
05:02:05 INFO    [info] Yeni coin: 2aYoWifpJo - analiz 40s sonra
05:02:09 INFO    [info] Yeni coin: EcPXwJFPgj - analiz 40s sonra
05:02:12 INFO    [info] Yeni coin: UZ4fb4waRb - analiz 40s sonra
05:02:29 INFO    [info] Yeni coin: 3aU2n51iyB - analiz 40s sonra
05:02:32 INFO    [info] Yeni coin: B1K8hAsi7T - analiz 40s sonra
05:02:36 WARNING RPC hiz limiti (429) - RPC_RPS dusurun veya plani yukseltin
05:02:42 INFO    [warn] Takip edilen cuzdan yok - once skorlayip takibe alin
05:02:47 INFO    [info] Yeni coin: 6uurE9ky72 - analiz 40s sonra
05:02:47 INFO    [info] Yeni coin: CSNbZqJCJc - analiz 40s sonra
05:02:49 INFO    [info] Yeni coin: HQjid66jSJ - analiz 40s sonra
05:02:54 INFO    [info] Yeni coin: H9iEB5v8o1 - analiz 40s sonra
05:03:03 WARNING RPC hiz limiti (429) - RPC_RPS dusurun veya plani yukseltin
05:03:04 INFO    [info] Yeni coin: AaKWNEKyy2 - analiz 40s sonra
05:03:05 INFO    [info] Yeni coin: CJJGwfxsMk - analiz 40s sonra
05:03:05 INFO    [info] Yeni coin: Cf7QiebuqZ - analiz 40s sonra
05:03:06 INFO    [info] Yeni coin: Db3fbpBo7k - analiz 40s sonra
05:03:14 INFO    [info] Yeni coin: 9kaXRnwYFE - analiz 40s sonra
05:03:24 INFO    [info] Yeni coin: CBqLiNpfRj - analiz 40s sonra
05:03:28 INFO    [info] Yeni coin: 7GNXxuV1kh - analiz 40s sonra
05:03:29 INFO    [info] Yeni coin: 97imRsQxK1 - analiz 40s sonra
05:03:43 WARNING RPC hiz limiti (429) - RPC_RPS dusurun veya plani yukseltin
05:03:47 INFO    [info] Yeni coin: AzmAFi6Ffv - analiz 40s sonra
05:03:55 INFO    [info] Yeni coin: DoeYmDz6Ng - analiz 40s sonra
05:03:55 INFO    [info] Yeni coin: 8SddbKYyHG - analiz 40s sonra
05:04:11 INFO    [info] Yeni coin: 3Q6LMtkoNi - analiz 40s sonra
05:04:15 WARNING RPC hiz limiti (429) - RPC_RPS dusurun veya plani yukseltin
05:04:16 INFO    [info] Yeni coin: 36Miu2v67J - analiz 40s sonra
05:04:18 INFO    [info] Yeni coin: Bju5vtCfYb - analiz 40s sonra
05:04:22 INFO    [info] Yeni coin: 9kcHAqBcPP - analiz 40s sonra
05:04:23 INFO    [info] Yeni coin: nmfG2TWTuv - analiz 40s sonra
05:04:25 INFO    [info] Yeni coin: A7p3PfQ21r - analiz 40s sonra
05:04:36 INFO    [info] Yeni coin: JB8rMqyFmy - analiz 40s sonra
05:04:41 INFO    [info] Yeni coin: 4bXchTHDgq - analiz 40s sonra
05:04:42 INFO    [warn] Takip edilen cuzdan yok - once skorlayip takibe alin
05:04:43 INFO    [info] Yeni coin: HywvYiR5kB - analiz 40s sonra
05:04:43 INFO    [info] Yeni coin: 14Ln7HGQQh - analiz 40s sonra
05:04:45 INFO    [info] Yeni coin: 27nxSmfZ2f - analiz 40s sonra
05:04:45 INFO    [info] Yeni coin: B7ewskT7PT - analiz 40s sonra
05:04:45 INFO    [info] Yeni coin: Cs2J2BYHAA - analiz 40s sonra
05:04:51 INFO    [info] Yeni coin: DnFd48C6DX - analiz 40s sonra
05:04:51 WARNING RPC hiz limiti (429) - RPC_RPS dusurun veya plani yukseltin
05:04:53 INFO    [info] Yeni coin: Ebck4ueSPD - analiz 40s sonra
05:04:57 INFO    [info] Yeni coin: sPkowPMcD6 - analiz 40s sonra
05:04:59 INFO    [info] Yeni coin: 4adiQvTH4T - analiz 40s sonra
05:05:00 INFO    [info] Yeni coin: 3Yc4N8Nzk2 - analiz 40s sonra
05:05:03 INFO    [info] Yeni coin: 4QnKD2cvQi - analiz 40s sonra
05:05:04 INFO    [info] Yeni coin: zBwtdqqtaT - analiz 40s sonra
05:05:07 INFO    [info] Yeni coin: AwEwZNGmCc - analiz 40s sonra
05:05:08 INFO    [info] Yeni coin: 8Xt5jQmHEF - analiz 40s sonra
05:05:09 INFO    [info] Yeni coin: 4M8kJcbY8G - analiz 40s sonra
05:05:11 INFO    [info] Yeni coin: FcboynPbNH - analiz 40s sonra
05:05:13 WARNING RPC hiz limiti (429) - RPC_RPS dusurun veya plani yukseltin
05:05:25 INFO    [info] Yeni coin: bFyj3pZtUS - analiz 40s sonra
05:05:37 INFO    [info] Yeni coin: 56sbnuMM8g - analiz 40s sonra
05:05:40 INFO    [info] Yeni coin: 9raMMv89nB - analiz 40s sonra
05:05:40 INFO    [info] Yeni coin: 5a28wZzKKc - analiz 40s sonra
05:05:40 INFO    [info] Yeni coin: EWwSceEYsi - analiz 40s sonra
05:05:41 INFO    [info] Yeni coin: Handg6Xwv7 - analiz 40s sonra
05:05:42 INFO    [info] Yeni coin: FaWYdhCYDj - analiz 40s sonra
05:05:44 INFO    [info] Yeni coin: HZhxJWoGYT - analiz 40s sonra
05:05:45 INFO    [info] Yeni coin: 287f2gK7VR - analiz 40s sonra
05:05:46 INFO    [info] Yeni coin: J8HYagn8VU - analiz 40s sonra
05:05:46 WARNING RPC hiz limiti (429) - RPC_RPS dusurun veya plani yukseltin
05:05:51 INFO    [info] Yeni coin: 8XYRvedfiK - analiz 40s sonra
05:05:52 INFO    [info] Yeni coin: B2oC4sV7TD - analiz 40s sonra
05:05:52 INFO    [info] Yeni coin: HK7aXw9Lec - analiz 40s sonra
05:05:52 INFO    [info] Yeni coin: 64a9XnaNZY - analiz 40s sonra
05:05:53 INFO    [info] Yeni coin: 2Dt8Ebrk8F - analiz 40s sonra
05:05:55 INFO    [info] Yeni coin: 4BXqaBWvYa - analiz 40s sonra
05:05:56 INFO    [info] Yeni coin: C5bPVPN3Ej - analiz 40s sonra
05:06:02 INFO    [info] Yeni coin: 3kdfs48Dhp - analiz 40s sonra
05:06:04 INFO    [info] Yeni coin: C68ydhzj9V - analiz 40s sonra
05:06:04 INFO    [info] Yeni coin: CwLRoue1Pw - analiz 40s sonra
05:06:08 WARNING RPC hiz limiti (429) - RPC_RPS dusurun veya plani yukseltin
05:06:09 INFO    [info] Yeni coin: AXLdEepGey - analiz 40s sonra
05:06:15 INFO    [info] Yeni coin: BaStEZPCTw - analiz 40s sonra
05:06:23 INFO    [info] Yeni coin: 2yQPYVcCEm - analiz 40s sonra
05:06:23 INFO    [info] Yeni coin: ECuA25Uuxi - analiz 40s sonra
05:06:24 INFO    [info] Yeni coin: Ha9xVWPcmy - analiz 40s sonra
05:06:25 INFO    [info] Yeni coin: FGWGXihbzW - analiz 40s sonra
05:06:42 INFO    [warn] Takip edilen cuzdan yok - once skorlayip takibe alin
05:06:46 INFO    [info] Yeni coin: Eh6g3yW6DV - analiz 40s sonra
05:06:55 WARNING RPC hiz limiti (429) - RPC_RPS dusurun veya plani yukseltin
05:06:59 INFO    [info] Yeni coin: 7BUWTw8kvt - analiz 40s sonra
05:07:00 INFO    [info] Yeni coin: 9ncqi3wYqw - analiz 40s sonra
05:07:05 INFO    [info] Yeni coin: BDGztEHRYn - analiz 40s sonra
05:07:07 INFO    [info] Yeni coin: D7q34LTKk3 - analiz 40s sonra
05:07:09 INFO    [info] Yeni coin: CB1f4MtuuF - analiz 40s sonra
05:07:15 INFO    [info] Yeni coin: 6bFc4CjNx5 - analiz 40s sonra
05:07:16 WARNING RPC hiz limiti (429) - RPC_RPS dusurun veya plani yukseltin
05:07:18 INFO    [info] Yeni coin: CJFjHMh7Mr - analiz 40s sonra
05:07:18 INFO    [info] Yeni coin: J3RzyEPMWf - analiz 40s sonra
05:07:19 INFO    [info] Yeni coin: 4g8YZs5sWg - analiz 40s sonra
05:07:26 INFO    [info] Yeni coin: 2aU3a9Jwcr - analiz 40s sonra
05:07:32 INFO    [info] Yeni coin: LKdV5nAkJx - analiz 40s sonra
05:07:34 INFO    [info] Yeni coin: F34xofQzVM - analiz 40s sonra
05:07:35 INFO    [info] Yeni coin: CxuCnvSf6C - analiz 40s sonra
05:07:35 WARNING RPC hiz limiti (429) - RPC_RPS dusurun veya plani yukseltin
05:07:36 INFO    [info] Yeni coin: 6cjgjGcCWS - analiz 40s sonra
05:07:36 INFO    [info] Yeni coin: GbZvDRAiwU - analiz 40s sonra
05:07:39 INFO    [info] Yeni coin: HFniM52rLm - analiz 40s sonra
05:07:39 INFO    [info] Yeni coin: 6GRYsZNroo - analiz 40s sonra
05:07:57 INFO    [info] Yeni coin: FiLAKCuGmQ - analiz 40s sonra
05:08:01 INFO    [info] Yeni coin: 2B6S4yNKCg - analiz 40s sonra
05:08:03 INFO    [info] Yeni coin: EoYP99VZRE - analiz 40s sonra
05:08:04 WARNING RPC hiz limiti (429) - RPC_RPS dusurun veya plani yukseltin
05:08:04 INFO    [info] Yeni coin: BFvCErJ4Uk - analiz 40s sonra
05:08:10 INFO    [info] Yeni coin: 55MyUCThA7 - analiz 40s sonra
05:08:13 INFO    [info] Yeni coin: 4JwHz43L7o - analiz 40s sonra
05:08:25 INFO    [info] Yeni coin: NjiShXbNE9 - analiz 40s sonra
05:08:26 INFO    [info] Yeni coin: YfRoUXGMdN - analiz 40s sonra
05:08:29 INFO    [info] Yeni coin: BFvs25kmPx - analiz 40s sonra
05:08:33 WARNING RPC hiz limiti (429) - RPC_RPS dusurun veya plani yukseltin
05:08:33 INFO    [info] Yeni coin: 96D9PqP2AW - analiz 40s sonra
05:08:34 INFO    [info] Yeni coin: Gs8BMdGcEW - analiz 40s sonra
05:08:36 INFO    [info] Yeni coin: 9jKSc2T4hx - analiz 40s sonra
05:08:42 INFO    [warn] Takip edilen cuzdan yok - once skorlayip takibe alin
05:08:42 INFO    [info] Yeni coin: 2uZAMrtXkt - analiz 40s sonra
05:08:51 INFO    [info] Yeni coin: 62mxkh6zuc - analiz 40s sonra
05:08:51 INFO    [info] Yeni coin: 5FByen4AxW - analiz 40s sonra
05:09:00 INFO    [info] Yeni coin: AiSD8zJLkQ - analiz 40s sonra
05:09:06 INFO    [info] Yeni coin: 2988pRn8W5 - analiz 40s sonra
05:09:12 WARNING RPC hiz limiti (429) - RPC_RPS dusurun veya plani yukseltin
05:09:15 INFO    [info] Yeni coin: 9pjXam4xHL - analiz 40s sonra
05:09:25 INFO    [info] Yeni coin: 5A2W8DViSY - analiz 40s sonra
05:09:30 INFO    [info] Yeni coin: 5HiLVPNfRt - analiz 40s sonra
05:09:32 INFO    [info] Yeni coin: 5SVzJaTAHC - analiz 40s sonra
05:09:40 INFO    [info] Yeni coin: 2j8e5P8RBN - analiz 40s sonra
05:09:42 WARNING RPC hiz limiti (429) - RPC_RPS dusurun veya plani yukseltin
05:09:43 INFO    [info] Yeni coin: 36W7Rg5twA - analiz 40s sonra
05:09:45 INFO    [info] Yeni coin: 6TQx5cj5sw - analiz 40s sonra
05:09:46 INFO    [info] Yeni coin: G8ngC518vX - analiz 40s sonra
05:09:46 INFO    [info] Yeni coin: C2z3tZeaU9 - analiz 40s sonra
05:09:46 INFO    [info] Yeni coin: arTNB65EEq - analiz 40s sonra
05:09:48 INFO    [info] Yeni coin: AbqspNiRyv - analiz 40s sonra
05:09:56 INFO    [info] Yeni coin: 6LVkuVvpwK - analiz 40s sonra
05:09:59 INFO    [info] Yeni coin: 6DxWw6Z9Zc - analiz 40s sonra
05:10:04 INFO    [info] Yeni coin: 5z8hb5wYVJ - analiz 40s sonra
05:10:05 INFO    [info] Yeni coin: 4X3TsBVgEL - analiz 40s sonra
05:10:06 WARNING RPC hiz limiti (429) - RPC_RPS dusurun veya plani yukseltin
05:10:14 INFO    [info] Yeni coin: EHSdb94TMq - analiz 40s sonra
05:10:19 INFO    [info] Yeni coin: 8zp1xzsLw4 - analiz 40s sonra
05:10:27 INFO    [info] Yeni coin: Bx3Kz4eB7p - analiz 40s sonra
05:10:30 INFO    [info] Yeni coin: 8b7Cnw8vvt - analiz 40s sonra
05:10:33 INFO    [info] Yeni coin: 8KfoAehjhv - analiz 40s sonra
05:10:36 WARNING RPC hiz limiti (429) - RPC_RPS dusurun veya plani yukseltin
05:10:41 INFO    [info] Yeni coin: 2Vgu5Nd5Lc - analiz 40s sonra
05:10:42 INFO    [warn] Takip edilen cuzdan yok - once skorlayip takibe alin
05:10:42 INFO    [info] Yeni coin: HLpSE2b2VG - analiz 40s sonra
05:10:44 INFO    [info] Yeni coin: 2iCFTFFSXH - analiz 40s sonra
05:10:45 INFO    [info] Yeni coin: 2Lme643bk3 - analiz 40s sonra
05:10:45 INFO    [info] Yeni coin: 9azvKCMku3 - analiz 40s sonra
05:10:48 INFO    [info] Yeni coin: sAFYjQ2grn - analiz 40s sonra
05:10:55 INFO    [info] Yeni coin: GqCvQDzZDC - analiz 40s sonra
05:10:56 INFO    [info] Yeni coin: 9rgu1UAbzb - analiz 40s sonra
05:10:56 INFO    [info] Yeni coin: FeuyqZZAw5 - analiz 40s sonra
05:11:01 WARNING RPC hiz limiti (429) - RPC_RPS dusurun veya plani yukseltin
05:11:03 INFO    [info] Yeni coin: GeUNSDY66W - analiz 40s sonra
05:11:04 INFO    [info] Yeni coin: 9vzJoKgpKV - analiz 40s sonra
05:11:07 INFO    [info] Yeni coin: FgFnhAVjoJ - analiz 40s sonra
05:11:08 INFO    [info] Yeni coin: 6ktHJXg6hH - analiz 40s sonra
05:11:09 INFO    [info] Yeni coin: 5jjHH7nG7s - analiz 40s sonra
05:11:17 INFO    [info] Yeni coin: ApnX7q57CT - analiz 40s sonra
05:11:19 INFO    [info] Yeni coin: 2BB7LeiSCC - analiz 40s sonra
05:11:28 INFO    [info] Yeni coin: 4YC3KcSYdY - analiz 40s sonra
05:11:29 WARNING RPC hiz limiti (429) - RPC_RPS dusurun veya plani yukseltin
05:11:31 INFO    [info] Yeni coin: ZeQ4dvP5nj - analiz 40s sonra
05:11:32 INFO    [info] Yeni coin: GiofGi9AdW - analiz 40s sonra
05:11:42 INFO    [info] Yeni coin: FBNCyaXF68 - analiz 40s sonra
05:11:44 INFO    [info] Yeni coin: qwxNAEyaKh - analiz 40s sonra
05:11:44 INFO    [info] Yeni coin: QY5tHAnGgD - analiz 40s sonra
05:11:52 INFO    [info] Yeni coin: 6da38uNHAK - analiz 40s sonra
05:11:53 WARNING RPC hiz limiti (429) - RPC_RPS dusurun veya plani yukseltin
05:11:54 INFO    [info] Yeni coin: CCXPHoM7yK - analiz 40s sonra
05:11:55 INFO    [info] Yeni coin: u4h9Z5iFc9 - analiz 40s sonra
05:11:58 INFO    [info] Yeni coin: HJNDwB7ELE - analiz 40s sonra
05:12:00 INFO    [info] Yeni coin: Frq6gX6a2c - analiz 40s sonra
05:12:03 INFO    [info] Yeni coin: 7BbiTmRSc2 - analiz 40s sonra
05:12:05 INFO    [info] Yeni coin: Ca5tQpesti - analiz 40s sonra
05:12:10 INFO    [info] Yeni coin: CH4sSjX6Zm - analiz 40s sonra
05:12:10 INFO    [info] Yeni coin: 13QKYrtvPi - analiz 40s sonra
05:12:12 INFO    [info] Yeni coin: 5burJt8w2a - analiz 40s sonra
05:12:14 WARNING RPC hiz limiti (429) - RPC_RPS dusurun veya plani yukseltin
05:12:18 INFO    [info] Yeni coin: 6FVQ8mxt6P - analiz 40s sonra
05:12:18 INFO    [info] Yeni coin: Ai8s4kuPWc - analiz 40s sonra
05:12:23 INFO    [info] Yeni coin: GrEic28vx8 - analiz 40s sonra
05:12:41 WARNING RPC hiz limiti (429) - RPC_RPS dusurun veya plani yukseltin
05:12:42 INFO    [info] Yeni coin: 9Ds7XSfsr1 - analiz 40s sonra
05:12:42 INFO    [warn] Takip edilen cuzdan yok - once skorlayip takibe alin
05:12:50 INFO    [info] Yeni coin: 6UN4GBH3s7 - analiz 40s sonra
05:12:53 INFO    [info] Yeni coin: BcFtWW98Bw - analiz 40s sonra
05:12:54 INFO    [info] Yeni coin: 2qaHomMGJR - analiz 40s sonra
05:12:55 INFO    [info] Yeni coin: HncB1XC9rK - analiz 40s sonra
05:12:57 INFO    [info] Yeni coin: HEkJW4S23b - analiz 40s sonra
05:12:57 INFO    [info] Yeni coin: E7vbWFULiA - analiz 40s sonra
05:13:14 WARNING RPC hiz limiti (429) - RPC_RPS dusurun veya plani yukseltin
05:13:20 INFO    [info] Yeni coin: 8rTieE6nAi - analiz 40s sonra
05:13:22 INFO    [info] Yeni coin: 9K8GzcKb9W - analiz 40s sonra
05:13:37 INFO    [info] Yeni coin: FX6enfkz4e - analiz 40s sonra
05:13:39 WARNING RPC hiz limiti (429) - RPC_RPS dusurun veya plani yukseltin
05:13:46 INFO    [info] Yeni coin: 46TRxN2HBK - analiz 40s sonra
05:13:51 INFO    [info] Yeni coin: 2ZfL6LSESn - analiz 40s sonra
05:13:52 INFO    [info] Yeni coin: AZ4XfaqHgh - analiz 40s sonra
05:13:52 INFO    [info] Yeni coin: Aoo8KJk8D8 - analiz 40s sonra
05:13:54 INFO    [info] Yeni coin: Gj488wsrTq - analiz 40s sonra
05:13:57 INFO    [info] Yeni coin: Aa4fS14rjs - analiz 40s sonra
05:13:58 INFO    [info] Yeni coin: EF7m2nur6f - analiz 40s sonra
05:14:00 INFO    [info] Yeni coin: A6qpC5SPNa - analiz 40s sonra
05:14:02 INFO    [info] Yeni coin: 9sXEUaRASB - analiz 40s sonra
05:14:09 INFO    [info] Yeni coin: 8uMcPw1zSi - analiz 40s sonra
05:14:10 WARNING RPC hiz limiti (429) - RPC_RPS dusurun veya plani yukseltin
05:14:13 INFO    [info] Yeni coin: EcpVmLfj2T - analiz 40s sonra
05:14:16 INFO    [info] Yeni coin: 9FV7uYDxic - analiz 40s sonra
05:14:21 INFO    [info] Yeni coin: HXxGfH5ZpL - analiz 40s sonra
05:14:22 INFO    [info] Yeni coin: CmRzb15gDH - analiz 40s sonra
05:14:22 INFO    [info] Yeni coin: EYHpaEZVpf - analiz 40s sonra
05:14:23 INFO    [info] Yeni coin: AewFePCX2M - analiz 40s sonra
05:14:25 INFO    [info] Yeni coin: A4mSu5Zrur - analiz 40s sonra
05:14:27 INFO    [info] Yeni coin: 8yVEQdJ9qA - analiz 40s sonra
05:14:36 INFO    [info] Yeni coin: HKqvazEGF7 - analiz 40s sonra
05:14:38 WARNING RPC hiz limiti (429) - RPC_RPS dusurun veya plani yukseltin
05:14:42 INFO    [warn] Takip edilen cuzdan yok - once skorlayip takibe alin
05:14:44 INFO    [info] Yeni coin: JPGrLkDb26 - analiz 40s sonra
05:14:45 INFO    [info] Yeni coin: bWebFbQMdx - analiz 40s sonra
05:14:46 INFO    [info] Yeni coin: AhZZweJCNn - analiz 40s sonra
05:14:46 INFO    [info] Yeni coin: 3zvmrK7GYr - analiz 40s sonra
05:14:47 INFO    [info] Yeni coin: 55E5biwHSf - analiz 40s sonra
05:14:48 INFO    [info] Yeni coin: E5UoPEhbT6 - analiz 40s sonra
05:14:48 INFO    [info] Yeni coin: 2QiqYpq7dY - analiz 40s sonra
05:14:50 INFO    [info] Yeni coin: 4PYRiRetW5 - analiz 40s sonra
05:14:58 INFO    [info] Yeni coin: 75uojqit8W - analiz 40s sonra
05:14:58 INFO    [info] Yeni coin: 8AQFjCTjAE - analiz 40s sonra
05:15:00 INFO    [info] Yeni coin: 729JjwCTvh - analiz 40s sonra
05:15:01 INFO    [info] Yeni coin: Bfkahbteh3 - analiz 40s sonra
05:15:01 INFO    [info] Yeni coin: 24uaUqVNt9 - analiz 40s sonra
05:15:01 WARNING RPC hiz limiti (429) - RPC_RPS dusurun veya plani yukseltin
05:15:02 INFO    [info] Yeni coin: FFEUxTSmeN - analiz 40s sonra
05:15:02 INFO    [info] Yeni coin: EyX5sooj2K - analiz 40s sonra
05:15:03 INFO    [info] Yeni coin: 7K6NfyTP7n - analiz 40s sonra
05:15:03 INFO    [info] Yeni coin: BXNTdyQ9tq - analiz 40s sonra
05:15:04 INFO    [info] Yeni coin: 5fiCnE7Mrx - analiz 40s sonra
05:15:04 INFO    [info] Yeni coin: 7RhAWGb7CZ - analiz 40s sonra
05:15:07 INFO    [info] Yeni coin: GEvz5Lef8F - analiz 40s sonra
05:15:10 INFO    [info] Yeni coin: C8MTPpQCAi - analiz 40s sonra
05:15:10 INFO    [info] Yeni coin: 9dEvRHRBzu - analiz 40s sonra
05:15:16 INFO    [info] Yeni coin: DQP6L3AzNW - analiz 40s sonra
05:15:19 INFO    [info] Yeni coin: FDRvfiDq7i - analiz 40s sonra
05:15:23 INFO    [info] Yeni coin: 68Qy9yhPpY - analiz 40s sonra
05:15:24 INFO    [info] Yeni coin: HPVo2izCS7 - analiz 40s sonra
05:15:29 INFO    [info] Yeni coin: 9yYjqqPqwb - analiz 40s sonra
05:15:37 WARNING RPC hiz limiti (429) - RPC_RPS dusurun veya plani yukseltin
05:15:47 INFO    [info] Yeni coin: 2qqWXACFds - analiz 40s sonra
05:15:48 INFO    [info] Yeni coin: 2RG62aULWw - analiz 40s sonra
05:15:51 INFO    [info] Yeni coin: 3DLtUcvWZQ - analiz 40s sonra
05:15:54 INFO    [info] Yeni coin: HLq42L1Dyt - analiz 40s sonra
05:15:55 INFO    [info] Yeni coin: EPjFWdd5Au - analiz 40s sonra
05:16:01 INFO    [info] Yeni coin: AiqiJuwsz6 - analiz 40s sonra
05:16:02 INFO    [info] Yeni coin: 4jAS8ubhqH - analiz 40s sonra
05:16:02 WARNING RPC hiz limiti (429) - RPC_RPS dusurun veya plani yukseltin
05:16:04 INFO    [info] Yeni coin: GqnkeRkiSN - analiz 40s sonra
05:16:04 INFO    [info] Yeni coin: 4FuvKFCNzg - analiz 40s sonra
05:16:16 INFO    [info] Yeni coin: 5mQef8MK9L - analiz 40s sonra
05:16:16 INFO    [info] Yeni coin: Fg5MVvHqJa - analiz 40s sonra
05:16:21 INFO    [info] Yeni coin: EV9yJCKWsJ - analiz 40s sonra
05:16:23 INFO    [info] Yeni coin: 8FhAXv2tfX - analiz 40s sonra
05:16:23 INFO    [info] Yeni coin: 6k5f57QGo5 - analiz 40s sonra
05:16:25 INFO    [info] Yeni coin: c4yHrrXW5J - analiz 40s sonra
05:16:27 WARNING RPC hiz limiti (429) - RPC_RPS dusurun veya plani yukseltin
05:16:28 INFO    [info] Yeni coin: 5CqkyrZXmt - analiz 40s sonra
05:16:39 INFO    [info] Yeni coin: Gcc26yzqYE - analiz 40s sonra
05:16:40 INFO    [info] Yeni coin: EsQXzBsUCJ - analiz 40s sonra
05:16:42 INFO    [warn] Takip edilen cuzdan yok - once skorlayip takibe alin
05:16:47 INFO    [info] Yeni coin: 5eX1ZeLdgq - analiz 40s sonra
05:16:49 INFO    [info] Yeni coin: 3sQezxX1gH - analiz 40s sonra
05:16:50 INFO    [info] Yeni coin: J9H9jSAKrJ - analiz 40s sonra
05:16:51 WARNING RPC hiz limiti (429) - RPC_RPS dusurun veya plani yukseltin
05:16:56 INFO    [info] Yeni coin: FewSxsEwLx - analiz 40s sonra
05:17:04 INFO    [info] Yeni coin: oreoU2P8bN - analiz 40s sonra
05:17:05 INFO    [info] Yeni coin: 51jN11DCB2 - analiz 40s sonra
05:17:06 INFO    [info] Yeni coin: B5bq82orck - analiz 40s sonra
05:17:06 INFO    [info] Yeni coin: 9b345g9zsk - analiz 40s sonra
05:17:08 INFO    [info] Yeni coin: 2Yc9epkYCW - analiz 40s sonra
05:17:10 INFO    [info] Yeni coin: EQGgKxejyC - analiz 40s sonra
05:17:12 INFO    [info] Yeni coin: FytVCiWxLj - analiz 40s sonra
05:17:14 INFO    [info] Yeni coin: A3BGKmbxPw - analiz 40s sonra
05:17:25 INFO    [info] Yeni coin: 6zo7GDVGbS - analiz 40s sonra
05:17:26 WARNING RPC hiz limiti (429) - RPC_RPS dusurun veya plani yukseltin
05:17:27 INFO    [info] Yeni coin: FGx7wCpVvD - analiz 40s sonra
05:17:36 INFO    [info] Yeni coin: C4K9VHYNUH - analiz 40s sonra
05:17:44 INFO    [info] Yeni coin: CD4EvHM78h - analiz 40s sonra
05:17:46 INFO    [info] Yeni coin: 8cWv93g3kW - analiz 40s sonra
05:17:47 INFO    [info] Yeni coin: CuRpqSwnNR - analiz 40s sonra
05:17:48 INFO    [info] Yeni coin: EMW4bhwEWE - analiz 40s sonra
05:17:50 INFO    [info] Yeni coin: E3hykFFA1h - analiz 40s sonra
05:17:50 WARNING RPC hiz limiti (429) - RPC_RPS dusurun veya plani yukseltin
05:17:51 INFO    [info] Yeni coin: 2fttGFzxgc - analiz 40s sonra
05:17:52 INFO    [info] Yeni coin: CUvJuGDqCa - analiz 40s sonra
05:17:53 INFO    [info] Yeni coin: 311ymCwsu7 - analiz 40s sonra
05:17:53 INFO    [info] Yeni coin: 9h1qhHjvDc - analiz 40s sonra
05:17:54 INFO    [info] Yeni coin: 2jgNZZYNb9 - analiz 40s sonra
05:17:56 INFO    [info] Yeni coin: 8K8U8m96zJ - analiz 40s sonra
05:18:11 INFO    [info] Yeni coin: bwJntfZ9Bc - analiz 40s sonra
05:18:14 INFO    [info] Yeni coin: 8McaWaLv3g - analiz 40s sonra
05:18:14 INFO    [info] Yeni coin: DjpAgokFq6 - analiz 40s sonra
05:18:14 INFO    [info] Yeni coin: HeFDSoKw8M - analiz 40s sonra
05:18:15 WARNING RPC hiz limiti (429) - RPC_RPS dusurun veya plani yukseltin
05:18:17 INFO    [info] Yeni coin: 6GYCXsD1Lc - analiz 40s sonra
05:18:17 INFO    [info] Yeni coin: 8Xvwq2Xuhk - analiz 40s sonra
05:18:18 INFO    [info] Yeni coin: 8dKS8EcTM6 - analiz 40s sonra
05:18:23 INFO    [info] Yeni coin: 7sDTo57Jdu - analiz 40s sonra
05:18:23 INFO    [info] Yeni coin: 8JiiFjtTez - analiz 40s sonra
05:18:24 INFO    [info] Yeni coin: BByp58PgbU - analiz 40s sonra
05:18:25 INFO    [info] Yeni coin: HLJwTnTR56 - analiz 40s sonra
05:18:29 INFO    [info] Yeni coin: G79JyaiwZy - analiz 40s sonra
05:18:29 INFO    [info] Yeni coin: 3W993CXRQr - analiz 40s sonra
05:18:42 INFO    [warn] Takip edilen cuzdan yok - once skorlayip takibe alin
05:18:44 INFO    [info] Yeni coin: DjTtKfvaad - analiz 40s sonra
05:18:47 INFO    [info] Yeni coin: B1iMURJabp - analiz 40s sonra
05:18:47 INFO    [info] Yeni coin: HnVjg2uSqp - analiz 40s sonra
05:18:47 WARNING RPC hiz limiti (429) - RPC_RPS dusurun veya plani yukseltin
05:18:54 INFO    [info] Yeni coin: CRCPWSANo3 - analiz 40s sonra
05:18:55 INFO    [info] Yeni coin: 4RGSLTLbsV - analiz 40s sonra
05:18:55 INFO    [info] Yeni coin: cbh4uwiA4o - analiz 40s sonra
05:18:55 INFO    [info] Yeni coin: 9Tsv1buxts - analiz 40s sonra
05:18:55 INFO    [info] Yeni coin: HyNTvqKiL7 - analiz 40s sonra
05:18:55 INFO    [info] Yeni coin: B787GeBarb - analiz 40s sonra
05:18:56 INFO    [info] Yeni coin: 5tKmWkB5iP - analiz 40s sonra
05:18:56 INFO    [info] Yeni coin: HrqgKKyeAw - analiz 40s sonra
05:18:56 INFO    [info] Yeni coin: 4tiwTTXdbd - analiz 40s sonra
05:18:56 INFO    [info] Yeni coin: C59g3eo3g7 - analiz 40s sonra
05:18:58 INFO    [info] Yeni coin: 91y2JqwVtB - analiz 40s sonra
05:19:02 INFO    [info] Yeni coin: 3rxjAMxgx2 - analiz 40s sonra
05:19:04 INFO    [info] Yeni coin: 9zCnRbe3n7 - analiz 40s sonra
05:19:05 INFO    [info] Yeni coin: FYgZgTXnza - analiz 40s sonra
05:19:18 INFO    [info] Yeni coin: 4mgY1Cz6Sj - analiz 40s sonra
05:19:19 INFO    [info] Yeni coin: ENQcsxSUi8 - analiz 40s sonra
05:19:20 INFO    [info] Yeni coin: EDMHZTuZWG - analiz 40s sonra
05:19:26 INFO    [info] Yeni coin: 3iT7qFxiNi - analiz 40s sonra
05:19:27 INFO    [info] Yeni coin: ETqUmMiBYk - analiz 40s sonra
05:19:29 WARNING RPC hiz limiti (429) - RPC_RPS dusurun veya plani yukseltin
05:19:35 INFO    [info] Yeni coin: B9j2VbNV2M - analiz 40s sonra
05:19:50 INFO    [info] Yeni coin: 59raWUrKcg - analiz 40s sonra
05:19:59 WARNING RPC hiz limiti (429) - RPC_RPS dusurun veya plani yukseltin
05:20:02 INFO    [info] Yeni coin: F7ZnMRzMkV - analiz 40s sonra
05:20:10 INFO    [info] Yeni coin: 8Ls1rgD8Bi - analiz 40s sonra
05:20:12 INFO    [info] Yeni coin: 52FyS5iLAU - analiz 40s sonra
05:20:12 INFO    [info] Yeni coin: DeAn8VbMNg - analiz 40s sonra
05:20:34 WARNING RPC hiz limiti (429) - RPC_RPS dusurun veya plani yukseltin
05:20:36 INFO    [info] Yeni coin: AZM2zzzDb4 - analiz 40s sonra
05:20:41 INFO    [info] Yeni coin: 7N2EGhwfZX - analiz 40s sonra
05:20:42 INFO    [warn] Takip edilen cuzdan yok - once skorlayip takibe alin
05:20:57 WARNING RPC hiz limiti (429) - RPC_RPS dusurun veya plani yukseltin
05:20:59 INFO    [info] Yeni coin: gYC6x5wwUu - analiz 40s sonra
05:21:00 INFO    [info] Yeni coin: AzpmxkNDHc - analiz 40s sonra
05:21:00 INFO    [info] Yeni coin: Hqmhef92zM - analiz 40s sonra
05:21:02 INFO    [info] Yeni coin: 8jDA33qtZy - analiz 40s sonra
05:21:02 INFO    [info] Yeni coin: 65QzxuRCxG - analiz 40s sonra
05:21:09 INFO    [info] Yeni coin: 5yx63L5WXx - analiz 40s sonra
05:21:18 INFO    [info] Yeni coin: CwBXztrQi2 - analiz 40s sonra
05:21:20 INFO    [info] Yeni coin: iabsJ5og2F - analiz 40s sonra
05:21:20 INFO    [info] Yeni coin: 9QCgdcyp6Y - analiz 40s sonra
05:21:21 INFO    [info] Yeni coin: 2ZbQWowPwD - analiz 40s sonra
05:21:21 INFO    [info] Yeni coin: B7SpNf2Dok - analiz 40s sonra
05:21:21 INFO    [info] Yeni coin: 46P6kCGEBb - analiz 40s sonra
05:21:22 INFO    [info] Yeni coin: 5a8LCNe2JK - analiz 40s sonra
05:21:23 INFO    [info] Yeni coin: H2ZH39XdEz - analiz 40s sonra
05:21:23 INFO    [info] Yeni coin: CJieZh2EDi - analiz 40s sonra
05:21:37 INFO    [info] Yeni coin: CzeYh6zKRw - analiz 40s sonra
05:21:37 WARNING RPC hiz limiti (429) - RPC_RPS dusurun veya plani yukseltin
05:21:38 INFO    [info] Yeni coin: B6zkHrZFKg - analiz 40s sonra
05:21:46 INFO    [info] Yeni coin: EW5nST7AS3 - analiz 40s sonra
05:21:47 INFO    [info] Yeni coin: 5VA4AbZJ7H - analiz 40s sonra
05:21:49 INFO    [info] Yeni coin: 4L5iJdGGkC - analiz 40s sonra
05:21:53 INFO    [info] Yeni coin: 8WNCq7UtyD - analiz 40s sonra
05:22:03 INFO    [info] Yeni coin: AZEPmyvCnb - analiz 40s sonra
05:22:03 WARNING RPC hiz limiti (429) - RPC_RPS dusurun veya plani yukseltin
05:22:05 INFO    [info] Yeni coin: E7Z6xszK2g - analiz 40s sonra
05:22:13 INFO    [info] Yeni coin: TPxzCjY7dK - analiz 40s sonra
05:22:14 INFO    [info] Yeni coin: BSuDVAc4hA - analiz 40s sonra
05:22:15 INFO    [info] Yeni coin: CKyayW5ekC - analiz 40s sonra
05:22:16 INFO    [info] Yeni coin: HnokjsxoKL - analiz 40s sonra
05:22:16 INFO    [info] Yeni coin: 5PeCumh438 - analiz 40s sonra
05:22:23 INFO    [info] Yeni coin: B32pmhnyU2 - analiz 40s sonra
05:22:24 INFO    [info] Yeni coin: EtgVVgo4Xo - analiz 40s sonra
05:22:26 WARNING RPC hiz limiti (429) - RPC_RPS dusurun veya plani yukseltin
05:22:27 INFO    [info] Yeni coin: 6Upv8EiEUs - analiz 40s sonra
05:22:31 INFO    [info] Yeni coin: 3QCf8jm3hn - analiz 40s sonra
05:22:36 INFO    [info] Yeni coin: E4MQB3i2kp - analiz 40s sonra
05:22:36 INFO    [info] Yeni coin: 6SMSj3UsdV - analiz 40s sonra
05:22:38 INFO    [info] Yeni coin: BPFSt9zXQN - analiz 40s sonra
05:22:39 INFO    [info] Yeni coin: ELhP35z9VQ - analiz 40s sonra
05:22:41 INFO    [info] Yeni coin: 39E2wQyuxD - analiz 40s sonra
05:22:41 INFO    [info] Yeni coin: 9niETqamee - analiz 40s sonra
05:22:42 INFO    [warn] Takip edilen cuzdan yok - once skorlayip takibe alin
05:23:06 INFO    [info] Yeni coin: GFjfegiUKj - analiz 40s sonra
05:23:07 WARNING RPC hiz limiti (429) - RPC_RPS dusurun veya plani yukseltin
05:23:20 INFO    [info] Yeni coin: 8T8VunYuGh - analiz 40s sonra
05:23:23 INFO    [info] Yeni coin: A4CsKM49T8 - analiz 40s sonra
05:23:24 INFO    [info] Yeni coin: AAae1JXzU9 - analiz 40s sonra
05:23:24 INFO    [info] Yeni coin: 7i3hV6gCd3 - analiz 40s sonra
05:23:26 INFO    [info] Yeni coin: HDwcHfNuR4 - analiz 40s sonra
05:23:28 WARNING RPC hiz limiti (429) - RPC_RPS dusurun veya plani yukseltin
05:23:29 INFO    [info] Yeni coin: EhD4vwCz8q - analiz 40s sonra
05:23:31 INFO    [info] Yeni coin: 626ZT9MgGd - analiz 40s sonra
05:23:32 INFO    [info] Yeni coin: 3TZG34QqUu - analiz 40s sonra
05:23:32 INFO    [info] Yeni coin: 6viqmgaATb - analiz 40s sonra
05:23:34 INFO    [info] Yeni coin: Aw1PcD6ypq - analiz 40s sonra
05:23:34 INFO    [info] Yeni coin: EDeczPkbsb - analiz 40s sonra
05:23:35 INFO    [info] Yeni coin: 7DTmcRn9iJ - analiz 40s sonra
05:23:36 INFO    [info] Yeni coin: 6QZUWDFmE5 - analiz 40s sonra
05:23:36 INFO    [info] Yeni coin: 4m2kfr8dz1 - analiz 40s sonra
05:23:39 INFO    [info] Yeni coin: 7CMiBawMQn - analiz 40s sonra
05:23:41 INFO    [info] Yeni coin: BmaLHzGK8g - analiz 40s sonra
05:23:43 INFO    [info] Yeni coin: Gg6N3K9viE - analiz 40s sonra
05:23:50 WARNING RPC hiz limiti (429) - RPC_RPS dusurun veya plani yukseltin
05:23:51 INFO    [info] Yeni coin: EbFF8iF8re - analiz 40s sonra
05:23:52 INFO    [info] Yeni coin: GKiB1LNRwT - analiz 40s sonra
05:23:54 INFO    [info] Yeni coin: CRup5HGFFU - analiz 40s sonra
05:23:56 INFO    [info] Yeni coin: 9v9YkqdxXk - analiz 40s sonra
05:23:57 INFO    [info] Yeni coin: 2Eip6YERN1 - analiz 40s sonra
05:24:03 INFO    [info] Yeni coin: ELFRKEkogv - analiz 40s sonra
05:24:04 INFO    [info] Yeni coin: F4M9fzEPa4 - analiz 40s sonra
05:24:04 INFO    [info] Yeni coin: HXF8oCe82a - analiz 40s sonra
05:24:05 INFO    [info] Yeni coin: 7PMkyZkMEh - analiz 40s sonra
05:24:09 INFO    [info] Yeni coin: HVq3t9HawY - analiz 40s sonra
05:24:09 INFO    [info] Yeni coin: 8tyuzXKE3j - analiz 40s sonra
05:24:09 INFO    [info] Yeni coin: HbNf9t4bBd - analiz 40s sonra
05:24:16 INFO    [info] Yeni coin: 37NrEUaJNL - analiz 40s sonra
05:24:17 WARNING RPC hiz limiti (429) - RPC_RPS dusurun veya plani yukseltin
05:24:19 INFO    [info] Yeni coin: Ca7T3FTD4U - analiz 40s sonra
05:24:19 INFO    [info] Yeni coin: 8reEeDsiDv - analiz 40s sonra
05:24:21 INFO    [info] Yeni coin: DZr142S5y9 - analiz 40s sonra
05:24:24 INFO    [info] Yeni coin: Ft6JPqmnKQ - analiz 40s sonra
05:24:31 INFO    [info] Yeni coin: Axki29BcRe - analiz 40s sonra
05:24:36 INFO    [info] Yeni coin: 84U6DWPxEK - analiz 40s sonra
05:24:37 INFO    [info] Yeni coin: A7fJ6vWTFo - analiz 40s sonra
05:24:38 INFO    [info] Yeni coin: DJJhJ5vg2g - analiz 40s sonra
05:24:41 INFO    [info] Yeni coin: GYvgw68n1B - analiz 40s sonra
05:24:42 INFO    [warn] Takip edilen cuzdan yok - once skorlayip takibe alin
05:24:45 INFO    [info] Yeni coin: CBGUB8h92T - analiz 40s sonra
05:24:51 INFO    [info] Yeni coin: 792u7XG6Vi - analiz 40s sonra
05:24:52 WARNING RPC hiz limiti (429) - RPC_RPS dusurun veya plani yukseltin
05:25:06 INFO    [info] Yeni coin: FQpRqH1Zor - analiz 40s sonra
05:25:13 INFO    [info] Yeni coin: Z1cZiWU41h - analiz 40s sonra
05:25:18 INFO    [info] Yeni coin: A6jwGKQyTR - analiz 40s sonra
05:25:22 INFO    [info] Yeni coin: EveUe46U82 - analiz 40s sonra
05:25:23 INFO    [info] Yeni coin: EzzKUVLSjG - analiz 40s sonra
05:25:24 WARNING RPC hiz limiti (429) - RPC_RPS dusurun veya plani yukseltin
05:25:27 INFO    [info] Yeni coin: 2mfWLdaG9W - analiz 40s sonra
05:25:40 INFO    [info] Yeni coin: 8VH6wukJns - analiz 40s sonra
05:25:42 INFO    [info] Yeni coin: 24xEbmWZq6 - analiz 40s sonra
05:26:00 INFO    [info] Yeni coin: 5VwrZwhKHd - analiz 40s sonra
05:26:01 INFO    [info] Yeni coin: 6UAYf6phBY - analiz 40s sonra
05:26:01 WARNING RPC hiz limiti (429) - RPC_RPS dusurun veya plani yukseltin
05:26:06 INFO    [info] Yeni coin: 9WTXRakTCD - analiz 40s sonra
05:26:10 INFO    [info] Yeni coin: 24xEq4zF7o - analiz 40s sonra
05:26:14 INFO    [info] Yeni coin: 4DfjCXtbfa - analiz 40s sonra
05:26:16 INFO    [info] Yeni coin: 8skG4eEDSU - analiz 40s sonra
05:26:18 WARNING RPC hiz limiti (429) - RPC_RPS dusurun veya plani yukseltin
05:26:20 INFO    [info] Yeni coin: 5A2o8TewKB - analiz 40s sonra
05:26:20 INFO    [info] Yeni coin: HqWjdG9GZG - analiz 40s sonra
05:26:23 INFO    [info] Yeni coin: 7WasAgGbUe - analiz 40s sonra
05:26:24 INFO    [info] Yeni coin: ASCjY4Zh7W - analiz 40s sonra
05:26:24 INFO    [info] Yeni coin: 9tzmgvtdKs - analiz 40s sonra
05:26:24 INFO    [info] Yeni coin: EA8auktXDD - analiz 40s sonra
05:26:25 INFO    [info] Yeni coin: 4vp2XiXUHL - analiz 40s sonra
05:26:29 INFO    [info] Yeni coin: 8RxPNRtMpt - analiz 40s sonra
05:26:31 INFO    [info] Yeni coin: 2bJomTkVQn - analiz 40s sonra
05:26:31 INFO    [info] Yeni coin: 4eDouBjoB1 - analiz 40s sonra
05:26:32 INFO    [info] Yeni coin: FqFfQy9Exw - analiz 40s sonra
05:26:32 INFO    [info] Yeni coin: 8qLawVXJGL - analiz 40s sonra
05:26:32 INFO    [info] Yeni coin: BUB8SAkGWB - analiz 40s sonra
05:26:32 INFO    [info] Yeni coin: 5AhHxzXqjj - analiz 40s sonra
05:26:35 INFO    [info] Yeni coin: 2GaV1CNADg - analiz 40s sonra
05:26:43 INFO    [warn] Takip edilen cuzdan yok - once skorlayip takibe alin
05:26:43 INFO    [info] Yeni coin: 7AZfP8RJ9T - analiz 40s sonra
05:26:47 INFO    [info] Yeni coin: Wk6Ef5CXHn - analiz 40s sonra
05:26:49 INFO    [info] Yeni coin: DUDeJGNoDx - analiz 40s sonra
05:26:50 INFO    [info] Yeni coin: 4nTDCisB2d - analiz 40s sonra
05:26:52 INFO    [info] Yeni coin: 6z4ZDyQcya - analiz 40s sonra
05:26:53 INFO    [info] Yeni coin: 4XTtNfinrN - analiz 40s sonra
05:26:53 WARNING RPC hiz limiti (429) - RPC_RPS dusurun veya plani yukseltin
05:26:54 INFO    [info] Yeni coin: 2tqmArgEjL - analiz 40s sonra
05:26:54 INFO    [info] Yeni coin: 2BmXbCrdqK - analiz 40s sonra
05:26:56 INFO    [info] Yeni coin: 5AvdvxNvss - analiz 40s sonra
05:27:01 INFO    [info] Yeni coin: BuuepkxHW5 - analiz 40s sonra
05:27:09 INFO    [info] Yeni coin: 3iW9KM5NLr - analiz 40s sonra
05:27:13 INFO    [info] Yeni coin: 1PW2E63DSC - analiz 40s sonra
05:27:16 INFO    [info] Yeni coin: DjSoPixkEM - analiz 40s sonra
05:27:18 INFO    [info] Yeni coin: DPumwtjg7j - analiz 40s sonra
05:27:21 WARNING RPC hiz limiti (429) - RPC_RPS dusurun veya plani yukseltin
05:27:24 INFO    [info] Yeni coin: VBWzjwasRF - analiz 40s sonra
05:27:25 INFO    [info] Yeni coin: 2ay1kb8F4J - analiz 40s sonra
05:27:27 INFO    [info] Yeni coin: 48tQNCz6Bf - analiz 40s sonra
05:27:35 INFO    [info] Yeni coin: jdTra44Kvd - analiz 40s sonra
05:27:40 INFO    [info] Yeni coin: J6Ym5snqpD - analiz 40s sonra
05:27:50 INFO    [info] Yeni coin: CiAxhtNm6W - analiz 40s sonra
05:27:51 WARNING RPC hiz limiti (429) - RPC_RPS dusurun veya plani yukseltin
05:27:53 INFO    [info] Yeni coin: 7stzQHwD6i - analiz 40s sonra
05:27:54 INFO    [info] Yeni coin: CQwxGEqV5H - analiz 40s sonra
05:27:59 INFO    [info] Yeni coin: G25wWKBSn9 - analiz 40s sonra
05:28:01 INFO    [info] Yeni coin: 9Ae1SYzPXw - analiz 40s sonra
05:28:02 INFO    [info] Yeni coin: CNKhhjvFLj - analiz 40s sonra
05:28:03 INFO    [info] Yeni coin: HfEQjEnnkH - analiz 40s sonra
05:28:13 INFO    [info] Yeni coin: B6A952AvwW - analiz 40s sonra
05:28:13 INFO    [info] Yeni coin: 2bu3yCZUr9 - analiz 40s sonra
05:28:14 INFO    [info] Yeni coin: 3HeT5PXFvW - analiz 40s sonra
05:28:14 INFO    [info] Yeni coin: 14Rx2k4FFF - analiz 40s sonra
05:28:14 WARNING RPC hiz limiti (429) - RPC_RPS dusurun veya plani yukseltin
05:28:20 INFO    [info] Yeni coin: Bc5Cs5MP6b - analiz 40s sonra
05:28:24 INFO    [info] Yeni coin: HN4xUjY6gr - analiz 40s sonra
05:28:38 INFO    [info] Yeni coin: 3Cd8s5uTWZ - analiz 40s sonra
05:28:41 INFO    [info] Yeni coin: D79q9YbSGe - analiz 40s sonra
05:28:41 INFO    [info] Yeni coin: GJ15AfxUuv - analiz 40s sonra
05:28:42 INFO    [info] Yeni coin: B7Lz3Vepxb - analiz 40s sonra
05:28:42 INFO    [info] Yeni coin: 4oxuhaEjAd - analiz 40s sonra
05:28:43 INFO    [warn] Takip edilen cuzdan yok - once skorlayip takibe alin
05:28:46 WARNING RPC hiz limiti (429) - RPC_RPS dusurun veya plani yukseltin
05:28:48 INFO    [info] Yeni coin: GW7Q4EsTAk - analiz 40s sonra
05:28:52 INFO    [info] Yeni coin: 8QUhPMK3iB - analiz 40s sonra
05:28:58 INFO    [info] Yeni coin: 6M44g9Toak - analiz 40s sonra
05:28:59 INFO    [info] Yeni coin: ExH5da9GQg - analiz 40s sonra
05:29:00 INFO    [info] Yeni coin: RJMYJKZe1D - analiz 40s sonra
05:29:00 INFO    [info] Yeni coin: 6fD2GyULey - analiz 40s sonra
05:29:00 INFO    [info] Yeni coin: EHSeR6B92q - analiz 40s sonra
05:29:03 INFO    [info] Yeni coin: 3Y8FRi7EDK - analiz 40s sonra
05:29:08 INFO    [info] Yeni coin: BQ55hrKKFo - analiz 40s sonra
05:29:13 WARNING RPC hiz limiti (429) - RPC_RPS dusurun veya plani yukseltin
05:29:17 INFO    [info] Yeni coin: 7xbtJmigTm - analiz 40s sonra
05:29:22 INFO    [info] Yeni coin: D6CAPufsJA - analiz 40s sonra
05:29:26 INFO    [info] Yeni coin: Dr24KdiaXD - analiz 40s sonra
05:29:27 INFO    [info] Yeni coin: GqodRMRkmW - analiz 40s sonra
05:29:30 WARNING RPC hiz limiti (429) - RPC_RPS dusurun veya plani yukseltin
05:29:31 INFO    [info] Yeni coin: HeNBxEioB9 - analiz 40s sonra
05:29:37 INFO    [info] Yeni coin: 5S4yfyjE73 - analiz 40s sonra
05:29:47 INFO    [info] Yeni coin: BC6cQY97aa - analiz 40s sonra
05:29:57 INFO    [info] Yeni coin: E4hk6uJQQt - analiz 40s sonra
05:29:58 INFO    [info] Yeni coin: CTZjpJeukP - analiz 40s sonra
05:29:59 INFO    [info] Yeni coin: CmBYvoL2X6 - analiz 40s sonra
05:30:01 INFO    [info] Yeni coin: AjZv2pzQ5h - analiz 40s sonra
05:30:02 INFO    [info] Yeni coin: CHPaRY1Jcz - analiz 40s sonra
05:30:02 WARNING RPC hiz limiti (429) - RPC_RPS dusurun veya plani yukseltin
05:30:05 INFO    [info] Yeni coin: 2WRwQzs6bR - analiz 40s sonra
05:30:06 INFO    [info] Yeni coin: Fvv5n9RpAF - analiz 40s sonra
05:30:17 INFO    [info] Yeni coin: 4RC8CB96wJ - analiz 40s sonra
05:30:25 INFO    [info] Yeni coin: HfT6f5ME9Q - analiz 40s sonra
05:30:25 INFO    [info] Yeni coin: GhEp9xUkGs - analiz 40s sonra
05:30:25 INFO    [info] Yeni coin: DzuLQadsMz - analiz 40s sonra
05:30:26 INFO    [info] Yeni coin: E2gR7FB29e - analiz 40s sonra
05:30:27 WARNING RPC hiz limiti (429) - RPC_RPS dusurun veya plani yukseltin
05:30:29 INFO    [info] Yeni coin: ErJK6GhiAC - analiz 40s sonra
05:30:29 INFO    [info] Yeni coin: 5cUxW7BefL - analiz 40s sonra
05:30:31 INFO    [info] Yeni coin: HwjXmkKjXC - analiz 40s sonra
05:30:31 INFO    [info] Yeni coin: 6P7LFMVpak - analiz 40s sonra
05:30:31 INFO    [info] Yeni coin: AFLtAUCxuu - analiz 40s sonra
05:30:33 INFO    [info] Yeni coin: EwiysAeHUz - analiz 40s sonra
05:30:33 INFO    [info] Yeni coin: FN63wknRFW - analiz 40s sonra
05:30:34 INFO    [info] Yeni coin: 4LvjLabrDt - analiz 40s sonra
05:30:35 INFO    [info] Yeni coin: EvQziZSV3Z - analiz 40s sonra
05:30:36 INFO    [info] Yeni coin: 782QV95vxi - analiz 40s sonra
05:30:38 INFO    [info] Yeni coin: Ac2FuxQHkC - analiz 40s sonra
05:30:39 INFO    [info] Yeni coin: E26KgeKMjn - analiz 40s sonra
05:30:40 INFO    [info] Yeni coin: FgLF5eMzcF - analiz 40s sonra
05:30:40 INFO    [info] Yeni coin: EkWQjNB44P - analiz 40s sonra
05:30:43 INFO    [warn] Takip edilen cuzdan yok - once skorlayip takibe alin
05:30:43 INFO    [info] Yeni coin: 7fUQGUHGkH - analiz 40s sonra
05:30:44 INFO    [info] Yeni coin: BQhuxGVdMX - analiz 40s sonra
05:30:44 WARNING RPC hiz limiti (429) - RPC_RPS dusurun veya plani yukseltin
05:30:45 INFO    [info] Yeni coin: HCoSJdGtA6 - analiz 40s sonra
05:30:45 INFO    [info] Yeni coin: 8RYmQo81FN - analiz 40s sonra
05:30:46 INFO    [info] Yeni coin: AfhHPo2oDy - analiz 40s sonra
05:30:47 INFO    [info] Yeni coin: 3E3fnFuMXv - analiz 40s sonra
05:30:48 INFO    [info] Yeni coin: 9bsZCWcSfd - analiz 40s sonra
05:30:51 INFO    [info] Yeni coin: 5J7SeVuDx9 - analiz 40s sonra
05:30:59 INFO    [info] Yeni coin: 7v1TckR8VB - analiz 40s sonra
05:30:59 INFO    [info] Yeni coin: 6Cy1bkXYDb - analiz 40s sonra
05:31:00 INFO    [info] Yeni coin: J4QJd5fy5C - analiz 40s sonra
05:31:00 INFO    [info] Yeni coin: 3BY4wnpNEj - analiz 40s sonra
05:31:01 INFO    [info] Yeni coin: 4DRMuoaZnz - analiz 40s sonra
05:31:03 INFO    [info] Yeni coin: 9YV123we4P - analiz 40s sonra
05:31:06 INFO    [info] Yeni coin: GqJAWaV8Jq - analiz 40s sonra
05:31:13 INFO    [info] Yeni coin: 23VyD65Wfa - analiz 40s sonra
05:31:13 INFO    [info] Yeni coin: Fx8SXCnMky - analiz 40s sonra
05:31:18 WARNING RPC hiz limiti (429) - RPC_RPS dusurun veya plani yukseltin
05:31:21 INFO    [info] Yeni coin: 9HKoxLwvEC - analiz 40s sonra
05:31:22 INFO    [info] Yeni coin: 4yiCS341tX - analiz 40s sonra
05:31:24 INFO    [info] Yeni coin: GbB3f2Dm2z - analiz 40s sonra
05:31:31 INFO    [info] Yeni coin: 5tMAdVMwam - analiz 40s sonra
05:31:31 INFO    [info] Yeni coin: CNnCBpjbGR - analiz 40s sonra
05:31:32 INFO    [info] Yeni coin: A3ibgGQT1Z - analiz 40s sonra
05:31:35 INFO    [info] Yeni coin: 3g3cdJ3j5h - analiz 40s sonra
05:31:35 WARNING RPC hiz limiti (429) - RPC_RPS dusurun veya plani yukseltin
05:31:36 INFO    [info] Yeni coin: 5eSDVYx6dM - analiz 40s sonra
05:31:41 INFO    [info] Yeni coin: HRjspc6HJb - analiz 40s sonra
05:31:43 INFO    [info] Yeni coin: 5UgVzfubds - analiz 40s sonra
05:31:45 INFO    [info] Yeni coin: 46RUfaeFb8 - analiz 40s sonra
05:31:50 INFO    [info] Yeni coin: 85KM2tzYdY - analiz 40s sonra
05:31:51 INFO    [info] Yeni coin: GZ6QrYCQqh - analiz 40s sonra
05:31:52 INFO    [info] Yeni coin: Cx8TaqVoxm - analiz 40s sonra
05:31:58 INFO    [info] Yeni coin: 9d7KvDmtrE - analiz 40s sonra
05:31:58 INFO    [info] Yeni coin: 9GUCUKhhTw - analiz 40s sonra
05:32:03 INFO    [info] Yeni coin: 4m8aepZ9UP - analiz 40s sonra
05:32:03 INFO    [info] Yeni coin: Fo7L89JuR3 - analiz 40s sonra
05:32:05 INFO    [info] Yeni coin: BoZZ8c4kZr - analiz 40s sonra
05:32:06 INFO    [info] Yeni coin: 2XRfnmSXYE - analiz 40s sonra
05:32:07 WARNING RPC hiz limiti (429) - RPC_RPS dusurun veya plani yukseltin
05:32:14 INFO    [info] Yeni coin: En3HSBXoxj - analiz 40s sonra
05:32:14 INFO    [info] Yeni coin: 222gtXfbKn - analiz 40s sonra
05:32:21 INFO    [info] Yeni coin: GyXNwQXtiN - analiz 40s sonra
05:32:22 INFO    [info] Yeni coin: BA3syGrqbu - analiz 40s sonra
05:32:25 INFO    [info] Yeni coin: EXThVENuhY - analiz 40s sonra
05:32:26 INFO    [info] Yeni coin: 7i66By5M8p - analiz 40s sonra
05:32:30 INFO    [info] Yeni coin: 4d5bbV5gNE - analiz 40s sonra
05:32:35 INFO    [info] Yeni coin: FPKszZ5Adc - analiz 40s sonra
05:32:35 WARNING RPC hiz limiti (429) - RPC_RPS dusurun veya plani yukseltin
05:32:38 INFO    [info] Yeni coin: 2KCyuuX2Ps - analiz 40s sonra
05:32:41 INFO    [info] Yeni coin: 3X7SQvdp6X - analiz 40s sonra
05:32:42 INFO    [info] Yeni coin: CC9gKepzuw - analiz 40s sonra
05:32:43 INFO    [warn] Takip edilen cuzdan yok - once skorlayip takibe alin
05:32:45 INFO    [info] Yeni coin: Dp877dLzED - analiz 40s sonra
05:32:54 WARNING RPC hiz limiti (429) - RPC_RPS dusurun veya plani yukseltin
05:32:58 INFO    [info] Yeni coin: EkT26oeWyB - analiz 40s sonra
05:32:59 INFO    [info] Yeni coin: BhT7FKRj97 - analiz 40s sonra
05:33:00 INFO    [info] Yeni coin: 28Fa5igxfJ - analiz 40s sonra
05:33:04 INFO    [info] Yeni coin: 5M5GyqZJn7 - analiz 40s sonra
05:33:05 INFO    [info] Yeni coin: 6pKH29HgDR - analiz 40s sonra
05:33:16 INFO    [info] Yeni coin: BxzWMWKcax - analiz 40s sonra
05:33:27 INFO    [info] Yeni coin: 2qVWFMAf69 - analiz 40s sonra
05:33:28 WARNING RPC hiz limiti (429) - RPC_RPS dusurun veya plani yukseltin
05:33:29 INFO    [info] Yeni coin: 2eETZzCf8h - analiz 40s sonra
05:33:31 INFO    [info] Yeni coin: 84LP8ETegk - analiz 40s sonra
05:33:35 INFO    [info] Yeni coin: 8Va3iqqbt5 - analiz 40s sonra
05:33:37 INFO    [info] Yeni coin: 7tbp6UyYwG - analiz 40s sonra
05:33:38 INFO    [info] Yeni coin: 8KY6woW5vP - analiz 40s sonra
05:33:38 INFO    [info] Yeni coin: Bcfy9q4Jjh - analiz 40s sonra
05:33:39 INFO    [info] Yeni coin: 6kjbDEmKCw - analiz 40s sonra
05:33:41 INFO    [info] Yeni coin: 6bBn4LRanW - analiz 40s sonra
05:33:47 INFO    [info] Yeni coin: BccM4BqZh9 - analiz 40s sonra
05:33:47 WARNING RPC hiz limiti (429) - RPC_RPS dusurun veya plani yukseltin
05:33:48 INFO    [info] Yeni coin: DsCrjGJSsJ - analiz 40s sonra
05:33:48 INFO    [info] Yeni coin: 3thb3zck2w - analiz 40s sonra
05:33:48 INFO    [info] Yeni coin: Ct1FB5wq3M - analiz 40s sonra
05:33:49 INFO    [info] Yeni coin: 3wNSKwF88R - analiz 40s sonra
05:33:51 INFO    [info] Yeni coin: DdkMCE6NRp - analiz 40s sonra
05:33:51 INFO    [info] Yeni coin: 7wbdg4PuCF - analiz 40s sonra
05:33:52 INFO    [info] Yeni coin: Ef5geeoCSt - analiz 40s sonra
05:33:53 INFO    [info] Yeni coin: AMKogLJ6gS - analiz 40s sonra
05:33:54 INFO    [info] Yeni coin: G59iRQHiY2 - analiz 40s sonra
05:33:54 INFO    [info] Yeni coin: BSEDvVGfAm - analiz 40s sonra
05:33:55 INFO    [info] Yeni coin: GrTsdtLXKL - analiz 40s sonra
05:33:55 INFO    [info] Yeni coin: 7rHv6BJ5vn - analiz 40s sonra
05:33:55 INFO    [info] Yeni coin: CX2BrY4ywr - analiz 40s sonra
05:34:01 INFO    [info] Yeni coin: GZ56yoJ8kA - analiz 40s sonra
05:34:04 INFO    [info] Yeni coin: HDMeW3koVZ - analiz 40s sonra
05:34:04 INFO    [info] Yeni coin: 8CYN9kw94w - analiz 40s sonra
05:34:07 INFO    [info] Yeni coin: Gu3Au7WDbb - analiz 40s sonra
05:34:12 INFO    [info] Yeni coin: 9B2EW6Vwvm - analiz 40s sonra
05:34:13 INFO    [info] Yeni coin: 4HZWXLwcBa - analiz 40s sonra
05:34:23 INFO    [info] Yeni coin: EDfprSVF81 - analiz 40s sonra
05:34:25 INFO    [info] Yeni coin: EohpvidZop - analiz 40s sonra
05:34:25 INFO    [info] Yeni coin: ALk7bANPsR - analiz 40s sonra
05:34:25 INFO    [info] Yeni coin: HFUCJU7M7x - analiz 40s sonra
05:34:25 WARNING RPC hiz limiti (429) - RPC_RPS dusurun veya plani yukseltin
05:34:26 INFO    [info] Yeni coin: HnzHS2gDTW - analiz 40s sonra
05:34:27 INFO    [info] Yeni coin: 4kFrGFFWCj - analiz 40s sonra
05:34:28 INFO    [info] Yeni coin: FrwKf6dQn6 - analiz 40s sonra
05:34:30 INFO    [info] Yeni coin: 24xF6MLhrB - analiz 40s sonra
05:34:34 INFO    [info] Yeni coin: EhTNt9R1UC - analiz 40s sonra
05:34:40 INFO    [info] Yeni coin: E9h7hCUVTv - analiz 40s sonra
05:34:41 INFO    [info] Yeni coin: CkRzb4sQsV - analiz 40s sonra
05:34:41 INFO    [info] Yeni coin: 2HJcC4pwkB - analiz 40s sonra
05:34:41 INFO    [info] Yeni coin: 7oNJbMNT9F - analiz 40s sonra
05:34:42 INFO    [info] Yeni coin: GZq9PSXjFZ - analiz 40s sonra
05:34:42 INFO    [info] Yeni coin: FaFyqPXs24 - analiz 40s sonra
05:34:43 INFO    [warn] Takip edilen cuzdan yok - once skorlayip takibe alin
05:34:43 INFO    [info] Yeni coin: AD77Y2tPHP - analiz 40s sonra
05:34:44 INFO    [info] Yeni coin: 7NAX3b2DCH - analiz 40s sonra
05:34:45 INFO    [info] Yeni coin: B5w5TX9LCS - analiz 40s sonra
05:34:45 WARNING RPC hiz limiti (429) - RPC_RPS dusurun veya plani yukseltin
05:34:46 INFO    [info] Yeni coin: Dxd59twaYH - analiz 40s sonra
05:34:47 INFO    [info] Yeni coin: ArKW2hdB5C - analiz 40s sonra
05:34:47 INFO    [info] Yeni coin: 2oU6SGv8n8 - analiz 40s sonra
05:34:50 INFO    [info] Yeni coin: 958e3VfFEc - analiz 40s sonra
05:34:52 INFO    [info] Yeni coin: 781Whdq5NC - analiz 40s sonra
05:34:52 INFO    [info] Yeni coin: ERy5pCT7Fo - analiz 40s sonra
05:34:54 INFO    [info] Yeni coin: DdNv6JawND - analiz 40s sonra
05:34:56 INFO    [info] Yeni coin: DSiewDYDJL - analiz 40s sonra
05:34:58 INFO    [info] Yeni coin: gogKKstmb6 - analiz 40s sonra
05:34:58 INFO    [info] Yeni coin: 2qi6ZCi6AB - analiz 40s sonra
05:34:59 INFO    [info] Yeni coin: SEtJoEaH3Q - analiz 40s sonra
05:34:59 INFO    [info] Yeni coin: 44Tn4BLxcZ - analiz 40s sonra
05:35:00 INFO    [info] Yeni coin: FTjRYizyWe - analiz 40s sonra
05:35:00 INFO    [info] Yeni coin: BbGcaeFpwh - analiz 40s sonra
05:35:00 INFO    [info] Yeni coin: 7n13JfC4DZ - analiz 40s sonra
05:35:01 INFO    [info] Yeni coin: CYpTq7Tazi - analiz 40s sonra
05:35:02 INFO    [info] Yeni coin: W5dHP4kfbZ - analiz 40s sonra
05:35:02 INFO    [info] Yeni coin: BeFSjeLCRA - analiz 40s sonra
05:35:03 INFO    [info] Yeni coin: 3L3Yk5gvSr - analiz 40s sonra
05:35:03 INFO    [info] Yeni coin: yLK9emS7ev - analiz 40s sonra
05:35:05 INFO    [info] Yeni coin: 7WFHcphk41 - analiz 40s sonra
05:35:06 INFO    [info] Yeni coin: Aku6pMVzLt - analiz 40s sonra
05:35:09 INFO    [info] Yeni coin: 4YNzUr7SZx - analiz 40s sonra
05:35:11 INFO    [info] Yeni coin: 8JKJFZju6e - analiz 40s sonra
05:35:14 INFO    [info] Yeni coin: 9QLwV5H99i - analiz 40s sonra
05:35:14 WARNING RPC hiz limiti (429) - RPC_RPS dusurun veya plani yukseltin
05:35:16 INFO    [info] Yeni coin: EotVvhyPw5 - analiz 40s sonra
05:35:16 INFO    [info] Yeni coin: 6MTuMRoze2 - analiz 40s sonra
05:35:18 INFO    [info] Yeni coin: G6Hwdbz76Y - analiz 40s sonra
05:35:19 INFO    [info] Yeni coin: BhGLviRowB - analiz 40s sonra
05:35:24 INFO    [info] Yeni coin: 32e8X3NqpR - analiz 40s sonra
05:35:24 INFO    [info] Yeni coin: DXh2ykSpZQ - analiz 40s sonra
05:35:25 INFO    [info] Yeni coin: 4bVPkPYpQi - analiz 40s sonra
05:35:26 INFO    [info] Yeni coin: Gvchx1RTbK - analiz 40s sonra
05:35:30 WARNING RPC hiz limiti (429) - RPC_RPS dusurun veya plani yukseltin
05:35:31 INFO    [info] Yeni coin: ERcnnDX9zg - analiz 40s sonra
05:35:32 INFO    [info] Yeni coin: 6AAiJ7dtuj - analiz 40s sonra
05:35:37 INFO    [info] Yeni coin: 379Bior9pt - analiz 40s sonra
05:35:41 INFO    [info] Yeni coin: EbewP5Z8fL - analiz 40s sonra
05:35:44 INFO    [info] Yeni coin: BfH1g1w8qH - analiz 40s sonra
05:35:45 INFO    [info] Yeni coin: 3pFn1iDL21 - analiz 40s sonra
05:35:49 WARNING RPC hiz limiti (429) - RPC_RPS dusurun veya plani yukseltin
05:35:51 INFO    [info] Yeni coin: 7n9TdEVzUz - analiz 40s sonra
05:35:54 INFO    [info] Yeni coin: 4J55sqMP9L - analiz 40s sonra
05:35:54 INFO    [info] Yeni coin: 3vBZWNYmNF - analiz 40s sonra
05:35:55 INFO    [info] Yeni coin: 4fa1wuPtH5 - analiz 40s sonra
05:36:01 INFO    [info] Yeni coin: Dd1GtEMtQ6 - analiz 40s sonra
05:36:06 INFO    [info] Yeni coin: D6MMNj4Ne6 - analiz 40s sonra
05:36:10 INFO    [info] Yeni coin: AkUTPjiVJ6 - analiz 40s sonra
05:36:10 INFO    [info] Yeni coin: 4NLQKUEgV5 - analiz 40s sonra
05:36:11 INFO    [info] Yeni coin: FzUJ92Ndxp - analiz 40s sonra
05:36:12 INFO    [info] Yeni coin: BaH7nD8NWp - analiz 40s sonra
05:36:14 WARNING RPC hiz limiti (429) - RPC_RPS dusurun veya plani yukseltin
05:36:16 INFO    [info] Yeni coin: 3iK1hc3mh6 - analiz 40s sonra
05:36:17 INFO    [info] Yeni coin: AnNsFp9cpX - analiz 40s sonra
05:36:18 INFO    [info] Yeni coin: 9q9K9jzzec - analiz 40s sonra
05:36:19 INFO    [info] Yeni coin: dxqBRTxHDr - analiz 40s sonra
05:36:24 INFO    [info] Yeni coin: 3oz85N4t8u - analiz 40s sonra
05:36:25 INFO    [info] Yeni coin: 5MYqUQ2psD - analiz 40s sonra
05:36:27 INFO    [info] Yeni coin: EZNXHsmw8o - analiz 40s sonra
05:36:27 INFO    [info] Yeni coin: FiL87umvCv - analiz 40s sonra
05:36:27 INFO    [info] Yeni coin: JFHGu5dUGD - analiz 40s sonra
05:36:42 WARNING RPC hiz limiti (429) - RPC_RPS dusurun veya plani yukseltin
05:36:43 INFO    [info] Yeni coin: BK5Msga4GN - analiz 40s sonra
05:36:43 INFO    [warn] Takip edilen cuzdan yok - once skorlayip takibe alin
05:36:43 INFO    [info] Yeni coin: GMdm3JSny1 - analiz 40s sonra
05:36:43 INFO    [info] Yeni coin: B4PyLL7orU - analiz 40s sonra
05:36:44 INFO    [info] Yeni coin: 3zoQff4vQ9 - analiz 40s sonra
05:36:44 INFO    [info] Yeni coin: Dif3AcUgMy - analiz 40s sonra
05:36:46 INFO    [info] Yeni coin: 3sWEhgz5NP - analiz 40s sonra
05:36:46 INFO    [info] Yeni coin: 7g5Ut6qYBm - analiz 40s sonra
05:36:46 INFO    [info] Yeni coin: CCNptZGdBj - analiz 40s sonra
05:36:47 INFO    [info] Yeni coin: 92aYo2TJWx - analiz 40s sonra
05:36:47 INFO    [info] Yeni coin: EfHAqpBG1s - analiz 40s sonra
05:36:47 INFO    [info] Yeni coin: 3QoVnDFvGN - analiz 40s sonra
05:36:48 INFO    [info] Yeni coin: 5HR6NJD1TC - analiz 40s sonra
05:36:49 INFO    [info] Yeni coin: GN8eciMHdH - analiz 40s sonra
05:36:49 INFO    [info] Yeni coin: 5JPZMYEgqF - analiz 40s sonra
05:36:50 INFO    [info] Yeni coin: 55yVVWwbr2 - analiz 40s sonra
05:36:50 INFO    [info] Yeni coin: 7pe5kEhJkg - analiz 40s sonra
05:36:54 INFO    [info] Yeni coin: CBjut6XNbQ - analiz 40s sonra
05:37:01 WARNING RPC hiz limiti (429) - RPC_RPS dusurun veya plani yukseltin
05:37:06 INFO    [info] Yeni coin: F5EZ14M3gR - analiz 40s sonra
05:37:06 INFO    [info] Yeni coin: 6haWErRgxA - analiz 40s sonra
05:37:08 INFO    [info] Yeni coin: 46uMV17Dxw - analiz 40s sonra
05:37:10 INFO    [info] Yeni coin: FSiqEeF6ah - analiz 40s sonra
05:37:10 INFO    [info] Yeni coin: FS3meVy3Em - analiz 40s sonra
05:37:10 INFO    [info] Yeni coin: FdnwKFF9cM - analiz 40s sonra
05:37:19 INFO    [info] Yeni coin: E2UFJ91kix - analiz 40s sonra
05:37:20 INFO    [info] Yeni coin: xXaTMGYgiw - analiz 40s sonra
05:37:20 INFO    [info] Yeni coin: 82tziWYBUg - analiz 40s sonra
05:37:20 INFO    [info] Yeni coin: DxqchezTHH - analiz 40s sonra
05:37:20 WARNING RPC hiz limiti (429) - RPC_RPS dusurun veya plani yukseltin
05:37:39 INFO    [info] Yeni coin: GzCmitrtd7 - analiz 40s sonra
05:37:42 INFO    [info] Yeni coin: 4bASwuofsS - analiz 40s sonra
05:37:43 INFO    [info] Yeni coin: 7HjVnipaoq - analiz 40s sonra
05:37:45 INFO    [info] Yeni coin: 3NaRtDJwSw - analiz 40s sonra
05:37:53 INFO    [info] Yeni coin: HvaE2PjJuS - analiz 40s sonra
05:37:54 WARNING RPC hiz limiti (429) - RPC_RPS dusurun veya plani yukseltin
05:37:56 INFO    [info] Yeni coin: AVaHAa4ZGx - analiz 40s sonra
05:38:00 INFO    [info] Yeni coin: 68oKE5vv2Z - analiz 40s sonra
05:38:05 INFO    [info] Yeni coin: GFDvkoZrdf - analiz 40s sonra
05:38:10 INFO    [info] Yeni coin: 9Sw9BdD9M9 - analiz 40s sonra
05:38:10 INFO    [info] Yeni coin: 4fuoMW5mHu - analiz 40s sonra
05:38:12 INFO    [info] Yeni coin: CZRLmqRFZ5 - analiz 40s sonra
05:38:12 INFO    [info] Yeni coin: BoP1suUUjD - analiz 40s sonra
05:38:12 WARNING RPC hiz limiti (429) - RPC_RPS dusurun veya plani yukseltin
05:38:20 INFO    [info] Yeni coin: C6aHuLVxM9 - analiz 40s sonra
05:38:43 INFO    [warn] Takip edilen cuzdan yok - once skorlayip takibe alin
05:38:48 WARNING RPC hiz limiti (429) - RPC_RPS dusurun veya plani yukseltin
05:38:50 INFO    [info] Yeni coin: 4CpTuZfSdU - analiz 40s sonra
05:38:51 INFO    [info] Yeni coin: FdDMxg1yL3 - analiz 40s sonra
05:38:52 INFO    [info] Yeni coin: 4pKaxQ2h4H - analiz 40s sonra
05:38:53 INFO    [info] Yeni coin: 6jiquXAFd3 - analiz 40s sonra
05:39:10 INFO    [info] Yeni coin: B64aPFss2f - analiz 40s sonra
05:39:15 WARNING RPC hiz limiti (429) - RPC_RPS dusurun veya plani yukseltin
05:39:16 INFO    [info] Yeni coin: 6XNcevrupG - analiz 40s sonra
05:39:18 INFO    [info] Yeni coin: 24xFFCFo7r - analiz 40s sonra
05:39:49 WARNING RPC hiz limiti (429) - RPC_RPS dusurun veya plani yukseltin
05:39:50 INFO    [info] Yeni coin: 2BF5kgdVKs - analiz 40s sonra
05:39:59 INFO    [info] Yeni coin: DKFSP233vW - analiz 40s sonra
05:39:59 INFO    [info] Yeni coin: 3eRJW1oBQM - analiz 40s sonra
05:39:59 INFO    [info] Yeni coin: 9Jjw4eRCsC - analiz 40s sonra
05:40:08 WARNING RPC hiz limiti (429) - RPC_RPS dusurun veya plani yukseltin
05:40:20 INFO    [info] Yeni coin: 2ANwJQZ6aK - analiz 40s sonra
05:40:20 INFO    [info] Yeni coin: 2GfeEL79iN - analiz 40s sonra
05:40:31 INFO    [info] Yeni coin: 4kfF4DBQxS - analiz 40s sonra
05:40:34 INFO    [info] Yeni coin: 8G7Uee1swM - analiz 40s sonra
05:40:35 INFO    [info] Yeni coin: 2PBb4eUwBp - analiz 40s sonra
05:40:37 INFO    [info] Yeni coin: DQycvJxyGX - analiz 40s sonra
05:40:42 WARNING RPC hiz limiti (429) - RPC_RPS dusurun veya plani yukseltin
05:40:43 INFO    [warn] Takip edilen cuzdan yok - once skorlayip takibe alin
05:40:46 INFO    [info] Yeni coin: 9oqK7WAKNE - analiz 40s sonra
05:40:47 INFO    [info] Yeni coin: 4XS4eJma14 - analiz 40s sonra
05:40:48 INFO    [info] Yeni coin: AHTGvaWAmR - analiz 40s sonra
05:40:49 INFO    [info] Yeni coin: 5eax5xWz78 - analiz 40s sonra
05:41:05 INFO    [info] Yeni coin: BKdhmYFUyM - analiz 40s sonra
05:41:08 WARNING RPC hiz limiti (429) - RPC_RPS dusurun veya plani yukseltin
05:41:09 INFO    [info] Yeni coin: 2meZ3HN4KG - analiz 40s sonra
05:41:12 INFO    [info] Yeni coin: 4LhMYJy1Jt - analiz 40s sonra
05:41:16 INFO    [info] Yeni coin: BmpMdeaQJZ - analiz 40s sonra
05:41:16 INFO    [info] Yeni coin: 4WJdv9Z2Yt - analiz 40s sonra
05:41:21 INFO    [info] Yeni coin: 9VX2PbuXUJ - analiz 40s sonra
05:41:35 INFO    [info] Yeni coin: 7Pea9RrWwX - analiz 40s sonra
05:41:35 WARNING RPC hiz limiti (429) - RPC_RPS dusurun veya plani yukseltin
05:41:38 INFO    [info] Yeni coin: DrNTRZF7on - analiz 40s sonra
05:41:38 INFO    [info] Yeni coin: Bcpm4URGA9 - analiz 40s sonra
05:41:40 INFO    [info] Yeni coin: 4RSqV34YPs - analiz 40s sonra
05:41:51 INFO    [info] Yeni coin: GJe64HLSCC - analiz 40s sonra
05:41:53 INFO    [info] Yeni coin: sq9JyjtT8G - analiz 40s sonra
05:41:54 INFO    [info] Yeni coin: 3qYns9mJga - analiz 40s sonra
05:41:54 INFO    [info] Yeni coin: 28xhNNoZvn - analiz 40s sonra
05:41:58 INFO    [info] Yeni coin: Aw24jr82bE - analiz 40s sonra
05:42:05 INFO    [info] Yeni coin: 2EfpNb2ciB - analiz 40s sonra
05:42:05 INFO    [info] Yeni coin: 6WSF6PtjYe - analiz 40s sonra
05:42:07 INFO    [info] Yeni coin: DkH5yqtgkb - analiz 40s sonra
05:42:08 WARNING RPC hiz limiti (429) - RPC_RPS dusurun veya plani yukseltin
05:42:10 INFO    [info] Yeni coin: FUEQ1UZZuD - analiz 40s sonra
05:42:16 INFO    [info] Yeni coin: ECSF3gbbX8 - analiz 40s sonra
05:42:29 INFO    [info] Yeni coin: GNcXCCNbT8 - analiz 40s sonra
05:42:32 INFO    [info] Yeni coin: 3nokwVfXZU - analiz 40s sonra
05:42:37 INFO    [info] Yeni coin: DU17f4ETst - analiz 40s sonra
05:42:37 INFO    [info] Yeni coin: GYvPjYJtNF - analiz 40s sonra
05:42:43 INFO    [warn] Takip edilen cuzdan yok - once skorlayip takibe alin
05:42:44 INFO    [info] Yeni coin: 2j2iscfBXp - analiz 40s sonra
05:42:44 WARNING RPC hiz limiti (429) - RPC_RPS dusurun veya plani yukseltin
05:42:46 INFO    [info] Yeni coin: AMPAjzGETn - analiz 40s sonra
05:42:46 INFO    [info] Yeni coin: AmT6dadEp9 - analiz 40s sonra
05:42:48 INFO    [info] Yeni coin: 2wUQyy825S - analiz 40s sonra
05:42:49 INFO    [info] Yeni coin: 2Qkb15sED7 - analiz 40s sonra
05:42:55 INFO    [info] Yeni coin: Hc3KLgChRC - analiz 40s sonra
05:42:57 INFO    [info] Yeni coin: DBydYWS1SA - analiz 40s sonra
05:42:57 INFO    [info] Yeni coin: CLaLa6vbN4 - analiz 40s sonra
05:42:57 INFO    [info] Yeni coin: BjpBCChMC7 - analiz 40s sonra
05:43:09 WARNING RPC hiz limiti (429) - RPC_RPS dusurun veya plani yukseltin
05:43:11 INFO    [info] Yeni coin: CAHWCM3LYj - analiz 40s sonra
05:43:12 INFO    [info] Yeni coin: C4hG6xZGDb - analiz 40s sonra
05:43:15 INFO    [info] Yeni coin: HjvJmEztju - analiz 40s sonra
05:43:17 INFO    [info] Yeni coin: 8nsA3pUGg5 - analiz 40s sonra
05:43:29 INFO    [info] Yeni coin: 36QRecU78a - analiz 40s sonra
05:43:38 INFO    [info] Yeni coin: 6k9DqYjBZ8 - analiz 40s sonra
05:43:42 WARNING RPC hiz limiti (429) - RPC_RPS dusurun veya plani yukseltin
05:43:43 INFO    [info] Yeni coin: 88z9NbgPLa - analiz 40s sonra
05:43:45 INFO    [info] Yeni coin: CcHv6eYbVc - analiz 40s sonra
05:43:45 INFO    [info] Yeni coin: EE2HxGFCTZ - analiz 40s sonra
05:43:45 INFO    [info] Yeni coin: 3kqTdWrk4P - analiz 40s sonra
05:43:45 INFO    [info] Yeni coin: 5NQH9QKWr6 - analiz 40s sonra
05:43:45 INFO    [info] Yeni coin: HwA1LUEWxT - analiz 40s sonra
05:43:48 INFO    [info] Yeni coin: 98SThEz4Bs - analiz 40s sonra
05:43:49 INFO    [info] Yeni coin: B6hmAQS9Yx - analiz 40s sonra
05:43:53 INFO    [info] Yeni coin: BVBvx3Zhgc - analiz 40s sonra
05:44:03 INFO    [info] Yeni coin: CPsr9ENPju - analiz 40s sonra
05:44:05 INFO    [info] Yeni coin: nMJN6DxSNK - analiz 40s sonra
05:44:06 WARNING RPC hiz limiti (429) - RPC_RPS dusurun veya plani yukseltin
05:44:08 INFO    [info] Yeni coin: 5WpATfhRYG - analiz 40s sonra
05:44:08 INFO    [info] Yeni coin: AMADwRAaQX - analiz 40s sonra
05:44:11 INFO    [info] Yeni coin: Es6T9jhgfd - analiz 40s sonra
05:44:24 INFO    [info] Yeni coin: HrTya6vVRv - analiz 40s sonra
05:44:32 INFO    [info] Yeni coin: 35CBF1Wt1s - analiz 40s sonra
05:44:32 WARNING RPC hiz limiti (429) - RPC_RPS dusurun veya plani yukseltin
05:44:40 INFO    [info] Yeni coin: 5b6uAKhfGK - analiz 40s sonra
05:44:41 INFO    [info] Yeni coin: 6QVWb4fxo8 - analiz 40s sonra
05:44:43 INFO    [info] Yeni coin: HxTCZMmYj2 - analiz 40s sonra
05:44:43 INFO    [warn] Takip edilen cuzdan yok - once skorlayip takibe alin
05:44:48 INFO    [info] Yeni coin: 8yEaBFKuek - analiz 40s sonra
05:44:51 INFO    [info] Yeni coin: AwSA2KY8Hp - analiz 40s sonra
05:44:55 INFO    [info] Yeni coin: EmTAv9nCcG - analiz 40s sonra
05:44:55 WARNING RPC hiz limiti (429) - RPC_RPS dusurun veya plani yukseltin
05:44:58 INFO    [info] Yeni coin: CQn2cYhvPC - analiz 40s sonra
05:44:59 INFO    [info] Yeni coin: CsgPSb4HhB - analiz 40s sonra
05:45:02 INFO    [info] Yeni coin: RTEfnGLx4y - analiz 40s sonra
05:45:10 INFO    [info] Yeni coin: 2hSvU5cDkC - analiz 40s sonra
05:45:10 INFO    [info] Yeni coin: 3XvJpJQVzx - analiz 40s sonra
05:45:12 WARNING RPC hiz limiti (429) - RPC_RPS dusurun veya plani yukseltin
05:45:16 INFO    [info] Yeni coin: BVsSPj1ajw - analiz 40s sonra
05:45:17 INFO    [info] Yeni coin: 4eqRggw5rG - analiz 40s sonra
05:45:22 INFO    [info] Yeni coin: 2CW8DCXXoc - analiz 40s sonra
05:45:23 INFO    [info] Yeni coin: FX9xYLp9py - analiz 40s sonra
05:45:24 INFO    [info] Yeni coin: GQrWfeuFbp - analiz 40s sonra
05:45:27 INFO    [info] Yeni coin: BAq67pBgWs - analiz 40s sonra
05:45:28 WARNING RPC hiz limiti (429) - RPC_RPS dusurun veya plani yukseltin
05:45:32 INFO    [info] Yeni coin: 4f1aEwkTVc - analiz 40s sonra
05:45:35 INFO    [info] Yeni coin: GdgC5ZxxoC - analiz 40s sonra
05:45:46 INFO    [info] Yeni coin: CKwu5zpCyV - analiz 40s sonra
05:45:49 INFO    [info] Yeni coin: 2yXjKUa6oq - analiz 40s sonra
05:45:50 INFO    [info] Yeni coin: 7YDQsT4CBb - analiz 40s sonra
05:45:53 INFO    [info] Yeni coin: HWKAf13iHY - analiz 40s sonra
05:45:57 INFO    [info] Yeni coin: 5C4SjDmWTR - analiz 40s sonra
05:46:02 INFO    [info] Yeni coin: FSvk6Z1ubB - analiz 40s sonra
05:46:03 INFO    [info] Yeni coin: 2ANZGYZaBy - analiz 40s sonra
05:46:03 INFO    [info] Yeni coin: AeGqoAo2tJ - analiz 40s sonra
05:46:03 INFO    [info] Yeni coin: Ctnod35WoF - analiz 40s sonra
05:46:04 WARNING RPC hiz limiti (429) - RPC_RPS dusurun veya plani yukseltin
05:46:11 INFO    [info] Yeni coin: Hb38QiYnpm - analiz 40s sonra
05:46:11 INFO    [info] Yeni coin: 87YzWqVwW2 - analiz 40s sonra
05:46:21 INFO    [info] Yeni coin: 4oDuYdZMh5 - analiz 40s sonra
05:46:30 INFO    [info] Yeni coin: rzMKSskUPC - analiz 40s sonra
05:46:41 INFO    [info] Yeni coin: 4yUuLwpRew - analiz 40s sonra
05:46:43 INFO    [info] Yeni coin: DBbWeByvoG - analiz 40s sonra
05:46:43 INFO    [warn] Takip edilen cuzdan yok - once skorlayip takibe alin
05:46:46 INFO    [info] Yeni coin: GrXxHJeBTg - analiz 40s sonra
05:46:46 INFO    [info] Yeni coin: D7cRAfFPcL - analiz 40s sonra
05:46:47 INFO    [info] Yeni coin: 7nihwiqVPw - analiz 40s sonra
05:46:49 INFO    [info] Yeni coin: 3xVbSeyGw3 - analiz 40s sonra
05:46:50 INFO    [info] Yeni coin: GCff2rksLi - analiz 40s sonra
05:46:50 WARNING RPC hiz limiti (429) - RPC_RPS dusurun veya plani yukseltin
05:46:59 INFO    [info] Yeni coin: EaJ9ugntzA - analiz 40s sonra
05:46:59 INFO    [info] Yeni coin: 4PRbPy1nSQ - analiz 40s sonra
05:47:00 INFO    [info] Yeni coin: 8p8Bbm8AZ3 - analiz 40s sonra
05:47:00 INFO    [info] Yeni coin: 8nbTadgxdC - analiz 40s sonra
05:47:00 INFO    [info] Yeni coin: G2n7gUWG9B - analiz 40s sonra
05:47:00 INFO    [info] Yeni coin: 2oYVpRe5Ju - analiz 40s sonra
05:47:01 INFO    [info] Yeni coin: CT7rRCBUuV - analiz 40s sonra
05:47:04 INFO    [info] Yeni coin: J5TxUNSgaE - analiz 40s sonra
05:47:05 INFO    [info] Yeni coin: 38QDYwD5wT - analiz 40s sonra
05:47:06 INFO    [info] Yeni coin: 5i4K2EAhGx - analiz 40s sonra
05:47:07 INFO    [info] Yeni coin: 8CizQPorAP - analiz 40s sonra
05:47:10 INFO    [info] Yeni coin: 7ZhY4AxGaY - analiz 40s sonra
05:47:23 INFO    [info] Yeni coin: J7oiMFGo9U - analiz 40s sonra
05:47:24 INFO    [info] Yeni coin: 4N1PfvYQ4q - analiz 40s sonra
05:47:31 WARNING RPC hiz limiti (429) - RPC_RPS dusurun veya plani yukseltin
05:47:35 INFO    [info] Yeni coin: GrkUbE4cZo - analiz 40s sonra
05:47:36 INFO    [info] Yeni coin: DgXGUfKU6z - analiz 40s sonra
05:47:39 INFO    [info] Yeni coin: DpqcPvni6r - analiz 40s sonra
05:47:42 INFO    [info] Yeni coin: ARH7rXvzLm - analiz 40s sonra
05:47:52 INFO    [info] Yeni coin: 3uGYy4rUQA - analiz 40s sonra
05:47:55 WARNING RPC hiz limiti (429) - RPC_RPS dusurun veya plani yukseltin
05:47:58 INFO    [info] Yeni coin: 2zCizGZPmQ - analiz 40s sonra
05:48:05 INFO    [info] Yeni coin: Cy4Sx9rSU5 - analiz 40s sonra
05:48:06 INFO    [info] Yeni coin: 2uuiQWnUu9 - analiz 40s sonra
05:48:06 INFO    [info] Yeni coin: 9opzwbJpFL - analiz 40s sonra
05:48:08 INFO    [info] Yeni coin: By84T3mS2B - analiz 40s sonra
05:48:13 INFO    [info] Yeni coin: 6hchYmZ2Qm - analiz 40s sonra
05:48:18 INFO    [info] Yeni coin: JBbnodxswV - analiz 40s sonra
05:48:18 WARNING RPC hiz limiti (429) - RPC_RPS dusurun veya plani yukseltin
05:48:19 INFO    [info] Yeni coin: 9PFSKi8GqD - analiz 40s sonra
05:48:21 INFO    [info] Yeni coin: 5fpJPQoQDY - analiz 40s sonra
05:48:23 INFO    [info] Yeni coin: DX2FLXDiy1 - analiz 40s sonra
05:48:34 INFO    [info] Yeni coin: 53xFSFutp9 - analiz 40s sonra
05:48:34 INFO    [info] Yeni coin: GZwxnBW1f3 - analiz 40s sonra
05:48:36 INFO    [info] Yeni coin: CHsi6jgzh1 - analiz 40s sonra
05:48:39 WARNING RPC hiz limiti (429) - RPC_RPS dusurun veya plani yukseltin
05:48:43 INFO    [warn] Takip edilen cuzdan yok - once skorlayip takibe alin
05:48:47 INFO    [info] Yeni coin: BrDsbfMXYm - analiz 40s sonra
05:48:47 INFO    [info] Yeni coin: DsrrpHiRTw - analiz 40s sonra
05:48:54 INFO    [info] Yeni coin: 92BxjwESSt - analiz 40s sonra
05:48:59 INFO    [info] Yeni coin: 9RnzevgfuD - analiz 40s sonra
05:49:00 INFO    [info] Yeni coin: 7CwFFwYed9 - analiz 40s sonra
05:49:08 INFO    [info] Yeni coin: v1ScoGtwto - analiz 40s sonra
05:49:15 WARNING RPC hiz limiti (429) - RPC_RPS dusurun veya plani yukseltin
05:49:18 INFO    [info] Yeni coin: 5oiYxdexWB - analiz 40s sonra
05:49:19 INFO    [info] Yeni coin: 9pQxRLRoXt - analiz 40s sonra
05:49:19 INFO    [info] Yeni coin: D8SMvfYuEb - analiz 40s sonra
05:49:23 INFO    [info] Yeni coin: AGPHMv6mif - analiz 40s sonra
05:49:25 INFO    [info] Yeni coin: G1BZJ15r7e - analiz 40s sonra
05:49:27 INFO    [info] Yeni coin: DTMSqv2vAd - analiz 40s sonra
05:49:29 INFO    [info] Yeni coin: 289nEh99BS - analiz 40s sonra
05:49:29 INFO    [info] Yeni coin: 7SQbYfgc2Q - analiz 40s sonra
05:49:36 WARNING RPC hiz limiti (429) - RPC_RPS dusurun veya plani yukseltin
05:49:40 INFO    [info] Yeni coin: F5XVaJeVtH - analiz 40s sonra
05:49:44 INFO    [info] Yeni coin: 8wjoXRuosZ - analiz 40s sonra
05:49:45 INFO    [info] Yeni coin: JBZWKhYvY6 - analiz 40s sonra
05:49:46 INFO    [info] Yeni coin: 7sD8eCof2h - analiz 40s sonra
05:49:47 INFO    [info] Yeni coin: B3xVYTcivN - analiz 40s sonra
05:49:49 INFO    [info] Yeni coin: 3C2xQExGSZ - analiz 40s sonra
05:49:55 INFO    [info] Yeni coin: xGyMKHdmLH - analiz 40s sonra
05:49:56 INFO    [info] Yeni coin: Ct356xXkvN - analiz 40s sonra
05:49:59 INFO    [info] Yeni coin: BNTYPfwCLc - analiz 40s sonra
05:50:04 INFO    [info] Yeni coin: CPrZyxguTd - analiz 40s sonra
05:50:04 WARNING RPC hiz limiti (429) - RPC_RPS dusurun veya plani yukseltin
05:50:09 INFO    [info] Yeni coin: 3RifbRVqDX - analiz 40s sonra
05:50:13 INFO    [info] Yeni coin: FuoCmUt3im - analiz 40s sonra
05:50:21 INFO    [info] Yeni coin: ESQy3h1Xrm - analiz 40s sonra
05:50:21 WARNING RPC hiz limiti (429) - RPC_RPS dusurun veya plani yukseltin
05:50:23 INFO    [info] Yeni coin: D8WhvmjZ5F - analiz 40s sonra
05:50:30 INFO    [info] Yeni coin: GSrA4AdZoJ - analiz 40s sonra
05:50:30 INFO    [info] Yeni coin: Boo2KzQTzP - analiz 40s sonra
05:50:31 INFO    [info] Yeni coin: GBbHUuVxjN - analiz 40s sonra
05:50:32 INFO    [info] Yeni coin: 7GhLhJi7Wr - analiz 40s sonra
05:50:40 INFO    [info] Yeni coin: 8LJ3RZQwih - analiz 40s sonra
05:50:42 WARNING RPC hiz limiti (429) - RPC_RPS dusurun veya plani yukseltin
05:50:43 INFO    [warn] Takip edilen cuzdan yok - once skorlayip takibe alin
05:50:44 INFO    [info] Yeni coin: 3h4JoBn45K - analiz 40s sonra
05:50:45 INFO    [info] Yeni coin: DSWfp95XCz - analiz 40s sonra
05:50:45 INFO    [info] Yeni coin: FrSckAxkPr - analiz 40s sonra
05:50:54 INFO    [info] Yeni coin: 8AJ9r9iVyM - analiz 40s sonra
05:50:54 INFO    [info] Yeni coin: CNycwfEYvg - analiz 40s sonra
05:50:56 INFO    [info] Yeni coin: FoJTLk16U7 - analiz 40s sonra
05:51:07 INFO    [info] Yeni coin: CxwmhwVBns - analiz 40s sonra
05:51:08 INFO    [info] Yeni coin: CwGokSJvn7 - analiz 40s sonra
05:51:08 INFO    [info] Yeni coin: EhC9HxG315 - analiz 40s sonra
05:51:14 INFO    [info] Yeni coin: DXGfaq4ajx - analiz 40s sonra
05:51:15 INFO    [info] Yeni coin: 9jhccd7mSg - analiz 40s sonra
05:51:18 INFO    [info] Yeni coin: CZ53Yc5akn - analiz 40s sonra
05:51:19 INFO    [info] Yeni coin: 4szA2g4DFN - analiz 40s sonra
05:51:20 INFO    [info] Yeni coin: 96btituf6G - analiz 40s sonra
05:51:25 WARNING RPC hiz limiti (429) - RPC_RPS dusurun veya plani yukseltin
05:51:29 INFO    [info] Yeni coin: F8BgNKoxva - analiz 40s sonra
05:51:31 INFO    [info] Yeni coin: Gs717WcHe3 - analiz 40s sonra
05:51:32 INFO    [info] Yeni coin: 494iPtBmdw - analiz 40s sonra
05:51:34 INFO    [info] Yeni coin: 9Bck1Fc4uS - analiz 40s sonra
05:51:35 INFO    [info] Yeni coin: B4ES7Weak4 - analiz 40s sonra
05:51:35 INFO    [info] Yeni coin: B69pNtAPqx - analiz 40s sonra
05:51:36 INFO    [info] Yeni coin: EtAZprkAvG - analiz 40s sonra
05:51:37 INFO    [info] Yeni coin: M885q1Gc6P - analiz 40s sonra
05:51:38 INFO    [info] Yeni coin: HW7ajtRGz4 - analiz 40s sonra
05:51:38 INFO    [info] Yeni coin: zBuXeEG9dz - analiz 40s sonra
05:51:38 INFO    [info] Yeni coin: 91VEoHPJd2 - analiz 40s sonra
05:51:39 INFO    [info] Yeni coin: A5ULzNpCth - analiz 40s sonra
05:51:52 INFO    [info] Yeni coin: CGGSzsT8r1 - analiz 40s sonra
05:51:53 INFO    [info] Yeni coin: DXS6NodmjA - analiz 40s sonra
05:51:53 INFO    [info] Yeni coin: 4bQquemx7B - analiz 40s sonra
05:51:54 INFO    [info] Yeni coin: 5KqfZ81X3C - analiz 40s sonra
05:51:54 INFO    [info] Yeni coin: 94PnTiAChT - analiz 40s sonra
05:51:57 INFO    [info] Yeni coin: E9A6EvLWLo - analiz 40s sonra
05:51:57 WARNING RPC hiz limiti (429) - RPC_RPS dusurun veya plani yukseltin
05:52:02 INFO    [info] Yeni coin: FeoLByAkWL - analiz 40s sonra
05:52:02 INFO    [info] Yeni coin: 6iW48h6iAf - analiz 40s sonra
05:52:11 INFO    [info] Yeni coin: Gx7CfTugDJ - analiz 40s sonra
05:52:13 INFO    [info] Yeni coin: 9Vo4idWikx - analiz 40s sonra
05:52:24 WARNING RPC hiz limiti (429) - RPC_RPS dusurun veya plani yukseltin
05:52:27 INFO    [info] Yeni coin: B8kYuxeUa2 - analiz 40s sonra
05:52:29 INFO    [info] Yeni coin: FMyqmRT2U5 - analiz 40s sonra
05:52:31 INFO    [info] Yeni coin: DcZ1n9CjmK - analiz 40s sonra
05:52:34 INFO    [info] Yeni coin: GvRfaR1QhX - analiz 40s sonra
05:52:34 INFO    [info] Yeni coin: Hgtf3Qi3yr - analiz 40s sonra
05:52:34 INFO    [info] Yeni coin: CNPJvznpVx - analiz 40s sonra
05:52:39 INFO    [info] Yeni coin: UzNMb4qihx - analiz 40s sonra
05:52:42 INFO    [info] Yeni coin: 94hXeuj3rk - analiz 40s sonra
05:52:43 INFO    [warn] Takip edilen cuzdan yok - once skorlayip takibe alin
05:52:44 INFO    [info] Yeni coin: 91iRQw3nBk - analiz 40s sonra
05:52:46 INFO    [info] Yeni coin: GhemWHzn3p - analiz 40s sonra
05:52:48 INFO    [info] Yeni coin: FH6G7VdsHG - analiz 40s sonra
05:52:49 WARNING RPC hiz limiti (429) - RPC_RPS dusurun veya plani yukseltin
05:52:54 INFO    [info] Yeni coin: 5HsUfVtWt9 - analiz 40s sonra
05:53:02 INFO    [info] Yeni coin: 8UAzqVUKn8 - analiz 40s sonra
05:53:02 INFO    [info] Yeni coin: FdWEpv1L21 - analiz 40s sonra
05:53:03 INFO    [info] Yeni coin: 3Uj8MiNwnM - analiz 40s sonra
05:53:04 INFO    [info] Yeni coin: AZUGWWegVp - analiz 40s sonra
05:53:10 INFO    [info] Yeni coin: FEPPhUEJT2 - analiz 40s sonra
05:53:14 INFO    [info] Yeni coin: 5y6rStFdiW - analiz 40s sonra
05:53:17 INFO    [info] Yeni coin: 3LXKmgYfDy - analiz 40s sonra
05:53:20 INFO    [info] Yeni coin: 24xFoXSzqj - analiz 40s sonra
05:53:24 INFO    [info] Yeni coin: CRCXivucJF - analiz 40s sonra
05:53:24 INFO    [info] Yeni coin: A4ormD7DHQ - analiz 40s sonra
05:53:25 INFO    [info] Yeni coin: 9zNSMXCamY - analiz 40s sonra
05:53:25 INFO    [info] Yeni coin: 8n29S9NPeh - analiz 40s sonra
05:53:28 INFO    [info] Yeni coin: GaaBF5P4Vz - analiz 40s sonra
05:53:29 INFO    [info] Yeni coin: 4sw97P5PZ3 - analiz 40s sonra
05:53:29 INFO    [info] Yeni coin: 5CzoryQvbG - analiz 40s sonra
05:53:29 INFO    [info] Yeni coin: G2L17DJZxo - analiz 40s sonra
05:53:32 INFO    [info] Yeni coin: GfypFsVv4X - analiz 40s sonra
05:53:36 INFO    [info] Yeni coin: 4yjkSPB2T7 - analiz 40s sonra
05:53:37 WARNING RPC hiz limiti (429) - RPC_RPS dusurun veya plani yukseltin
05:53:44 INFO    [info] Yeni coin: 43bDMQhW8R - analiz 40s sonra
05:53:45 INFO    [info] Yeni coin: BvwYRX3Zs3 - analiz 40s sonra
05:53:46 INFO    [info] Yeni coin: 3bUyEUUgEM - analiz 40s sonra
05:53:47 INFO    [info] Yeni coin: 6Ekyf9LoZW - analiz 40s sonra
05:53:48 INFO    [info] Yeni coin: kzNDrtjv3V - analiz 40s sonra
05:53:48 INFO    [info] Yeni coin: 3knZHfoqQt - analiz 40s sonra
05:53:53 INFO    [info] Yeni coin: BsMzv8qbar - analiz 40s sonra
05:53:54 INFO    [info] Yeni coin: 9EwrNtJnBY - analiz 40s sonra
05:53:58 INFO    [info] Yeni coin: F1NuxHKiAT - analiz 40s sonra
05:53:59 INFO    [info] Yeni coin: 2PBLcUE6b5 - analiz 40s sonra
05:54:02 INFO    [info] Yeni coin: 597dGT9F3d - analiz 40s sonra
05:54:02 INFO    [info] Yeni coin: 4ExpoaQk6p - analiz 40s sonra
05:54:05 INFO    [info] Yeni coin: HtSBXVQuMi - analiz 40s sonra
05:54:06 INFO    [info] Yeni coin: FmXSgsLH7m - analiz 40s sonra
05:54:06 WARNING RPC hiz limiti (429) - RPC_RPS dusurun veya plani yukseltin
05:54:08 INFO    [info] Yeni coin: 5hacpT4v4E - analiz 40s sonra
05:54:09 INFO    [info] Yeni coin: 26VYoVKA3X - analiz 40s sonra
05:54:10 INFO    [info] Yeni coin: 6BtRXzyms8 - analiz 40s sonra
05:54:11 INFO    [info] Yeni coin: CgdDFB2yGS - analiz 40s sonra
05:54:21 INFO    [info] Yeni coin: 76HtnZeug8 - analiz 40s sonra
05:54:21 INFO    [info] Yeni coin: TmcTwNT27D - analiz 40s sonra
05:54:28 INFO    [info] Yeni coin: Fueu829vEc - analiz 40s sonra
05:54:31 INFO    [info] Yeni coin: GDUrPLVK5V - analiz 40s sonra
05:54:33 INFO    [info] Yeni coin: GBZgp6evcS - analiz 40s sonra
05:54:35 INFO    [info] Yeni coin: 7VNcw3nun4 - analiz 40s sonra
05:54:35 INFO    [info] Yeni coin: 5z4DXi7zsh - analiz 40s sonra
05:54:36 WARNING RPC hiz limiti (429) - RPC_RPS dusurun veya plani yukseltin
05:54:37 INFO    [info] Yeni coin: 6adzAyF9wm - analiz 40s sonra
05:54:38 INFO    [info] Yeni coin: 4CiLPCuACs - analiz 40s sonra
05:54:42 INFO    [info] Yeni coin: FJph71sksu - analiz 40s sonra
05:54:43 INFO    [warn] Takip edilen cuzdan yok - once skorlayip takibe alin
05:54:44 INFO    [info] Yeni coin: AdF3iL9v4T - analiz 40s sonra
05:54:44 INFO    [info] Yeni coin: 4KCXhPeTjT - analiz 40s sonra
05:54:45 INFO    [info] Yeni coin: FSYbFgHjFD - analiz 40s sonra
05:54:46 INFO    [info] Yeni coin: CtaC17HNfX - analiz 40s sonra
05:54:46 INFO    [info] Yeni coin: GtaXAFvNqS - analiz 40s sonra
05:54:47 INFO    [info] Yeni coin: GkPKRqzamA - analiz 40s sonra
05:54:53 WARNING RPC hiz limiti (429) - RPC_RPS dusurun veya plani yukseltin
05:55:02 INFO    [info] Yeni coin: 3shA2tK59a - analiz 40s sonra
05:55:03 INFO    [info] Yeni coin: 7CmDaNRboc - analiz 40s sonra
05:55:04 INFO    [info] Yeni coin: dr6FX7xPE4 - analiz 40s sonra
05:55:06 INFO    [info] Yeni coin: 3o6W4NWhCt - analiz 40s sonra
05:55:08 INFO    [info] Yeni coin: 3jKNXMbSak - analiz 40s sonra
05:55:12 INFO    [info] Yeni coin: 5cGHGpLCef - analiz 40s sonra
05:55:13 INFO    [info] Yeni coin: Fqg3nnEycS - analiz 40s sonra
05:55:14 WARNING RPC hiz limiti (429) - RPC_RPS dusurun veya plani yukseltin
05:55:15 INFO    [info] Yeni coin: ooc4kZPM83 - analiz 40s sonra
05:55:16 INFO    [info] Yeni coin: HeWQsp3pD9 - analiz 40s sonra
05:55:19 INFO    [info] Yeni coin: AQBfqGjQgu - analiz 40s sonra
05:55:31 INFO    [info] Yeni coin: Aav8PpEUP1 - analiz 40s sonra
05:55:35 INFO    [info] Yeni coin: A3bAvRtScP - analiz 40s sonra
05:55:35 INFO    [info] Yeni coin: 2cYjjpsZAk - analiz 40s sonra
05:55:37 INFO    [info] Yeni coin: DHpQhbifth - analiz 40s sonra
05:55:39 INFO    [info] Yeni coin: 5fC7LGndfx - analiz 40s sonra
05:55:39 WARNING RPC hiz limiti (429) - RPC_RPS dusurun veya plani yukseltin
05:55:43 INFO    [info] Yeni coin: BJAqXZa7Qa - analiz 40s sonra
05:55:45 INFO    [info] Yeni coin: DYn4op6Kk6 - analiz 40s sonra
05:55:49 INFO    [info] Yeni coin: DjBsPgCgbR - analiz 40s sonra
05:55:49 INFO    [info] Yeni coin: 8RynzrGgtq - analiz 40s sonra
05:55:54 INFO    [info] Yeni coin: 4R9U7ceG2X - analiz 40s sonra
05:56:00 INFO    [info] Yeni coin: AcPEGmSuX1 - analiz 40s sonra
05:56:03 INFO    [info] Yeni coin: 2hsWXM6ART - analiz 40s sonra
05:56:07 INFO    [info] Yeni coin: 7BqkQ4vJMz - analiz 40s sonra
05:56:07 WARNING RPC hiz limiti (429) - RPC_RPS dusurun veya plani yukseltin
05:56:15 INFO    [info] Yeni coin: EpVMGHJMM8 - analiz 40s sonra
05:56:16 INFO    [info] Yeni coin: DDiAvK5wBC - analiz 40s sonra
05:56:21 INFO    [info] Yeni coin: 8DAEuEQiqj - analiz 40s sonra
05:56:29 INFO    [info] Yeni coin: 3nVEUbrtNE - analiz 40s sonra
05:56:37 INFO    [info] Yeni coin: Gc59DcTqMA - analiz 40s sonra
05:56:41 INFO    [info] Yeni coin: Gb7hmMZza8 - analiz 40s sonra
05:56:41 INFO    [info] Yeni coin: FUfKR6V8zq - analiz 40s sonra
05:56:41 INFO    [info] Yeni coin: EbHqXtfNhV - analiz 40s sonra
05:56:41 WARNING RPC hiz limiti (429) - RPC_RPS dusurun veya plani yukseltin
05:56:44 INFO    [warn] Takip edilen cuzdan yok - once skorlayip takibe alin
05:56:45 INFO    [info] Yeni coin: A381uAPkRo - analiz 40s sonra
05:56:45 INFO    [info] Yeni coin: GU1R8hN7ti - analiz 40s sonra
05:56:46 INFO    [info] Yeni coin: E5hz7sYfFf - analiz 40s sonra
05:56:49 INFO    [info] Yeni coin: 41diVFbsW4 - analiz 40s sonra
05:56:59 INFO    [info] Yeni coin: 3xJ9vmmaAw - analiz 40s sonra
05:57:03 INFO    [info] Yeni coin: 7dYRfPTS7i - analiz 40s sonra
05:57:06 INFO    [info] Yeni coin: CbXmKLHiku - analiz 40s sonra
05:57:11 INFO    [info] Yeni coin: FP6iQWPqQN - analiz 40s sonra
05:57:13 INFO    [info] Yeni coin: ERwczjLSHE - analiz 40s sonra
05:57:13 WARNING RPC hiz limiti (429) - RPC_RPS dusurun veya plani yukseltin
05:57:22 INFO    [info] Yeni coin: FqvuhSVbxM - analiz 40s sonra
05:57:26 INFO    [info] Yeni coin: aWP5wa9Wnc - analiz 40s sonra
05:57:27 INFO    [info] Yeni coin: FuUjAfnSsj - analiz 40s sonra
05:57:29 INFO    [info] Yeni coin: DXyTZdrNgk - analiz 40s sonra
05:57:32 INFO    [info] Yeni coin: DK7AsWLmBU - analiz 40s sonra
05:57:39 INFO    [info] Yeni coin: E8w731SfSS - analiz 40s sonra
05:57:40 INFO    [info] Yeni coin: 83iRx4p4n7 - analiz 40s sonra
05:57:41 INFO    [info] Yeni coin: 31jLYqFh5k - analiz 40s sonra
05:57:42 INFO    [info] Yeni coin: BW3Ljm1cdB - analiz 40s sonra
05:57:42 INFO    [info] Yeni coin: J3yH77pobW - analiz 40s sonra
05:57:43 WARNING RPC hiz limiti (429) - RPC_RPS dusurun veya plani yukseltin
05:57:44 INFO    [info] Yeni coin: 6Wx4sF5goG - analiz 40s sonra
05:57:46 INFO    [info] Yeni coin: 3RHkjWzjiE - analiz 40s sonra
05:57:46 INFO    [info] Yeni coin: GFgfpWD8dw - analiz 40s sonra
05:57:56 INFO    [info] Yeni coin: 4wHHEhEbha - analiz 40s sonra
05:58:03 INFO    [info] Yeni coin: 5erXunCxa7 - analiz 40s sonra
05:58:03 INFO    [info] Yeni coin: z9VkpVBXDo - analiz 40s sonra
05:58:04 INFO    [info] Yeni coin: AuY55CMqua - analiz 40s sonra
05:58:05 INFO    [info] Yeni coin: BmhEWmxeQk - analiz 40s sonra
05:58:12 WARNING RPC hiz limiti (429) - RPC_RPS dusurun veya plani yukseltin
05:58:13 INFO    [info] Yeni coin: D1JdpzU32h - analiz 40s sonra
05:58:17 INFO    [info] Yeni coin: GVoiE5oLQs - analiz 40s sonra
05:58:18 INFO    [info] Yeni coin: 5tFjyNGJho - analiz 40s sonra
05:58:19 INFO    [info] Yeni coin: DoEB1onGSG - analiz 40s sonra
05:58:22 INFO    [info] Yeni coin: 32iQVys6qa - analiz 40s sonra
05:58:22 INFO    [info] Yeni coin: HKcG2S6BKm - analiz 40s sonra
05:58:23 INFO    [info] Yeni coin: 3pGHm4hY2J - analiz 40s sonra
05:58:23 INFO    [info] Yeni coin: FM1QEKRnEL - analiz 40s sonra
05:58:24 INFO    [info] Yeni coin: BXFqx5XNU7 - analiz 40s sonra
05:58:32 INFO    [info] Yeni coin: 82yE1Bkgkv - analiz 40s sonra
05:58:40 INFO    [info] Yeni coin: D9vjxj6pQS - analiz 40s sonra
05:58:40 INFO    [info] Yeni coin: 7H3KyPQbq2 - analiz 40s sonra
05:58:40 WARNING RPC hiz limiti (429) - RPC_RPS dusurun veya plani yukseltin
05:58:41 INFO    [info] Yeni coin: H4bQpJ1TKj - analiz 40s sonra
05:58:41 INFO    [info] Yeni coin: uQm4a9q9sT - analiz 40s sonra
05:58:44 INFO    [warn] Takip edilen cuzdan yok - once skorlayip takibe alin
05:58:47 INFO    [info] Yeni coin: F9EE256wpi - analiz 40s sonra
05:58:50 INFO    [info] Yeni coin: AdhtMZan3M - analiz 40s sonra
05:58:53 INFO    [info] Yeni coin: HSd5zZLDQj - analiz 40s sonra
05:58:58 INFO    [info] Yeni coin: CEXJiwhpNR - analiz 40s sonra
05:59:04 INFO    [info] Yeni coin: 7ykpU5vKxF - analiz 40s sonra
05:59:05 INFO    [info] Yeni coin: 8rxr4ec144 - analiz 40s sonra
05:59:09 WARNING RPC hiz limiti (429) - RPC_RPS dusurun veya plani yukseltin
05:59:30 INFO    [info] Yeni coin: 893u2BvxnX - analiz 40s sonra
05:59:35 INFO    [info] Yeni coin: HUMJSnJe5q - analiz 40s sonra
05:59:44 INFO    [info] Yeni coin: AR36odjtMd - analiz 40s sonra
05:59:44 WARNING RPC hiz limiti (429) - RPC_RPS dusurun veya plani yukseltin
05:59:46 INFO    [info] Yeni coin: BjsCgWKrrn - analiz 40s sonra
05:59:49 INFO    [info] Yeni coin: E9yzVwZPDq - analiz 40s sonra
05:59:52 INFO    [info] Yeni coin: 6uMU5y6RsP - analiz 40s sonra
05:59:59 INFO    [info] Yeni coin: CR6XASPPck - analiz 40s sonra
06:00:00 INFO    [info] Yeni coin: 8CJ6oXiQuL - analiz 40s sonra
06:00:01 WARNING RPC hiz limiti (429) - RPC_RPS dusurun veya plani yukseltin
06:00:02 INFO    [info] Yeni coin: CvpySM77dU - analiz 40s sonra
06:00:02 INFO    [info] Yeni coin: 8MnwxKcYC3 - analiz 40s sonra
06:00:02 INFO    [info] Yeni coin: CGWAXKFstV - analiz 40s sonra
06:00:04 INFO    [info] Yeni coin: 6wgJAievem - analiz 40s sonra
06:00:05 INFO    [info] Yeni coin: DMkSWiaoUq - analiz 40s sonra
06:00:06 INFO    [info] Yeni coin: 5kz2BEFMqP - analiz 40s sonra
06:00:07 INFO    [info] Yeni coin: HCSrwFjVUd - analiz 40s sonra
06:00:09 INFO    [info] Yeni coin: 9MrhEo2fuB - analiz 40s sonra
06:00:09 INFO    [info] Yeni coin: 7bjV5RmthD - analiz 40s sonra
06:00:10 INFO    [info] Yeni coin: DC9jGhoT2y - analiz 40s sonra
06:00:10 INFO    [info] Yeni coin: 9gzwuhKAd8 - analiz 40s sonra
06:00:10 INFO    [info] Yeni coin: 6Ec7DzCgmr - analiz 40s sonra
06:00:11 INFO    [info] Yeni coin: At2VsmQHbX - analiz 40s sonra
06:00:13 INFO    [info] Yeni coin: Hqbz3U67h9 - analiz 40s sonra
06:00:17 INFO    [info] Yeni coin: DmW9P3bgd5 - analiz 40s sonra
06:00:24 INFO    [info] Yeni coin: AA8MBgDnWW - analiz 40s sonra
06:00:28 WARNING RPC hiz limiti (429) - RPC_RPS dusurun veya plani yukseltin
06:00:37 INFO    [info] Yeni coin: FYJSyy1KB7 - analiz 40s sonra
06:00:44 INFO    [warn] Takip edilen cuzdan yok - once skorlayip takibe alin
06:00:51 INFO    [info] Yeni coin: 4CwRX9ByUr - analiz 40s sonra
06:00:52 INFO    [info] Yeni coin: 8XYVAMXfP3 - analiz 40s sonra
06:00:52 INFO    [info] Yeni coin: FF8EFVYGnR - analiz 40s sonra
06:00:53 WARNING RPC hiz limiti (429) - RPC_RPS dusurun veya plani yukseltin
06:01:08 INFO    [info] Yeni coin: 6XzyAbxPi7 - analiz 40s sonra
06:01:16 INFO    [info] Yeni coin: AZDawyKNZC - analiz 40s sonra
06:01:16 INFO    [info] Yeni coin: GXNPt2Ce43 - analiz 40s sonra
06:01:17 WARNING RPC hiz limiti (429) - RPC_RPS dusurun veya plani yukseltin
06:01:18 INFO    [info] Yeni coin: 6htU4mbu5n - analiz 40s sonra
06:01:18 INFO    [info] Yeni coin: 6HvJ7d9j5c - analiz 40s sonra
06:01:18 INFO    [info] Yeni coin: 5YvoRRXrnz - analiz 40s sonra
06:01:20 INFO    [info] Yeni coin: 2rth6tGW7A - analiz 40s sonra
06:01:22 INFO    [info] Yeni coin: FPEiS3A9Ma - analiz 40s sonra
06:01:25 INFO    [info] Yeni coin: MYwrx9we4z - analiz 40s sonra
06:01:37 INFO    [info] Yeni coin: GdaYAAnomE - analiz 40s sonra
06:01:39 INFO    [info] Yeni coin: HSuDYZ9Wf2 - analiz 40s sonra
06:01:45 INFO    [info] Yeni coin: CARSh8KFk9 - analiz 40s sonra
06:01:46 WARNING RPC hiz limiti (429) - RPC_RPS dusurun veya plani yukseltin
06:01:48 INFO    [info] Yeni coin: F8mau8hCJr - analiz 40s sonra
06:01:49 INFO    [info] Yeni coin: G2uTVSxBbT - analiz 40s sonra
06:01:52 INFO    [info] Yeni coin: 8cnQ3wDk69 - analiz 40s sonra
06:01:54 INFO    [info] Yeni coin: 2Wij2sLc5k - analiz 40s sonra
06:01:54 INFO    [info] Yeni coin: GLrm8Tterk - analiz 40s sonra
06:01:55 INFO    [info] Yeni coin: 35twhPnt8b - analiz 40s sonra
06:01:56 INFO    [info] Yeni coin: 34uR3xTVhK - analiz 40s sonra
06:01:59 INFO    [info] Yeni coin: 8P6BdU6UZN - analiz 40s sonra
06:02:00 INFO    [info] Yeni coin: pumpvQHCc1 - analiz 40s sonra
06:02:01 INFO    [info] Yeni coin: FN8MBkwwBN - analiz 40s sonra
06:02:04 INFO    [info] Yeni coin: D25bi7oHQj - analiz 40s sonra
06:02:04 INFO    [info] Yeni coin: Fjbesye2H5 - analiz 40s sonra
06:02:13 WARNING RPC hiz limiti (429) - RPC_RPS dusurun veya plani yukseltin
06:02:14 INFO    [info] Yeni coin: 53SThASJXQ - analiz 40s sonra
06:02:15 INFO    [info] Yeni coin: DoG5SamZ4P - analiz 40s sonra
06:02:30 WARNING RPC hiz limiti (429) - RPC_RPS dusurun veya plani yukseltin
06:02:32 INFO    [info] Yeni coin: 71UKbuVAEx - analiz 40s sonra
06:02:41 INFO    [info] Yeni coin: 56qCtFRrqj - analiz 40s sonra
06:02:42 INFO    [info] Yeni coin: 5RcBzCHYY4 - analiz 40s sonra
06:02:42 INFO    [info] Yeni coin: 7v7iYyWy1q - analiz 40s sonra
06:02:44 INFO    [warn] Takip edilen cuzdan yok - once skorlayip takibe alin
06:02:45 INFO    [info] Yeni coin: 6A97CDDGih - analiz 40s sonra
06:02:46 INFO    [info] Yeni coin: 2R1GDmRWPr - analiz 40s sonra
06:02:48 WARNING RPC hiz limiti (429) - RPC_RPS dusurun veya plani yukseltin
06:02:57 INFO    [info] Yeni coin: Wy9r4mT6eB - analiz 40s sonra
06:03:01 INFO    [info] Yeni coin: c9r6Yn8wXH - analiz 40s sonra
06:03:01 INFO    [info] Yeni coin: 8hJpbDXt8f - analiz 40s sonra
06:03:02 INFO    [info] Yeni coin: ARgqf9KtP2 - analiz 40s sonra
06:03:03 INFO    [info] Yeni coin: CSqfNSM9PF - analiz 40s sonra
06:03:05 INFO    [info] Yeni coin: 4B2wiZDdgg - analiz 40s sonra
06:03:06 INFO    [info] Yeni coin: 5xTuSQ3qHR - analiz 40s sonra
06:03:08 INFO    [info] Yeni coin: r2i5hcUZyj - analiz 40s sonra
06:03:09 INFO    [info] Yeni coin: DGgXUYwnkf - analiz 40s sonra
06:03:10 WARNING RPC hiz limiti (429) - RPC_RPS dusurun veya plani yukseltin
06:03:13 INFO    [info] Yeni coin: 3wpFBuzQTp - analiz 40s sonra
06:03:21 INFO    [info] Yeni coin: FerXruxMZ1 - analiz 40s sonra
06:03:22 INFO    [info] Yeni coin: 6FYNeyUiWh - analiz 40s sonra
06:03:23 INFO    [info] Yeni coin: 7RJdzt5pLk - analiz 40s sonra
06:03:26 INFO    [info] Yeni coin: 88VnUbcsHY - analiz 40s sonra
06:03:27 INFO    [info] Yeni coin: 92WvoGVrU4 - analiz 40s sonra
06:03:28 INFO    [info] Yeni coin: 67AQbjx9Lr - analiz 40s sonra
06:03:29 INFO    [info] Yeni coin: 8odMYtW4zq - analiz 40s sonra
06:03:38 INFO    [info] Yeni coin: 4mszZhc5Nc - analiz 40s sonra
06:03:39 INFO    [info] Yeni coin: bW3755W1AC - analiz 40s sonra
06:03:41 INFO    [info] Yeni coin: 5zuVBEpEJ3 - analiz 40s sonra
06:03:42 INFO    [info] Yeni coin: JAnUB1Dami - analiz 40s sonra
06:03:45 WARNING RPC hiz limiti (429) - RPC_RPS dusurun veya plani yukseltin
06:03:47 INFO    [info] Yeni coin: 6wntwn3EQM - analiz 40s sonra
06:03:47 INFO    [info] Yeni coin: B9DePA23DM - analiz 40s sonra
06:03:48 INFO    [info] Yeni coin: 348hM6Rj6F - analiz 40s sonra
06:03:51 INFO    [info] Yeni coin: 4dwxXevRRk - analiz 40s sonra
06:03:55 INFO    [info] Yeni coin: 59Y6WfBeAA - analiz 40s sonra
06:03:59 INFO    [info] Yeni coin: BT8vdegoWq - analiz 40s sonra
06:04:05 INFO    [info] Yeni coin: 7N7q2Jx88F - analiz 40s sonra
06:04:05 INFO    [info] Yeni coin: QxWipXXyL1 - analiz 40s sonra
06:04:07 INFO    [info] Yeni coin: 3qRZb1s1h6 - analiz 40s sonra
06:04:09 INFO    [info] Yeni coin: 6XQLSHJMbJ - analiz 40s sonra
06:04:15 WARNING RPC hiz limiti (429) - RPC_RPS dusurun veya plani yukseltin
06:04:16 INFO    [info] Yeni coin: CRCfUF2D1B - analiz 40s sonra
06:04:17 INFO    [info] Yeni coin: 4AaDhybuXG - analiz 40s sonra
06:04:19 INFO    [info] Yeni coin: BVb5w8ZMfC - analiz 40s sonra
06:04:21 INFO    [info] Yeni coin: 511LNQWU4C - analiz 40s sonra
06:04:22 INFO    [info] Yeni coin: 2YN77VHuPQ - analiz 40s sonra
06:04:22 INFO    [info] Yeni coin: FhYUuuqv7Q - analiz 40s sonra
06:04:23 INFO    [info] Yeni coin: Amp5Z2g9jn - analiz 40s sonra
06:04:25 INFO    [info] Yeni coin: Aj2Qvq6aDM - analiz 40s sonra
06:04:28 INFO    [info] Yeni coin: 87EVtcb8ny - analiz 40s sonra
06:04:30 INFO    [info] Yeni coin: 2Nwbcpzist - analiz 40s sonra
06:04:39 INFO    [info] Yeni coin: Di7jFYCDAU - analiz 40s sonra
06:04:41 INFO    [info] Yeni coin: 7RcguPTkeG - analiz 40s sonra
06:04:41 INFO    [info] Yeni coin: HfsyvTzvA9 - analiz 40s sonra
06:04:43 INFO    [info] Yeni coin: BzMndmp3Sz - analiz 40s sonra
06:04:44 INFO    [warn] Takip edilen cuzdan yok - once skorlayip takibe alin
06:04:45 INFO    [info] Yeni coin: B9aUWzKGC9 - analiz 40s sonra
06:04:48 INFO    [info] Yeni coin: 39FmJiZYB8 - analiz 40s sonra
06:04:48 INFO    [info] Yeni coin: BW5uEo1fqy - analiz 40s sonra
06:04:48 WARNING RPC hiz limiti (429) - RPC_RPS dusurun veya plani yukseltin
06:04:50 INFO    [info] Yeni coin: 83m4LmZh7n - analiz 40s sonra
06:05:02 INFO    [info] Yeni coin: E7tniMQ756 - analiz 40s sonra
06:05:06 INFO    [info] Yeni coin: EhGXTc8AKQ - analiz 40s sonra
06:05:06 INFO    [info] Yeni coin: cV24GTGVjL - analiz 40s sonra
06:05:06 INFO    [info] Yeni coin: 5QsASXaoSs - analiz 40s sonra
06:05:08 WARNING RPC hiz limiti (429) - RPC_RPS dusurun veya plani yukseltin
06:05:21 INFO    [info] Yeni coin: GZqRRV59ax - analiz 40s sonra
06:05:22 INFO    [info] Yeni coin: DedyGzv3tE - analiz 40s sonra
06:05:28 INFO    [info] Yeni coin: 9poh5FDMBG - analiz 40s sonra
06:05:28 INFO    [info] Yeni coin: HfHKRdnNy2 - analiz 40s sonra
06:05:30 INFO    [info] Yeni coin: 47smk5hc2T - analiz 40s sonra
06:05:32 INFO    [info] Yeni coin: 8TYnJNmVTU - analiz 40s sonra
06:05:35 INFO    [info] Yeni coin: 8P3ZzctUEe - analiz 40s sonra
06:05:35 WARNING RPC hiz limiti (429) - RPC_RPS dusurun veya plani yukseltin
06:05:40 INFO    [info] Yeni coin: 9eYm4Hhs7e - analiz 40s sonra
06:05:41 INFO    [info] Yeni coin: 5QjMJcJvia - analiz 40s sonra
06:05:43 INFO    [info] Yeni coin: HyXc71ZwPh - analiz 40s sonra
06:05:49 INFO    [info] Yeni coin: Dv6cvJERme - analiz 40s sonra
06:05:49 INFO    [info] Yeni coin: XFZP4ywQin - analiz 40s sonra
06:05:50 INFO    [info] Yeni coin: GPiudnajiw - analiz 40s sonra
06:05:52 INFO    [info] Yeni coin: GzyNfc9RKK - analiz 40s sonra
06:05:52 WARNING RPC hiz limiti (429) - RPC_RPS dusurun veya plani yukseltin
06:05:53 INFO    [info] Yeni coin: 93vG66kSBj - analiz 40s sonra
06:05:54 INFO    [info] Yeni coin: Hb3PM4FTv5 - analiz 40s sonra
06:05:57 INFO    [info] Yeni coin: FfKXGVbngX - analiz 40s sonra
06:06:04 INFO    [info] Yeni coin: Ea5CbHRyjt - analiz 40s sonra
06:06:06 INFO    [info] Yeni coin: G4uihNAW6F - analiz 40s sonra
06:06:10 INFO    [info] Yeni coin: 6UA5n1Xspo - analiz 40s sonra
06:06:14 WARNING RPC hiz limiti (429) - RPC_RPS dusurun veya plani yukseltin
06:06:18 INFO    [info] Yeni coin: 9zduScgjak - analiz 40s sonra
06:06:18 INFO    [info] Yeni coin: 6yZUS29ELE - analiz 40s sonra
06:06:20 INFO    [info] Yeni coin: GYhekUZQ7H - analiz 40s sonra
06:06:21 INFO    [info] Yeni coin: Epr8K4GEUn - analiz 40s sonra
06:06:21 INFO    [info] Yeni coin: 9RfnPJzCXE - analiz 40s sonra
06:06:22 INFO    [info] Yeni coin: HcZpudZ9F2 - analiz 40s sonra
06:06:22 INFO    [info] Yeni coin: DKwdL736cM - analiz 40s sonra
06:06:25 INFO    [info] Yeni coin: 5TNQHe9FUf - analiz 40s sonra
06:06:37 INFO    [info] Yeni coin: 5kWh6oHBPK - analiz 40s sonra
06:06:38 WARNING RPC hiz limiti (429) - RPC_RPS dusurun veya plani yukseltin
06:06:39 INFO    [info] Yeni coin: 6NbdKkQWxq - analiz 40s sonra
06:06:40 INFO    [info] Yeni coin: 2ao8F81t1K - analiz 40s sonra
06:06:40 INFO    [info] Yeni coin: 3xZc69jUrG - analiz 40s sonra
06:06:41 INFO    [info] Yeni coin: GNbUchRfxr - analiz 40s sonra
06:06:42 INFO    [info] Yeni coin: 4y64y9E8uB - analiz 40s sonra
06:06:44 INFO    [warn] Takip edilen cuzdan yok - once skorlayip takibe alin
06:06:45 INFO    [info] Yeni coin: 3XzXSGYjiw - analiz 40s sonra
06:06:50 INFO    [info] Yeni coin: XW3CqPeJ4V - analiz 40s sonra
06:06:51 INFO    [info] Yeni coin: HWhejnQx8N - analiz 40s sonra
06:06:51 INFO    [info] Yeni coin: 8FxaQoKYsB - analiz 40s sonra
06:06:51 INFO    [info] Yeni coin: 3fSYcqfbYy - analiz 40s sonra
06:06:54 INFO    [info] Yeni coin: 3hFPHgaw6j - analiz 40s sonra
06:06:54 INFO    [info] Yeni coin: 7osS6iATtX - analiz 40s sonra
06:06:55 INFO    [info] Yeni coin: 3oUvoavRq6 - analiz 40s sonra
06:06:59 INFO    [info] Yeni coin: A7yodV2XzS - analiz 40s sonra
06:06:59 INFO    [info] Yeni coin: HXQbXTPqiJ - analiz 40s sonra
06:06:59 INFO    [info] Yeni coin: AvaBjqSG1n - analiz 40s sonra
06:07:00 INFO    [info] Yeni coin: 4Yu6R42TBa - analiz 40s sonra
06:07:01 INFO    [info] Yeni coin: 9H9qWPewCJ - analiz 40s sonra
06:07:01 WARNING RPC hiz limiti (429) - RPC_RPS dusurun veya plani yukseltin
06:07:03 INFO    [info] Yeni coin: 6AavNh7SxW - analiz 40s sonra
06:07:04 INFO    [info] Yeni coin: C9krS4ejPi - analiz 40s sonra
06:07:07 INFO    [info] Yeni coin: 8iBJPG7qTB - analiz 40s sonra
06:07:12 INFO    [info] Yeni coin: FK1VQBjiMg - analiz 40s sonra
06:07:17 INFO    [info] Yeni coin: FpyHhawCYr - analiz 40s sonra
06:07:17 INFO    [info] Yeni coin: Cjd6DyvQmb - analiz 40s sonra
06:07:17 INFO    [info] Yeni coin: 9LdAE949DV - analiz 40s sonra
06:07:19 INFO    [info] Yeni coin: mJ4x7ddjS6 - analiz 40s sonra
06:07:21 INFO    [info] Yeni coin: mUzuEn7ezn - analiz 40s sonra
06:07:22 INFO    [info] Yeni coin: EhVby1fcna - analiz 40s sonra
06:07:22 INFO    [info] Yeni coin: CM5wd7yqd3 - analiz 40s sonra
06:07:22 INFO    [info] Yeni coin: EVSwEJKSDt - analiz 40s sonra
06:07:28 WARNING RPC hiz limiti (429) - RPC_RPS dusurun veya plani yukseltin
06:07:29 INFO    [info] Yeni coin: Gs2iBQUgzE - analiz 40s sonra
06:07:30 INFO    [info] Yeni coin: Hc5YLFzAVP - analiz 40s sonra
06:07:31 INFO    [info] Yeni coin: 8CUGHUDTfL - analiz 40s sonra
06:07:31 INFO    [info] Yeni coin: 7KGxqGJP1R - analiz 40s sonra
06:07:32 INFO    [info] Yeni coin: 4TakKD4XY5 - analiz 40s sonra
06:07:32 INFO    [info] Yeni coin: 2fSHBVtqAf - analiz 40s sonra
06:07:41 INFO    [info] Yeni coin: GmPMqzjtpZ - analiz 40s sonra
06:07:42 INFO    [info] Yeni coin: 9YAxepRq1t - analiz 40s sonra
06:07:42 INFO    [info] Yeni coin: GyXN2DD3z6 - analiz 40s sonra
06:07:43 INFO    [info] Yeni coin: CYzydVdjsr - analiz 40s sonra
06:07:50 INFO    [info] Yeni coin: 5UuUNiD297 - analiz 40s sonra
06:07:51 INFO    [info] Yeni coin: 9JT6NFViXX - analiz 40s sonra
06:07:51 INFO    [info] Yeni coin: EteMghP6Dx - analiz 40s sonra
06:07:52 INFO    [info] Yeni coin: BuzRcrLJkp - analiz 40s sonra
06:07:57 INFO    [info] Yeni coin: HsTt6Kdj6X - analiz 40s sonra
06:07:58 WARNING RPC hiz limiti (429) - RPC_RPS dusurun veya plani yukseltin
06:07:59 INFO    [info] Yeni coin: 5KkzqhtpDk - analiz 40s sonra
06:08:03 INFO    [info] Yeni coin: 2zFENgERLr - analiz 40s sonra
06:08:05 INFO    [info] Yeni coin: 7CBGcrjtGK - analiz 40s sonra
06:08:05 INFO    [info] Yeni coin: B44XLckbz6 - analiz 40s sonra
06:08:06 INFO    [info] Yeni coin: 4WNP6EWCmo - analiz 40s sonra
06:08:07 INFO    [info] Yeni coin: EuefLXTRws - analiz 40s sonra
06:08:08 INFO    [info] Yeni coin: HK6UHkUZ5D - analiz 40s sonra
06:08:09 INFO    [info] Yeni coin: 6ut8PTb8wE - analiz 40s sonra
06:08:09 INFO    [info] Yeni coin: DfRWa2DuvE - analiz 40s sonra
06:08:09 INFO    [info] Yeni coin: 6ebCu6ur7r - analiz 40s sonra
06:08:09 INFO    [info] Yeni coin: GwHtkqah61 - analiz 40s sonra
06:08:09 INFO    [info] Yeni coin: FN9ESk1o5c - analiz 40s sonra
06:08:09 INFO    [info] Yeni coin: HZACwEyzr8 - analiz 40s sonra
06:08:10 INFO    [info] Yeni coin: 9V6dpqA9cP - analiz 40s sonra
06:08:10 INFO    [info] Yeni coin: tzmQwRoekG - analiz 40s sonra
06:08:11 INFO    [info] Yeni coin: 7j2yrWRuYL - analiz 40s sonra
06:08:12 INFO    [info] Yeni coin: F9hwEBC5A3 - analiz 40s sonra
06:08:13 INFO    [info] Yeni coin: 9mBW4G7cHp - analiz 40s sonra
06:08:14 INFO    [info] Yeni coin: ApRpJ88BKd - analiz 40s sonra
06:08:20 WARNING RPC hiz limiti (429) - RPC_RPS dusurun veya plani yukseltin
06:08:21 INFO    [info] Yeni coin: 7Jef8AjLeG - analiz 40s sonra
06:08:24 INFO    [info] Yeni coin: 6VatEuWXLX - analiz 40s sonra
06:08:26 INFO    [info] Yeni coin: JBHe5yGLbE - analiz 40s sonra
06:08:26 INFO    [info] Yeni coin: FbaZSZ2SdJ - analiz 40s sonra
06:08:27 INFO    [info] Yeni coin: HyG1nxo1E7 - analiz 40s sonra
06:08:27 INFO    [info] Yeni coin: 8gaW5pwiaw - analiz 40s sonra
06:08:27 INFO    [info] Yeni coin: HzFe7nem68 - analiz 40s sonra
06:08:29 INFO    [info] Yeni coin: 9ZxrYb7Tks - analiz 40s sonra
06:08:30 INFO    [info] Yeni coin: 5fdqVnUqbL - analiz 40s sonra
06:08:31 INFO    [info] Yeni coin: 8GVVKLDF8n - analiz 40s sonra
06:08:32 INFO    [info] Yeni coin: 5qLVtu3he2 - analiz 40s sonra
06:08:36 INFO    [info] Yeni coin: dHQty1Ymzv - analiz 40s sonra
06:08:37 WARNING RPC hiz limiti (429) - RPC_RPS dusurun veya plani yukseltin
06:08:38 INFO    [info] Yeni coin: 3yJsenghPt - analiz 40s sonra
06:08:38 INFO    [info] Yeni coin: 8um6hhdhVL - analiz 40s sonra
06:08:39 INFO    [info] Yeni coin: 3ngW16cKxV - analiz 40s sonra
06:08:41 INFO    [info] Yeni coin: DVLDqEEZiz - analiz 40s sonra
06:08:42 INFO    [info] Yeni coin: 4TnoCKxTV4 - analiz 40s sonra
06:08:44 INFO    [warn] Takip edilen cuzdan yok - once skorlayip takibe alin
06:08:46 INFO    [info] Yeni coin: AuAkgYr7i8 - analiz 40s sonra
06:08:49 INFO    [info] Yeni coin: BT6jnxKGhV - analiz 40s sonra
06:08:51 INFO    [info] Yeni coin: Depmxofw5C - analiz 40s sonra
06:09:01 INFO    [info] Yeni coin: 58WBUW9tBz - analiz 40s sonra
06:09:07 INFO    [info] Yeni coin: J3w6qLaVT8 - analiz 40s sonra
06:09:09 WARNING RPC hiz limiti (429) - RPC_RPS dusurun veya plani yukseltin
06:09:10 INFO    [info] Yeni coin: BGWuecqRfD - analiz 40s sonra
06:09:12 INFO    [info] Yeni coin: 4N7F6XcToN - analiz 40s sonra
06:09:26 INFO    [info] Yeni coin: 9HtSTo5Ae5 - analiz 40s sonra
06:09:29 INFO    [info] Yeni coin: 4VbVrZx9pc - analiz 40s sonra
06:09:34 INFO    [info] Yeni coin: BvkhjzShpM - analiz 40s sonra
06:09:35 INFO    [info] Yeni coin: vLNHzWmMvn - analiz 40s sonra
06:09:35 INFO    [info] Yeni coin: 77MweCKHFE - analiz 40s sonra
06:09:41 INFO    [info] Yeni coin: 6C47nxxAzW - analiz 40s sonra
06:09:42 INFO    [info] Yeni coin: CAqLdeYES5 - analiz 40s sonra
06:09:44 INFO    [info] Yeni coin: 3ebo7mcqFV - analiz 40s sonra
06:09:45 INFO    [info] Yeni coin: 27vuEX8yug - analiz 40s sonra
06:09:46 WARNING RPC hiz limiti (429) - RPC_RPS dusurun veya plani yukseltin
06:09:47 INFO    [info] Yeni coin: 6URtBHb2oG - analiz 40s sonra
06:09:48 INFO    [info] Yeni coin: 8NGcxdZyea - analiz 40s sonra
06:09:49 INFO    [info] Yeni coin: HfSpbh2wUa - analiz 40s sonra
06:09:49 INFO    [info] Yeni coin: EdLcN1xSBR - analiz 40s sonra
06:09:50 INFO    [info] Yeni coin: gaLeQRKhmj - analiz 40s sonra
06:09:50 INFO    [info] Yeni coin: CsEpABZPJF - analiz 40s sonra
06:09:51 INFO    [info] Yeni coin: yTfXZVvEKC - analiz 40s sonra
06:09:51 INFO    [info] Yeni coin: CkXqw7GALF - analiz 40s sonra
06:09:52 INFO    [info] Yeni coin: BsgWRH87JS - analiz 40s sonra
06:09:55 INFO    [info] Yeni coin: E24ki855hc - analiz 40s sonra
06:10:09 INFO    [info] Yeni coin: 37kmAeX5R7 - analiz 40s sonra
06:10:09 INFO    [info] Yeni coin: 2uZ1kkRcvG - analiz 40s sonra
06:10:09 WARNING RPC hiz limiti (429) - RPC_RPS dusurun veya plani yukseltin
06:10:12 INFO    [info] Yeni coin: 4U4uMe9FaR - analiz 40s sonra
06:10:15 INFO    [info] Yeni coin: 687Cfy3Cco - analiz 40s sonra
06:10:16 INFO    [info] Yeni coin: J3i77GLKk6 - analiz 40s sonra
06:10:17 INFO    [info] Yeni coin: FKagywvJy9 - analiz 40s sonra
06:10:22 INFO    [info] Yeni coin: 2AXngCeDFk - analiz 40s sonra
06:10:24 INFO    [info] Yeni coin: 2XKnhZLFEB - analiz 40s sonra
06:10:25 INFO    [info] Yeni coin: 7qbuvFxfPH - analiz 40s sonra
06:10:27 INFO    [info] Yeni coin: BHdzhq5Vhp - analiz 40s sonra
06:10:34 INFO    [info] Yeni coin: 2hXPUjHS7L - analiz 40s sonra
06:10:37 INFO    [info] Yeni coin: HzxxkTCnBr - analiz 40s sonra
06:10:37 WARNING RPC hiz limiti (429) - RPC_RPS dusurun veya plani yukseltin
06:10:42 INFO    [info] Yeni coin: C7cKkCSEyj - analiz 40s sonra
06:10:44 INFO    [warn] Takip edilen cuzdan yok - once skorlayip takibe alin
06:10:44 INFO    [info] Yeni coin: F92DqXjoWQ - analiz 40s sonra
06:10:48 INFO    [info] Yeni coin: FKaT14nf5M - analiz 40s sonra
06:10:49 INFO    [info] Yeni coin: 3cT8VF8zGd - analiz 40s sonra
06:10:54 INFO    [info] Yeni coin: Gwn6oyzTYt - analiz 40s sonra
06:10:54 WARNING RPC hiz limiti (429) - RPC_RPS dusurun veya plani yukseltin
06:10:57 INFO    [info] Yeni coin: AE4F3iE7qJ - analiz 40s sonra
06:11:00 INFO    [info] Yeni coin: zG1ZGejZ8D - analiz 40s sonra
06:11:01 INFO    [info] Yeni coin: 591n4zgk86 - analiz 40s sonra
06:11:12 INFO    [info] Yeni coin: DVXASUyN4i - analiz 40s sonra
06:11:17 WARNING RPC hiz limiti (429) - RPC_RPS dusurun veya plani yukseltin
06:11:24 INFO    [info] Yeni coin: D6F3oMgoHS - analiz 40s sonra
06:11:25 INFO    [info] Yeni coin: DwUM5krPW7 - analiz 40s sonra
06:11:28 INFO    [info] Yeni coin: 4REyaJcUtn - analiz 40s sonra
06:11:29 INFO    [info] Yeni coin: FBH4Nu8khb - analiz 40s sonra
06:11:43 INFO    [info] Yeni coin: 9EamEYEpbG - analiz 40s sonra
06:11:43 INFO    [info] Yeni coin: A4u3tf43vy - analiz 40s sonra
06:11:53 WARNING RPC hiz limiti (429) - RPC_RPS dusurun veya plani yukseltin
06:11:56 INFO    [info] Yeni coin: 8VKZKrowUh - analiz 40s sonra
06:11:57 INFO    [info] Yeni coin: G56WRBTnsL - analiz 40s sonra
06:11:57 INFO    [info] Yeni coin: 4vqind26Ds - analiz 40s sonra
06:11:58 INFO    [info] Yeni coin: 6E3ZmW4aCb - analiz 40s sonra
06:11:59 INFO    [info] Yeni coin: CaZDWJyXgp - analiz 40s sonra
06:12:01 INFO    [info] Yeni coin: H3mYhnva46 - analiz 40s sonra
06:12:02 INFO    [info] Yeni coin: 24xGRSANHV - analiz 40s sonra
06:12:06 INFO    [info] Yeni coin: egdDQZ35AE - analiz 40s sonra
06:12:07 INFO    [info] Yeni coin: 24xH2bTZoz - analiz 40s sonra
06:12:11 INFO    [info] Yeni coin: Gj66PSE94b - analiz 40s sonra
06:12:12 INFO    [info] Yeni coin: CTeprDaBJh - analiz 40s sonra
06:12:16 INFO    [info] Yeni coin: DYKzdBKKmm - analiz 40s sonra
06:12:17 INFO    [info] Yeni coin: yEJDrF2o8R - analiz 40s sonra
06:12:19 INFO    [info] Yeni coin: AHQ7pRarLs - analiz 40s sonra
06:12:20 WARNING RPC hiz limiti (429) - RPC_RPS dusurun veya plani yukseltin
06:12:23 INFO    [info] Yeni coin: 5gSS9ZW4BX - analiz 40s sonra
06:12:24 INFO    [info] Yeni coin: DZHKGGKTas - analiz 40s sonra
06:12:29 INFO    [info] Yeni coin: 7r8qrCJ9Wq - analiz 40s sonra
06:12:37 WARNING RPC hiz limiti (429) - RPC_RPS dusurun veya plani yukseltin
06:12:44 INFO    [warn] Takip edilen cuzdan yok - once skorlayip takibe alin
06:13:00 INFO    [info] Yeni coin: GM5UpHDCWu - analiz 40s sonra
06:13:01 INFO    [info] Yeni coin: 72QXLTeN9j - analiz 40s sonra
06:13:06 INFO    [info] Yeni coin: DHGUkLAm5g - analiz 40s sonra
06:13:09 WARNING RPC hiz limiti (429) - RPC_RPS dusurun veya plani yukseltin
06:13:10 INFO    [info] Yeni coin: EisgK63XGR - analiz 40s sonra
06:13:14 INFO    [info] Yeni coin: 5YGiTxYZt8 - analiz 40s sonra
06:13:16 INFO    [info] Yeni coin: EHmxx82WPw - analiz 40s sonra
06:13:18 INFO    [info] Yeni coin: EdhQ3wmv36 - analiz 40s sonra
06:13:20 INFO    [info] Yeni coin: 2dYw2ipkeJ - analiz 40s sonra
06:13:20 INFO    [info] Yeni coin: FgqfkVMv9d - analiz 40s sonra
06:13:20 INFO    [info] Yeni coin: 4nvpYKoUAH - analiz 40s sonra
06:13:21 INFO    [info] Yeni coin: 3qBFhTXhTa - analiz 40s sonra
06:13:23 INFO    [info] Yeni coin: 4Ey4BT9wYC - analiz 40s sonra
06:13:26 INFO    [info] Yeni coin: 3vWyhqT6wL - analiz 40s sonra
06:13:26 INFO    [info] Yeni coin: ExNdySWemp - analiz 40s sonra
06:13:27 INFO    [info] Yeni coin: DojJxf9aM6 - analiz 40s sonra
06:13:27 WARNING RPC hiz limiti (429) - RPC_RPS dusurun veya plani yukseltin
06:13:30 INFO    [info] Yeni coin: Hyk1MmuXLL - analiz 40s sonra
06:13:31 INFO    [info] Yeni coin: DBH2VH2oy6 - analiz 40s sonra
06:13:32 INFO    [info] Yeni coin: DoJHipV2fy - analiz 40s sonra
06:13:32 INFO    [info] Yeni coin: 3nz9MigSzH - analiz 40s sonra
06:13:33 INFO    [info] Yeni coin: 66pFNCNtuA - analiz 40s sonra
06:13:38 INFO    [info] Yeni coin: BFpx5Uc1Sd - analiz 40s sonra
06:13:43 INFO    [info] Yeni coin: JCFiDppZAZ - analiz 40s sonra
06:13:43 INFO    [info] Yeni coin: Fus2yM7NWo - analiz 40s sonra
06:13:45 INFO    [info] Yeni coin: 4P8bB6SmgE - analiz 40s sonra
06:13:50 INFO    [info] Yeni coin: ErRjKvaMN3 - analiz 40s sonra
06:13:51 INFO    [info] Yeni coin: GFDBfQNwEe - analiz 40s sonra
06:13:51 WARNING RPC hiz limiti (429) - RPC_RPS dusurun veya plani yukseltin
06:13:53 INFO    [info] Yeni coin: 5a2r2uCHHg - analiz 40s sonra
06:13:58 INFO    [info] Yeni coin: 2Ej4qgyQ5a - analiz 40s sonra
06:13:58 INFO    [info] Yeni coin: 9h8XAaakan - analiz 40s sonra
06:13:58 INFO    [info] Yeni coin: C3J7A5vpgT - analiz 40s sonra
06:14:07 INFO    [info] Yeni coin: 5tSuB54XSu - analiz 40s sonra
06:14:07 INFO    [info] Yeni coin: 9K8GzcKb9W - analiz 40s sonra
06:14:15 INFO    [info] Yeni coin: Gcaru1MZ3K - analiz 40s sonra
06:14:17 INFO    [info] Yeni coin: EHfMMYMhnn - analiz 40s sonra
06:14:19 WARNING RPC hiz limiti (429) - RPC_RPS dusurun veya plani yukseltin
06:14:21 INFO    [info] Yeni coin: CVgiH6pXZW - analiz 40s sonra
06:14:25 INFO    [info] Yeni coin: EjH4gARgK8 - analiz 40s sonra
06:14:29 INFO    [info] Yeni coin: 4FBZ4wtL9a - analiz 40s sonra
06:14:30 INFO    [info] Yeni coin: LcSwZDrETf - analiz 40s sonra
06:14:35 INFO    [info] Yeni coin: 2ushbE91xR - analiz 40s sonra
06:14:39 INFO    [info] Yeni coin: 7jHkGTm94d - analiz 40s sonra
06:14:39 INFO    [info] Yeni coin: hgC4aAk9XN - analiz 40s sonra
06:14:40 INFO    [info] Yeni coin: 4YCb5DrYZj - analiz 40s sonra
06:14:41 INFO    [info] Yeni coin: J3Wg4XXdXz - analiz 40s sonra
06:14:44 INFO    [warn] Takip edilen cuzdan yok - once skorlayip takibe alin
06:14:49 WARNING RPC hiz limiti (429) - RPC_RPS dusurun veya plani yukseltin
06:14:50 INFO    [info] Yeni coin: 5gxy9ZiNna - analiz 40s sonra
06:14:52 INFO    [info] Yeni coin: 431aANk12W - analiz 40s sonra
06:14:56 INFO    [info] Yeni coin: 44x7xbPPaw - analiz 40s sonra
06:15:05 INFO    [info] Yeni coin: FTDSGkwkvm - analiz 40s sonra
06:15:05 INFO    [info] Yeni coin: 2mc8iRic5L - analiz 40s sonra
06:15:06 INFO    [info] Yeni coin: 6THyRMFxbY - analiz 40s sonra
06:15:09 INFO    [info] Yeni coin: EKp9FknkEV - analiz 40s sonra
06:15:09 INFO    [info] Yeni coin: Ho7UDRScE1 - analiz 40s sonra
06:15:09 INFO    [info] Yeni coin: BiBEH2dj9o - analiz 40s sonra
06:15:11 WARNING RPC hiz limiti (429) - RPC_RPS dusurun veya plani yukseltin
06:15:12 INFO    [info] Yeni coin: ADaRN3zZGr - analiz 40s sonra
06:15:13 INFO    [info] Yeni coin: B7K7RHuu1D - analiz 40s sonra
06:15:15 INFO    [info] Yeni coin: EyJXABYUab - analiz 40s sonra
06:15:19 INFO    [info] Yeni coin: 3BQY7Juuin - analiz 40s sonra
06:15:22 INFO    [info] Yeni coin: 4JY5rLGsks - analiz 40s sonra
06:15:31 INFO    [info] Yeni coin: 93KqxMgn2s - analiz 40s sonra
06:15:33 INFO    [info] Yeni coin: LwyRjwZaQA - analiz 40s sonra
06:15:33 WARNING RPC hiz limiti (429) - RPC_RPS dusurun veya plani yukseltin
06:15:36 INFO    [info] Yeni coin: BbRNLCCXfL - analiz 40s sonra
06:15:38 INFO    [info] Yeni coin: 6kZ8rkHP3F - analiz 40s sonra
06:15:39 INFO    [info] Yeni coin: 79m8Pp8S9X - analiz 40s sonra
06:15:43 INFO    [info] Yeni coin: 9jU4YYabuT - analiz 40s sonra
06:15:47 INFO    [info] Yeni coin: 9KJ2JB42RX - analiz 40s sonra
06:15:51 INFO    [info] Yeni coin: 5Zg96u2yGh - analiz 40s sonra
06:15:55 INFO    [info] Yeni coin: 4k9JyfDn6h - analiz 40s sonra
06:15:56 INFO    [info] Yeni coin: 5iJa5RuXjc - analiz 40s sonra
06:15:57 INFO    [info] Yeni coin: kBGKQrqmCo - analiz 40s sonra
06:15:59 INFO    [info] Yeni coin: BXBkARwhXP - analiz 40s sonra
06:16:00 WARNING RPC hiz limiti (429) - RPC_RPS dusurun veya plani yukseltin
06:16:01 INFO    [info] Yeni coin: 8Qs5Di5df2 - analiz 40s sonra
06:16:05 INFO    [info] Yeni coin: 2UpRamKwBh - analiz 40s sonra
06:16:07 INFO    [info] Yeni coin: 7sZEqQVidh - analiz 40s sonra
06:16:14 INFO    [info] Yeni coin: 72JUJSF9MV - analiz 40s sonra
06:16:17 INFO    [info] Yeni coin: Es9vMFrzaC - analiz 40s sonra
06:16:18 INFO    [info] Yeni coin: Ah6vqBznPy - analiz 40s sonra
06:16:22 INFO    [info] Yeni coin: 5whR534GcE - analiz 40s sonra
06:16:23 INFO    [info] Yeni coin: BK9xBg4HGT - analiz 40s sonra
06:16:25 INFO    [info] Yeni coin: G5tQpyde3g - analiz 40s sonra
06:16:29 INFO    [info] Yeni coin: HdqE3f5Bhd - analiz 40s sonra
06:16:32 INFO    [info] Yeni coin: AL1tMnHKFi - analiz 40s sonra
06:16:36 INFO    [info] Yeni coin: 63arhhA9VC - analiz 40s sonra
06:16:36 INFO    [info] Yeni coin: 7f34ucmR7t - analiz 40s sonra
06:16:38 INFO    [info] Yeni coin: GPxe2jsMSq - analiz 40s sonra
06:16:38 INFO    [info] Yeni coin: 6dXnbJ1U85 - analiz 40s sonra
06:16:38 WARNING RPC hiz limiti (429) - RPC_RPS dusurun veya plani yukseltin
06:16:40 INFO    [info] Yeni coin: FefBS5rBmi - analiz 40s sonra
06:16:43 INFO    [info] Yeni coin: 7ng8oB5xeX - analiz 40s sonra
06:16:43 INFO    [info] Yeni coin: 9fYW8GazDy - analiz 40s sonra
06:16:43 INFO    [info] Yeni coin: CS2iuSMZib - analiz 40s sonra
06:16:44 INFO    [warn] Takip edilen cuzdan yok - once skorlayip takibe alin
06:16:50 INFO    [info] Yeni coin: DyKAdNBMfm - analiz 40s sonra
06:16:51 INFO    [info] Yeni coin: 7RBteLiDRw - analiz 40s sonra
06:16:51 INFO    [info] Yeni coin: 9aMEB7e98o - analiz 40s sonra
06:16:51 INFO    [info] Yeni coin: 4RGKPfZ53w - analiz 40s sonra
06:16:53 INFO    [info] Yeni coin: 7DhYM6dyQ3 - analiz 40s sonra
06:16:57 INFO    [info] Yeni coin: GUhsi1oo4i - analiz 40s sonra
06:16:58 INFO    [info] Yeni coin: B9tmg3opzo - analiz 40s sonra
06:16:58 INFO    [info] Yeni coin: 7oNGagWoGF - analiz 40s sonra
06:17:00 INFO    [info] Yeni coin: EGACTnMvtN - analiz 40s sonra
06:17:00 INFO    [info] Yeni coin: FbeF9H1LA3 - analiz 40s sonra
06:17:07 INFO    [info] Yeni coin: te8fFGErb2 - analiz 40s sonra
06:17:07 INFO    [info] Yeni coin: G1nsWYmu58 - analiz 40s sonra
06:17:09 INFO    [info] Yeni coin: A7hogFQYmh - analiz 40s sonra
06:17:11 INFO    [info] Yeni coin: EPjFWdd5Au - analiz 40s sonra
06:17:12 INFO    [info] Yeni coin: H4vHPuEusB - analiz 40s sonra
06:17:12 WARNING RPC hiz limiti (429) - RPC_RPS dusurun veya plani yukseltin
06:17:15 INFO    [info] Yeni coin: 3uShmv4hiX - analiz 40s sonra
06:17:16 INFO    [info] Yeni coin: AQfvuV2QrH - analiz 40s sonra
06:17:16 INFO    [info] Yeni coin: 3DqhfVVo8h - analiz 40s sonra
06:17:17 INFO    [info] Yeni coin: 5JLVYgptwU - analiz 40s sonra
06:17:17 INFO    [info] Yeni coin: 5aqR64CDTn - analiz 40s sonra
06:17:18 INFO    [info] Yeni coin: CAUFuwDqk5 - analiz 40s sonra
06:17:19 INFO    [info] Yeni coin: MRBQnTdLWH - analiz 40s sonra
06:17:19 INFO    [info] Yeni coin: Aske9fK1nn - analiz 40s sonra
06:17:22 INFO    [info] Yeni coin: HuaqXJFSdE - analiz 40s sonra
06:17:28 WARNING RPC hiz limiti (429) - RPC_RPS dusurun veya plani yukseltin
06:17:29 INFO    [info] Yeni coin: DZTVqh6ETf - analiz 40s sonra
06:17:38 INFO    [info] Yeni coin: JBemK3spEL - analiz 40s sonra
06:17:44 INFO    [info] Yeni coin: 9pXwd5pBa5 - analiz 40s sonra
06:17:45 INFO    [info] Yeni coin: 8K7grWPrZL - analiz 40s sonra
06:17:47 INFO    [info] Yeni coin: 5DDBBMzwQg - analiz 40s sonra
06:17:48 INFO    [info] Yeni coin: ALWbPYC6nF - analiz 40s sonra
06:17:48 INFO    [info] Yeni coin: 3yo12qivvU - analiz 40s sonra
06:18:02 INFO    [info] Yeni coin: DDPSqnQVQv - analiz 40s sonra
06:18:03 INFO    [info] Yeni coin: qDoE6mt1iZ - analiz 40s sonra
06:18:03 WARNING RPC hiz limiti (429) - RPC_RPS dusurun veya plani yukseltin
06:18:09 INFO    [info] Yeni coin: 3mGD5FCmCB - analiz 40s sonra
06:18:12 INFO    [info] Yeni coin: p2ewX6AJYX - analiz 40s sonra
06:18:13 INFO    [info] Yeni coin: HCcHTcfiHR - analiz 40s sonra
06:18:18 INFO    [info] Yeni coin: 6e81tBY9fX - analiz 40s sonra
06:18:18 INFO    [info] Yeni coin: BpQP9efMpR - analiz 40s sonra
06:18:18 INFO    [info] Yeni coin: 7MdPRkPbi4 - analiz 40s sonra
06:18:22 INFO    [info] Yeni coin: DK6F9LytvV - analiz 40s sonra
06:18:24 INFO    [info] Yeni coin: 4p9kDuZ3Mc - analiz 40s sonra
06:18:25 INFO    [info] Yeni coin: Dt9iViHMXv - analiz 40s sonra
06:18:25 INFO    [info] Yeni coin: DxrCXXvMwo - analiz 40s sonra
06:18:25 INFO    [info] Yeni coin: 136XaoqzUw - analiz 40s sonra
06:18:25 INFO    [info] Yeni coin: Fj6yz9KQLR - analiz 40s sonra
06:18:25 INFO    [info] Yeni coin: BXeKuQsNVC - analiz 40s sonra
06:18:26 INFO    [info] Yeni coin: jpP23esBQP - analiz 40s sonra
06:18:26 INFO    [info] Yeni coin: GiEEA7P6e2 - analiz 40s sonra
06:18:27 INFO    [info] Yeni coin: 4iBwmWQ23U - analiz 40s sonra
06:18:28 INFO    [info] Yeni coin: Y7YEgjHLei - analiz 40s sonra
06:18:28 INFO    [info] Yeni coin: 8mY5tAXyL6 - analiz 40s sonra
06:18:29 INFO    [info] Yeni coin: CEbkLZuvkL - analiz 40s sonra
06:18:29 INFO    [info] Yeni coin: GW9227uWYw - analiz 40s sonra
06:18:29 INFO    [info] Yeni coin: 9LZko27xYB - analiz 40s sonra
06:18:29 INFO    [info] Yeni coin: 9A8YqeEaEA - analiz 40s sonra
06:18:29 INFO    [info] Yeni coin: JBz4CmQd6T - analiz 40s sonra
06:18:30 INFO    [info] Yeni coin: FJxX64BfNG - analiz 40s sonra
06:18:30 INFO    [info] Yeni coin: GPLxDLxRTi - analiz 40s sonra
06:18:30 WARNING RPC hiz limiti (429) - RPC_RPS dusurun veya plani yukseltin
06:18:31 INFO    [info] Yeni coin: HPjh1tfX49 - analiz 40s sonra
06:18:31 INFO    [info] Yeni coin: D4BxdFSWdx - analiz 40s sonra
06:18:32 INFO    [info] Yeni coin: 8vX6T7DEU8 - analiz 40s sonra
06:18:32 INFO    [info] Yeni coin: DZVjsRyYzr - analiz 40s sonra
06:18:33 INFO    [info] Yeni coin: G878N5B6FQ - analiz 40s sonra
06:18:33 INFO    [info] Yeni coin: 8MUcjejq6b - analiz 40s sonra
06:18:34 INFO    [info] Yeni coin: CxNzYfmTcB - analiz 40s sonra
06:18:34 INFO    [info] Yeni coin: VcCpBTHhez - analiz 40s sonra
06:18:34 INFO    [info] Yeni coin: ARQ4myLSVC - analiz 40s sonra
06:18:34 INFO    [info] Yeni coin: 3B6qBqiVsz - analiz 40s sonra
06:18:34 INFO    [info] Yeni coin: J2zL6P8NSC - analiz 40s sonra
06:18:36 INFO    [info] Yeni coin: DYrdReYEyc - analiz 40s sonra
06:18:37 INFO    [info] Yeni coin: DJKbX9WG5b - analiz 40s sonra
06:18:37 INFO    [info] Yeni coin: 4cZPEPLWEz - analiz 40s sonra
06:18:38 INFO    [info] Yeni coin: sdy7NocNiY - analiz 40s sonra
06:18:39 INFO    [info] Yeni coin: AwFkLA2EN4 - analiz 40s sonra
06:18:39 INFO    [info] Yeni coin: HpEvg1qhDQ - analiz 40s sonra
06:18:40 INFO    [info] Yeni coin: 39f3M2iVnC - analiz 40s sonra
06:18:40 INFO    [info] Yeni coin: J5pysm9whc - analiz 40s sonra
06:18:40 INFO    [info] Yeni coin: 2h9CYt1Ukq - analiz 40s sonra
06:18:40 INFO    [info] Yeni coin: D9tG6ArrFk - analiz 40s sonra
06:18:40 INFO    [info] Yeni coin: 6nYU9pivSF - analiz 40s sonra
06:18:41 INFO    [info] Yeni coin: CcRSnmNwHw - analiz 40s sonra
06:18:41 INFO    [info] Yeni coin: DUnmavewyN - analiz 40s sonra
06:18:42 INFO    [info] Yeni coin: 78oNub3bkT - analiz 40s sonra
06:18:42 INFO    [info] Yeni coin: HmzmdaU52b - analiz 40s sonra
06:18:42 INFO    [info] Yeni coin: HESmybs8zD - analiz 40s sonra
06:18:43 INFO    [info] Yeni coin: D2FfPtj7VY - analiz 40s sonra
06:18:43 INFO    [info] Yeni coin: J3UxEMMfxq - analiz 40s sonra
06:18:44 INFO    [warn] Takip edilen cuzdan yok - once skorlayip takibe alin
06:18:45 INFO    [info] Yeni coin: 9QRi97qN6P - analiz 40s sonra
06:18:46 INFO    [info] Yeni coin: 9hwNdHaNrf - analiz 40s sonra
06:18:51 INFO    [info] Yeni coin: J4PvsKhfNg - analiz 40s sonra
06:18:53 WARNING RPC hiz limiti (429) - RPC_RPS dusurun veya plani yukseltin
06:19:00 INFO    [info] Yeni coin: 78EzujGC1o - analiz 40s sonra
06:19:01 INFO    [info] Yeni coin: 3nRu1214bh - analiz 40s sonra
06:19:01 INFO    [info] Yeni coin: BoC1CteEhv - analiz 40s sonra
06:19:01 INFO    [info] Yeni coin: 9wUnX7b6p6 - analiz 40s sonra
06:19:01 INFO    [info] Yeni coin: 7EQmhLPfZV - analiz 40s sonra
06:19:01 INFO    [info] Yeni coin: A7Xa8iSykY - analiz 40s sonra
06:19:02 INFO    [info] Yeni coin: FCAGyxiH4J - analiz 40s sonra
06:19:02 INFO    [info] Yeni coin: GzbiHAUe8B - analiz 40s sonra
06:19:04 INFO    [info] Yeni coin: FYg1wermCo - analiz 40s sonra
06:19:04 INFO    [info] Yeni coin: 37J8SmkaS4 - analiz 40s sonra
06:19:04 INFO    [info] Yeni coin: 2eG3owgZ6E - analiz 40s sonra
06:19:05 INFO    [info] Yeni coin: 439bAmLbrb - analiz 40s sonra
06:19:08 INFO    [info] Yeni coin: 4rWydXa3nw - analiz 40s sonra
06:19:10 INFO    [info] Yeni coin: 8EkG4Ghsb9 - analiz 40s sonra
06:19:11 INFO    [info] Yeni coin: FUXtAuiqmx - analiz 40s sonra
06:19:12 INFO    [info] Yeni coin: HeatK6cT8g - analiz 40s sonra
06:19:16 INFO    [info] Yeni coin: 7XtfcFz3AB - analiz 40s sonra
06:19:22 WARNING RPC hiz limiti (429) - RPC_RPS dusurun veya plani yukseltin
06:19:25 INFO    [info] Yeni coin: E2yTCBMmTJ - analiz 40s sonra
06:19:29 INFO    [info] Yeni coin: 9HyV6PRQBJ - analiz 40s sonra
06:19:31 INFO    [info] Yeni coin: 6hmwunrAUS - analiz 40s sonra
06:19:32 INFO    [info] Yeni coin: HupEtN59U5 - analiz 40s sonra
06:19:33 INFO    [info] Yeni coin: FgfMQ3nQvc - analiz 40s sonra
06:19:33 INFO    [info] Yeni coin: H1XvJgSPUT - analiz 40s sonra
06:19:42 INFO    [info] Yeni coin: 4bkprxiYiH - analiz 40s sonra
06:19:42 WARNING RPC hiz limiti (429) - RPC_RPS dusurun veya plani yukseltin
06:19:43 INFO    [info] Yeni coin: eE4Nx8jcgH - analiz 40s sonra
06:19:43 INFO    [info] Yeni coin: BAvk3UGy3z - analiz 40s sonra
06:19:43 INFO    [info] Yeni coin: FuSRifhKP9 - analiz 40s sonra
06:19:44 INFO    [info] Yeni coin: FPw6YtMLfm - analiz 40s sonra
06:19:53 INFO    [info] Yeni coin: ECzcnpsx9q - analiz 40s sonra
06:19:54 INFO    [info] Yeni coin: 2JNZZrXTz7 - analiz 40s sonra
06:19:58 INFO    [info] Yeni coin: 6M8My7nDHY - analiz 40s sonra
06:19:59 INFO    [info] Yeni coin: 24xHXyFw4z - analiz 40s sonra
06:20:03 INFO    [info] Yeni coin: Y5gYzqpkXH - analiz 40s sonra
06:20:04 INFO    [info] Yeni coin: 3od3gPuf3T - analiz 40s sonra
06:20:04 INFO    [info] Yeni coin: G4Rs7XTY1a - analiz 40s sonra
06:20:05 INFO    [info] Yeni coin: y9TwQLUGA5 - analiz 40s sonra
06:20:06 INFO    [info] Yeni coin: 2FVXaoE7GD - analiz 40s sonra
06:20:08 INFO    [info] Yeni coin: GcHpqdifXe - analiz 40s sonra
06:20:09 INFO    [info] Yeni coin: 72T8deCA4p - analiz 40s sonra
06:20:10 INFO    [info] Yeni coin: HoDhdKupby - analiz 40s sonra
06:20:14 INFO    [info] Yeni coin: DNG9meHjiL - analiz 40s sonra
06:20:15 INFO    [info] Yeni coin: 4f6D7QzJSe - analiz 40s sonra
06:20:21 WARNING RPC hiz limiti (429) - RPC_RPS dusurun veya plani yukseltin
06:20:23 INFO    [info] Yeni coin: FxyEA6ZYDB - analiz 40s sonra
06:20:28 INFO    [info] Yeni coin: nXE7rEHKVY - analiz 40s sonra
06:20:33 INFO    [info] Yeni coin: 6oMwWf42om - analiz 40s sonra
06:20:36 INFO    [info] Yeni coin: 9UW8wAyQs2 - analiz 40s sonra
06:20:41 INFO    [info] Yeni coin: 7eswY7AwBU - analiz 40s sonra
06:20:44 INFO    [warn] Takip edilen cuzdan yok - once skorlayip takibe alin
06:20:47 INFO    [info] Yeni coin: 8kQzizWtDa - analiz 40s sonra
06:20:48 INFO    [info] Yeni coin: EE4hHnaW9E - analiz 40s sonra
06:20:49 WARNING RPC hiz limiti (429) - RPC_RPS dusurun veya plani yukseltin
06:21:11 INFO    [info] Yeni coin: 5RkoArWvJW - analiz 40s sonra
06:21:17 INFO    [info] Yeni coin: 6zu23BmJoP - analiz 40s sonra
06:21:17 INFO    [info] Yeni coin: NoMadT2JnJ - analiz 40s sonra
06:21:22 INFO    [info] Yeni coin: VymRukHU4f - analiz 40s sonra
06:21:23 INFO    [info] Yeni coin: H3mXNSeovg - analiz 40s sonra
06:21:25 INFO    [info] Yeni coin: 9dfHzFsh5c - analiz 40s sonra
06:21:25 WARNING RPC hiz limiti (429) - RPC_RPS dusurun veya plani yukseltin
06:21:28 INFO    [info] Yeni coin: VnCqXSgqhs - analiz 40s sonra
06:21:34 INFO    [info] Yeni coin: 6QttAoao6P - analiz 40s sonra
06:21:35 INFO    [info] Yeni coin: Hu81Uw9jq7 - analiz 40s sonra
06:21:39 INFO    [info] Yeni coin: 4kex2TKcJP - analiz 40s sonra
06:21:39 INFO    [info] Yeni coin: SYpMVzxhm4 - analiz 40s sonra
06:21:42 INFO    [info] Yeni coin: CBmjqtWtdF - analiz 40s sonra
06:21:42 WARNING RPC hiz limiti (429) - RPC_RPS dusurun veya plani yukseltin
06:21:56 INFO    [info] Yeni coin: 4zcvRFyC3k - analiz 40s sonra
06:21:56 INFO    [info] Yeni coin: 6kpSR4cZSB - analiz 40s sonra
06:21:58 INFO    [info] Yeni coin: ANUUHH7qXq - analiz 40s sonra
06:22:00 INFO    [info] Yeni coin: 8ReG2RgzBZ - analiz 40s sonra
06:22:02 INFO    [info] Yeni coin: GHvnDv2Vap - analiz 40s sonra
06:22:07 WARNING RPC hiz limiti (429) - RPC_RPS dusurun veya plani yukseltin
06:22:18 INFO    [info] Yeni coin: CtMhkH2JkF - analiz 40s sonra
06:22:18 INFO    [info] Yeni coin: 7fUMKkSY3T - analiz 40s sonra
06:22:19 INFO    [info] Yeni coin: D2kCen5U5f - analiz 40s sonra
06:22:22 INFO    [info] Yeni coin: 8VZBx9cQLm - analiz 40s sonra
06:22:22 INFO    [info] Yeni coin: 5fqTC97gXc - analiz 40s sonra
06:22:23 INFO    [info] Yeni coin: Af6kus3xf7 - analiz 40s sonra
06:22:23 INFO    [info] Yeni coin: CUepSr51kv - analiz 40s sonra
06:22:37 INFO    [info] Yeni coin: 7JsnahY6Bg - analiz 40s sonra
06:22:39 INFO    [info] Yeni coin: iQFLf1uokD - analiz 40s sonra
06:22:40 WARNING RPC hiz limiti (429) - RPC_RPS dusurun veya plani yukseltin
06:22:44 INFO    [warn] Takip edilen cuzdan yok - once skorlayip takibe alin
06:22:44 INFO    [info] Yeni coin: AUNDDrE4Tc - analiz 40s sonra
06:22:45 INFO    [info] Yeni coin: 7Jcntenesn - analiz 40s sonra
06:22:45 INFO    [info] Yeni coin: E2Z8D93mdg - analiz 40s sonra
06:22:46 INFO    [info] Yeni coin: A2zG53yU9o - analiz 40s sonra
06:22:55 INFO    [info] Yeni coin: 6ohyncSeV9 - analiz 40s sonra
06:22:56 INFO    [info] Yeni coin: 9R5NyKz5n6 - analiz 40s sonra
06:23:03 INFO    [info] Yeni coin: GzbzvUa7Nk - analiz 40s sonra
06:23:05 INFO    [info] Yeni coin: EmRWu2UczV - analiz 40s sonra
06:23:05 WARNING RPC hiz limiti (429) - RPC_RPS dusurun veya plani yukseltin
06:23:12 INFO    [info] Yeni coin: 6dt47yJKJ8 - analiz 40s sonra
06:23:17 INFO    [info] Yeni coin: gbrSJdS3Sk - analiz 40s sonra
06:23:18 INFO    [info] Yeni coin: Hv5zRT6h41 - analiz 40s sonra
06:23:23 INFO    [info] Yeni coin: PWCzasXdRc - analiz 40s sonra
06:23:24 INFO    [info] Yeni coin: 8AtSEgGMGW - analiz 40s sonra
06:23:24 INFO    [info] Yeni coin: BANBjmeJXZ - analiz 40s sonra
06:23:25 INFO    [info] Yeni coin: Cxj2VBPz6a - analiz 40s sonra
06:23:26 INFO    [info] Yeni coin: 5HW7kjGCDm - analiz 40s sonra
06:23:26 INFO    [info] Yeni coin: FRRVraXtqa - analiz 40s sonra
06:23:32 INFO    [info] Yeni coin: 7QU7sx3ibz - analiz 40s sonra
06:23:36 INFO    [info] Yeni coin: G6hGZCkYhX - analiz 40s sonra
06:23:36 INFO    [info] Yeni coin: DUrKBtcxmV - analiz 40s sonra
06:23:36 INFO    [info] Yeni coin: 2SF4abnQzj - analiz 40s sonra
06:23:39 WARNING RPC hiz limiti (429) - RPC_RPS dusurun veya plani yukseltin
06:23:43 INFO    [info] Yeni coin: 5jt3hFjdtf - analiz 40s sonra
06:23:49 INFO    [info] Yeni coin: 7WUeuEMJ29 - analiz 40s sonra
06:24:00 INFO    [info] Yeni coin: DNYD6SBT7b - analiz 40s sonra
06:24:00 WARNING RPC hiz limiti (429) - RPC_RPS dusurun veya plani yukseltin
06:24:02 INFO    [info] Yeni coin: 9bLMaRDG9P - analiz 40s sonra
06:24:02 INFO    [info] Yeni coin: 8gECMjdqwq - analiz 40s sonra
06:24:03 INFO    [info] Yeni coin: 66VJfFeQSf - analiz 40s sonra
06:24:03 INFO    [info] Yeni coin: DrEmpHLm6S - analiz 40s sonra
06:24:12 INFO    [info] Yeni coin: CjigAch8gd - analiz 40s sonra
06:24:13 INFO    [info] Yeni coin: B6vGQ1u8cS - analiz 40s sonra
06:24:14 INFO    [info] Yeni coin: 3FgkyZDaSg - analiz 40s sonra
06:24:18 INFO    [info] Yeni coin: 6ES9ksxpNt - analiz 40s sonra
06:24:27 INFO    [info] Yeni coin: 21hRyTERkg - analiz 40s sonra
06:24:27 INFO    [info] Yeni coin: 3MJeky9xxU - analiz 40s sonra
06:24:30 INFO    [info] Yeni coin: 3aNNmyKmyj - analiz 40s sonra
06:24:32 INFO    [info] Yeni coin: AkoBYAoJmd - analiz 40s sonra
06:24:32 WARNING RPC hiz limiti (429) - RPC_RPS dusurun veya plani yukseltin
06:24:33 INFO    [info] Yeni coin: B8hjpLfahi - analiz 40s sonra
06:24:33 INFO    [info] Yeni coin: 3J76yo5xx4 - analiz 40s sonra
06:24:34 INFO    [info] Yeni coin: 2zZjLJRhVr - analiz 40s sonra
06:24:40 INFO    [info] Yeni coin: F4GpYKY9Ui - analiz 40s sonra
06:24:42 INFO    [info] Yeni coin: 5fnJgopcJe - analiz 40s sonra
06:24:44 INFO    [warn] Takip edilen cuzdan yok - once skorlayip takibe alin
06:24:49 INFO    [info] Yeni coin: 9VFwhAoAaV - analiz 40s sonra
06:24:49 INFO    [info] Yeni coin: 71kCyeErJX - analiz 40s sonra
06:24:51 INFO    [info] Yeni coin: 6r96HiL3Kt - analiz 40s sonra
06:24:52 INFO    [info] Yeni coin: 8EFEbk4Cqy - analiz 40s sonra
06:25:03 INFO    [info] Yeni coin: 6d9DaXwn32 - analiz 40s sonra
06:25:03 WARNING RPC hiz limiti (429) - RPC_RPS dusurun veya plani yukseltin
06:25:04 INFO    [info] Yeni coin: ESJ8P7QorT - analiz 40s sonra
06:25:09 INFO    [info] Yeni coin: CRMN38wXdC - analiz 40s sonra
06:25:11 INFO    [info] Yeni coin: 6UxEGLbshc - analiz 40s sonra
06:25:14 INFO    [info] Yeni coin: 3C1UHoruNU - analiz 40s sonra
06:25:15 INFO    [info] Yeni coin: BtHtAuqe1e - analiz 40s sonra
06:25:15 INFO    [info] Yeni coin: 5jCUuBVGV7 - analiz 40s sonra
06:25:16 INFO    [info] Yeni coin: 6uayq1XY5v - analiz 40s sonra
06:25:22 INFO    [info] Yeni coin: 68GgJmSdYu - analiz 40s sonra
06:25:23 INFO    [info] Yeni coin: 4PKUyQNoQD - analiz 40s sonra
06:25:26 INFO    [info] Yeni coin: PshALGJWGh - analiz 40s sonra
06:25:27 INFO    [info] Yeni coin: 5QUntKQoE5 - analiz 40s sonra
06:25:35 WARNING RPC hiz limiti (429) - RPC_RPS dusurun veya plani yukseltin
06:25:40 INFO    [info] Yeni coin: 3Z3Pn4r4zY - analiz 40s sonra
06:25:46 INFO    [info] Yeni coin: 6RdxGfJw6z - analiz 40s sonra
06:25:50 INFO    [info] Yeni coin: DHW8u8jsuf - analiz 40s sonra
06:25:53 INFO    [info] Yeni coin: GyMZvdU7r8 - analiz 40s sonra
06:25:55 INFO    [info] Yeni coin: iabsJ5og2F - analiz 40s sonra
06:25:55 INFO    [info] Yeni coin: 7pRed3wss6 - analiz 40s sonra
06:25:57 INFO    [info] Yeni coin: DhQeqXDxcb - analiz 40s sonra
06:26:04 INFO    [info] Yeni coin: 7Z1PGLZeLN - analiz 40s sonra
06:26:04 WARNING RPC hiz limiti (429) - RPC_RPS dusurun veya plani yukseltin
06:26:07 INFO    [info] Yeni coin: 9EgLZv5C31 - analiz 40s sonra
06:26:11 INFO    [info] Yeni coin: 8fzjzZXjSy - analiz 40s sonra
06:26:13 INFO    [info] Yeni coin: 8FJG6RKTfn - analiz 40s sonra
06:26:17 INFO    [info] Yeni coin: 93ZuBTA9W3 - analiz 40s sonra
06:26:18 INFO    [info] Yeni coin: GE12r7QVtN - analiz 40s sonra
06:26:20 INFO    [info] Yeni coin: B2UUaNk8nu - analiz 40s sonra
06:26:20 INFO    [info] Yeni coin: FuQfhE3Lhv - analiz 40s sonra
06:26:21 INFO    [info] Yeni coin: CBfVm4gnQM - analiz 40s sonra
06:26:21 INFO    [info] Yeni coin: 2CMMDKMud1 - analiz 40s sonra
06:26:27 INFO    [info] Yeni coin: 7An3PoKw9d - analiz 40s sonra
06:26:28 INFO    [info] Yeni coin: FYJdwa9Q2z - analiz 40s sonra
06:26:30 INFO    [info] Yeni coin: 2VFEmEjZwr - analiz 40s sonra
06:26:30 INFO    [info] Yeni coin: 2aQTKncj9c - analiz 40s sonra
06:26:30 WARNING RPC hiz limiti (429) - RPC_RPS dusurun veya plani yukseltin
06:26:31 INFO    [info] Yeni coin: 8Bt5bNU8u4 - analiz 40s sonra
06:26:32 INFO    [info] Yeni coin: 43qsMCa6ub - analiz 40s sonra
06:26:34 INFO    [info] Yeni coin: FqQCMcuXKb - analiz 40s sonra
06:26:40 INFO    [info] Yeni coin: 7NZYKyWZG2 - analiz 40s sonra
06:26:41 INFO    [info] Yeni coin: 4Dj5tQroR7 - analiz 40s sonra
06:26:44 INFO    [warn] Takip edilen cuzdan yok - once skorlayip takibe alin
06:26:46 INFO    [info] Yeni coin: CZXsG79oeD - analiz 40s sonra
06:26:52 INFO    [info] Yeni coin: Gv5AWVTn1f - analiz 40s sonra
06:26:52 INFO    [info] Yeni coin: 4LHDvnaPJW - analiz 40s sonra
06:26:53 INFO    [info] Yeni coin: BBAi5phg6o - analiz 40s sonra
06:26:57 INFO    [info] Yeni coin: 8uEJWZteoU - analiz 40s sonra
06:26:58 INFO    [info] Yeni coin: A64YnaMinL - analiz 40s sonra
06:26:59 INFO    [info] Yeni coin: EqSPJP8QUh - analiz 40s sonra
06:27:00 INFO    [info] Yeni coin: 9EcmxAR3zp - analiz 40s sonra
06:27:00 INFO    [info] Yeni coin: 63ZQTW6yXV - analiz 40s sonra
06:27:02 INFO    [info] Yeni coin: 4hUHuJr4Uh - analiz 40s sonra
06:27:02 INFO    [info] Yeni coin: 9aQCXrhiwD - analiz 40s sonra
06:27:03 INFO    [info] Yeni coin: CqBHjxwBGb - analiz 40s sonra
06:27:03 WARNING RPC hiz limiti (429) - RPC_RPS dusurun veya plani yukseltin
06:27:07 INFO    [info] Yeni coin: E3wpwEikKY - analiz 40s sonra
06:27:07 INFO    [info] Yeni coin: 2BQ4nrscWq - analiz 40s sonra
06:27:07 INFO    [info] Yeni coin: 7gNcuqdx1y - analiz 40s sonra
06:27:17 INFO    [info] Yeni coin: 29mw8Kj3Jh - analiz 40s sonra
06:27:18 INFO    [info] Yeni coin: A8MBHNkwCE - analiz 40s sonra
06:27:18 INFO    [info] Yeni coin: 2E4n1Ny2rR - analiz 40s sonra
06:27:25 INFO    [info] Yeni coin: 3DaEY1LQG3 - analiz 40s sonra
06:27:25 INFO    [info] Yeni coin: 3VnmSaF8w6 - analiz 40s sonra
06:27:25 WARNING RPC hiz limiti (429) - RPC_RPS dusurun veya plani yukseltin
06:27:26 INFO    [info] Yeni coin: AkL4fn7n7U - analiz 40s sonra
06:27:27 INFO    [info] Yeni coin: 2wsu2uGTkN - analiz 40s sonra
06:27:27 INFO    [info] Yeni coin: wZTNoC2qT2 - analiz 40s sonra
06:27:28 INFO    [info] Yeni coin: AY9QH4TF7A - analiz 40s sonra
06:27:36 INFO    [info] Yeni coin: 3877uAYAGi - analiz 40s sonra
06:27:42 INFO    [info] Yeni coin: CZmxqv8pzz - analiz 40s sonra
06:27:42 INFO    [info] Yeni coin: 6aCxvUCenP - analiz 40s sonra
06:27:45 INFO    [info] Yeni coin: 8izopqfGYD - analiz 40s sonra
06:27:47 WARNING RPC hiz limiti (429) - RPC_RPS dusurun veya plani yukseltin
06:27:52 INFO    [info] Yeni coin: 8skET8C9jx - analiz 40s sonra
06:27:53 INFO    [info] Yeni coin: 6qrj6Z2ZqG - analiz 40s sonra
06:27:55 INFO    [info] Yeni coin: 2zMenFfYmW - analiz 40s sonra
06:27:58 INFO    [info] Yeni coin: AcwHQ85sFU - analiz 40s sonra
06:27:59 INFO    [info] Yeni coin: 4VQEmKCCR6 - analiz 40s sonra
06:28:01 INFO    [info] Yeni coin: 5N6na3gSEb - analiz 40s sonra
06:28:01 INFO    [info] Yeni coin: C6jXTGAoGb - analiz 40s sonra
06:28:02 INFO    [info] Yeni coin: BMEh2ofj4U - analiz 40s sonra
06:28:06 INFO    [info] Yeni coin: A2uU2ehbMm - analiz 40s sonra
06:28:07 INFO    [info] Yeni coin: 7h5wVx6ncw - analiz 40s sonra
06:28:09 INFO    [info] Yeni coin: 7onDgHB1wx - analiz 40s sonra
06:28:10 WARNING RPC hiz limiti (429) - RPC_RPS dusurun veya plani yukseltin
06:28:11 INFO    [info] Yeni coin: 8LRBe7ohq9 - analiz 40s sonra
06:28:11 INFO    [info] Yeni coin: 4pZKGQi9cv - analiz 40s sonra
06:28:19 INFO    [info] Yeni coin: 6jzkxvKH2L - analiz 40s sonra
06:28:21 INFO    [info] Yeni coin: F7s4UtRTTs - analiz 40s sonra
06:28:23 INFO    [info] Yeni coin: C2BdcCY6nb - analiz 40s sonra
06:28:24 INFO    [info] Yeni coin: 5vNUL73L69 - analiz 40s sonra
06:28:25 INFO    [info] Yeni coin: BxPUJrtiHx - analiz 40s sonra
06:28:25 INFO    [info] Yeni coin: A4sjpoTpUs - analiz 40s sonra
06:28:26 INFO    [info] Yeni coin: 3nmv2bR1Pe - analiz 40s sonra
06:28:26 INFO    [info] Yeni coin: Apzxzv8DAK - analiz 40s sonra
06:28:35 INFO    [info] Yeni coin: 2vHPrFKXE5 - analiz 40s sonra
06:28:36 INFO    [info] Yeni coin: ANq9SJSpwK - analiz 40s sonra
06:28:36 INFO    [info] Yeni coin: 46GdDozVc3 - analiz 40s sonra
06:28:37 INFO    [info] Yeni coin: J4bRY68AcT - analiz 40s sonra
06:28:43 WARNING RPC hiz limiti (429) - RPC_RPS dusurun veya plani yukseltin
06:28:44 INFO    [warn] Takip edilen cuzdan yok - once skorlayip takibe alin
06:28:47 INFO    [info] Yeni coin: VKEe1vBnef - analiz 40s sonra
06:28:49 INFO    [info] Yeni coin: 4ef5eV4uTL - analiz 40s sonra
06:28:55 INFO    [info] Yeni coin: 2g58XbcMFt - analiz 40s sonra
06:28:59 INFO    [info] Yeni coin: HQrgDBiYkp - analiz 40s sonra
06:29:00 INFO    [info] Yeni coin: 8xdgNNmiQa - analiz 40s sonra
06:29:00 INFO    [info] Yeni coin: 9dXQsTYExe - analiz 40s sonra
06:29:00 INFO    [info] Yeni coin: 89jdBuCnTH - analiz 40s sonra
06:29:00 INFO    [info] Yeni coin: AXGULFqwGj - analiz 40s sonra
06:29:01 INFO    [info] Yeni coin: 3ff3RBPDiN - analiz 40s sonra
06:29:01 INFO    [info] Yeni coin: ChZ8iNkEM7 - analiz 40s sonra
06:29:01 INFO    [info] Yeni coin: 9N5BmPbapt - analiz 40s sonra
06:29:01 INFO    [info] Yeni coin: 9GvSu2McJ5 - analiz 40s sonra
06:29:01 INFO    [info] Yeni coin: FigqmyUKzL - analiz 40s sonra
06:29:03 INFO    [info] Yeni coin: 2TycFvnrtP - analiz 40s sonra
06:29:03 INFO    [info] Yeni coin: A6STQjJDMn - analiz 40s sonra
06:29:03 INFO    [info] Yeni coin: 6BtgjCTLfQ - analiz 40s sonra
06:29:03 INFO    [info] Yeni coin: 2x2sNYfiN2 - analiz 40s sonra
06:29:03 INFO    [info] Yeni coin: 5rKnpqDVvA - analiz 40s sonra
06:29:03 WARNING RPC hiz limiti (429) - RPC_RPS dusurun veya plani yukseltin
06:29:04 INFO    [info] Yeni coin: tP3C9izvjd - analiz 40s sonra
06:29:04 INFO    [info] Yeni coin: GQ45eqwapd - analiz 40s sonra
06:29:04 INFO    [info] Yeni coin: FWXdq1Scop - analiz 40s sonra
06:29:04 INFO    [info] Yeni coin: AwprrZvbNr - analiz 40s sonra
06:29:04 INFO    [info] Yeni coin: 9FFYNJBp8d - analiz 40s sonra
06:29:06 INFO    [info] Yeni coin: CaDLyjkT5i - analiz 40s sonra
06:29:06 INFO    [info] Yeni coin: BNtPDE53QH - analiz 40s sonra
06:29:16 INFO    [info] Yeni coin: F5BnGq9DL2 - analiz 40s sonra
06:29:28 INFO    [info] Yeni coin: 3WAufA2Y1B - analiz 40s sonra
06:29:29 INFO    [info] Yeni coin: A5K554BPNf - analiz 40s sonra
06:29:30 INFO    [info] Yeni coin: 4zQXSWZdFE - analiz 40s sonra
06:29:31 WARNING RPC hiz limiti (429) - RPC_RPS dusurun veya plani yukseltin
06:29:33 INFO    [info] Yeni coin: FRq1raWY8A - analiz 40s sonra
06:29:34 INFO    [info] Yeni coin: Cs1M8KdxD1 - analiz 40s sonra
06:29:34 INFO    [info] Yeni coin: 6g9vqdMGUy - analiz 40s sonra
06:29:35 INFO    [info] Yeni coin: BTw5k9dKJZ - analiz 40s sonra
06:29:36 INFO    [info] Yeni coin: HbM6bKLj2h - analiz 40s sonra
06:29:39 INFO    [info] Yeni coin: 24xHc8Ve1t - analiz 40s sonra
06:29:40 INFO    [info] Yeni coin: GGoBC1V96A - analiz 40s sonra
06:29:40 INFO    [info] Yeni coin: Hqu4UHkKxd - analiz 40s sonra
06:29:44 INFO    [info] Yeni coin: HEFHUk5HhJ - analiz 40s sonra
06:29:45 INFO    [info] Yeni coin: 8DHtsKScHq - analiz 40s sonra
06:29:46 INFO    [info] Yeni coin: DiPV3tPv7h - analiz 40s sonra
06:29:48 INFO    [info] Yeni coin: 3aaeGsgmLS - analiz 40s sonra
06:29:49 INFO    [info] Yeni coin: 6DxBLQYhsw - analiz 40s sonra
06:29:49 INFO    [info] Yeni coin: 98UrTibipJ - analiz 40s sonra
06:29:52 WARNING RPC hiz limiti (429) - RPC_RPS dusurun veya plani yukseltin
06:29:53 INFO    [info] Yeni coin: EmxQSgsnYL - analiz 40s sonra
06:29:57 INFO    [info] Yeni coin: GtmBsPxnbM - analiz 40s sonra
06:29:57 INFO    [info] Yeni coin: GfenbcPLhg - analiz 40s sonra
06:29:57 INFO    [info] Yeni coin: Huodjxc5EZ - analiz 40s sonra
06:30:03 INFO    [info] Yeni coin: 5Si6QkUNE8 - analiz 40s sonra
06:30:03 INFO    [info] Yeni coin: CaA3mQ8e7T - analiz 40s sonra
06:30:09 INFO    [info] Yeni coin: 64qM9x6LFB - analiz 40s sonra
06:30:12 INFO    [info] Yeni coin: EeZhLyBd3z - analiz 40s sonra
06:30:21 WARNING RPC hiz limiti (429) - RPC_RPS dusurun veya plani yukseltin
06:30:42 INFO    [info] Yeni coin: CU8HQZ2huf - analiz 40s sonra
06:30:43 INFO    [info] Yeni coin: 3ceweNBatf - analiz 40s sonra
06:30:45 INFO    [warn] Takip edilen cuzdan yok - once skorlayip takibe alin
06:30:46 INFO    [info] Yeni coin: ACpxzqWnQF - analiz 40s sonra
06:30:47 INFO    [info] Yeni coin: C7W1DZfhpS - analiz 40s sonra
06:30:53 INFO    [info] Yeni coin: EQNGwmCWLE - analiz 40s sonra
06:30:53 INFO    [info] Yeni coin: 4srGUL2anU - analiz 40s sonra
06:30:53 INFO    [info] Yeni coin: DJFpKHqcMt - analiz 40s sonra
06:31:02 WARNING RPC hiz limiti (429) - RPC_RPS dusurun veya plani yukseltin
06:31:04 INFO    [info] Yeni coin: GAji3nqjA8 - analiz 40s sonra
06:31:08 INFO    [info] Yeni coin: BtTi9R18Qs - analiz 40s sonra
06:31:10 INFO    [info] Yeni coin: 8JWR6vHFzg - analiz 40s sonra
06:31:11 INFO    [info] Yeni coin: EQpXXZ87i7 - analiz 40s sonra
06:31:11 INFO    [info] Yeni coin: 6F1yieDkNd - analiz 40s sonra
06:31:13 INFO    [info] Yeni coin: FYQtyJr51k - analiz 40s sonra
06:31:15 INFO    [info] Yeni coin: HGdZPRKzPk - analiz 40s sonra
06:31:15 INFO    [info] Yeni coin: Ca6he7cd9S - analiz 40s sonra
06:31:17 INFO    [info] Yeni coin: 93TQhQHwhU - analiz 40s sonra
06:31:24 INFO    [info] Yeni coin: APtZhF7b4R - analiz 40s sonra
06:31:26 WARNING RPC hiz limiti (429) - RPC_RPS dusurun veya plani yukseltin
06:31:27 INFO    [info] Yeni coin: DiB9Ce8p8X - analiz 40s sonra
06:31:29 INFO    [info] Yeni coin: F4i53Knx9g - analiz 40s sonra
06:31:29 INFO    [info] Yeni coin: GZH1TmtvzN - analiz 40s sonra
06:31:30 INFO    [info] Yeni coin: CMgrtGn3MX - analiz 40s sonra
06:31:30 INFO    [info] Yeni coin: 8ewi1mwpaz - analiz 40s sonra
06:31:31 INFO    [info] Yeni coin: 36Rz1Kbh71 - analiz 40s sonra
06:31:31 INFO    [info] Yeni coin: H6M1dY52DH - analiz 40s sonra
06:31:32 INFO    [info] Yeni coin: A7RV3jArPP - analiz 40s sonra
06:31:34 INFO    [info] Yeni coin: HnzEiAPjgx - analiz 40s sonra
06:31:38 INFO    [info] Yeni coin: J7D7PuL8Qb - analiz 40s sonra
06:31:42 INFO    [info] Yeni coin: CpiYWLK631 - analiz 40s sonra
06:31:44 INFO    [info] Yeni coin: 8aWoQDhwK9 - analiz 40s sonra
06:31:44 INFO    [info] Yeni coin: E8KwiL9cbK - analiz 40s sonra
06:31:46 INFO    [info] Yeni coin: XSAH3LMZ4i - analiz 40s sonra
06:31:49 WARNING RPC hiz limiti (429) - RPC_RPS dusurun veya plani yukseltin
06:31:50 INFO    [info] Yeni coin: 9pLfDYA5zS - analiz 40s sonra
06:31:58 INFO    [info] Yeni coin: 81YXavaipf - analiz 40s sonra
06:32:00 INFO    [info] Yeni coin: 6FP8WwZyzr - analiz 40s sonra
06:32:01 INFO    [info] Yeni coin: 7RFenWHasd - analiz 40s sonra
06:32:03 INFO    [info] Yeni coin: Ehk5MLZEm1 - analiz 40s sonra
06:32:03 INFO    [info] Yeni coin: 3BCxZ31knK - analiz 40s sonra
06:32:06 INFO    [info] Yeni coin: 65gj1FR4Dw - analiz 40s sonra
06:32:06 INFO    [info] Yeni coin: DgDeBzirYd - analiz 40s sonra
06:32:09 INFO    [info] Yeni coin: 3vQwDXxtwJ - analiz 40s sonra
06:32:10 WARNING RPC hiz limiti (429) - RPC_RPS dusurun veya plani yukseltin
06:32:16 INFO    [info] Yeni coin: 3APxitE9ve - analiz 40s sonra
06:32:16 INFO    [info] Yeni coin: 5QuVEChBc6 - analiz 40s sonra
06:32:16 INFO    [info] Yeni coin: 3PvYe1vLpC - analiz 40s sonra
06:32:17 INFO    [info] Yeni coin: 4zX1gFwawu - analiz 40s sonra
06:32:19 INFO    [info] Yeni coin: DcgwJQaCBq - analiz 40s sonra
06:32:22 INFO    [info] Yeni coin: 5jMMZSGWqd - analiz 40s sonra
06:32:24 INFO    [info] Yeni coin: oskX6Kv3NJ - analiz 40s sonra
06:32:28 INFO    [info] Yeni coin: NARVW1Um94 - analiz 40s sonra
06:32:29 INFO    [info] Yeni coin: CGAUE6X9Bt - analiz 40s sonra
06:32:29 INFO    [info] Yeni coin: BrifB87DE1 - analiz 40s sonra
06:32:35 INFO    [info] Yeni coin: 8Q1e4tv7eU - analiz 40s sonra
06:32:41 INFO    [info] Yeni coin: 35zmYr7d2s - analiz 40s sonra
06:32:45 INFO    [warn] Takip edilen cuzdan yok - once skorlayip takibe alin
06:32:45 WARNING RPC hiz limiti (429) - RPC_RPS dusurun veya plani yukseltin
06:32:49 INFO    [info] Yeni coin: EiHtVU6FWV - analiz 40s sonra
06:32:50 INFO    [info] Yeni coin: AUiZVc9Nce - analiz 40s sonra
06:32:53 INFO    [info] Yeni coin: 7eD6ggPemr - analiz 40s sonra
06:32:55 INFO    [info] Yeni coin: AFgQytWAeo - analiz 40s sonra
06:32:57 INFO    [info] Yeni coin: FhyVjUDXLq - analiz 40s sonra
06:32:58 INFO    [info] Yeni coin: DgB41rztsf - analiz 40s sonra
06:32:59 INFO    [info] Yeni coin: Bv6ga3oR2e - analiz 40s sonra
06:33:00 INFO    [info] Yeni coin: DyeHyiyY2S - analiz 40s sonra
06:33:00 INFO    [info] Yeni coin: 8FRwq4oVrU - analiz 40s sonra
06:33:00 INFO    [info] Yeni coin: 9Bz4nDjRDp - analiz 40s sonra
06:33:01 INFO    [info] Yeni coin: b3kWeKjjWy - analiz 40s sonra
06:33:02 INFO    [info] Yeni coin: 3h3zGnfZSE - analiz 40s sonra
06:33:03 INFO    [info] Yeni coin: BLuM9MYvB3 - analiz 40s sonra
06:33:04 INFO    [info] Yeni coin: FFhcGg8TUm - analiz 40s sonra
06:33:04 INFO    [info] Yeni coin: 7v5y7ARVB4 - analiz 40s sonra
06:33:04 INFO    [info] Yeni coin: CZmYJe2WPT - analiz 40s sonra
06:33:05 INFO    [info] Yeni coin: 9txnbqbvgT - analiz 40s sonra
06:33:05 INFO    [info] Yeni coin: 8a9Fi4rShG - analiz 40s sonra
06:33:05 INFO    [info] Yeni coin: 6a2WVqAAiE - analiz 40s sonra
06:33:07 INFO    [info] Yeni coin: Ewft3dpPQc - analiz 40s sonra
06:33:08 INFO    [info] Yeni coin: DdQCNnUPSn - analiz 40s sonra
06:33:08 INFO    [info] Yeni coin: CTH6EDbFp8 - analiz 40s sonra
06:33:09 INFO    [info] Yeni coin: FVeph9LTWi - analiz 40s sonra
06:33:10 INFO    [info] Yeni coin: 8reTqeg4R1 - analiz 40s sonra
06:33:10 INFO    [info] Yeni coin: 2NhtNsF3dK - analiz 40s sonra
06:33:11 INFO    [info] Yeni coin: 9XNLS2RXVj - analiz 40s sonra
06:33:15 INFO    [info] Yeni coin: AHHYem56R7 - analiz 40s sonra
06:33:15 INFO    [info] Yeni coin: A88zK5GHpt - analiz 40s sonra
06:33:15 WARNING RPC hiz limiti (429) - RPC_RPS dusurun veya plani yukseltin
06:33:16 INFO    [info] Yeni coin: D8MUiRz2Sp - analiz 40s sonra
06:33:19 INFO    [info] Yeni coin: 2Ne8HzkkMW - analiz 40s sonra
06:33:21 INFO    [info] Yeni coin: F29Qa5yXXE - analiz 40s sonra
06:33:25 INFO    [info] Yeni coin: Hq1G7WpAij - analiz 40s sonra
06:33:25 INFO    [info] Yeni coin: 6ibc3wZv2P - analiz 40s sonra
06:33:27 INFO    [info] Yeni coin: nHxKqPLgix - analiz 40s sonra
06:33:28 INFO    [info] Yeni coin: H8sv3QFGvh - analiz 40s sonra
06:33:31 INFO    [info] Yeni coin: HjRVanpSkc - analiz 40s sonra
06:33:35 INFO    [info] Yeni coin: JBM48uabPu - analiz 40s sonra
06:33:36 INFO    [info] Yeni coin: JEAa68R1am - analiz 40s sonra
06:33:42 INFO    [info] Yeni coin: JCs91ww8mp - analiz 40s sonra
06:33:44 WARNING RPC hiz limiti (429) - RPC_RPS dusurun veya plani yukseltin
06:33:46 INFO    [info] Yeni coin: 7pnFrQmxxn - analiz 40s sonra
06:33:47 INFO    [info] Yeni coin: 2zu8mY48WY - analiz 40s sonra
06:34:05 INFO    [info] Yeni coin: 7EgBJFXqPL - analiz 40s sonra
06:34:06 INFO    [info] Yeni coin: HDDurSJDPL - analiz 40s sonra
06:34:12 INFO    [info] Yeni coin: Bh9rurLVaW - analiz 40s sonra
06:34:15 WARNING RPC hiz limiti (429) - RPC_RPS dusurun veya plani yukseltin
06:34:16 INFO    [info] Yeni coin: DrWvnVdpY4 - analiz 40s sonra
06:34:17 INFO    [info] Yeni coin: 6vgEVyMcpU - analiz 40s sonra
06:34:17 INFO    [info] Yeni coin: 9XiGzPB1uo - analiz 40s sonra
06:34:17 INFO    [info] Yeni coin: AzyNXdKKNu - analiz 40s sonra
06:34:18 INFO    [info] Yeni coin: 7EM8qqSib2 - analiz 40s sonra
06:34:18 INFO    [info] Yeni coin: 9q2jFHaBAf - analiz 40s sonra
06:34:19 INFO    [info] Yeni coin: 3FY5ogCmH3 - analiz 40s sonra
06:34:19 INFO    [info] Yeni coin: ExPz9KKwZ3 - analiz 40s sonra
06:34:21 INFO    [info] Yeni coin: 9ND6ZQqAEY - analiz 40s sonra
06:34:21 INFO    [info] Yeni coin: 5kdYqMPF5s - analiz 40s sonra
06:34:22 INFO    [info] Yeni coin: 7s1cLdemah - analiz 40s sonra
06:34:22 INFO    [info] Yeni coin: HHT7gE4mJW - analiz 40s sonra
06:34:29 INFO    [info] Yeni coin: CZDuqF6K43 - analiz 40s sonra
06:34:30 INFO    [info] Yeni coin: 8wUJHKiMhT - analiz 40s sonra
06:34:31 INFO    [info] Yeni coin: 7JEh5hG13y - analiz 40s sonra
06:34:31 INFO    [info] Yeni coin: H6qnbz6Kdc - analiz 40s sonra
06:34:32 INFO    [info] Yeni coin: 72kKJk3vpS - analiz 40s sonra
06:34:33 INFO    [info] Yeni coin: 6izuSoTvhW - analiz 40s sonra
06:34:34 INFO    [info] Yeni coin: GBVFRR2koe - analiz 40s sonra
06:34:35 INFO    [info] Yeni coin: AALjbnSYvE - analiz 40s sonra
06:34:36 INFO    [info] Yeni coin: BN6NwnJcTG - analiz 40s sonra
06:34:36 INFO    [info] Yeni coin: 2pt628h5Sy - analiz 40s sonra
06:34:36 INFO    [info] Yeni coin: 4Kb6vfSGEp - analiz 40s sonra
06:34:37 INFO    [info] Yeni coin: D42XU4Z4QD - analiz 40s sonra
06:34:38 INFO    [info] Yeni coin: 9U7zeHk7qo - analiz 40s sonra
06:34:39 INFO    [info] Yeni coin: 4L25z3dPot - analiz 40s sonra
06:34:39 INFO    [info] Yeni coin: GkpZ3oQkhT - analiz 40s sonra
06:34:40 INFO    [info] Yeni coin: FibFCgu7Jh - analiz 40s sonra
06:34:45 INFO    [warn] Takip edilen cuzdan yok - once skorlayip takibe alin
06:34:46 INFO    [info] Yeni coin: EmD6yv2HRM - analiz 40s sonra
06:34:46 INFO    [info] Yeni coin: AQF9RG6vcw - analiz 40s sonra
06:34:46 INFO    [info] Yeni coin: BstWf2XR3w - analiz 40s sonra
06:34:52 WARNING RPC hiz limiti (429) - RPC_RPS dusurun veya plani yukseltin
06:34:56 INFO    [info] Yeni coin: HSoP7494rV - analiz 40s sonra
06:34:58 INFO    [info] Yeni coin: CNm4Vyxk4B - analiz 40s sonra
06:34:59 INFO    [info] Yeni coin: Eccr1CZioL - analiz 40s sonra
06:35:00 INFO    [info] Yeni coin: GDZbtTGJUb - analiz 40s sonra
06:35:01 INFO    [info] Yeni coin: 7r5nxYv6HQ - analiz 40s sonra
06:35:04 INFO    [info] Yeni coin: DpEAKyuh42 - analiz 40s sonra
06:35:05 INFO    [info] Yeni coin: 7R8cxB5L2n - analiz 40s sonra
06:35:09 INFO    [info] Yeni coin: 9XTycuGckn - analiz 40s sonra
06:35:09 INFO    [info] Yeni coin: FDfnSx5kSm - analiz 40s sonra
06:35:11 INFO    [info] Yeni coin: GvsY2EzqzP - analiz 40s sonra
06:35:12 INFO    [info] Yeni coin: B1ufUfs2Pk - analiz 40s sonra
06:35:12 WARNING RPC hiz limiti (429) - RPC_RPS dusurun veya plani yukseltin
06:35:12 INFO    [info] Yeni coin: ErfFpjRMHi - analiz 40s sonra
06:35:13 INFO    [info] Yeni coin: GrM1NqMF2e - analiz 40s sonra
06:35:15 INFO    [info] Yeni coin: 2FokoB8ttY - analiz 40s sonra
06:35:31 INFO    [info] Yeni coin: CwiteQDCQP - analiz 40s sonra
06:35:32 INFO    [info] Yeni coin: J4dtnw45JE - analiz 40s sonra
06:35:33 INFO    [info] Yeni coin: 3MP8L3Minc - analiz 40s sonra
06:35:34 INFO    [info] Yeni coin: GUDewPHokw - analiz 40s sonra
06:35:37 INFO    [info] Yeni coin: DMh9mgk3RX - analiz 40s sonra
06:35:39 WARNING RPC hiz limiti (429) - RPC_RPS dusurun veya plani yukseltin
06:35:43 INFO    [info] Yeni coin: 7GoVSBCc52 - analiz 40s sonra
06:35:43 INFO    [info] Yeni coin: 7dQJSSbQRY - analiz 40s sonra
06:35:44 INFO    [info] Yeni coin: Gc76ZFKeGM - analiz 40s sonra
06:35:46 INFO    [info] Yeni coin: FHCqLwH3jT - analiz 40s sonra
06:35:48 INFO    [info] Yeni coin: EYFNqxZ4EX - analiz 40s sonra
06:35:54 INFO    [info] Yeni coin: 7bXvLFqdob - analiz 40s sonra
06:35:55 WARNING RPC hiz limiti (429) - RPC_RPS dusurun veya plani yukseltin
06:35:58 INFO    [info] Yeni coin: GKXusGQcQW - analiz 40s sonra
06:36:00 INFO    [info] Yeni coin: 8AwY1Z5HvE - analiz 40s sonra
06:36:06 INFO    [info] Yeni coin: GYXNBBfvzL - analiz 40s sonra
06:36:06 INFO    [info] Yeni coin: EAWRsy8tSF - analiz 40s sonra
06:36:13 INFO    [info] Yeni coin: 97wagwUEoi - analiz 40s sonra
06:36:14 INFO    [info] Yeni coin: G7tbyRQyz8 - analiz 40s sonra
06:36:15 INFO    [info] Yeni coin: FEGaFRYmcj - analiz 40s sonra
06:36:15 INFO    [info] Yeni coin: 311oBNEJaQ - analiz 40s sonra
06:36:16 INFO    [info] Yeni coin: 6wHgBdWXXP - analiz 40s sonra
06:36:19 INFO    [info] Yeni coin: CBN2UTo9un - analiz 40s sonra
06:36:23 WARNING RPC hiz limiti (429) - RPC_RPS dusurun veya plani yukseltin
06:36:26 INFO    [info] Yeni coin: whap2BJmER - analiz 40s sonra
06:36:33 INFO    [info] Yeni coin: 2pUqiiwU6E - analiz 40s sonra
06:36:33 INFO    [info] Yeni coin: bA7vLFQsDD - analiz 40s sonra
06:36:45 INFO    [warn] Takip edilen cuzdan yok - once skorlayip takibe alin
06:36:47 INFO    [info] Yeni coin: EUTPVbwKmX - analiz 40s sonra
06:36:54 INFO    [info] Yeni coin: 6LVLssjTw8 - analiz 40s sonra
06:36:54 INFO    [info] Yeni coin: f1BSdkYXEz - analiz 40s sonra
06:36:57 WARNING RPC hiz limiti (429) - RPC_RPS dusurun veya plani yukseltin
06:36:59 INFO    [info] Yeni coin: 2XaA4mRUL2 - analiz 40s sonra
06:37:01 INFO    [info] Yeni coin: DiyQQkLx9c - analiz 40s sonra
06:37:02 INFO    [info] Yeni coin: ALeguLbN5Z - analiz 40s sonra
06:37:04 INFO    [info] Yeni coin: GfGKea7E4X - analiz 40s sonra
06:37:04 INFO    [info] Yeni coin: HM4pJ1Tm6K - analiz 40s sonra
06:37:05 INFO    [info] Yeni coin: 86j555VeBm - analiz 40s sonra
06:37:08 INFO    [info] Yeni coin: 9yN7wzvqpH - analiz 40s sonra
06:37:09 INFO    [info] Yeni coin: B2NfsgNi78 - analiz 40s sonra
06:37:15 INFO    [info] Yeni coin: CtShYLhRyj - analiz 40s sonra
06:37:18 INFO    [info] Yeni coin: 7f28knaAML - analiz 40s sonra
06:37:18 INFO    [info] Yeni coin: 47kcR6msJV - analiz 40s sonra
06:37:18 INFO    [info] Yeni coin: E2LrHhER9Q - analiz 40s sonra
06:37:20 INFO    [info] Yeni coin: 6x8WVYSecU - analiz 40s sonra
06:37:24 WARNING RPC hiz limiti (429) - RPC_RPS dusurun veya plani yukseltin
06:37:25 INFO    [info] Yeni coin: HPNVZFPxJJ - analiz 40s sonra
06:37:32 INFO    [info] Yeni coin: 6rfaAhjFrB - analiz 40s sonra
06:37:35 INFO    [info] Yeni coin: ENDWGBQN5U - analiz 40s sonra
06:37:40 INFO    [info] Yeni coin: 8Yu7j4XySS - analiz 40s sonra
06:37:43 INFO    [info] Yeni coin: FvbR1K8Ffy - analiz 40s sonra
06:37:44 WARNING RPC hiz limiti (429) - RPC_RPS dusurun veya plani yukseltin
06:37:48 INFO    [info] Yeni coin: 2kBSjYFc2v - analiz 40s sonra
06:37:49 INFO    [info] Yeni coin: 6oSag2yc2n - analiz 40s sonra
06:37:49 INFO    [info] Yeni coin: 9zA2NgULwJ - analiz 40s sonra
06:37:49 INFO    [info] Yeni coin: FZdEcLtCPE - analiz 40s sonra
06:37:49 INFO    [info] Yeni coin: 6V1LDUQbBQ - analiz 40s sonra
06:37:50 INFO    [info] Yeni coin: DkSGRfz74c - analiz 40s sonra
06:37:50 INFO    [info] Yeni coin: D2jtgZTJjy - analiz 40s sonra
06:37:51 INFO    [info] Yeni coin: C19a4gDP1A - analiz 40s sonra
06:37:51 INFO    [info] Yeni coin: Ew6kK6J9rW - analiz 40s sonra
06:37:52 INFO    [info] Yeni coin: FumYBgtrgU - analiz 40s sonra
06:37:53 INFO    [info] Yeni coin: EwMeyRU71Q - analiz 40s sonra
06:37:53 INFO    [info] Yeni coin: F7HZaDgHWc - analiz 40s sonra
06:37:53 INFO    [info] Yeni coin: 4t8Nf3MBzj - analiz 40s sonra
06:37:53 INFO    [info] Yeni coin: FHMN1S3rJ2 - analiz 40s sonra
06:37:54 INFO    [info] Yeni coin: 6fPBgBtjST - analiz 40s sonra
06:37:55 INFO    [info] Yeni coin: GTYfeCHDHN - analiz 40s sonra
06:37:55 INFO    [info] Yeni coin: DnDHHsuj6v - analiz 40s sonra
06:37:59 INFO    [info] Yeni coin: AqkvWywSU4 - analiz 40s sonra
06:38:06 INFO    [info] Yeni coin: 3JZT278pX8 - analiz 40s sonra
06:38:07 INFO    [info] Yeni coin: AoGW1DjFdo - analiz 40s sonra
06:38:07 INFO    [info] Yeni coin: HQ1PYaWfPC - analiz 40s sonra
06:38:08 INFO    [info] Yeni coin: 3Q9vr7yqMr - analiz 40s sonra
06:38:09 INFO    [info] Yeni coin: 9vWUSyuytK - analiz 40s sonra
06:38:09 WARNING RPC hiz limiti (429) - RPC_RPS dusurun veya plani yukseltin
06:38:15 INFO    [info] Yeni coin: A82A2kZCof - analiz 40s sonra
06:38:17 INFO    [info] Yeni coin: FmUyQh8a4a - analiz 40s sonra
06:38:23 INFO    [info] Yeni coin: 69HmHyGkHj - analiz 40s sonra
06:38:23 INFO    [info] Yeni coin: GeJzekMBdF - analiz 40s sonra
06:38:27 INFO    [info] Yeni coin: mE4HhiLupx - analiz 40s sonra
06:38:29 INFO    [info] Yeni coin: AJzd6Hx6eu - analiz 40s sonra
06:38:30 INFO    [info] Yeni coin: 5BUys1Q3p4 - analiz 40s sonra
06:38:32 WARNING RPC hiz limiti (429) - RPC_RPS dusurun veya plani yukseltin
06:38:33 INFO    [info] Yeni coin: 4ZCyL8Y5NU - analiz 40s sonra
06:38:33 INFO    [info] Yeni coin: 4SwN8eg7gH - analiz 40s sonra
06:38:34 INFO    [info] Yeni coin: 7c56PHNBLY - analiz 40s sonra
06:38:34 INFO    [info] Yeni coin: EXwMTN8qjT - analiz 40s sonra
06:38:34 INFO    [info] Yeni coin: 75w8W8z5kw - analiz 40s sonra
06:38:35 INFO    [info] Yeni coin: EXYzD4FKne - analiz 40s sonra
06:38:35 INFO    [info] Yeni coin: FZZCovHV47 - analiz 40s sonra
06:38:35 INFO    [info] Yeni coin: 43Tba3Defn - analiz 40s sonra
06:38:35 INFO    [info] Yeni coin: 96bjKJ9mjz - analiz 40s sonra
06:38:35 INFO    [info] Yeni coin: EcSSXfvCJV - analiz 40s sonra
06:38:36 INFO    [info] Yeni coin: GBEt8vcJxW - analiz 40s sonra
06:38:45 INFO    [warn] Takip edilen cuzdan yok - once skorlayip takibe alin
06:38:49 INFO    [info] Yeni coin: k3Ro6u5KNz - analiz 40s sonra
06:38:50 INFO    [info] Yeni coin: EhooJ1c6ZL - analiz 40s sonra
06:38:52 WARNING RPC hiz limiti (429) - RPC_RPS dusurun veya plani yukseltin
06:38:59 INFO    [info] Yeni coin: 6589eeVkdN - analiz 40s sonra
06:39:15 INFO    [info] Yeni coin: CCev8Zqia9 - analiz 40s sonra
06:39:15 WARNING RPC hiz limiti (429) - RPC_RPS dusurun veya plani yukseltin
06:39:26 INFO    [info] Yeni coin: EcqAcS5XpW - analiz 40s sonra
06:39:26 INFO    [info] Yeni coin: BujvgdKR89 - analiz 40s sonra
06:39:33 INFO    [info] Yeni coin: EYYEfupukK - analiz 40s sonra
06:39:39 INFO    [info] Yeni coin: 8okX9n4GJY - analiz 40s sonra
06:39:41 WARNING RPC hiz limiti (429) - RPC_RPS dusurun veya plani yukseltin
06:39:42 INFO    [info] Yeni coin: 3AbnNFxTnr - analiz 40s sonra
06:39:42 INFO    [info] Yeni coin: 495HEqcxb3 - analiz 40s sonra
06:39:46 INFO    [info] Yeni coin: C4ran5GEAi - analiz 40s sonra
06:39:47 INFO    [info] Yeni coin: FFRX5v76AU - analiz 40s sonra
06:39:47 INFO    [info] Yeni coin: 9s1cPGDZiA - analiz 40s sonra
06:39:47 INFO    [info] Yeni coin: dbFB3zKY4T - analiz 40s sonra
06:39:47 INFO    [info] Yeni coin: 7QWcdedguf - analiz 40s sonra
06:39:49 INFO    [info] Yeni coin: 5vTzYtcUMJ - analiz 40s sonra
06:39:56 INFO    [info] Yeni coin: CoLB5YqT6f - analiz 40s sonra
06:39:57 INFO    [info] Yeni coin: AjJoUEJD2C - analiz 40s sonra
06:39:58 INFO    [info] Yeni coin: peYDVGvLoY - analiz 40s sonra
06:40:00 INFO    [info] Yeni coin: 8tQTpwzemX - analiz 40s sonra
06:40:04 WARNING RPC hiz limiti (429) - RPC_RPS dusurun veya plani yukseltin
06:40:05 INFO    [info] Yeni coin: ADsGTjG26F - analiz 40s sonra
06:40:16 INFO    [info] Yeni coin: 7Z7v4tkjAR - analiz 40s sonra
06:40:18 INFO    [info] Yeni coin: 8r4hJiWqTD - analiz 40s sonra
06:40:19 INFO    [info] Yeni coin: HKpitkmgXx - analiz 40s sonra
06:40:20 INFO    [info] Yeni coin: 3uj1qQafVN - analiz 40s sonra
06:40:22 INFO    [info] Yeni coin: 5oKRkesoRK - analiz 40s sonra
06:40:28 INFO    [info] Yeni coin: 7LPeDFuqs3 - analiz 40s sonra
06:40:29 INFO    [info] Yeni coin: 5pZfEiNwGB - analiz 40s sonra
06:40:32 WARNING RPC hiz limiti (429) - RPC_RPS dusurun veya plani yukseltin
06:40:33 INFO    [info] Yeni coin: 2jHJsJfFNh - analiz 40s sonra
06:40:35 INFO    [info] Yeni coin: JBJqS1cFw6 - analiz 40s sonra
06:40:45 INFO    [warn] Takip edilen cuzdan yok - once skorlayip takibe alin
06:40:46 INFO    [info] Yeni coin: F1n4cSmBGa - analiz 40s sonra
06:40:53 INFO    [info] Yeni coin: DH7JbK8JGv - analiz 40s sonra
06:40:56 INFO    [info] Yeni coin: 6kTPJtZYye - analiz 40s sonra
06:41:00 INFO    [info] Yeni coin: HzpxxpMpPk - analiz 40s sonra
06:41:00 INFO    [info] Yeni coin: 6brPpsd14J - analiz 40s sonra
06:41:05 INFO    [info] Yeni coin: BdejYUkcF6 - analiz 40s sonra
06:41:09 INFO    [info] Yeni coin: AXjpkGoqFP - analiz 40s sonra
06:41:09 INFO    [info] Yeni coin: AgYcfb3Hhc - analiz 40s sonra
06:41:13 INFO    [info] Yeni coin: 3XRhLwWYzL - analiz 40s sonra
06:41:13 INFO    [info] Yeni coin: 6UpEWRTVXq - analiz 40s sonra
06:41:13 INFO    [info] Yeni coin: 9aGzr74ZfX - analiz 40s sonra
06:41:13 WARNING RPC hiz limiti (429) - RPC_RPS dusurun veya plani yukseltin
06:41:13 INFO    [info] Yeni coin: 5mBHC8r1aY - analiz 40s sonra
06:41:14 INFO    [info] Yeni coin: 3waJqxeSjP - analiz 40s sonra
06:41:15 INFO    [info] Yeni coin: YwgroGQVAo - analiz 40s sonra
06:41:17 INFO    [info] Yeni coin: EpmessHQ14 - analiz 40s sonra
06:41:19 INFO    [info] Yeni coin: 8F5Hkx6dCb - analiz 40s sonra
06:41:24 INFO    [info] Yeni coin: RKpXfbr2Zj - analiz 40s sonra
06:41:30 WARNING RPC hiz limiti (429) - RPC_RPS dusurun veya plani yukseltin
06:41:39 INFO    [info] Yeni coin: 14YM66zHD4 - analiz 40s sonra
06:41:40 INFO    [info] Yeni coin: ApqSbERc2E - analiz 40s sonra
06:41:40 INFO    [info] Yeni coin: EoZ5jDabzz - analiz 40s sonra
06:41:40 INFO    [info] Yeni coin: 9u8vwvBnVc - analiz 40s sonra
06:41:45 INFO    [info] Yeni coin: BpkH3durFN - analiz 40s sonra
06:41:52 INFO    [info] Yeni coin: 93Zd16dbQD - analiz 40s sonra
06:41:54 WARNING RPC hiz limiti (429) - RPC_RPS dusurun veya plani yukseltin
06:41:54 INFO    [info] Yeni coin: BtMjRznwxg - analiz 40s sonra
06:41:56 INFO    [info] Yeni coin: AaQ4MBePxA - analiz 40s sonra
06:41:56 INFO    [info] Yeni coin: 6cDsxbzu2F - analiz 40s sonra
06:41:59 INFO    [info] Yeni coin: 8Cc8WrXRrC - analiz 40s sonra
06:42:04 INFO    [info] Yeni coin: HNHGKoXGsy - analiz 40s sonra
06:42:05 INFO    [info] Yeni coin: 9h9cFpDZBT - analiz 40s sonra
06:42:09 INFO    [info] Yeni coin: HBi8HUPVS5 - analiz 40s sonra
06:42:09 INFO    [info] Yeni coin: 8LGMkUZ7wr - analiz 40s sonra
06:42:13 INFO    [info] Yeni coin: 5WbJooJq92 - analiz 40s sonra
06:42:23 INFO    [info] Yeni coin: 2Aj29PRaFS - analiz 40s sonra
06:42:23 INFO    [info] Yeni coin: 2bMfP2pTqx - analiz 40s sonra
06:42:23 INFO    [info] Yeni coin: HzDCby9X6M - analiz 40s sonra
06:42:23 WARNING RPC hiz limiti (429) - RPC_RPS dusurun veya plani yukseltin
06:42:25 INFO    [info] Yeni coin: 96GE3kAT4Q - analiz 40s sonra
06:42:32 INFO    [info] Yeni coin: 4FAKaYuLJS - analiz 40s sonra
06:42:33 INFO    [info] Yeni coin: HPz5GPVJfw - analiz 40s sonra
06:42:33 INFO    [info] Yeni coin: FrSJ6r9pGK - analiz 40s sonra
06:42:34 INFO    [info] Yeni coin: J3fyoP4ykD - analiz 40s sonra
06:42:40 INFO    [info] Yeni coin: Cmp22GHbg8 - analiz 40s sonra
06:42:43 INFO    [info] Yeni coin: HV3R6myEdF - analiz 40s sonra
06:42:45 INFO    [warn] Takip edilen cuzdan yok - once skorlayip takibe alin
06:42:49 INFO    [info] Yeni coin: BGwgK4ubsU - analiz 40s sonra
06:42:51 INFO    [info] Yeni coin: CPy3NKWkyJ - analiz 40s sonra
06:42:52 INFO    [info] Yeni coin: 5vcHN9DdxS - analiz 40s sonra
06:42:53 INFO    [info] Yeni coin: 7RuDdByyD5 - analiz 40s sonra
06:42:55 INFO    [info] Yeni coin: AuRXzdZMvt - analiz 40s sonra
06:42:56 INFO    [info] Yeni coin: 4nbcpBtPgY - analiz 40s sonra
06:42:56 INFO    [info] Yeni coin: AoJWrvzBDQ - analiz 40s sonra
06:42:56 INFO    [info] Yeni coin: 4tt8BAfnRy - analiz 40s sonra
06:43:09 INFO    [info] Yeni coin: HQcCSC6DJe - analiz 40s sonra
06:43:11 INFO    [info] Yeni coin: 7WXnWN7VyP - analiz 40s sonra
06:43:11 WARNING RPC hiz limiti (429) - RPC_RPS dusurun veya plani yukseltin
06:43:12 INFO    [info] Yeni coin: 6WX3nLkAdg - analiz 40s sonra
06:43:13 INFO    [info] Yeni coin: HQU1zWRur3 - analiz 40s sonra
06:43:13 INFO    [info] Yeni coin: GsYKDPQL3e - analiz 40s sonra
06:43:13 INFO    [info] Yeni coin: 2xD7aozDX5 - analiz 40s sonra
06:43:13 INFO    [info] Yeni coin: DxhVbUXguA - analiz 40s sonra
06:43:14 INFO    [info] Yeni coin: A6dqvTQdz9 - analiz 40s sonra
06:43:14 INFO    [info] Yeni coin: G6b3wqmzHT - analiz 40s sonra
06:43:18 INFO    [info] Yeni coin: ByQt7wRd33 - analiz 40s sonra
06:43:19 INFO    [info] Yeni coin: AHDtTUPKgc - analiz 40s sonra
06:43:21 INFO    [info] Yeni coin: 3fUnmNLfNf - analiz 40s sonra
06:43:22 INFO    [info] Yeni coin: G6SsX3Xsbm - analiz 40s sonra
06:43:22 INFO    [info] Yeni coin: 53bU4covQQ - analiz 40s sonra
06:43:23 INFO    [info] Yeni coin: 7GT7JhrwSf - analiz 40s sonra
06:43:26 INFO    [info] Yeni coin: 6qnAkBzba4 - analiz 40s sonra
06:43:27 INFO    [info] Yeni coin: FN2krvvTk7 - analiz 40s sonra
06:43:28 INFO    [info] Yeni coin: BxPPsrn6mY - analiz 40s sonra
06:43:31 INFO    [info] Yeni coin: 8n97uKdqx2 - analiz 40s sonra
06:43:31 INFO    [info] Yeni coin: 2WsKS7r6w6 - analiz 40s sonra
06:43:31 INFO    [info] Yeni coin: GagvzH3Tj4 - analiz 40s sonra
06:43:32 INFO    [info] Yeni coin: HDL2VrhKsy - analiz 40s sonra
06:43:32 INFO    [info] Yeni coin: 9c2Yg2Mzzf - analiz 40s sonra
06:43:34 WARNING RPC hiz limiti (429) - RPC_RPS dusurun veya plani yukseltin
06:43:39 INFO    [info] Yeni coin: HgyewV87NY - analiz 40s sonra
06:43:40 INFO    [info] Yeni coin: ByRNGtSWUk - analiz 40s sonra
06:43:50 INFO    [info] Yeni coin: 5Yebnz5e31 - analiz 40s sonra
06:43:51 INFO    [info] Yeni coin: 7RB6mpkUMi - analiz 40s sonra
06:43:55 INFO    [info] Yeni coin: 4rhHkCa5ab - analiz 40s sonra
06:44:02 INFO    [info] Yeni coin: B6qrGdV1KN - analiz 40s sonra
06:44:03 INFO    [info] Yeni coin: 9qQL83yaL7 - analiz 40s sonra
06:44:03 INFO    [info] Yeni coin: EmiYCmqiqK - analiz 40s sonra
06:44:04 INFO    [info] Yeni coin: 5CHefspoTk - analiz 40s sonra
06:44:04 INFO    [info] Yeni coin: EcZBH2xaZP - analiz 40s sonra
06:44:07 INFO    [info] Yeni coin: F71bQdLhHC - analiz 40s sonra
06:44:07 WARNING RPC hiz limiti (429) - RPC_RPS dusurun veya plani yukseltin
06:44:08 INFO    [info] Yeni coin: 43CGhEFKGq - analiz 40s sonra
06:44:15 INFO    [info] Yeni coin: 1viYCAD8ig - analiz 40s sonra
06:44:16 INFO    [info] Yeni coin: EcG4DUYReH - analiz 40s sonra
06:44:16 INFO    [info] Yeni coin: 5mJmKbhyg3 - analiz 40s sonra
06:44:17 INFO    [info] Yeni coin: FmrJmDvHFU - analiz 40s sonra
06:44:17 INFO    [info] Yeni coin: 2PqPrFGqVg - analiz 40s sonra
06:44:20 INFO    [info] Yeni coin: 76KHneej3H - analiz 40s sonra
06:44:27 INFO    [info] Yeni coin: 4BSSYtiKfY - analiz 40s sonra
06:44:29 INFO    [info] Yeni coin: FPZ39pATh5 - analiz 40s sonra
06:44:29 INFO    [info] Yeni coin: C9KegegTpx - analiz 40s sonra
06:44:32 WARNING RPC hiz limiti (429) - RPC_RPS dusurun veya plani yukseltin
06:44:33 INFO    [info] Yeni coin: 81LemFwK9v - analiz 40s sonra
06:44:33 INFO    [info] Yeni coin: 71fwnaUt9B - analiz 40s sonra
06:44:34 INFO    [info] Yeni coin: HnXmJ4sEhe - analiz 40s sonra
06:44:34 INFO    [info] Yeni coin: 4fLBduBe5T - analiz 40s sonra
06:44:45 INFO    [warn] Takip edilen cuzdan yok - once skorlayip takibe alin
06:44:45 INFO    [info] Yeni coin: CFqrAsjE5k - analiz 40s sonra
06:44:48 INFO    [info] Yeni coin: CzkR9qBZKk - analiz 40s sonra
06:44:50 INFO    [info] Yeni coin: ALhVqBuzL8 - analiz 40s sonra
06:44:50 INFO    [info] Yeni coin: HnSa1vqo3S - analiz 40s sonra
06:44:50 INFO    [info] Yeni coin: CBC4g9RfQx - analiz 40s sonra
06:44:51 INFO    [info] Yeni coin: 48riNPVjQa - analiz 40s sonra
06:44:52 INFO    [info] Yeni coin: 2HFnVM1ZBy - analiz 40s sonra
06:45:00 INFO    [info] Yeni coin: 7TijDthxNE - analiz 40s sonra
06:45:03 INFO    [info] Yeni coin: J5q8yHdnt3 - analiz 40s sonra
06:45:03 INFO    [info] Yeni coin: 3Pd4kXtopP - analiz 40s sonra
06:45:05 WARNING RPC hiz limiti (429) - RPC_RPS dusurun veya plani yukseltin
06:45:06 INFO    [info] Yeni coin: AHKquhYut9 - analiz 40s sonra
06:45:07 INFO    [info] Yeni coin: 4FQsvUTRtB - analiz 40s sonra
06:45:08 INFO    [info] Yeni coin: B4c36Shtv8 - analiz 40s sonra
06:45:09 INFO    [info] Yeni coin: 8wBqxBEg3d - analiz 40s sonra
06:45:10 INFO    [info] Yeni coin: 6AAfph8NgE - analiz 40s sonra
06:45:18 INFO    [info] Yeni coin: 5uFPt6bcP2 - analiz 40s sonra
06:45:19 INFO    [info] Yeni coin: 7SsaTadn2i - analiz 40s sonra
06:45:20 INFO    [info] Yeni coin: C5hmqF8eSN - analiz 40s sonra
06:45:20 INFO    [info] Yeni coin: AQamyNs4Fu - analiz 40s sonra
06:45:25 INFO    [info] Yeni coin: 6UaZPZfV4h - analiz 40s sonra
06:45:29 INFO    [info] Yeni coin: 6GxAw5GK7K - analiz 40s sonra
06:45:32 INFO    [info] Yeni coin: DV3EqW7AvM - analiz 40s sonra
06:45:34 INFO    [info] Yeni coin: 8PQYYApizg - analiz 40s sonra
06:45:37 INFO    [info] Yeni coin: A4pHWTyVXj - analiz 40s sonra
06:45:43 WARNING RPC hiz limiti (429) - RPC_RPS dusurun veya plani yukseltin
06:45:46 INFO    [info] Yeni coin: 8wDhq4457K - analiz 40s sonra
06:45:48 INFO    [info] Yeni coin: FXa9KDm2iY - analiz 40s sonra
06:45:49 INFO    [info] Yeni coin: 5ZABoSEovN - analiz 40s sonra
06:45:50 INFO    [info] Yeni coin: AQF1VmkGRX - analiz 40s sonra
06:45:52 INFO    [info] Yeni coin: 2TFh2H2Sut - analiz 40s sonra
06:45:56 INFO    [info] Yeni coin: DM9dVZrSZc - analiz 40s sonra
06:46:03 INFO    [info] Yeni coin: 6fyjfuMGkW - analiz 40s sonra
06:46:04 INFO    [info] Yeni coin: JCyR5Zwfav - analiz 40s sonra
06:46:04 INFO    [info] Yeni coin: 5KHmy7H3wC - analiz 40s sonra
06:46:04 INFO    [info] Yeni coin: CavAEuiAMK - analiz 40s sonra
06:46:05 INFO    [info] Yeni coin: 7GVmnKnwzf - analiz 40s sonra
06:46:06 INFO    [info] Yeni coin: 7UPD9t9d12 - analiz 40s sonra
06:46:07 INFO    [info] Yeni coin: AZ5emjvkdQ - analiz 40s sonra
06:46:07 INFO    [info] Yeni coin: G1YzQK4ESQ - analiz 40s sonra
06:46:08 INFO    [info] Yeni coin: EVxzNiiPja - analiz 40s sonra
06:46:08 INFO    [info] Yeni coin: 6GbpcKMub4 - analiz 40s sonra
06:46:08 WARNING RPC hiz limiti (429) - RPC_RPS dusurun veya plani yukseltin
06:46:09 INFO    [info] Yeni coin: ANc9p9qq2K - analiz 40s sonra
06:46:16 INFO    [info] Yeni coin: D3bTq4Fwwh - analiz 40s sonra
06:46:16 INFO    [info] Yeni coin: CpzDorbAj4 - analiz 40s sonra
06:46:17 INFO    [info] Yeni coin: 8nsA3pUGg5 - analiz 40s sonra
06:46:17 INFO    [info] Yeni coin: 44cYRc5JhU - analiz 40s sonra
06:46:18 INFO    [info] Yeni coin: 8wu1ytddPj - analiz 40s sonra
06:46:18 INFO    [info] Yeni coin: 3GFHjHzo26 - analiz 40s sonra
06:46:19 INFO    [info] Yeni coin: 6M2yWVTXp4 - analiz 40s sonra
06:46:19 INFO    [info] Yeni coin: 7i8WRXUWLR - analiz 40s sonra
06:46:22 INFO    [info] Yeni coin: 7pioLw7pRf - analiz 40s sonra
06:46:22 INFO    [info] Yeni coin: FaJkAtoN6R - analiz 40s sonra
06:46:25 INFO    [info] Yeni coin: 4LgY9ZFGak - analiz 40s sonra
06:46:25 WARNING RPC hiz limiti (429) - RPC_RPS dusurun veya plani yukseltin
06:46:26 INFO    [info] Yeni coin: 2gM1m4L9JU - analiz 40s sonra
06:46:28 INFO    [info] Yeni coin: 8bWiPjUwqf - analiz 40s sonra
06:46:28 INFO    [info] Yeni coin: ENbLj7cB6P - analiz 40s sonra
06:46:30 INFO    [info] Yeni coin: EjEBSYEs1P - analiz 40s sonra
06:46:42 INFO    [info] Yeni coin: 5aVah2n33H - analiz 40s sonra
06:46:43 INFO    [info] Yeni coin: 5qbuaiZ43p - analiz 40s sonra
06:46:45 INFO    [info] Yeni coin: HLpBnAyvqC - analiz 40s sonra
06:46:45 INFO    [warn] Takip edilen cuzdan yok - once skorlayip takibe alin
06:46:46 INFO    [info] Yeni coin: G72DrRv9Na - analiz 40s sonra
06:46:53 INFO    [info] Yeni coin: BRCXcgKR11 - analiz 40s sonra
06:46:56 WARNING RPC hiz limiti (429) - RPC_RPS dusurun veya plani yukseltin
06:46:59 INFO    [info] Yeni coin: 5XDgVVFWka - analiz 40s sonra
06:47:01 INFO    [info] Yeni coin: 6sJb63fbnQ - analiz 40s sonra
06:47:02 INFO    [info] Yeni coin: 5ieLL3Vqen - analiz 40s sonra
06:47:03 INFO    [info] Yeni coin: DeXTUp4ojZ - analiz 40s sonra
06:47:04 INFO    [info] Yeni coin: 69mExVFFJu - analiz 40s sonra
06:47:05 INFO    [info] Yeni coin: Ah6563SUXz - analiz 40s sonra
06:47:06 INFO    [info] Yeni coin: VpdZKNwsMW - analiz 40s sonra
06:47:07 INFO    [info] Yeni coin: 68aSDkGay8 - analiz 40s sonra
06:47:11 INFO    [info] Yeni coin: HRLjczXYXP - analiz 40s sonra
06:47:11 INFO    [info] Yeni coin: 3gp6XVBWei - analiz 40s sonra
06:47:12 INFO    [info] Yeni coin: A2qzWgJbBj - analiz 40s sonra
06:47:12 INFO    [info] Yeni coin: Dq7Kxj6pk7 - analiz 40s sonra
06:47:12 INFO    [info] Yeni coin: 86kUHTNC5q - analiz 40s sonra
06:47:12 INFO    [info] Yeni coin: Ft9SNGXt29 - analiz 40s sonra
06:47:23 INFO    [info] Yeni coin: 3a9REaTz4f - analiz 40s sonra
06:47:24 WARNING RPC hiz limiti (429) - RPC_RPS dusurun veya plani yukseltin
06:47:24 INFO    [info] Yeni coin: 2ehWuoseAx - analiz 40s sonra
06:47:26 INFO    [info] Yeni coin: 2ACU9csmY5 - analiz 40s sonra
06:47:28 INFO    [info] Yeni coin: 7N6U2Lhpz4 - analiz 40s sonra
06:47:28 INFO    [info] Yeni coin: JD3ts59nF9 - analiz 40s sonra
06:47:48 WARNING RPC hiz limiti (429) - RPC_RPS dusurun veya plani yukseltin
06:47:49 INFO    [info] Yeni coin: GteDgxfnQF - analiz 40s sonra
06:47:50 INFO    [info] Yeni coin: E8AKEHMpa6 - analiz 40s sonra
06:47:50 INFO    [info] Yeni coin: jitodontfr - analiz 40s sonra
06:47:52 INFO    [info] Yeni coin: PmBSnE7J3L - analiz 40s sonra
06:47:52 INFO    [info] Yeni coin: DhtYkMjDgs - analiz 40s sonra
06:47:53 INFO    [info] Yeni coin: DE7n2KWzni - analiz 40s sonra
06:47:56 INFO    [info] Yeni coin: VzkFzwtefz - analiz 40s sonra
06:47:58 INFO    [info] Yeni coin: CAgMwuU8Fr - analiz 40s sonra
06:48:06 INFO    [info] Yeni coin: G9xckU2mnY - analiz 40s sonra
06:48:06 INFO    [info] Yeni coin: CqpbBA8oTH - analiz 40s sonra
06:48:06 WARNING RPC hiz limiti (429) - RPC_RPS dusurun veya plani yukseltin
06:48:08 INFO    [info] Yeni coin: HmcKwV3wwG - analiz 40s sonra
06:48:21 INFO    [info] Yeni coin: 67S42YfENV - analiz 40s sonra
06:48:26 INFO    [info] Yeni coin: AxaBbQAX2a - analiz 40s sonra
06:48:28 INFO    [info] Yeni coin: B9qTmYQLCc - analiz 40s sonra
06:48:30 INFO    [info] Yeni coin: 2LciP7vvd9 - analiz 40s sonra
06:48:33 WARNING RPC hiz limiti (429) - RPC_RPS dusurun veya plani yukseltin
06:48:36 INFO    [info] Yeni coin: 5T34DHXXQ7 - analiz 40s sonra
06:48:43 INFO    [info] Yeni coin: AaW1vDph2e - analiz 40s sonra
06:48:43 INFO    [info] Yeni coin: J992oWsfEB - analiz 40s sonra
06:48:45 INFO    [warn] Takip edilen cuzdan yok - once skorlayip takibe alin
06:48:51 INFO    [info] Yeni coin: 6u8Bfkjgmj - analiz 40s sonra
06:48:56 INFO    [info] Yeni coin: F42J16beUm - analiz 40s sonra
06:48:57 INFO    [info] Yeni coin: 3JJfk2NkSm - analiz 40s sonra
06:48:58 INFO    [info] Yeni coin: GuM3HFtYyZ - analiz 40s sonra
06:48:58 INFO    [info] Yeni coin: 9qECqpoXsx - analiz 40s sonra
06:48:59 INFO    [info] Yeni coin: EzCsfuRatd - analiz 40s sonra
06:48:59 INFO    [info] Yeni coin: 4gTJBVVfQo - analiz 40s sonra
06:49:00 INFO    [info] Yeni coin: 9vTRYU56Mh - analiz 40s sonra
06:49:01 WARNING RPC hiz limiti (429) - RPC_RPS dusurun veya plani yukseltin
06:49:02 INFO    [info] Yeni coin: 9YXBKm4yYV - analiz 40s sonra
06:49:03 INFO    [info] Yeni coin: AC1Wy8H2Zk - analiz 40s sonra
06:49:04 INFO    [info] Yeni coin: AEp9SXGqHE - analiz 40s sonra
06:49:07 INFO    [info] Yeni coin: 3pj1p8BHn7 - analiz 40s sonra
06:49:08 INFO    [info] Yeni coin: 5EeVTXjShu - analiz 40s sonra
06:49:21 INFO    [info] Yeni coin: HTcuGSx63x - analiz 40s sonra
06:49:22 WARNING RPC hiz limiti (429) - RPC_RPS dusurun veya plani yukseltin
06:49:22 INFO    [info] Yeni coin: ETo8gtot9Q - analiz 40s sonra
06:49:25 INFO    [info] Yeni coin: 2EU3no4MNN - analiz 40s sonra
06:49:28 INFO    [info] Yeni coin: 6eU7Y63AZu - analiz 40s sonra
06:49:42 INFO    [info] Yeni coin: 5p1Wx5SbV2 - analiz 40s sonra
06:50:04 WARNING RPC hiz limiti (429) - RPC_RPS dusurun veya plani yukseltin
06:50:07 INFO    [info] Yeni coin: C1dkDTyDmg - analiz 40s sonra
06:50:09 INFO    [info] Yeni coin: DMHcv3srii - analiz 40s sonra
06:50:09 INFO    [info] Yeni coin: DbZqsdYXxD - analiz 40s sonra
06:50:15 INFO    [info] Yeni coin: HvSGpenqfP - analiz 40s sonra
06:50:19 INFO    [info] Yeni coin: Dy9bzarzqa - analiz 40s sonra
06:50:19 INFO    [info] Yeni coin: 2Bn7Bt1Tnt - analiz 40s sonra
06:50:21 INFO    [info] Yeni coin: GQNyFQBqJz - analiz 40s sonra
06:50:22 INFO    [info] Yeni coin: C68utKFNkt - analiz 40s sonra
06:50:24 INFO    [info] Yeni coin: 7UmZLtBwcy - analiz 40s sonra
06:50:25 WARNING RPC hiz limiti (429) - RPC_RPS dusurun veya plani yukseltin
06:50:27 INFO    [info] Yeni coin: 5N7cQL8Z5D - analiz 40s sonra
06:50:27 INFO    [info] Yeni coin: 5yN4vaZqjv - analiz 40s sonra
06:50:32 INFO    [info] Yeni coin: AATQQcUu1D - analiz 40s sonra
06:50:37 INFO    [info] Yeni coin: 5e8So2Hwk5 - analiz 40s sonra
06:50:38 INFO    [info] Yeni coin: GMtcytFv7k - analiz 40s sonra
06:50:39 INFO    [info] Yeni coin: 83BmmkVUxj - analiz 40s sonra
06:50:39 INFO    [info] Yeni coin: BGqb5rHeyn - analiz 40s sonra
06:50:39 INFO    [info] Yeni coin: AQ457Jdt3z - analiz 40s sonra
06:50:40 INFO    [info] Yeni coin: 5nX4Xegw8m - analiz 40s sonra
06:50:41 INFO    [info] Yeni coin: BYfRJ1N751 - analiz 40s sonra
06:50:41 INFO    [info] Yeni coin: GuryiH5YPR - analiz 40s sonra
06:50:45 INFO    [warn] Takip edilen cuzdan yok - once skorlayip takibe alin
06:50:51 INFO    [info] Yeni coin: 9upVCJsLAZ - analiz 40s sonra
06:50:55 INFO    [info] Yeni coin: Bbq63ts8Vu - analiz 40s sonra
06:50:57 WARNING RPC hiz limiti (429) - RPC_RPS dusurun veya plani yukseltin
06:51:00 INFO    [info] Yeni coin: FvPHwQVWyj - analiz 40s sonra
06:51:03 INFO    [info] Yeni coin: CbmYTKrhWK - analiz 40s sonra
06:51:03 INFO    [info] Yeni coin: G8qSC5z7VX - analiz 40s sonra
06:51:05 INFO    [info] Yeni coin: ALmJEoGBzX - analiz 40s sonra
06:51:09 INFO    [info] Yeni coin: 8sok2h4jCg - analiz 40s sonra
06:51:10 INFO    [info] Yeni coin: 9tyaR7yhug - analiz 40s sonra
06:51:19 INFO    [info] Yeni coin: 4gVmhgRCFX - analiz 40s sonra
06:51:21 INFO    [info] Yeni coin: ASYuYgSkYA - analiz 40s sonra
06:51:21 WARNING RPC hiz limiti (429) - RPC_RPS dusurun veya plani yukseltin
06:51:21 INFO    [info] Yeni coin: GQSrevjB5r - analiz 40s sonra
06:51:30 INFO    [info] Yeni coin: By65SHjGMm - analiz 40s sonra
06:51:32 INFO    [info] Yeni coin: 6VYBNGK4Ho - analiz 40s sonra
06:51:43 INFO    [info] Yeni coin: Acg2pRkRjv - analiz 40s sonra
06:51:50 INFO    [info] Yeni coin: GomdvqHrZh - analiz 40s sonra
06:51:50 INFO    [info] Yeni coin: BjB9BZakTQ - analiz 40s sonra
06:51:51 WARNING RPC hiz limiti (429) - RPC_RPS dusurun veya plani yukseltin
06:52:00 INFO    [info] Yeni coin: EFqF79s3iZ - analiz 40s sonra
06:52:00 INFO    [info] Yeni coin: EDuzZMMGed - analiz 40s sonra
06:52:02 INFO    [info] Yeni coin: HpMh3h3jW8 - analiz 40s sonra
06:52:06 INFO    [info] Yeni coin: FLcMhh6qms - analiz 40s sonra
06:52:10 INFO    [info] Yeni coin: 5zgWYQ5XqK - analiz 40s sonra
06:52:11 INFO    [info] Yeni coin: 6z5P9D7uUC - analiz 40s sonra
06:52:12 INFO    [info] Yeni coin: GGuSFxdoKu - analiz 40s sonra
06:52:13 INFO    [info] Yeni coin: 6arNG8HTh6 - analiz 40s sonra
06:52:13 INFO    [info] Yeni coin: HstucXGiXd - analiz 40s sonra
06:52:13 INFO    [info] Yeni coin: BBmHJYr9qr - analiz 40s sonra
06:52:14 INFO    [info] Yeni coin: FgXkYZr7qW - analiz 40s sonra
06:52:14 WARNING RPC hiz limiti (429) - RPC_RPS dusurun veya plani yukseltin
06:52:15 INFO    [info] Yeni coin: 3xJaK4FSeq - analiz 40s sonra
06:52:17 INFO    [info] Yeni coin: 8YCpgZCyQF - analiz 40s sonra
06:52:25 INFO    [info] Yeni coin: 8CzngLoYLR - analiz 40s sonra
06:52:28 INFO    [info] Yeni coin: DTnUjrZuTQ - analiz 40s sonra
06:52:28 INFO    [info] Yeni coin: 6xJc5tusbW - analiz 40s sonra
06:52:36 INFO    [info] Yeni coin: AX8ibSmZr8 - analiz 40s sonra
06:52:36 INFO    [info] Yeni coin: DCvQAERFqb - analiz 40s sonra
06:52:36 INFO    [info] Yeni coin: 6GRUn1e1rN - analiz 40s sonra
06:52:36 INFO    [info] Yeni coin: CM33TzKWYQ - analiz 40s sonra
06:52:37 INFO    [info] Yeni coin: 8Yh3n5TZQx - analiz 40s sonra
06:52:38 INFO    [info] Yeni coin: 9bvRFyjyUV - analiz 40s sonra
06:52:40 INFO    [info] Yeni coin: 2RJuGKoxot - analiz 40s sonra
06:52:41 INFO    [info] Yeni coin: B5dfUAHC11 - analiz 40s sonra
06:52:41 INFO    [info] Yeni coin: DuMsmd9p9v - analiz 40s sonra
06:52:41 INFO    [info] Yeni coin: FDNcANjpN3 - analiz 40s sonra
06:52:41 INFO    [info] Yeni coin: EbyDiHisRr - analiz 40s sonra
06:52:41 INFO    [info] Yeni coin: 5nMis7E9Kc - analiz 40s sonra
06:52:44 INFO    [info] Yeni coin: BUk8YwthEk - analiz 40s sonra
06:52:45 INFO    [warn] Takip edilen cuzdan yok - once skorlayip takibe alin
06:52:46 INFO    [info] Yeni coin: 2rmt9A5u5n - analiz 40s sonra
06:52:46 WARNING RPC hiz limiti (429) - RPC_RPS dusurun veya plani yukseltin
06:52:48 INFO    [info] Yeni coin: AmuRHRB19N - analiz 40s sonra
06:52:52 INFO    [info] Yeni coin: CzofEaVuH7 - analiz 40s sonra
06:52:56 INFO    [info] Yeni coin: 6EqF4cizya - analiz 40s sonra
06:53:00 INFO    [info] Yeni coin: 2z2B5Zoz16 - analiz 40s sonra
06:53:02 INFO    [info] Yeni coin: KX3Y2AFKqU - analiz 40s sonra
06:53:03 INFO    [info] Yeni coin: ANtYiiyBnw - analiz 40s sonra
06:53:05 INFO    [info] Yeni coin: CaXwNXXHbb - analiz 40s sonra
06:53:10 WARNING RPC hiz limiti (429) - RPC_RPS dusurun veya plani yukseltin
06:53:10 INFO    [info] Yeni coin: 3WmWVtqicZ - analiz 40s sonra
06:53:15 INFO    [info] Yeni coin: 4fYgkvZGZN - analiz 40s sonra
06:53:16 INFO    [info] Yeni coin: 3ftf8tVajC - analiz 40s sonra
06:53:19 INFO    [info] Yeni coin: 2gxjg7qJ63 - analiz 40s sonra
06:53:19 INFO    [info] Yeni coin: 7FUyGSXwmt - analiz 40s sonra
06:53:20 INFO    [info] Yeni coin: FCgK6QpjpY - analiz 40s sonra
06:53:24 INFO    [info] Yeni coin: 2qaHomMGJR - analiz 40s sonra
06:53:30 WARNING RPC hiz limiti (429) - RPC_RPS dusurun veya plani yukseltin
06:53:31 INFO    [info] Yeni coin: DxYykSi1Yp - analiz 40s sonra
06:53:32 INFO    [info] Yeni coin: 65Skv4UotR - analiz 40s sonra
06:53:32 INFO    [info] Yeni coin: 2nkjgdsWqZ - analiz 40s sonra
06:53:32 INFO    [info] Yeni coin: HdV1p18X3t - analiz 40s sonra
06:53:32 INFO    [info] Yeni coin: GZnSGR8ZBL - analiz 40s sonra
06:53:35 INFO    [info] Yeni coin: 3YFu5s6ykN - analiz 40s sonra
06:53:35 INFO    [info] Yeni coin: EHTJSJ97kD - analiz 40s sonra
06:53:38 INFO    [info] Yeni coin: 4Z2Ljbuqjk - analiz 40s sonra
06:53:38 INFO    [info] Yeni coin: 78uitkKwBs - analiz 40s sonra
06:53:43 INFO    [info] Yeni coin: HeEjt2miMj - analiz 40s sonra
06:53:44 INFO    [info] Yeni coin: 9LLpZ3dzpM - analiz 40s sonra
06:53:44 INFO    [info] Yeni coin: FKtmNKzeEZ - analiz 40s sonra
06:53:48 INFO    [info] Yeni coin: AqPPmePNxx - analiz 40s sonra
06:53:49 INFO    [info] Yeni coin: 48W3JbgiRp - analiz 40s sonra
06:53:49 INFO    [info] Yeni coin: 5qqncVceAj - analiz 40s sonra
06:53:51 WARNING RPC hiz limiti (429) - RPC_RPS dusurun veya plani yukseltin
06:53:51 INFO    [info] Yeni coin: 7a7fWtwFuD - analiz 40s sonra
06:53:57 INFO    [info] Yeni coin: paXhSHYYnF - analiz 40s sonra
06:53:58 INFO    [info] Yeni coin: Gyyhe41z2u - analiz 40s sonra
06:53:59 INFO    [info] Yeni coin: FacqfxvMjB - analiz 40s sonra
06:54:03 INFO    [info] Yeni coin: GBuoZGsdWa - analiz 40s sonra
06:54:04 INFO    [info] Yeni coin: 91VCMcswFB - analiz 40s sonra
06:54:04 INFO    [info] Yeni coin: 4FGAReSNYd - analiz 40s sonra
06:54:07 WARNING RPC hiz limiti (429) - RPC_RPS dusurun veya plani yukseltin
06:54:09 INFO    [info] Yeni coin: 959ALfm7sy - analiz 40s sonra
06:54:09 INFO    [info] Yeni coin: DCBFCtg7Kk - analiz 40s sonra
06:54:11 INFO    [info] Yeni coin: G2tGErngqG - analiz 40s sonra
06:54:11 INFO    [info] Yeni coin: HucmoXLnkm - analiz 40s sonra
06:54:12 INFO    [info] Yeni coin: 9uBufkjdPk - analiz 40s sonra
06:54:23 INFO    [info] Yeni coin: 7qUEFazciZ - analiz 40s sonra
06:54:23 INFO    [info] Yeni coin: CCibJJrqNC - analiz 40s sonra
06:54:23 INFO    [info] Yeni coin: 2npbWRPZU2 - analiz 40s sonra
06:54:24 INFO    [info] Yeni coin: 67et4upKUp - analiz 40s sonra
06:54:25 INFO    [info] Yeni coin: 6vSr3KTYMk - analiz 40s sonra
06:54:26 INFO    [info] Yeni coin: DLVP2Nc9PN - analiz 40s sonra
06:54:26 INFO    [info] Yeni coin: FMiLtHghoD - analiz 40s sonra
06:54:26 INFO    [info] Yeni coin: 8gtrtjuytM - analiz 40s sonra
06:54:31 INFO    [info] Yeni coin: AVDpDofAhv - analiz 40s sonra
06:54:32 INFO    [info] Yeni coin: BXB6dScEu5 - analiz 40s sonra
06:54:35 WARNING RPC hiz limiti (429) - RPC_RPS dusurun veya plani yukseltin
06:54:37 INFO    [info] Yeni coin: ErpidTxDAb - analiz 40s sonra
06:54:37 INFO    [info] Yeni coin: GNj4V39RRk - analiz 40s sonra
06:54:41 INFO    [info] Yeni coin: 2VyZ6VoLxr - analiz 40s sonra
06:54:43 INFO    [info] Yeni coin: Dv6EZA5SPK - analiz 40s sonra
06:54:45 INFO    [info] Yeni coin: 8C5jCT5GCf - analiz 40s sonra
06:54:45 INFO    [info] Yeni coin: Zf4yTdmxHW - analiz 40s sonra
06:54:45 INFO    [warn] Takip edilen cuzdan yok - once skorlayip takibe alin
06:54:46 INFO    [info] Yeni coin: 3w3vAr7oiR - analiz 40s sonra
06:54:47 INFO    [info] Yeni coin: HpynxbEabR - analiz 40s sonra
06:54:47 INFO    [info] Yeni coin: 9AEa1zy9pH - analiz 40s sonra
06:55:00 INFO    [info] Yeni coin: 5mF37RwEuz - analiz 40s sonra
06:55:02 INFO    [info] Yeni coin: 6SjFnHwrGE - analiz 40s sonra
06:55:02 WARNING RPC hiz limiti (429) - RPC_RPS dusurun veya plani yukseltin
06:55:03 INFO    [info] Yeni coin: HA18be3PQN - analiz 40s sonra
06:55:07 INFO    [info] Yeni coin: EcHDMBh1Wt - analiz 40s sonra
06:55:07 INFO    [info] Yeni coin: DbcRPmz937 - analiz 40s sonra
06:55:08 INFO    [info] Yeni coin: 3T3WuoLbnV - analiz 40s sonra
06:55:09 INFO    [info] Yeni coin: FTKXF1xjXT - analiz 40s sonra
06:55:10 INFO    [info] Yeni coin: DJUWpiAB3V - analiz 40s sonra
06:55:10 INFO    [info] Yeni coin: guAjjcbgAV - analiz 40s sonra
06:55:23 WARNING RPC hiz limiti (429) - RPC_RPS dusurun veya plani yukseltin
06:55:24 INFO    [info] Yeni coin: CHHfTnzNfz - analiz 40s sonra
06:55:31 INFO    [info] Yeni coin: E5jbFk8Vrt - analiz 40s sonra
06:55:33 INFO    [info] Yeni coin: 5wYquoisvp - analiz 40s sonra
06:55:33 INFO    [info] Yeni coin: DHTNvHNQ68 - analiz 40s sonra
06:55:37 INFO    [info] Yeni coin: Ex8YnZcKrD - analiz 40s sonra
06:55:41 INFO    [info] Yeni coin: HNDSGukKtD - analiz 40s sonra
06:55:41 INFO    [info] Yeni coin: H7UT5HNdC5 - analiz 40s sonra
06:55:42 INFO    [info] Yeni coin: 6457yq8jyt - analiz 40s sonra
06:55:43 INFO    [info] Yeni coin: 6hn35CEpuC - analiz 40s sonra
06:55:46 INFO    [info] Yeni coin: D4479EdLSS - analiz 40s sonra
06:55:47 INFO    [info] Yeni coin: ESb5PHJSjR - analiz 40s sonra
06:55:48 INFO    [info] Yeni coin: 4ueoShgkKJ - analiz 40s sonra
06:55:52 INFO    [info] Yeni coin: 6Bpkh3f691 - analiz 40s sonra
06:55:54 WARNING RPC hiz limiti (429) - RPC_RPS dusurun veya plani yukseltin
06:55:55 INFO    [info] Yeni coin: DbuJkPKeKY - analiz 40s sonra
06:55:55 INFO    [info] Yeni coin: 3zyANh3qcJ - analiz 40s sonra
06:55:58 INFO    [info] Yeni coin: 74Fu7fmpHN - analiz 40s sonra
06:55:58 INFO    [info] Yeni coin: EF8hhQzG1L - analiz 40s sonra
06:55:59 INFO    [info] Yeni coin: A6mi4mS4Ke - analiz 40s sonra
06:56:02 INFO    [info] Yeni coin: 4iif9TofdJ - analiz 40s sonra
06:56:06 INFO    [info] Yeni coin: 596Q2pbr8h - analiz 40s sonra
06:56:07 INFO    [info] Yeni coin: 6ne9f1Rzcc - analiz 40s sonra
06:56:09 INFO    [info] Yeni coin: 3T28hBLrWe - analiz 40s sonra
06:56:09 INFO    [info] Yeni coin: AcvsnUD2i8 - analiz 40s sonra
06:56:21 INFO    [info] Yeni coin: Dz4BzJ2oqB - analiz 40s sonra
06:56:23 INFO    [info] Yeni coin: 2GDTUpdCnY - analiz 40s sonra
06:56:25 WARNING RPC hiz limiti (429) - RPC_RPS dusurun veya plani yukseltin
06:56:27 INFO    [info] Yeni coin: GQyCF5gFKq - analiz 40s sonra
06:56:27 INFO    [info] Yeni coin: 5d4k5Nupyj - analiz 40s sonra
06:56:31 INFO    [info] Yeni coin: B4Fo4V6wdj - analiz 40s sonra
06:56:31 INFO    [info] Yeni coin: H3msnW2q79 - analiz 40s sonra
06:56:31 INFO    [info] Yeni coin: D3H1Hphs46 - analiz 40s sonra
06:56:32 INFO    [info] Yeni coin: 9T8tUxUthy - analiz 40s sonra
06:56:32 INFO    [info] Yeni coin: Awr6A6WZzL - analiz 40s sonra
06:56:32 INFO    [info] Yeni coin: BR35dV5Zeu - analiz 40s sonra
06:56:33 INFO    [info] Yeni coin: 7eEQ5u39xK - analiz 40s sonra
06:56:33 INFO    [info] Yeni coin: EjYRQW1iLg - analiz 40s sonra
06:56:33 INFO    [info] Yeni coin: 5Z3knKBKfN - analiz 40s sonra
06:56:34 INFO    [info] Yeni coin: 5kLfmLRGjF - analiz 40s sonra
06:56:34 INFO    [info] Yeni coin: 4WqjmnAt2U - analiz 40s sonra
06:56:43 INFO    [info] Yeni coin: 2NPJkeqXAa - analiz 40s sonra
06:56:45 INFO    [warn] Takip edilen cuzdan yok - once skorlayip takibe alin
06:56:49 INFO    [info] Yeni coin: 9VkNguFBEW - analiz 40s sonra
06:56:49 INFO    [info] Yeni coin: DbSSRThCSA - analiz 40s sonra
06:56:50 INFO    [info] Yeni coin: 7HmLq6QgqJ - analiz 40s sonra
06:56:52 INFO    [info] Yeni coin: 571AmQKV3B - analiz 40s sonra
06:56:52 INFO    [info] Yeni coin: FLXM3yCHTK - analiz 40s sonra
06:56:52 INFO    [info] Yeni coin: 3nSPhwMMJh - analiz 40s sonra
06:56:52 INFO    [info] Yeni coin: DBX5AUr9iQ - analiz 40s sonra
06:56:53 INFO    [info] Yeni coin: 2EbJPCjwPc - analiz 40s sonra
06:56:53 INFO    [info] Yeni coin: FdXedDsDod - analiz 40s sonra
06:57:08 WARNING RPC hiz limiti (429) - RPC_RPS dusurun veya plani yukseltin
06:57:16 INFO    [info] Yeni coin: 5DbJSmCfRM - analiz 40s sonra
06:57:21 INFO    [info] Yeni coin: NMxxv6BSrT - analiz 40s sonra
06:57:22 INFO    [info] Yeni coin: 5mEW8VqNMf - analiz 40s sonra
06:57:24 INFO    [info] Yeni coin: 7gzCdzo9AL - analiz 40s sonra
06:57:27 INFO    [info] Yeni coin: 6JE1Cq8pG2 - analiz 40s sonra
06:57:27 WARNING RPC hiz limiti (429) - RPC_RPS dusurun veya plani yukseltin
06:57:28 INFO    [info] Yeni coin: 4ceA2LFvV9 - analiz 40s sonra
06:57:30 INFO    [info] Yeni coin: 3oKiFSmDEc - analiz 40s sonra
06:57:31 INFO    [info] Yeni coin: B7NtUNaZcD - analiz 40s sonra
06:57:36 INFO    [info] Yeni coin: 9PcXt7TXmJ - analiz 40s sonra
06:57:36 INFO    [info] Yeni coin: 7AxL1vUEmL - analiz 40s sonra
06:57:37 INFO    [info] Yeni coin: C5AxJSRkB7 - analiz 40s sonra
06:57:45 INFO    [info] Yeni coin: 6GVDaxTSpf - analiz 40s sonra
06:57:49 INFO    [info] Yeni coin: B6DmN5vfhk - analiz 40s sonra
06:57:51 INFO    [info] Yeni coin: BmhPXcTyvf - analiz 40s sonra
06:57:51 INFO    [info] Yeni coin: APWFcAg3L6 - analiz 40s sonra
06:58:03 INFO    [info] Yeni coin: Eu6HSSVdxN - analiz 40s sonra
06:58:13 INFO    [info] Yeni coin: E4rrov6xff - analiz 40s sonra
06:58:16 INFO    [info] Yeni coin: 9uXHBwoDbP - analiz 40s sonra
06:58:19 INFO    [info] Yeni coin: CzSuVUq72z - analiz 40s sonra
06:58:20 INFO    [info] Yeni coin: Dg6HFFirUX - analiz 40s sonra
06:58:25 INFO    [info] Yeni coin: B4wo6DoqEj - analiz 40s sonra
06:58:26 WARNING RPC hiz limiti (429) - RPC_RPS dusurun veya plani yukseltin
06:58:27 INFO    [info] Yeni coin: Dwo31q8MJK - analiz 40s sonra
06:58:28 INFO    [info] Yeni coin: Epz9jyXjKB - analiz 40s sonra
06:58:35 INFO    [info] Yeni coin: 724U8JRS32 - analiz 40s sonra
06:58:37 INFO    [info] Yeni coin: D12WrA89gV - analiz 40s sonra
06:58:45 INFO    [warn] Takip edilen cuzdan yok - once skorlayip takibe alin
06:58:45 INFO    [info] Yeni coin: ABRvq4oGyf - analiz 40s sonra
06:58:46 INFO    [info] Yeni coin: 7tm48DW2xe - analiz 40s sonra
06:58:52 INFO    [info] Yeni coin: CpCoL4ZeGE - analiz 40s sonra
06:58:53 INFO    [info] Yeni coin: 3atztpu6dD - analiz 40s sonra
06:58:54 INFO    [info] Yeni coin: Bdh7nhQhdK - analiz 40s sonra
06:58:54 WARNING RPC hiz limiti (429) - RPC_RPS dusurun veya plani yukseltin
06:58:57 INFO    [info] Yeni coin: 84PLdWXHs3 - analiz 40s sonra
06:59:02 INFO    [info] Yeni coin: DTPANsmzwS - analiz 40s sonra
06:59:02 INFO    [info] Yeni coin: oqRRJPGXCs - analiz 40s sonra
06:59:05 INFO    [info] Yeni coin: G95itzKS8G - analiz 40s sonra
06:59:06 INFO    [info] Yeni coin: DWApFm8ULe - analiz 40s sonra
06:59:14 INFO    [info] Yeni coin: DS4sbvFh2J - analiz 40s sonra
06:59:17 INFO    [info] Yeni coin: 5sNvdUC8vr - analiz 40s sonra
06:59:23 WARNING RPC hiz limiti (429) - RPC_RPS dusurun veya plani yukseltin
06:59:32 INFO    [info] Yeni coin: HzFh4juGem - analiz 40s sonra
06:59:37 INFO    [info] Yeni coin: 29nVNmpfaL - analiz 40s sonra
06:59:40 INFO    [info] Yeni coin: 7KWfUrK2aK - analiz 40s sonra
06:59:47 INFO    [info] Yeni coin: B4yKSY1qg2 - analiz 40s sonra
06:59:49 WARNING RPC hiz limiti (429) - RPC_RPS dusurun veya plani yukseltin
06:59:49 INFO    [info] Yeni coin: 3zdmiTTs1Q - analiz 40s sonra
06:59:51 INFO    [info] Yeni coin: 29HTMUJ5Jh - analiz 40s sonra
06:59:57 INFO    [info] Yeni coin: Adi2B6CGzH - analiz 40s sonra
07:00:02 INFO    [info] Yeni coin: DTPTwAqZKv - analiz 40s sonra
07:00:03 INFO    [info] Yeni coin: AjY5Z4XiKN - analiz 40s sonra
07:00:03 INFO    [info] Yeni coin: 4x62cVNST4 - analiz 40s sonra
07:00:06 INFO    [info] Yeni coin: AQXRY1jjjk - analiz 40s sonra
07:00:09 INFO    [info] Yeni coin: 3UBbyoh4wd - analiz 40s sonra
07:00:09 INFO    [info] Yeni coin: 6J61CJC4CC - analiz 40s sonra
07:00:11 INFO    [info] Yeni coin: FbY5z6BvDy - analiz 40s sonra
07:00:12 INFO    [info] Yeni coin: 4oFrC6U3T1 - analiz 40s sonra
07:00:12 INFO    [info] Yeni coin: GLKpfewAUv - analiz 40s sonra
07:00:12 INFO    [info] Yeni coin: 3jKNXMbSak - analiz 40s sonra
07:00:12 WARNING RPC hiz limiti (429) - RPC_RPS dusurun veya plani yukseltin
07:00:14 INFO    [info] Yeni coin: 2vit3x9Zn1 - analiz 40s sonra
07:00:14 INFO    [info] Yeni coin: 2WKJgaj8ko - analiz 40s sonra
07:00:16 INFO    [info] Yeni coin: G8WHuJma1k - analiz 40s sonra
07:00:20 INFO    [info] Yeni coin: FyJsUvFAea - analiz 40s sonra
07:00:25 INFO    [info] Yeni coin: B3WXGCT8UC - analiz 40s sonra
07:00:42 INFO    [info] Yeni coin: BapEzowbTG - analiz 40s sonra
07:00:45 INFO    [warn] Takip edilen cuzdan yok - once skorlayip takibe alin
07:00:53 INFO    [info] Yeni coin: 64kV3q4q1A - analiz 40s sonra
07:00:54 WARNING RPC hiz limiti (429) - RPC_RPS dusurun veya plani yukseltin
07:00:55 INFO    [info] Yeni coin: 7NdVSGpg5C - analiz 40s sonra
07:00:59 INFO    [info] Yeni coin: 3nnnwzQTui - analiz 40s sonra
07:01:00 INFO    [info] Yeni coin: EF7oAdq5vZ - analiz 40s sonra
07:01:02 INFO    [info] Yeni coin: VVEnjZMCTX - analiz 40s sonra
07:01:03 INFO    [info] Yeni coin: 8tpVKVY6cc - analiz 40s sonra
07:01:04 INFO    [info] Yeni coin: E8w731SfSS - analiz 40s sonra
07:01:10 INFO    [info] Yeni coin: FJYCijRfTS - analiz 40s sonra
07:01:18 INFO    [info] Yeni coin: FANGW5Y59f - analiz 40s sonra
07:01:19 INFO    [info] Yeni coin: 9knKGKWGbg - analiz 40s sonra
07:01:20 WARNING RPC hiz limiti (429) - RPC_RPS dusurun veya plani yukseltin
07:01:26 INFO    [info] Yeni coin: 7zUWXirgcF - analiz 40s sonra
07:01:41 INFO    [info] Yeni coin: 5MhXdBSMow - analiz 40s sonra
07:01:41 INFO    [info] Yeni coin: Ayz5AHcxbq - analiz 40s sonra
07:01:42 INFO    [info] Yeni coin: BKrc7pqJhv - analiz 40s sonra
07:01:42 INFO    [info] Yeni coin: DuEFNC8rTx - analiz 40s sonra
07:01:43 INFO    [info] Yeni coin: 45aFA78nCK - analiz 40s sonra
07:01:46 INFO    [info] Yeni coin: 3934rCBDRi - analiz 40s sonra
07:01:51 INFO    [info] Yeni coin: DXMwnm8guy - analiz 40s sonra
07:01:53 INFO    [info] Yeni coin: 7EQRYb6b67 - analiz 40s sonra
07:01:53 INFO    [info] Yeni coin: 2vj6CB4ubJ - analiz 40s sonra
07:01:53 INFO    [info] Yeni coin: 9uiQ8QwCXw - analiz 40s sonra
07:01:56 WARNING RPC hiz limiti (429) - RPC_RPS dusurun veya plani yukseltin
07:01:57 INFO    [info] Yeni coin: B88QUsFAvY - analiz 40s sonra
07:02:00 INFO    [info] Yeni coin: Caf7TYWfgM - analiz 40s sonra
07:02:07 INFO    [info] Yeni coin: 8XDpBmvsLx - analiz 40s sonra
07:02:08 INFO    [info] Yeni coin: 9xhDS8bFCA - analiz 40s sonra
07:02:11 INFO    [info] Yeni coin: J9z4b7GbQj - analiz 40s sonra
07:02:18 INFO    [info] Yeni coin: EDm8yw2M3S - analiz 40s sonra
07:02:20 INFO    [info] Yeni coin: Kan2dTCThb - analiz 40s sonra
07:02:23 INFO    [info] Yeni coin: EkNukE3EtC - analiz 40s sonra
07:02:24 WARNING RPC hiz limiti (429) - RPC_RPS dusurun veya plani yukseltin
07:02:24 INFO    [info] Yeni coin: 2UK3MC6esw - analiz 40s sonra
07:02:35 INFO    [info] Yeni coin: CDJ5BSMSQk - analiz 40s sonra
07:02:35 INFO    [info] Yeni coin: HdWZKuNQZX - analiz 40s sonra
07:02:36 INFO    [info] Yeni coin: HcnzQYqtvn - analiz 40s sonra
07:02:40 INFO    [info] Yeni coin: 6ap1F5kt2H - analiz 40s sonra
07:02:45 INFO    [warn] Takip edilen cuzdan yok - once skorlayip takibe alin
07:02:55 INFO    [info] Yeni coin: MTuKRYn7CM - analiz 40s sonra
07:02:56 INFO    [info] Yeni coin: EJTTCcjiFN - analiz 40s sonra
07:02:56 INFO    [info] Yeni coin: FzeZRDj9Ri - analiz 40s sonra
07:02:57 WARNING RPC hiz limiti (429) - RPC_RPS dusurun veya plani yukseltin
07:02:58 INFO    [info] Yeni coin: 5SCrEVT8Mr - analiz 40s sonra
07:03:00 INFO    [info] Yeni coin: 6E1wpa1Rmt - analiz 40s sonra
07:03:02 INFO    [info] Yeni coin: CzJi5bwv1y - analiz 40s sonra
07:03:02 INFO    [info] Yeni coin: 2e1QzuY41L - analiz 40s sonra
07:03:13 INFO    [info] Yeni coin: DfmcXjcRQX - analiz 40s sonra
07:03:18 WARNING RPC hiz limiti (429) - RPC_RPS dusurun veya plani yukseltin
07:03:20 INFO    [info] Yeni coin: GEQip7diDW - analiz 40s sonra
07:03:21 INFO    [info] Yeni coin: BbSnC5tgFa - analiz 40s sonra
07:03:23 INFO    [info] Yeni coin: 9eoMdTX5sK - analiz 40s sonra
07:03:24 INFO    [info] Yeni coin: 6TTzSyjvTw - analiz 40s sonra
07:03:24 INFO    [info] Yeni coin: AsW1zM4wxY - analiz 40s sonra
07:03:26 INFO    [info] Yeni coin: Z8yXo9WhA9 - analiz 40s sonra
07:03:34 INFO    [info] Yeni coin: G2prtTf9DK - analiz 40s sonra
07:03:47 INFO    [info] Yeni coin: J3oocsVJtW - analiz 40s sonra
07:03:48 INFO    [info] Yeni coin: Gv72YSe5Cx - analiz 40s sonra
07:03:48 WARNING RPC hiz limiti (429) - RPC_RPS dusurun veya plani yukseltin
07:03:53 INFO    [info] Yeni coin: E7Jky6KhWh - analiz 40s sonra
07:03:57 INFO    [info] Yeni coin: ApZuxdpzMr - analiz 40s sonra
07:04:15 WARNING RPC hiz limiti (429) - RPC_RPS dusurun veya plani yukseltin
07:04:23 INFO    [info] Yeni coin: D7XwiQY9CY - analiz 40s sonra
07:04:44 INFO    [info] Yeni coin: FZDV9DpLu6 - analiz 40s sonra
07:04:44 INFO    [info] Yeni coin: Eb1vEpuwnv - analiz 40s sonra
07:04:45 INFO    [warn] Takip edilen cuzdan yok - once skorlayip takibe alin
07:04:50 INFO    [info] Yeni coin: 7MSq8vsWDh - analiz 40s sonra
07:04:53 WARNING RPC hiz limiti (429) - RPC_RPS dusurun veya plani yukseltin
07:04:56 INFO    [info] Yeni coin: ECGHuNZSEC - analiz 40s sonra
07:04:59 INFO    [info] Yeni coin: G9awKTLsn6 - analiz 40s sonra
07:05:01 INFO    [info] Yeni coin: BKMx7ifF3m - analiz 40s sonra
07:05:02 INFO    [info] Yeni coin: EjTXFoQYU2 - analiz 40s sonra
07:05:05 INFO    [info] Yeni coin: 6WgyTA6N97 - analiz 40s sonra
07:05:12 INFO    [info] Yeni coin: 9kcHAqBcPP - analiz 40s sonra
07:05:22 INFO    [info] Yeni coin: BbVn6TKtZE - analiz 40s sonra
07:05:23 INFO    [info] Yeni coin: D1L7C7hUP6 - analiz 40s sonra
07:05:28 INFO    [info] Yeni coin: B2kY99qD13 - analiz 40s sonra
07:05:28 INFO    [info] Yeni coin: 5SoNVfDATA - analiz 40s sonra
07:05:28 INFO    [info] Yeni coin: 8FcppcFeeq - analiz 40s sonra
07:05:29 INFO    [info] Yeni coin: 98yVGrHaf9 - analiz 40s sonra
07:05:29 INFO    [info] Yeni coin: FjKVTVQvq1 - analiz 40s sonra
07:05:29 INFO    [info] Yeni coin: 59DoNd7Xfm - analiz 40s sonra
07:05:29 INFO    [info] Yeni coin: AsdNZbXzC5 - analiz 40s sonra
07:05:29 INFO    [info] Yeni coin: FXhKugpRSF - analiz 40s sonra
07:05:29 INFO    [info] Yeni coin: HnHx2fopGQ - analiz 40s sonra
07:05:30 WARNING RPC hiz limiti (429) - RPC_RPS dusurun veya plani yukseltin
07:05:43 INFO    [info] Yeni coin: HnLNJ43Pkj - analiz 40s sonra
07:05:45 INFO    [info] Yeni coin: 6jkNjhwioD - analiz 40s sonra
07:05:46 INFO    [info] Yeni coin: B6B7qn4qe7 - analiz 40s sonra
07:05:46 INFO    [info] Yeni coin: DCXTHQpkDx - analiz 40s sonra
07:05:47 INFO    [info] Yeni coin: 6Qde4xVjqV - analiz 40s sonra
07:05:47 INFO    [info] Yeni coin: 7XYCD6rrEV - analiz 40s sonra
07:05:50 INFO    [info] Yeni coin: EChjtwvTbN - analiz 40s sonra
07:05:50 INFO    [info] Yeni coin: EjuWEUgCa6 - analiz 40s sonra
07:05:54 INFO    [info] Yeni coin: CGaGaXDac5 - analiz 40s sonra
07:06:03 INFO    [info] Yeni coin: 7EJp5vaNs3 - analiz 40s sonra
07:06:04 WARNING RPC hiz limiti (429) - RPC_RPS dusurun veya plani yukseltin
07:06:08 INFO    [info] Yeni coin: FUJJcWLvTi - analiz 40s sonra
07:06:09 INFO    [info] Yeni coin: CS6T5XTJnL - analiz 40s sonra
07:06:09 INFO    [info] Yeni coin: 8eNT9S31ag - analiz 40s sonra
07:06:09 INFO    [info] Yeni coin: GpuUTvG66W - analiz 40s sonra
07:06:09 INFO    [info] Yeni coin: FauSERGSgd - analiz 40s sonra
07:06:09 INFO    [info] Yeni coin: GUrWzLHa8j - analiz 40s sonra
07:06:09 INFO    [info] Yeni coin: 4E5tFrLgGX - analiz 40s sonra
07:06:10 INFO    [info] Yeni coin: GaYqnk9jnv - analiz 40s sonra
07:06:10 INFO    [info] Yeni coin: ASPVjZ6Mxs - analiz 40s sonra
07:06:10 INFO    [info] Yeni coin: AEuzzzQ2Rg - analiz 40s sonra
07:06:10 INFO    [info] Yeni coin: AcQYAdUKCv - analiz 40s sonra
07:06:11 INFO    [info] Yeni coin: CXdRBoRWmW - analiz 40s sonra
07:06:12 INFO    [info] Yeni coin: 3fJTUgMxyq - analiz 40s sonra
07:06:14 INFO    [info] Yeni coin: 2jKP8FDYcC - analiz 40s sonra
07:06:17 INFO    [info] Yeni coin: 6EVMEfbC8n - analiz 40s sonra
07:06:18 INFO    [info] Yeni coin: Cz3qa66Ce8 - analiz 40s sonra
07:06:19 INFO    [info] Yeni coin: CnGBjWkPxT - analiz 40s sonra
07:06:19 INFO    [info] Yeni coin: GsmSJ1Mzkn - analiz 40s sonra
07:06:19 INFO    [info] Yeni coin: EcVuq9oYRv - analiz 40s sonra
07:06:19 INFO    [info] Yeni coin: 47VR6NRWE6 - analiz 40s sonra
07:06:19 INFO    [info] Yeni coin: EEc9AgCsTP - analiz 40s sonra
07:06:20 INFO    [info] Yeni coin: FPFChhorgo - analiz 40s sonra
07:06:20 INFO    [info] Yeni coin: rqiGvEbXvV - analiz 40s sonra
07:06:21 INFO    [info] Yeni coin: 4q9p7R4AaF - analiz 40s sonra
07:06:21 INFO    [info] Yeni coin: 73MkeMxqdD - analiz 40s sonra
07:06:35 INFO    [info] Yeni coin: 3WQCEtoHrq - analiz 40s sonra
07:06:40 INFO    [info] Yeni coin: C3z4rRkSyZ - analiz 40s sonra
07:06:45 INFO    [info] Yeni coin: FD8fY4wNf7 - analiz 40s sonra
07:06:45 INFO    [warn] Takip edilen cuzdan yok - once skorlayip takibe alin
07:06:54 WARNING RPC hiz limiti (429) - RPC_RPS dusurun veya plani yukseltin
07:06:55 INFO    [info] Yeni coin: EsuVEA8dNS - analiz 40s sonra
07:06:56 INFO    [info] Yeni coin: 8pFtxjCSVo - analiz 40s sonra
07:06:59 INFO    [info] Yeni coin: XJrTT3bD3p - analiz 40s sonra
07:07:07 INFO    [info] Yeni coin: 35hN2dgdeL - analiz 40s sonra
07:07:11 INFO    [info] Yeni coin: 62qFbfeMYp - analiz 40s sonra
07:07:14 INFO    [info] Yeni coin: 46SY6zvXqD - analiz 40s sonra
07:07:16 INFO    [info] Yeni coin: 2eDdM3fxNA - analiz 40s sonra
07:07:17 INFO    [info] Yeni coin: HaG9nemtU2 - analiz 40s sonra
07:07:21 WARNING RPC hiz limiti (429) - RPC_RPS dusurun veya plani yukseltin
07:07:25 INFO    [info] Yeni coin: FEpXyXs6Lb - analiz 40s sonra
07:07:35 INFO    [info] Yeni coin: 5SxKYbBzGA - analiz 40s sonra
07:07:35 INFO    [info] Yeni coin: ETyKa6d7nJ - analiz 40s sonra
07:07:35 INFO    [info] Yeni coin: 99FF8NLtP8 - analiz 40s sonra
07:07:36 INFO    [info] Yeni coin: 98imySwcnJ - analiz 40s sonra
07:07:36 INFO    [info] Yeni coin: 8X9m1kVXHB - analiz 40s sonra
07:07:37 INFO    [info] Yeni coin: HSNzAuEBLg - analiz 40s sonra
07:07:38 INFO    [info] Yeni coin: Dk4G6UKGVf - analiz 40s sonra
07:07:39 INFO    [info] Yeni coin: 7w8s7Heb8F - analiz 40s sonra
07:07:39 INFO    [info] Yeni coin: AYhXQ5UJcL - analiz 40s sonra
07:07:40 INFO    [info] Yeni coin: Bz9wApTSnA - analiz 40s sonra
07:07:40 INFO    [info] Yeni coin: 5VZHNDZ2cB - analiz 40s sonra
07:07:41 INFO    [info] Yeni coin: 6jMtmms4PH - analiz 40s sonra
07:07:46 WARNING RPC hiz limiti (429) - RPC_RPS dusurun veya plani yukseltin
07:07:46 INFO    [info] Yeni coin: Aq9mBeqoHG - analiz 40s sonra
07:07:47 INFO    [info] Yeni coin: 9v6KxJkiiM - analiz 40s sonra
07:07:47 INFO    [info] Yeni coin: HTdwVBwgMk - analiz 40s sonra
07:07:48 INFO    [info] Yeni coin: 9ohbjwKHWT - analiz 40s sonra
07:07:49 INFO    [info] Yeni coin: 7cigkAcwvb - analiz 40s sonra
07:07:49 INFO    [info] Yeni coin: 2u8Xf7awrD - analiz 40s sonra
07:07:49 INFO    [info] Yeni coin: kq5rFMkYFR - analiz 40s sonra
07:07:51 INFO    [info] Yeni coin: 3UdTsqqq9M - analiz 40s sonra
07:07:52 INFO    [info] Yeni coin: DGZuaiXor5 - analiz 40s sonra
07:07:52 INFO    [info] Yeni coin: 7c9sXHS879 - analiz 40s sonra
07:07:54 INFO    [info] Yeni coin: 9BJu5qopti - analiz 40s sonra
07:07:58 INFO    [info] Yeni coin: 6eGGZctfTL - analiz 40s sonra
07:07:59 INFO    [info] Yeni coin: EZY2bE2C6S - analiz 40s sonra
07:08:06 INFO    [info] Yeni coin: FL4YxyJ3h9 - analiz 40s sonra
07:08:06 WARNING RPC hiz limiti (429) - RPC_RPS dusurun veya plani yukseltin
07:08:08 INFO    [info] Yeni coin: 43rWi1YYcR - analiz 40s sonra
07:08:08 INFO    [info] Yeni coin: 57V2PXvgoG - analiz 40s sonra
07:08:08 INFO    [info] Yeni coin: 6WbrtWp4tM - analiz 40s sonra
07:08:11 INFO    [info] Yeni coin: GSYc9rzPCM - analiz 40s sonra
07:08:11 INFO    [info] Yeni coin: 5WC7e1TXfw - analiz 40s sonra
07:08:12 INFO    [info] Yeni coin: 7Swt13Fwh4 - analiz 40s sonra
07:08:13 INFO    [info] Yeni coin: 3zKy8ogsXx - analiz 40s sonra
07:08:17 INFO    [info] Yeni coin: 2TX4KcX4yC - analiz 40s sonra
07:08:24 INFO    [info] Yeni coin: 3exiJRAN3M - analiz 40s sonra
07:08:25 INFO    [info] Yeni coin: 8uMGMVPSzH - analiz 40s sonra
07:08:33 INFO    [info] Yeni coin: 35XBpkTCbL - analiz 40s sonra
07:08:35 INFO    [info] Yeni coin: 6Wv1iCLd4H - analiz 40s sonra
07:08:37 INFO    [info] Yeni coin: 7qbpx2xDyG - analiz 40s sonra
07:08:39 WARNING RPC hiz limiti (429) - RPC_RPS dusurun veya plani yukseltin
07:08:41 INFO    [info] Yeni coin: 9MTKnVUHEf - analiz 40s sonra
07:08:41 INFO    [info] Yeni coin: 7hbWWwLKFv - analiz 40s sonra
07:08:41 INFO    [info] Yeni coin: 8AaXWcCsNB - analiz 40s sonra
07:08:42 INFO    [info] Yeni coin: GuTFLVkmno - analiz 40s sonra
07:08:42 INFO    [info] Yeni coin: BaX9ms3xQ4 - analiz 40s sonra
07:08:42 INFO    [info] Yeni coin: 3vQ1VaZLEY - analiz 40s sonra
07:08:42 INFO    [info] Yeni coin: 316MDJCYPe - analiz 40s sonra
07:08:44 INFO    [info] Yeni coin: FSc4zD3dHN - analiz 40s sonra
07:08:46 INFO    [warn] Takip edilen cuzdan yok - once skorlayip takibe alin
07:08:55 INFO    [info] Yeni coin: HZZtkz62vv - analiz 40s sonra
07:08:56 INFO    [info] Yeni coin: 4h3y6PM9aN - analiz 40s sonra
07:08:56 INFO    [info] Yeni coin: 26FPD1ucpm - analiz 40s sonra
07:08:59 INFO    [info] Yeni coin: iwhfE8HggE - analiz 40s sonra
07:09:01 INFO    [info] Yeni coin: GVcwoUoqj9 - analiz 40s sonra
07:09:05 INFO    [info] Yeni coin: AJnfciDhdC - analiz 40s sonra
07:09:06 INFO    [info] Yeni coin: G64jmMSVw8 - analiz 40s sonra
07:09:06 WARNING RPC hiz limiti (429) - RPC_RPS dusurun veya plani yukseltin
07:09:10 INFO    [info] Yeni coin: Dbqe8ipFTX - analiz 40s sonra
07:09:10 INFO    [info] Yeni coin: BFjzepqzND - analiz 40s sonra
07:09:10 INFO    [info] Yeni coin: G2thH1W2gR - analiz 40s sonra
07:09:11 INFO    [info] Yeni coin: 6Z4oJW8Jsk - analiz 40s sonra
07:09:11 INFO    [info] Yeni coin: H3ZgDUvpms - analiz 40s sonra
07:09:11 INFO    [info] Yeni coin: 519mUkQ9wD - analiz 40s sonra
07:09:11 INFO    [info] Yeni coin: Gz4pHY8NKi - analiz 40s sonra
07:09:11 INFO    [info] Yeni coin: 9egaY9Wy3G - analiz 40s sonra
07:09:11 INFO    [info] Yeni coin: EXaMn8Y7iH - analiz 40s sonra
07:09:12 INFO    [info] Yeni coin: GmuhNbvCR7 - analiz 40s sonra
07:09:12 INFO    [info] Yeni coin: 9no7y1xU4S - analiz 40s sonra
07:09:16 INFO    [info] Yeni coin: 5XxDgdMaZi - analiz 40s sonra
07:09:17 INFO    [info] Yeni coin: AZ8iWNC3Wi - analiz 40s sonra
07:09:18 INFO    [info] Yeni coin: 3X1Z5c1jXc - analiz 40s sonra
07:09:26 INFO    [info] Yeni coin: AW4qtZRWoC - analiz 40s sonra
07:09:26 INFO    [info] Yeni coin: Bp1AMaUDGh - analiz 40s sonra
07:09:26 INFO    [info] Yeni coin: 89FdkACRGE - analiz 40s sonra
07:09:27 INFO    [info] Yeni coin: 4b5Gzu1GgV - analiz 40s sonra
07:09:27 INFO    [info] Yeni coin: 5R1ZEx6LEt - analiz 40s sonra
07:09:27 INFO    [info] Yeni coin: 2SuYtGhBW2 - analiz 40s sonra
07:09:27 INFO    [info] Yeni coin: 7ZdDQHsGHB - analiz 40s sonra
07:09:28 INFO    [info] Yeni coin: 4LWsUmCSJL - analiz 40s sonra
07:09:28 INFO    [info] Yeni coin: 8FLzcuRNsS - analiz 40s sonra
07:09:30 INFO    [info] Yeni coin: 61VoSb8cyR - analiz 40s sonra
07:09:30 INFO    [info] Yeni coin: HYYdvBpjQg - analiz 40s sonra
07:09:31 WARNING RPC hiz limiti (429) - RPC_RPS dusurun veya plani yukseltin
07:09:34 INFO    [info] Yeni coin: 9owRfsWgWe - analiz 40s sonra
07:09:35 INFO    [info] Yeni coin: CA272pbnaV - analiz 40s sonra
07:09:36 INFO    [info] Yeni coin: EhZafnRZLf - analiz 40s sonra
07:09:36 INFO    [info] Yeni coin: JDPXqLDseb - analiz 40s sonra
07:09:40 INFO    [info] Yeni coin: EbZ8f3ocVs - analiz 40s sonra
07:09:44 INFO    [info] Yeni coin: 6fRQneDRza - analiz 40s sonra
07:09:59 INFO    [info] Yeni coin: HS94cBZp5b - analiz 40s sonra
07:10:05 WARNING RPC hiz limiti (429) - RPC_RPS dusurun veya plani yukseltin
07:10:22 INFO    [info] Yeni coin: A9bh4MNcJK - analiz 40s sonra
07:10:24 INFO    [info] Yeni coin: BFBBcTkas6 - analiz 40s sonra
07:10:27 INFO    [info] Yeni coin: 3YKMQMhheL - analiz 40s sonra
07:10:32 INFO    [info] Yeni coin: 5yTssy7Lge - analiz 40s sonra
07:10:34 INFO    [info] Yeni coin: 4mKbA2uyJ7 - analiz 40s sonra
07:10:37 INFO    [info] Yeni coin: CrdQWceLPQ - analiz 40s sonra
07:10:38 INFO    [info] Yeni coin: AwgsXNi9FG - analiz 40s sonra
07:10:39 WARNING RPC hiz limiti (429) - RPC_RPS dusurun veya plani yukseltin
07:10:42 INFO    [info] Yeni coin: B9KNTSRg8J - analiz 40s sonra
07:10:43 INFO    [info] Yeni coin: oW6jSvHLEq - analiz 40s sonra
07:10:44 INFO    [info] Yeni coin: 2cKUTPJWSQ - analiz 40s sonra
07:10:45 INFO    [info] Yeni coin: 5NiKN7UiVF - analiz 40s sonra
07:10:45 INFO    [info] Yeni coin: AJp6B7S76x - analiz 40s sonra
07:10:46 INFO    [warn] Takip edilen cuzdan yok - once skorlayip takibe alin
07:10:48 INFO    [info] Yeni coin: 8gxgVVWsgm - analiz 40s sonra
07:10:50 INFO    [info] Yeni coin: 3T1bckoS3h - analiz 40s sonra
07:10:51 INFO    [info] Yeni coin: 477kHztR12 - analiz 40s sonra
07:10:52 INFO    [info] Yeni coin: EddgP635Yf - analiz 40s sonra
07:11:17 INFO    [info] Yeni coin: 2Zgrxaq3ny - analiz 40s sonra
07:11:23 INFO    [info] Yeni coin: 48vPVoBAiv - analiz 40s sonra
07:11:24 INFO    [info] Yeni coin: 2A7BR8oNA1 - analiz 40s sonra
07:11:27 INFO    [info] Yeni coin: De3oXNQ3cP - analiz 40s sonra
07:11:28 INFO    [info] Yeni coin: GmeDMLHRJG - analiz 40s sonra
07:11:30 INFO    [info] Yeni coin: ENon2DDbuv - analiz 40s sonra
07:11:30 INFO    [info] Yeni coin: 5dc5hMTHhT - analiz 40s sonra
07:11:31 INFO    [info] Yeni coin: GYUFULnTBE - analiz 40s sonra
07:11:34 INFO    [info] Yeni coin: 2Tc88ky8mK - analiz 40s sonra
07:11:34 INFO    [info] Yeni coin: DTp6t5SPYf - analiz 40s sonra
07:11:40 INFO    [info] Yeni coin: BoFntusCFU - analiz 40s sonra
07:11:46 WARNING RPC hiz limiti (429) - RPC_RPS dusurun veya plani yukseltin
07:11:48 INFO    [info] Yeni coin: Hq2Yi4KvMH - analiz 40s sonra
07:11:53 INFO    [info] Yeni coin: 73H2wtqhUU - analiz 40s sonra
07:12:05 INFO    [info] Yeni coin: jAqF7nSDEf - analiz 40s sonra
07:12:25 INFO    [info] Yeni coin: G5XSEeLBjK - analiz 40s sonra
07:12:26 WARNING RPC hiz limiti (429) - RPC_RPS dusurun veya plani yukseltin
07:12:26 INFO    [info] Yeni coin: EirifhYKjU - analiz 40s sonra
07:12:29 INFO    [info] Yeni coin: 6m8NG9PLiF - analiz 40s sonra
07:12:31 INFO    [info] Yeni coin: ASHEui9BDp - analiz 40s sonra
07:12:35 INFO    [info] Yeni coin: 4Jvkz7D5tF - analiz 40s sonra
07:12:43 INFO    [info] Yeni coin: ETkqmoEcD2 - analiz 40s sonra
07:12:43 INFO    [info] Yeni coin: BnKU6c9MoT - analiz 40s sonra
07:12:46 INFO    [warn] Takip edilen cuzdan yok - once skorlayip takibe alin
07:12:56 INFO    [info] Yeni coin: 24xHq53TrS - analiz 40s sonra
07:13:01 INFO    [info] Yeni coin: 37pEMrWgaQ - analiz 40s sonra
07:13:04 INFO    [info] Yeni coin: A13oRB9FFa - analiz 40s sonra
07:13:04 WARNING RPC hiz limiti (429) - RPC_RPS dusurun veya plani yukseltin
07:13:05 INFO    [info] Yeni coin: 2XtgqZg4hq - analiz 40s sonra
07:13:05 INFO    [info] Yeni coin: ADSG8a936t - analiz 40s sonra
07:13:22 INFO    [info] Yeni coin: 2GJPyXPb8Z - analiz 40s sonra
07:13:36 INFO    [info] Yeni coin: HBjL3rVcbR - analiz 40s sonra
07:13:37 WARNING RPC hiz limiti (429) - RPC_RPS dusurun veya plani yukseltin
07:13:42 INFO    [info] Yeni coin: BWfVzhGa9a - analiz 40s sonra
07:13:46 INFO    [info] Yeni coin: 8NPX3vfwcL - analiz 40s sonra
07:13:49 INFO    [info] Yeni coin: 6h3F2y7ZEv - analiz 40s sonra
07:13:50 INFO    [info] Yeni coin: B9zcHYXzny - analiz 40s sonra
07:14:00 WARNING RPC hiz limiti (429) - RPC_RPS dusurun veya plani yukseltin
07:14:02 INFO    [info] Yeni coin: 35nFwVQHqC - analiz 40s sonra
07:14:11 INFO    [info] Yeni coin: Hp13uCW7xh - analiz 40s sonra
07:14:13 INFO    [info] Yeni coin: FiwaZw9mBn - analiz 40s sonra
07:14:16 INFO    [info] Yeni coin: GzShhLbYJn - analiz 40s sonra
07:14:16 INFO    [info] Yeni coin: GmPMqzjtpZ - analiz 40s sonra
07:14:19 INFO    [info] Yeni coin: C6wr5vik2f - analiz 40s sonra
07:14:21 INFO    [info] Yeni coin: 5qmbSmtcAE - analiz 40s sonra
07:14:22 INFO    [info] Yeni coin: 3FKQStqtAd - analiz 40s sonra
07:14:25 INFO    [info] Yeni coin: 7WzATCsZVS - analiz 40s sonra
07:14:25 INFO    [info] Yeni coin: A35AnvtYFz - analiz 40s sonra
07:14:25 INFO    [info] Yeni coin: 128UFCHbyL - analiz 40s sonra
07:14:25 INFO    [info] Yeni coin: Bfiz5LdBBS - analiz 40s sonra
07:14:26 INFO    [info] Yeni coin: z6pAbpBWQY - analiz 40s sonra
07:14:26 WARNING RPC hiz limiti (429) - RPC_RPS dusurun veya plani yukseltin
07:14:33 INFO    [info] Yeni coin: DG6SwsKdPY - analiz 40s sonra
07:14:34 INFO    [info] Yeni coin: B7T5yHSFga - analiz 40s sonra
07:14:40 INFO    [info] Yeni coin: CASHx9KJUS - analiz 40s sonra
07:14:44 INFO    [info] Yeni coin: 24xJ4PVBPY - analiz 40s sonra
07:14:46 INFO    [warn] Takip edilen cuzdan yok - once skorlayip takibe alin
07:14:46 INFO    [info] Yeni coin: Hf9pAczWNH - analiz 40s sonra
07:14:46 INFO    [info] Yeni coin: EJYbrUgQAy - analiz 40s sonra
07:14:47 INFO    [info] Yeni coin: 5nya7ky7VM - analiz 40s sonra
07:14:47 INFO    [info] Yeni coin: 2cnkiuko5f - analiz 40s sonra
07:14:47 INFO    [info] Yeni coin: GGLSAfFJ6h - analiz 40s sonra
07:14:49 INFO    [info] Yeni coin: 9PiEBZSLFM - analiz 40s sonra
07:15:00 INFO    [info] Yeni coin: 6vFq7cRmuK - analiz 40s sonra
07:15:01 INFO    [info] Yeni coin: 9ZPnd3QtMf - analiz 40s sonra
07:15:01 WARNING RPC hiz limiti (429) - RPC_RPS dusurun veya plani yukseltin
07:15:02 INFO    [info] Yeni coin: 2RLUN4NMGj - analiz 40s sonra
07:15:03 INFO    [info] Yeni coin: 2RQhdPJ9pJ - analiz 40s sonra
07:15:09 INFO    [info] Yeni coin: 25ss28KyM9 - analiz 40s sonra
07:15:10 INFO    [info] Yeni coin: 5jHjJ4mb1m - analiz 40s sonra
07:15:11 INFO    [info] Yeni coin: CXpFpBRJMg - analiz 40s sonra
07:15:13 INFO    [info] Yeni coin: FAMssfiowH - analiz 40s sonra
07:15:26 INFO    [info] Yeni coin: 6pRa7SuZxT - analiz 40s sonra
07:15:29 INFO    [info] Yeni coin: 8MrsFYcKMt - analiz 40s sonra
07:15:29 INFO    [info] Yeni coin: 8pHsfCmNo8 - analiz 40s sonra
07:15:29 WARNING RPC hiz limiti (429) - RPC_RPS dusurun veya plani yukseltin
07:15:31 INFO    [info] Yeni coin: A6H8EbTaaX - analiz 40s sonra
07:15:37 INFO    [info] Yeni coin: HvpifF2Pt5 - analiz 40s sonra
07:15:37 INFO    [info] Yeni coin: 6eQ2TbwJYF - analiz 40s sonra
07:15:51 INFO    [info] Yeni coin: GeRZP52Gzj - analiz 40s sonra
07:15:52 INFO    [info] Yeni coin: 8pgPfuPR3n - analiz 40s sonra
07:15:53 INFO    [info] Yeni coin: 6gVZkB1aNN - analiz 40s sonra
07:15:56 INFO    [info] Yeni coin: 6o8bpedjqE - analiz 40s sonra
07:16:05 INFO    [info] Yeni coin: EFPy2e2ouP - analiz 40s sonra
07:16:08 INFO    [info] Yeni coin: AUGC8B8h8A - analiz 40s sonra
07:16:09 INFO    [info] Yeni coin: Avw53o35UH - analiz 40s sonra
07:16:10 INFO    [info] Yeni coin: BVh1bFNjKD - analiz 40s sonra
07:16:11 WARNING RPC hiz limiti (429) - RPC_RPS dusurun veya plani yukseltin
07:16:13 INFO    [info] Yeni coin: B7bJksK5wC - analiz 40s sonra
07:16:14 INFO    [info] Yeni coin: H3vAutGzyR - analiz 40s sonra
07:16:14 INFO    [info] Yeni coin: 7s8RahVS3Q - analiz 40s sonra
07:16:23 INFO    [info] Yeni coin: 6zVHoZRPtw - analiz 40s sonra
07:16:24 INFO    [info] Yeni coin: B3F2WTyhY8 - analiz 40s sonra
07:16:24 INFO    [info] Yeni coin: BLrovZ4qo8 - analiz 40s sonra
07:16:35 INFO    [info] Yeni coin: 24xJAsyJem - analiz 40s sonra
07:16:36 INFO    [info] Yeni coin: EUguMLb4iK - analiz 40s sonra
07:16:37 WARNING RPC hiz limiti (429) - RPC_RPS dusurun veya plani yukseltin
07:16:38 INFO    [info] Yeni coin: EmYk5Maw83 - analiz 40s sonra
07:16:39 INFO    [info] Yeni coin: HpXJffCbgB - analiz 40s sonra
07:16:40 INFO    [info] Yeni coin: FiBZEndVQq - analiz 40s sonra
07:16:43 INFO    [info] Yeni coin: 787Ln3qMU7 - analiz 40s sonra
07:16:46 INFO    [warn] Takip edilen cuzdan yok - once skorlayip takibe alin
07:16:47 INFO    [info] Yeni coin: 6mXw8T28ma - analiz 40s sonra
07:16:47 INFO    [info] Yeni coin: 7HbSs9xeVd - analiz 40s sonra
07:17:05 INFO    [info] Yeni coin: FdsP83xpzD - analiz 40s sonra
07:17:05 WARNING RPC hiz limiti (429) - RPC_RPS dusurun veya plani yukseltin
07:17:10 INFO    [info] Yeni coin: 24xJZSxW9C - analiz 40s sonra
07:17:12 INFO    [info] Yeni coin: EPjFWdd5Au - analiz 40s sonra
07:17:29 INFO    [info] Yeni coin: 5KcoQAVPCP - analiz 40s sonra
07:17:31 WARNING RPC hiz limiti (429) - RPC_RPS dusurun veya plani yukseltin
07:17:32 INFO    [info] Yeni coin: HgLueHnkq5 - analiz 40s sonra
07:17:34 INFO    [info] Yeni coin: ZCndnmQLE4 - analiz 40s sonra
07:17:51 INFO    [info] Yeni coin: Ci1DXVSz3U - analiz 40s sonra
07:17:53 INFO    [info] Yeni coin: 6rMfCEU1Py - analiz 40s sonra
07:17:57 INFO    [info] Yeni coin: 9f58XEreSa - analiz 40s sonra
07:17:58 WARNING RPC hiz limiti (429) - RPC_RPS dusurun veya plani yukseltin
07:17:59 INFO    [info] Yeni coin: 4wHfZ1GEnC - analiz 40s sonra
07:18:18 INFO    [info] Yeni coin: 7cpMDWcdkr - analiz 40s sonra
07:18:20 INFO    [info] Yeni coin: Hw15WaNEfe - analiz 40s sonra
07:18:22 INFO    [info] Yeni coin: FSzi7Kv5mB - analiz 40s sonra
07:18:23 INFO    [info] Yeni coin: C8VebkdnCA - analiz 40s sonra
07:18:29 INFO    [info] Yeni coin: 7RLBCXM4ts - analiz 40s sonra
07:18:30 WARNING RPC hiz limiti (429) - RPC_RPS dusurun veya plani yukseltin
07:18:39 INFO    [info] Yeni coin: HrebQ8rSr1 - analiz 40s sonra
07:18:44 INFO    [info] Yeni coin: j5p2dwtCSf - analiz 40s sonra
07:18:46 INFO    [warn] Takip edilen cuzdan yok - once skorlayip takibe alin
07:18:46 WARNING RPC hiz limiti (429) - RPC_RPS dusurun veya plani yukseltin
07:18:53 INFO    [info] Yeni coin: 9K8GzcKb9W - analiz 40s sonra
07:18:55 INFO    [info] Yeni coin: xVDzwFw4MG - analiz 40s sonra
07:18:56 INFO    [info] Yeni coin: 5nrPQwFDNw - analiz 40s sonra
07:18:57 INFO    [info] Yeni coin: Fc1rEEW2KQ - analiz 40s sonra
07:19:00 INFO    [info] Yeni coin: AewW1yDpAU - analiz 40s sonra
07:19:06 INFO    [info] Yeni coin: Cdx3XStVJA - analiz 40s sonra
07:19:21 WARNING RPC hiz limiti (429) - RPC_RPS dusurun veya plani yukseltin
07:19:25 INFO    [info] Yeni coin: 48ePmWUqks - analiz 40s sonra
07:19:26 INFO    [info] Yeni coin: 56yftC5m1H - analiz 40s sonra
07:19:27 INFO    [info] Yeni coin: GMAKP52pA3 - analiz 40s sonra
07:19:39 INFO    [info] Yeni coin: ELJF9MeUQT - analiz 40s sonra
07:19:39 INFO    [info] Yeni coin: BD4iHocvGg - analiz 40s sonra
07:19:39 INFO    [info] Yeni coin: Ew9GtNZzUR - analiz 40s sonra
07:19:39 INFO    [info] Yeni coin: 2J8F4JSmCq - analiz 40s sonra
07:19:57 INFO    [info] Yeni coin: FcYzZC1ZLo - analiz 40s sonra
07:19:58 INFO    [info] Yeni coin: 9jur4m58Lz - analiz 40s sonra
07:19:58 INFO    [info] Yeni coin: aoRJt5vbP7 - analiz 40s sonra
07:19:59 INFO    [info] Yeni coin: 8S9yMxXFcS - analiz 40s sonra
07:19:59 INFO    [info] Yeni coin: ZQXGZKq7td - analiz 40s sonra
07:20:00 INFO    [info] Yeni coin: 7WKbrTfD7X - analiz 40s sonra
07:20:00 INFO    [info] Yeni coin: 8sw7RnDafH - analiz 40s sonra
07:20:00 INFO    [info] Yeni coin: FjcGCdrpoi - analiz 40s sonra
07:20:00 INFO    [info] Yeni coin: F39R3bCjmv - analiz 40s sonra
07:20:00 INFO    [info] Yeni coin: 7299ScMEZk - analiz 40s sonra
07:20:01 INFO    [info] Yeni coin: BM5z9W3wx4 - analiz 40s sonra
07:20:01 INFO    [info] Yeni coin: 4wPdhEF74p - analiz 40s sonra
07:20:01 INFO    [info] Yeni coin: 9xhr5brcn5 - analiz 40s sonra
07:20:01 INFO    [info] Yeni coin: GjtHHVexJE - analiz 40s sonra
07:20:01 WARNING RPC hiz limiti (429) - RPC_RPS dusurun veya plani yukseltin
07:20:01 INFO    [info] Yeni coin: 3DzfVg7aPG - analiz 40s sonra
07:20:02 INFO    [info] Yeni coin: CBd7n8Uszq - analiz 40s sonra
07:20:03 INFO    [info] Yeni coin: wB2YwF1MRf - analiz 40s sonra
07:20:11 INFO    [info] Yeni coin: 3BRpQUEa16 - analiz 40s sonra
07:20:12 INFO    [info] Yeni coin: 9NAy3TTczF - analiz 40s sonra
07:20:12 INFO    [info] Yeni coin: 7DXbn8rmZH - analiz 40s sonra
07:20:13 INFO    [info] Yeni coin: 5duUqS4oSZ - analiz 40s sonra
07:20:13 INFO    [info] Yeni coin: 6DJhxcvQrG - analiz 40s sonra
07:20:14 INFO    [info] Yeni coin: 24xJdEBKaw - analiz 40s sonra
07:20:15 INFO    [info] Yeni coin: 5JtyVEu6Zs - analiz 40s sonra
07:20:16 INFO    [info] Yeni coin: HbmanhGhiT - analiz 40s sonra
07:20:24 INFO    [info] Yeni coin: 5gGkQDj8hq - analiz 40s sonra
07:20:25 INFO    [info] Yeni coin: BLFHGK7Qzx - analiz 40s sonra
07:20:25 WARNING RPC hiz limiti (429) - RPC_RPS dusurun veya plani yukseltin
07:20:25 INFO    [info] Yeni coin: 3chrSB8U4Z - analiz 40s sonra
07:20:25 INFO    [info] Yeni coin: 3s3fhANqx5 - analiz 40s sonra
07:20:27 INFO    [info] Yeni coin: AePowT15XV - analiz 40s sonra
07:20:28 INFO    [info] Yeni coin: DoNFG6yCHv - analiz 40s sonra
07:20:29 INFO    [info] Yeni coin: 9sp1BoEyar - analiz 40s sonra
07:20:29 INFO    [info] Yeni coin: Ey1S5xULV9 - analiz 40s sonra
07:20:31 INFO    [info] Yeni coin: vHie19JhvF - analiz 40s sonra
07:20:33 INFO    [info] Yeni coin: ENy3A7yu1b - analiz 40s sonra
07:20:38 INFO    [info] Yeni coin: 9KYmqYFrP1 - analiz 40s sonra
07:20:39 INFO    [info] Yeni coin: F1SJmcSvU1 - analiz 40s sonra
07:20:39 INFO    [info] Yeni coin: EwviQzQDTk - analiz 40s sonra
07:20:39 INFO    [info] Yeni coin: 6Jb53Lxyue - analiz 40s sonra
07:20:39 INFO    [info] Yeni coin: HjfF5etZzv - analiz 40s sonra
07:20:39 INFO    [info] Yeni coin: c1m3is8jeS - analiz 40s sonra
07:20:39 INFO    [info] Yeni coin: H4tNH5oS7s - analiz 40s sonra
07:20:40 INFO    [info] Yeni coin: CvDMNxGXxC - analiz 40s sonra
07:20:41 INFO    [info] Yeni coin: EqA8TYJJH2 - analiz 40s sonra
07:20:41 INFO    [info] Yeni coin: 4t57tNMFjv - analiz 40s sonra
07:20:42 WARNING RPC hiz limiti (429) - RPC_RPS dusurun veya plani yukseltin
07:20:43 INFO    [info] Yeni coin: 7BWR4B7kV2 - analiz 40s sonra
07:20:46 INFO    [warn] Takip edilen cuzdan yok - once skorlayip takibe alin
07:20:49 INFO    [info] Yeni coin: FbgQEQMZ3e - analiz 40s sonra
07:20:57 INFO    [info] Yeni coin: GwRxQpVRki - analiz 40s sonra
07:20:58 WARNING RPC hiz limiti (429) - RPC_RPS dusurun veya plani yukseltin
07:21:02 INFO    [info] Yeni coin: xVwfWM4xe1 - analiz 40s sonra
07:21:06 INFO    [info] Yeni coin: 9gSQnZyah4 - analiz 40s sonra
07:21:19 INFO    [info] Yeni coin: DPj3RwpoQ1 - analiz 40s sonra
07:21:22 INFO    [info] Yeni coin: 375bTiXuLD - analiz 40s sonra
07:21:33 INFO    [info] Yeni coin: 2ssm3hYyrw - analiz 40s sonra
07:21:41 WARNING RPC hiz limiti (429) - RPC_RPS dusurun veya plani yukseltin
07:21:58 INFO    [info] Yeni coin: 7eswY7AwBU - analiz 40s sonra
07:22:04 INFO    [info] Yeni coin: 9zs7Yvt6Zx - analiz 40s sonra
07:22:05 INFO    [info] Yeni coin: 3TgGjXhK6i - analiz 40s sonra
07:22:06 INFO    [info] Yeni coin: Bqifu3P4M9 - analiz 40s sonra
07:22:27 INFO    [info] Yeni coin: nT3c13vHBL - analiz 40s sonra
07:22:28 WARNING RPC hiz limiti (429) - RPC_RPS dusurun veya plani yukseltin
07:22:29 INFO    [info] Yeni coin: 8yyC2Gk5FE - analiz 40s sonra
07:22:31 INFO    [info] Yeni coin: 3S5Nxc4dHi - analiz 40s sonra
07:22:33 INFO    [info] Yeni coin: 7nqKgxrM8b - analiz 40s sonra
07:22:34 INFO    [info] Yeni coin: 2detKj7GSR - analiz 40s sonra
07:22:35 INFO    [info] Yeni coin: 9waU6qVnRN - analiz 40s sonra
07:22:37 INFO    [info] Yeni coin: BQ8BRdc2V3 - analiz 40s sonra
07:22:37 INFO    [info] Yeni coin: 4NgX9R3Eua - analiz 40s sonra
07:22:40 INFO    [info] Yeni coin: C1QGdr4zCT - analiz 40s sonra
07:22:44 INFO    [info] Yeni coin: 4eLRe7Vh6U - analiz 40s sonra
07:22:45 WARNING RPC hiz limiti (429) - RPC_RPS dusurun veya plani yukseltin
07:22:46 INFO    [warn] Takip edilen cuzdan yok - once skorlayip takibe alin
07:22:50 INFO    [info] Yeni coin: DjyBwVmcyw - analiz 40s sonra
07:22:59 INFO    [info] Yeni coin: DiAFs6996u - analiz 40s sonra
07:23:05 INFO    [info] Yeni coin: N98DdHUb2b - analiz 40s sonra
07:23:14 INFO    [info] Yeni coin: CwWKJ4kTD9 - analiz 40s sonra
07:23:15 INFO    [info] Yeni coin: BBdCRd5cuQ - analiz 40s sonra
07:23:19 WARNING RPC hiz limiti (429) - RPC_RPS dusurun veya plani yukseltin
07:23:26 INFO    [info] Yeni coin: G3rKGdB4DM - analiz 40s sonra
07:23:30 INFO    [info] Yeni coin: D3Vhy1dGeY - analiz 40s sonra
07:23:36 INFO    [info] Yeni coin: D1ByrXNXQc - analiz 40s sonra
07:23:38 INFO    [info] Yeni coin: AZvqUVAwCz - analiz 40s sonra
07:23:42 INFO    [info] Yeni coin: 6TgSaKz6Tu - analiz 40s sonra
07:23:45 INFO    [info] Yeni coin: AVQTHUFTWY - analiz 40s sonra
07:23:47 INFO    [info] Yeni coin: BAhiF9VxQH - analiz 40s sonra
07:23:48 INFO    [info] Yeni coin: AEMMCusbb9 - analiz 40s sonra
07:23:50 INFO    [info] Yeni coin: 3XMAi9NzWh - analiz 40s sonra
07:23:51 INFO    [info] Yeni coin: 7MmnVZGGgG - analiz 40s sonra
07:23:51 INFO    [info] Yeni coin: 2KuibsoFhq - analiz 40s sonra
07:23:52 INFO    [info] Yeni coin: 7derVivB82 - analiz 40s sonra
07:23:52 WARNING RPC hiz limiti (429) - RPC_RPS dusurun veya plani yukseltin
07:23:52 INFO    [info] Yeni coin: 6VBtqKSJFd - analiz 40s sonra
07:24:12 INFO    [info] Yeni coin: 2SktesqciF - analiz 40s sonra
07:24:16 INFO    [info] Yeni coin: 2VVBKWfWTp - analiz 40s sonra
07:24:17 INFO    [info] Yeni coin: AT2XGoY9sr - analiz 40s sonra
07:24:17 INFO    [info] Yeni coin: FCfoyoyQ5q - analiz 40s sonra
07:24:31 INFO    [info] Yeni coin: 98sMhvDwXj - analiz 40s sonra
07:24:40 WARNING RPC hiz limiti (429) - RPC_RPS dusurun veya plani yukseltin
07:24:45 INFO    [info] Yeni coin: 3JkYAgfqVN - analiz 40s sonra
07:24:46 INFO    [info] Yeni coin: 4Z5oVUgyxY - analiz 40s sonra
07:24:46 INFO    [warn] Takip edilen cuzdan yok - once skorlayip takibe alin
07:25:02 INFO    [info] Yeni coin: 6rtTZnVgJX - analiz 40s sonra
07:25:06 INFO    [info] Yeni coin: Bb8ekiD1KS - analiz 40s sonra
07:25:10 INFO    [info] Yeni coin: HcZqiMHx6y - analiz 40s sonra
07:25:12 INFO    [info] Yeni coin: 2ne1vuEx1n - analiz 40s sonra
07:25:13 INFO    [info] Yeni coin: 78mvx381Nr - analiz 40s sonra
07:25:17 INFO    [info] Yeni coin: FVePZNbyv7 - analiz 40s sonra
07:25:18 INFO    [info] Yeni coin: 6sf41Ynfor - analiz 40s sonra
07:25:18 INFO    [info] Yeni coin: GeM6Qo6uq7 - analiz 40s sonra
07:25:22 WARNING RPC hiz limiti (429) - RPC_RPS dusurun veya plani yukseltin
07:25:25 INFO    [info] Yeni coin: E6yMYyF78R - analiz 40s sonra
07:25:29 INFO    [info] Yeni coin: VzEYN9LnEE - analiz 40s sonra
07:25:39 INFO    [info] Yeni coin: AFYgfz9yKQ - analiz 40s sonra
07:25:40 INFO    [info] Yeni coin: 23qwvC9wv9 - analiz 40s sonra
07:25:40 INFO    [info] Yeni coin: EJaCXPiGYQ - analiz 40s sonra
07:25:43 INFO    [info] Yeni coin: 7W9dBHtSJi - analiz 40s sonra
07:25:47 WARNING RPC hiz limiti (429) - RPC_RPS dusurun veya plani yukseltin
07:25:49 INFO    [info] Yeni coin: 8tHvrS7gMZ - analiz 40s sonra
07:25:49 INFO    [info] Yeni coin: GELRJNAkYP - analiz 40s sonra
07:25:52 INFO    [info] Yeni coin: GqSwvrisVk - analiz 40s sonra
07:25:52 INFO    [info] Yeni coin: C9b32bjMNe - analiz 40s sonra
07:25:52 INFO    [info] Yeni coin: 9fWeScnXzk - analiz 40s sonra
07:25:54 INFO    [info] Yeni coin: 7RnDFN1ReP - analiz 40s sonra
07:25:56 INFO    [info] Yeni coin: EooFSd7YYB - analiz 40s sonra
07:25:56 INFO    [info] Yeni coin: FpBfhCcGRz - analiz 40s sonra
07:25:59 INFO    [info] Yeni coin: DdvUeM5jS3 - analiz 40s sonra
07:26:04 INFO    [info] Yeni coin: AHq96MeR2d - analiz 40s sonra
07:26:13 WARNING RPC hiz limiti (429) - RPC_RPS dusurun veya plani yukseltin
07:26:14 INFO    [info] Yeni coin: 51tVNDHNWb - analiz 40s sonra
07:26:17 INFO    [info] Yeni coin: 6i5Sa3ge18 - analiz 40s sonra
07:26:18 INFO    [info] Yeni coin: H53Cu81nLM - analiz 40s sonra
07:26:22 INFO    [info] Yeni coin: Fm7CB5gEjC - analiz 40s sonra
07:26:27 INFO    [info] Yeni coin: HtiNUh6bCH - analiz 40s sonra
07:26:34 INFO    [info] Yeni coin: 7RTVnPY8yD - analiz 40s sonra
07:26:34 INFO    [info] Yeni coin: 7MY8j8QtVo - analiz 40s sonra
07:26:36 INFO    [info] Yeni coin: 9iMjXEL8tN - analiz 40s sonra
07:26:38 INFO    [info] Yeni coin: 4rPLJ3kcuY - analiz 40s sonra
07:26:44 INFO    [info] Yeni coin: JBD5AdxNou - analiz 40s sonra
07:26:45 INFO    [info] Yeni coin: 83CQRPpr9q - analiz 40s sonra
07:26:46 INFO    [warn] Takip edilen cuzdan yok - once skorlayip takibe alin
07:26:47 INFO    [info] Yeni coin: H13vehK3TG - analiz 40s sonra
07:26:47 INFO    [info] Yeni coin: DYrMvAZBPw - analiz 40s sonra
07:26:51 WARNING RPC hiz limiti (429) - RPC_RPS dusurun veya plani yukseltin
07:26:56 INFO    [info] Yeni coin: 6wEgM2wsfY - analiz 40s sonra
07:27:07 INFO    [info] Yeni coin: agJcWMEFtK - analiz 40s sonra
07:27:20 INFO    [info] Yeni coin: GRH9wDz2Rj - analiz 40s sonra
07:27:28 INFO    [info] Yeni coin: 3WL5H8kTdf - analiz 40s sonra
07:27:33 WARNING RPC hiz limiti (429) - RPC_RPS dusurun veya plani yukseltin
07:27:38 INFO    [info] Yeni coin: 8fieGqM61s - analiz 40s sonra
07:27:39 INFO    [info] Yeni coin: AHi9ygFCXG - analiz 40s sonra
07:27:41 INFO    [info] Yeni coin: HgKnpM7o67 - analiz 40s sonra
07:27:42 INFO    [info] Yeni coin: EibNuUc9TN - analiz 40s sonra
07:27:45 INFO    [info] Yeni coin: EToy4EDbvo - analiz 40s sonra
07:27:52 INFO    [info] Yeni coin: 3owGDFDxba - analiz 40s sonra
07:27:54 INFO    [info] Yeni coin: 4YgcSPRxFm - analiz 40s sonra
07:27:55 WARNING RPC hiz limiti (429) - RPC_RPS dusurun veya plani yukseltin
07:27:56 INFO    [info] Yeni coin: A7c7JR6x35 - analiz 40s sonra
07:27:57 INFO    [info] Yeni coin: 5Usvt1KjkD - analiz 40s sonra
07:28:04 INFO    [info] Yeni coin: 2jsu8yizTg - analiz 40s sonra
07:28:07 INFO    [info] Yeni coin: 8yERiwmQoi - analiz 40s sonra
07:28:20 INFO    [info] Yeni coin: Es9vMFrzaC - analiz 40s sonra
07:28:27 INFO    [info] Yeni coin: w11uG5nrgq - analiz 40s sonra
07:28:36 WARNING RPC hiz limiti (429) - RPC_RPS dusurun veya plani yukseltin
07:28:44 INFO    [info] Yeni coin: A5YeKYk3Ym - analiz 40s sonra
07:28:46 INFO    [warn] Takip edilen cuzdan yok - once skorlayip takibe alin
07:28:47 INFO    [info] Yeni coin: 6LYe99d2ss - analiz 40s sonra
07:28:49 INFO    [info] Yeni coin: 2H6ft93XDX - analiz 40s sonra
07:28:50 INFO    [info] Yeni coin: GC5Y7k98Ga - analiz 40s sonra
07:28:53 INFO    [info] Yeni coin: 5AsXzgGYXW - analiz 40s sonra
07:28:59 INFO    [info] Yeni coin: 9a5uPKYpTJ - analiz 40s sonra
07:29:12 INFO    [info] Yeni coin: 26xvfCRRAm - analiz 40s sonra
07:29:24 WARNING RPC hiz limiti (429) - RPC_RPS dusurun veya plani yukseltin
07:29:25 INFO    [info] Yeni coin: E5tmebsRUp - analiz 40s sonra
07:29:28 INFO    [info] Yeni coin: CQvFUC9kTz - analiz 40s sonra
07:29:29 INFO    [info] Yeni coin: 64Z172kFBy - analiz 40s sonra
07:29:33 INFO    [info] Yeni coin: 9hP6Bf3x6D - analiz 40s sonra
07:29:34 INFO    [info] Yeni coin: CDmHTsTxKc - analiz 40s sonra
07:29:34 INFO    [info] Yeni coin: DXYYbqxX8B - analiz 40s sonra
07:29:35 INFO    [info] Yeni coin: GX6hae4Mpu - analiz 40s sonra
07:29:35 INFO    [info] Yeni coin: 7bM1tgDa9c - analiz 40s sonra
07:29:36 INFO    [info] Yeni coin: DLh13jvK2Z - analiz 40s sonra
07:29:50 INFO    [info] Yeni coin: 2D3ZDNEwSQ - analiz 40s sonra
07:29:54 INFO    [info] Yeni coin: uaPxCo56Ph - analiz 40s sonra
07:29:58 INFO    [info] Yeni coin: 2DByqhMi46 - analiz 40s sonra
07:29:58 WARNING RPC hiz limiti (429) - RPC_RPS dusurun veya plani yukseltin
07:29:59 INFO    [info] Yeni coin: 7Y4TgyA3VV - analiz 40s sonra
07:30:02 INFO    [info] Yeni coin: EMJ7FjDaNF - analiz 40s sonra
07:30:03 INFO    [info] Yeni coin: 6d1xQfSzbN - analiz 40s sonra
07:30:05 INFO    [info] Yeni coin: 9drUthh7je - analiz 40s sonra
07:30:10 INFO    [info] Yeni coin: J7ectSg5wr - analiz 40s sonra
07:30:13 INFO    [info] Yeni coin: HrCgrq26w7 - analiz 40s sonra
07:30:16 INFO    [info] Yeni coin: 3LMzqaeEo5 - analiz 40s sonra
07:30:17 INFO    [info] Yeni coin: 3iamozci8D - analiz 40s sonra
07:30:25 INFO    [info] Yeni coin: 2ZWxSWRsrs - analiz 40s sonra
07:30:28 INFO    [info] Yeni coin: 8NsPw7frC7 - analiz 40s sonra
07:30:31 INFO    [info] Yeni coin: wAsrnaaFK7 - analiz 40s sonra
07:30:36 INFO    [info] Yeni coin: 2cfDGUJcVf - analiz 40s sonra
07:30:39 INFO    [info] Yeni coin: 7trZKZfVyL - analiz 40s sonra
07:30:40 WARNING RPC hiz limiti (429) - RPC_RPS dusurun veya plani yukseltin
07:30:41 INFO    [info] Yeni coin: 2VPhMP2JUy - analiz 40s sonra
07:30:41 INFO    [info] Yeni coin: AmExu1jjtS - analiz 40s sonra
07:30:42 INFO    [info] Yeni coin: 3bA1Tg1jgF - analiz 40s sonra
07:30:43 INFO    [info] Yeni coin: 4ha1bQrWh6 - analiz 40s sonra
07:30:45 INFO    [info] Yeni coin: BwTjhq4rgw - analiz 40s sonra
07:30:46 INFO    [warn] Takip edilen cuzdan yok - once skorlayip takibe alin
07:30:47 INFO    [info] Yeni coin: HoTvBxLFHu - analiz 40s sonra
07:30:47 INFO    [info] Yeni coin: DdNEGAetMq - analiz 40s sonra
07:30:51 INFO    [info] Yeni coin: 5xrKNzLetw - analiz 40s sonra
07:30:51 INFO    [info] Yeni coin: 6EEZgMzERS - analiz 40s sonra
07:30:51 INFO    [info] Yeni coin: BeXh4252HQ - analiz 40s sonra
07:30:52 INFO    [info] Yeni coin: F2h7zKH6xu - analiz 40s sonra
07:30:56 INFO    [info] Yeni coin: HJwSKbP4Y4 - analiz 40s sonra
07:30:59 INFO    [info] Yeni coin: 9WtRwaHM1G - analiz 40s sonra
07:30:59 INFO    [info] Yeni coin: MPN7zYosKT - analiz 40s sonra
07:30:59 INFO    [info] Yeni coin: 3VtqX27FSH - analiz 40s sonra
07:30:59 INFO    [info] Yeni coin: BiXY9ffwiX - analiz 40s sonra
07:31:01 INFO    [info] Yeni coin: 4MBR1ax4oP - analiz 40s sonra
07:31:09 WARNING RPC hiz limiti (429) - RPC_RPS dusurun veya plani yukseltin
07:31:16 INFO    [info] Yeni coin: 2VcJXKWUU9 - analiz 40s sonra
07:31:20 INFO    [info] Yeni coin: CDkLsuStiM - analiz 40s sonra
07:31:38 INFO    [info] Yeni coin: 5nfaHjyxsw - analiz 40s sonra
07:31:40 INFO    [info] Yeni coin: 9sFsVngXkN - analiz 40s sonra
07:31:40 WARNING RPC hiz limiti (429) - RPC_RPS dusurun veya plani yukseltin
07:31:45 INFO    [info] Yeni coin: CVxpU64umF - analiz 40s sonra
07:31:47 INFO    [info] Yeni coin: TEUo4MAFrd - analiz 40s sonra
07:31:47 INFO    [info] Yeni coin: H4NeD76TUE - analiz 40s sonra
07:31:51 INFO    [info] Yeni coin: pX1NWKYAwt - analiz 40s sonra
07:31:53 INFO    [info] Yeni coin: 8eNN8GHLKh - analiz 40s sonra
07:32:03 WARNING RPC hiz limiti (429) - RPC_RPS dusurun veya plani yukseltin
07:32:03 INFO    [info] Yeni coin: V2rSiqm9pM - analiz 40s sonra
07:32:06 INFO    [info] Yeni coin: 24xK6dnLqP - analiz 40s sonra
07:32:08 INFO    [info] Yeni coin: EpMkoxnyMS - analiz 40s sonra
07:32:12 INFO    [info] Yeni coin: 5sY7koTUd6 - analiz 40s sonra
07:32:14 INFO    [info] Yeni coin: 9dzt67G7nZ - analiz 40s sonra
07:32:17 INFO    [info] Yeni coin: BHF4dNM7RF - analiz 40s sonra
07:32:19 WARNING RPC hiz limiti (429) - RPC_RPS dusurun veya plani yukseltin
07:32:23 INFO    [info] Yeni coin: DuwEBD1PXp - analiz 40s sonra
07:32:26 INFO    [info] Yeni coin: Gw2qZS4bZ5 - analiz 40s sonra
07:32:27 INFO    [info] Yeni coin: ufx7Q8VAwL - analiz 40s sonra
07:32:31 INFO    [info] Yeni coin: 4KC7zdaHzM - analiz 40s sonra
07:32:37 INFO    [info] Yeni coin: 2XeFL4zN52 - analiz 40s sonra
07:32:39 INFO    [info] Yeni coin: BqXbMu7WDS - analiz 40s sonra
07:32:42 INFO    [info] Yeni coin: DuMKrhc7xi - analiz 40s sonra
07:32:44 INFO    [info] Yeni coin: 39iWP4Cexk - analiz 40s sonra
07:32:46 INFO    [warn] Takip edilen cuzdan yok - once skorlayip takibe alin
07:32:46 INFO    [info] Yeni coin: 6oZfvVsvQo - analiz 40s sonra
07:32:50 WARNING RPC hiz limiti (429) - RPC_RPS dusurun veya plani yukseltin
07:32:51 INFO    [info] Yeni coin: 6Ttp2dPZci - analiz 40s sonra
07:32:55 INFO    [info] Yeni coin: 6ePsCWz6m8 - analiz 40s sonra
07:32:57 INFO    [info] Yeni coin: 6Wqm1YK1gY - analiz 40s sonra
07:33:10 INFO    [info] Yeni coin: AwSGvFqzDH - analiz 40s sonra
07:33:11 INFO    [info] Yeni coin: 4CoDEzDyBE - analiz 40s sonra
07:33:16 INFO    [info] Yeni coin: 4hjpSiQcyE - analiz 40s sonra
07:33:22 INFO    [info] Yeni coin: 7EnjVh1m4r - analiz 40s sonra
07:33:22 WARNING RPC hiz limiti (429) - RPC_RPS dusurun veya plani yukseltin
07:33:23 INFO    [info] Yeni coin: 7wLPLXKJwE - analiz 40s sonra
07:33:26 INFO    [info] Yeni coin: AKpLRZQySQ - analiz 40s sonra
07:33:32 INFO    [info] Yeni coin: G7ekTLSHQq - analiz 40s sonra
07:33:36 INFO    [info] Yeni coin: CkX1cT5GQQ - analiz 40s sonra
07:33:41 INFO    [info] Yeni coin: 3881qU3W53 - analiz 40s sonra
07:33:52 INFO    [info] Yeni coin: AEp1V8LMeo - analiz 40s sonra
07:33:53 INFO    [info] Yeni coin: DnZJFbeFqv - analiz 40s sonra
07:34:01 INFO    [info] Yeni coin: F9EE256wpi - analiz 40s sonra
07:34:06 WARNING RPC hiz limiti (429) - RPC_RPS dusurun veya plani yukseltin
07:34:13 INFO    [info] Yeni coin: 24xKSosdVf - analiz 40s sonra
07:34:31 INFO    [info] Yeni coin: EN1nYrW637 - analiz 40s sonra
07:34:32 INFO    [info] Yeni coin: 5ei3mKXkKy - analiz 40s sonra
07:34:37 INFO    [info] Yeni coin: mXDcJdjt8D - analiz 40s sonra
07:34:39 INFO    [info] Yeni coin: FpKzTxp2G9 - analiz 40s sonra
07:34:43 WARNING RPC hiz limiti (429) - RPC_RPS dusurun veya plani yukseltin
07:34:46 INFO    [warn] Takip edilen cuzdan yok - once skorlayip takibe alin
07:34:49 INFO    [info] Yeni coin: Bm53rpnp7M - analiz 40s sonra
07:34:50 INFO    [info] Yeni coin: 4fGkr7o6g3 - analiz 40s sonra
07:34:50 INFO    [info] Yeni coin: AdHVZsVgai - analiz 40s sonra
07:34:54 INFO    [info] Yeni coin: 9Pxzozgxxo - analiz 40s sonra
07:35:00 INFO    [info] Yeni coin: CT3ocsUJu1 - analiz 40s sonra
07:35:04 INFO    [info] Yeni coin: 4Q9jo8aPSs - analiz 40s sonra
07:35:17 INFO    [info] Yeni coin: Ar9twYXXac - analiz 40s sonra
07:35:19 WARNING RPC hiz limiti (429) - RPC_RPS dusurun veya plani yukseltin
07:35:31 INFO    [info] Yeni coin: 8BkmQjdBwK - analiz 40s sonra
07:35:35 INFO    [info] Yeni coin: 6Eutr8devK - analiz 40s sonra
07:35:40 INFO    [info] Yeni coin: AMCtSU3bBH - analiz 40s sonra
07:35:41 INFO    [info] Yeni coin: 85kNuEsa8i - analiz 40s sonra
07:35:46 WARNING RPC hiz limiti (429) - RPC_RPS dusurun veya plani yukseltin
07:35:46 INFO    [info] Yeni coin: HqPDRA9jbD - analiz 40s sonra
07:35:49 INFO    [info] Yeni coin: Bkk1ZqrbW6 - analiz 40s sonra
07:35:53 INFO    [info] Yeni coin: AtXjpciKLW - analiz 40s sonra
07:35:54 INFO    [info] Yeni coin: 54Nt7zszqa - analiz 40s sonra
07:36:05 INFO    [info] Yeni coin: BUdovg1kwA - analiz 40s sonra
07:36:05 INFO    [info] Yeni coin: 8G6mPkuiKX - analiz 40s sonra
07:36:07 INFO    [info] Yeni coin: 2iH5bMoUcP - analiz 40s sonra
07:36:17 INFO    [info] Yeni coin: BbzQ3wid75 - analiz 40s sonra
07:36:25 INFO    [info] Yeni coin: 5nFUBzXBG1 - analiz 40s sonra
07:36:25 WARNING RPC hiz limiti (429) - RPC_RPS dusurun veya plani yukseltin
07:36:27 INFO    [info] Yeni coin: CWwZ7XJPKa - analiz 40s sonra
07:36:28 INFO    [info] Yeni coin: 2NRDqdewsD - analiz 40s sonra
07:36:46 INFO    [info] Yeni coin: 3HiV76G8cq - analiz 40s sonra
07:36:46 INFO    [warn] Takip edilen cuzdan yok - once skorlayip takibe alin
07:36:47 INFO    [info] Yeni coin: 6mt88CsmWX - analiz 40s sonra
07:36:48 INFO    [info] Yeni coin: 3YBh2Ka64N - analiz 40s sonra
07:36:49 INFO    [info] Yeni coin: 9NcaCVVCrd - analiz 40s sonra
07:36:49 INFO    [info] Yeni coin: HxTnXbA3Vy - analiz 40s sonra
07:36:55 INFO    [info] Yeni coin: FfkE3poHDw - analiz 40s sonra
07:37:00 INFO    [info] Yeni coin: DSuNxF8vVp - analiz 40s sonra
07:37:04 WARNING RPC hiz limiti (429) - RPC_RPS dusurun veya plani yukseltin
07:37:08 INFO    [info] Yeni coin: C5MGveFGUs - analiz 40s sonra
07:37:13 INFO    [info] Yeni coin: CU8XSBMDTW - analiz 40s sonra
07:37:15 INFO    [info] Yeni coin: 5c33oNX6pw - analiz 40s sonra
07:37:15 INFO    [info] Yeni coin: 43fCJxxGcz - analiz 40s sonra
07:37:22 WARNING RPC hiz limiti (429) - RPC_RPS dusurun veya plani yukseltin
07:37:30 INFO    [info] Yeni coin: FdzwLkchjC - analiz 40s sonra
07:37:45 INFO    [info] Yeni coin: 8mtxhWMhU9 - analiz 40s sonra
07:37:45 WARNING RPC hiz limiti (429) - RPC_RPS dusurun veya plani yukseltin
07:37:59 INFO    [info] Yeni coin: H7vKQtDS4v - analiz 40s sonra
07:38:10 INFO    [info] Yeni coin: BTBeAtxZkV - analiz 40s sonra
07:38:12 INFO    [info] Yeni coin: 2KTSzNoPzS - analiz 40s sonra
07:38:16 INFO    [info] Yeni coin: GygmgiLB4y - analiz 40s sonra
07:38:35 WARNING RPC hiz limiti (429) - RPC_RPS dusurun veya plani yukseltin
07:38:42 INFO    [info] Yeni coin: 7Dmn9aNxtE - analiz 40s sonra
07:38:44 INFO    [info] Yeni coin: CRoNYHexz6 - analiz 40s sonra
07:38:46 INFO    [warn] Takip edilen cuzdan yok - once skorlayip takibe alin
07:38:47 INFO    [info] Yeni coin: ED3MDGovfE - analiz 40s sonra
07:38:57 INFO    [info] Yeni coin: B4ZcF6GqYM - analiz 40s sonra
07:38:57 WARNING RPC hiz limiti (429) - RPC_RPS dusurun veya plani yukseltin
07:38:57 INFO    [info] Yeni coin: 5kpw3GtCTs - analiz 40s sonra
07:39:02 INFO    [info] Yeni coin: gs4MEn31wM - analiz 40s sonra
07:39:26 INFO    [info] Yeni coin: EhooJ1c6ZL - analiz 40s sonra
07:39:28 WARNING RPC hiz limiti (429) - RPC_RPS dusurun veya plani yukseltin
07:39:32 INFO    [info] Yeni coin: 6cg41kDEgf - analiz 40s sonra
07:39:41 INFO    [info] Yeni coin: 6LUoyjcT2N - analiz 40s sonra
07:39:47 INFO    [info] Yeni coin: 4TY3f6J8K5 - analiz 40s sonra
07:39:55 INFO    [info] Yeni coin: 9US9XVVDiA - analiz 40s sonra
07:40:05 WARNING RPC hiz limiti (429) - RPC_RPS dusurun veya plani yukseltin
07:40:16 INFO    [info] Yeni coin: 8mrRg6X8JQ - analiz 40s sonra
07:40:17 INFO    [info] Yeni coin: HC2j2wcQeJ - analiz 40s sonra
07:40:17 INFO    [info] Yeni coin: 6hjDxDczWd - analiz 40s sonra
07:40:26 INFO    [info] Yeni coin: GimJVYgZXA - analiz 40s sonra
07:40:28 INFO    [info] Yeni coin: 7JEBqn6svT - analiz 40s sonra
07:40:30 INFO    [info] Yeni coin: 7o6wqzMsXy - analiz 40s sonra
07:40:32 INFO    [info] Yeni coin: 5Vsom8FdhR - analiz 40s sonra
07:40:34 WARNING RPC hiz limiti (429) - RPC_RPS dusurun veya plani yukseltin
07:40:37 INFO    [info] Yeni coin: G32crPheZx - analiz 40s sonra
07:40:43 INFO    [info] Yeni coin: BD8uzaKEdf - analiz 40s sonra
07:40:44 INFO    [info] Yeni coin: 5qSjqcXhDW - analiz 40s sonra
07:40:47 INFO    [warn] Takip edilen cuzdan yok - once skorlayip takibe alin
07:40:53 INFO    [info] Yeni coin: 5YSyAA5BcN - analiz 40s sonra
07:40:59 WARNING RPC hiz limiti (429) - RPC_RPS dusurun veya plani yukseltin
07:41:02 INFO    [info] Yeni coin: 9KdyF3iXK6 - analiz 40s sonra
07:41:04 INFO    [info] Yeni coin: Ffy6viiqTi - analiz 40s sonra
07:41:09 INFO    [info] Yeni coin: 8opZdgeS94 - analiz 40s sonra
07:41:11 INFO    [info] Yeni coin: 338C93Sqw4 - analiz 40s sonra
07:41:17 WARNING RPC hiz limiti (429) - RPC_RPS dusurun veya plani yukseltin
07:41:18 INFO    [info] Yeni coin: DWUMDQQcFh - analiz 40s sonra
07:41:19 INFO    [info] Yeni coin: 5hTQouvdbT - analiz 40s sonra
07:41:22 INFO    [info] Yeni coin: 5RrKitMrjL - analiz 40s sonra
07:41:26 INFO    [info] Yeni coin: DDhEMhJN4f - analiz 40s sonra
07:41:30 INFO    [info] Yeni coin: HGEsNV9hQj - analiz 40s sonra
07:41:33 INFO    [info] Yeni coin: DVNUM1aehJ - analiz 40s sonra
07:41:34 WARNING RPC hiz limiti (429) - RPC_RPS dusurun veya plani yukseltin
07:41:50 INFO    [info] Yeni coin: 7vnUZ9Cgbd - analiz 40s sonra
07:42:04 INFO    [info] Yeni coin: CnqGxDMoS3 - analiz 40s sonra
07:42:06 WARNING RPC hiz limiti (429) - RPC_RPS dusurun veya plani yukseltin
07:42:10 INFO    [info] Yeni coin: FE7JyZ7aGB - analiz 40s sonra
07:42:24 INFO    [info] Yeni coin: 3Ec7jJNE9d - analiz 40s sonra
07:42:36 WARNING RPC hiz limiti (429) - RPC_RPS dusurun veya plani yukseltin
07:42:40 INFO    [info] Yeni coin: Hfy9c2d785 - analiz 40s sonra
07:42:42 INFO    [info] Yeni coin: EYSH7YFyHi - analiz 40s sonra
07:42:43 INFO    [info] Yeni coin: 7WtpD7sB2p - analiz 40s sonra
07:42:45 INFO    [info] Yeni coin: B7CfMnaqP6 - analiz 40s sonra
07:42:46 INFO    [info] Yeni coin: AtWMtSCWmP - analiz 40s sonra
07:42:47 INFO    [warn] Takip edilen cuzdan yok - once skorlayip takibe alin
07:42:47 INFO    [info] Yeni coin: AqbfWcgCF7 - analiz 40s sonra
07:42:49 INFO    [info] Yeni coin: HiXMPbH7q1 - analiz 40s sonra
07:42:51 INFO    [info] Yeni coin: GxzrYkkZhf - analiz 40s sonra
07:42:51 INFO    [info] Yeni coin: AP2icZHxwZ - analiz 40s sonra
07:42:54 INFO    [info] Yeni coin: hR1dNnqiWK - analiz 40s sonra
07:42:55 WARNING RPC hiz limiti (429) - RPC_RPS dusurun veya plani yukseltin
07:43:03 INFO    [info] Yeni coin: 2pRNkcFJNY - analiz 40s sonra
07:43:09 INFO    [info] Yeni coin: 4FUwM5bfxX - analiz 40s sonra
07:43:14 INFO    [info] Yeni coin: Bh2GKBwPQK - analiz 40s sonra
07:43:15 INFO    [info] Yeni coin: 3y6YBk7oL6 - analiz 40s sonra
07:43:19 INFO    [info] Yeni coin: 4T7T5J3x11 - analiz 40s sonra
07:43:20 INFO    [info] Yeni coin: DgBM7EiRgt - analiz 40s sonra
07:43:21 INFO    [info] Yeni coin: HTk465ZgjT - analiz 40s sonra
07:43:24 INFO    [info] Yeni coin: 8XYDc6ewVw - analiz 40s sonra
07:43:25 INFO    [info] Yeni coin: GbyKaVzd54 - analiz 40s sonra
07:43:36 WARNING RPC hiz limiti (429) - RPC_RPS dusurun veya plani yukseltin
07:43:42 INFO    [info] Yeni coin: 44BmeCMa79 - analiz 40s sonra
07:43:52 INFO    [info] Yeni coin: 91N9uVULM4 - analiz 40s sonra
07:43:54 INFO    [info] Yeni coin: 3zFF97JXjU - analiz 40s sonra
07:43:58 INFO    [info] Yeni coin: 4ZYPfHBRVv - analiz 40s sonra
07:43:59 INFO    [info] Yeni coin: GGoHrob1CW - analiz 40s sonra
07:43:59 INFO    [info] Yeni coin: 32TaN6bJvD - analiz 40s sonra
07:44:02 INFO    [info] Yeni coin: AfEzGm4Cy5 - analiz 40s sonra
07:44:02 INFO    [info] Yeni coin: 3BDJPMq5Uq - analiz 40s sonra
07:44:03 INFO    [info] Yeni coin: 4i7zoJYQRt - analiz 40s sonra
07:44:08 WARNING RPC hiz limiti (429) - RPC_RPS dusurun veya plani yukseltin
07:44:09 INFO    [info] Yeni coin: FZBWHEbmwr - analiz 40s sonra
07:44:09 INFO    [info] Yeni coin: HHuVZroy1n - analiz 40s sonra
07:44:13 INFO    [info] Yeni coin: 48RobVSaH6 - analiz 40s sonra
07:44:20 INFO    [info] Yeni coin: 2SLmQG6Rc5 - analiz 40s sonra
07:44:21 INFO    [info] Yeni coin: J9QmCqDamB - analiz 40s sonra
07:44:22 INFO    [info] Yeni coin: AiqJANsAMX - analiz 40s sonra
07:44:27 INFO    [info] Yeni coin: 5u743YdDro - analiz 40s sonra
07:44:40 WARNING RPC hiz limiti (429) - RPC_RPS dusurun veya plani yukseltin
07:44:47 INFO    [warn] Takip edilen cuzdan yok - once skorlayip takibe alin
07:45:13 INFO    [info] Yeni coin: FhD8bHJJjF - analiz 40s sonra
07:45:14 WARNING RPC hiz limiti (429) - RPC_RPS dusurun veya plani yukseltin
07:45:20 INFO    [info] Yeni coin: 8nvXB8XjGm - analiz 40s sonra
07:45:27 INFO    [info] Yeni coin: GbJzpfANg7 - analiz 40s sonra
07:45:27 INFO    [info] Yeni coin: FRNwf1H8h9 - analiz 40s sonra
07:45:32 INFO    [info] Yeni coin: FWgrgNesMb - analiz 40s sonra
07:45:36 INFO    [info] Yeni coin: EURHRQkKqJ - analiz 40s sonra
07:45:37 INFO    [info] Yeni coin: DQP7WuEqQQ - analiz 40s sonra
07:45:46 INFO    [info] Yeni coin: 2NtsNeNgwf - analiz 40s sonra
07:45:50 WARNING RPC hiz limiti (429) - RPC_RPS dusurun veya plani yukseltin
07:45:54 INFO    [info] Yeni coin: AQUpqtwcjJ - analiz 40s sonra
07:45:55 INFO    [info] Yeni coin: 2rwnU7JyHd - analiz 40s sonra
07:45:56 INFO    [info] Yeni coin: Fe2J1wjm7o - analiz 40s sonra
07:46:10 INFO    [info] Yeni coin: JCaioodVVi - analiz 40s sonra
07:46:13 INFO    [info] Yeni coin: 6W2gwNuDf2 - analiz 40s sonra
07:46:16 WARNING RPC hiz limiti (429) - RPC_RPS dusurun veya plani yukseltin
07:46:28 INFO    [info] Yeni coin: GyXW5vRb9N - analiz 40s sonra
07:46:31 INFO    [info] Yeni coin: A8s4dFpawV - analiz 40s sonra
07:46:32 INFO    [info] Yeni coin: 71izJo5mVj - analiz 40s sonra
07:46:33 INFO    [info] Yeni coin: BiR8YWWsnZ - analiz 40s sonra
07:46:34 INFO    [info] Yeni coin: HsLtYcLWCT - analiz 40s sonra
07:46:37 INFO    [info] Yeni coin: 3zU1fymWkz - analiz 40s sonra
07:46:39 INFO    [info] Yeni coin: FmvQ9vdZED - analiz 40s sonra
07:46:39 INFO    [info] Yeni coin: Ay9JeUo5HP - analiz 40s sonra
07:46:39 INFO    [info] Yeni coin: 9dU4E3KPmw - analiz 40s sonra
07:46:39 INFO    [info] Yeni coin: 54yLyftLax - analiz 40s sonra
07:46:40 WARNING RPC hiz limiti (429) - RPC_RPS dusurun veya plani yukseltin
07:46:41 INFO    [info] Yeni coin: 96njDxSzit - analiz 40s sonra
07:46:47 INFO    [warn] Takip edilen cuzdan yok - once skorlayip takibe alin
07:46:53 INFO    [info] Yeni coin: 8n97uKdqx2 - analiz 40s sonra
07:46:54 INFO    [info] Yeni coin: GKc7yJRHyD - analiz 40s sonra
07:46:56 INFO    [info] Yeni coin: 72EWSW6Pwt - analiz 40s sonra
07:46:56 INFO    [info] Yeni coin: 6htkUYetwo - analiz 40s sonra
07:46:56 INFO    [info] Yeni coin: 61AsXjCN99 - analiz 40s sonra
07:46:57 INFO    [info] Yeni coin: FuJ7McgcrU - analiz 40s sonra
07:47:01 INFO    [info] Yeni coin: GiP6jm54f1 - analiz 40s sonra
07:47:02 INFO    [info] Yeni coin: 3LCsUEMwQc - analiz 40s sonra
07:47:21 WARNING RPC hiz limiti (429) - RPC_RPS dusurun veya plani yukseltin
07:47:27 INFO    [info] Yeni coin: CV1gdHJR2N - analiz 40s sonra
07:47:40 INFO    [info] Yeni coin: 4F8ZUr3hBL - analiz 40s sonra
07:47:43 INFO    [info] Yeni coin: 51NL5P2K29 - analiz 40s sonra
07:47:50 WARNING RPC hiz limiti (429) - RPC_RPS dusurun veya plani yukseltin
07:47:54 INFO    [info] Yeni coin: 9sX4655Fvv - analiz 40s sonra
07:48:00 INFO    [info] Yeni coin: 8CGf5ovNPG - analiz 40s sonra
07:48:02 INFO    [info] Yeni coin: 7wnxTWZkEi - analiz 40s sonra
07:48:11 INFO    [info] Yeni coin: Gga991Bc6J - analiz 40s sonra
07:48:21 INFO    [info] Yeni coin: FkNiEGGveQ - analiz 40s sonra
07:48:21 INFO    [info] Yeni coin: BG5ujSTuuB - analiz 40s sonra
07:48:25 INFO    [info] Yeni coin: HBYzRFKRHG - analiz 40s sonra
07:48:26 INFO    [info] Yeni coin: C9V5tfW636 - analiz 40s sonra
07:48:27 WARNING RPC hiz limiti (429) - RPC_RPS dusurun veya plani yukseltin
07:48:28 INFO    [info] Yeni coin: 3C2NVwF1Ti - analiz 40s sonra
07:48:34 INFO    [info] Yeni coin: PsS9dnprja - analiz 40s sonra
07:48:47 INFO    [warn] Takip edilen cuzdan yok - once skorlayip takibe alin
07:48:58 WARNING RPC hiz limiti (429) - RPC_RPS dusurun veya plani yukseltin
07:49:01 INFO    [info] Yeni coin: HMRdJtYAVj - analiz 40s sonra
07:49:13 INFO    [info] Yeni coin: H8TYNyUmC7 - analiz 40s sonra
07:49:21 WARNING RPC hiz limiti (429) - RPC_RPS dusurun veya plani yukseltin
07:49:23 INFO    [info] Yeni coin: GZa1NdzbLt - analiz 40s sonra
07:49:27 INFO    [info] Yeni coin: 24xKsoAGKv - analiz 40s sonra
07:49:31 INFO    [info] Yeni coin: Ccsq9i1CyU - analiz 40s sonra
07:49:35 INFO    [info] Yeni coin: 3j68LvH5uE - analiz 40s sonra
07:49:39 INFO    [info] Yeni coin: BB7oLN9M2u - analiz 40s sonra
07:49:40 INFO    [info] Yeni coin: 9mCiRFoDMr - analiz 40s sonra
07:50:00 WARNING RPC hiz limiti (429) - RPC_RPS dusurun veya plani yukseltin
07:50:03 INFO    [info] Yeni coin: AcqpSnrfbG - analiz 40s sonra
07:50:03 INFO    [info] Yeni coin: HGiwDSaVvr - analiz 40s sonra
07:50:09 INFO    [info] Yeni coin: 3SsbMn6GEG - analiz 40s sonra
07:50:32 WARNING RPC hiz limiti (429) - RPC_RPS dusurun veya plani yukseltin
07:50:38 INFO    [info] Yeni coin: F95tJmf7dQ - analiz 40s sonra
07:50:41 INFO    [info] Yeni coin: DtHLQMfZMB - analiz 40s sonra
07:50:46 INFO    [info] Yeni coin: HUWfehBzfZ - analiz 40s sonra
07:50:47 INFO    [warn] Takip edilen cuzdan yok - once skorlayip takibe alin
07:50:53 INFO    [info] Yeni coin: Fz3pKNK9Rj - analiz 40s sonra
07:50:53 INFO    [info] Yeni coin: Eusshq1kUC - analiz 40s sonra
07:50:55 WARNING RPC hiz limiti (429) - RPC_RPS dusurun veya plani yukseltin
07:50:57 INFO    [info] Yeni coin: BRCXcgKR11 - analiz 40s sonra
07:50:58 INFO    [info] Yeni coin: HY6h4M3qX7 - analiz 40s sonra
07:51:05 INFO    [info] Yeni coin: FNzW7AceZR - analiz 40s sonra
07:51:05 INFO    [info] Yeni coin: 8bX9zrPUtr - analiz 40s sonra
07:51:10 INFO    [info] Yeni coin: 6uxJfBXNPG - analiz 40s sonra
07:51:17 INFO    [info] Yeni coin: FaeYA3nN2N - analiz 40s sonra
07:51:19 INFO    [info] Yeni coin: 5uC8GzYsiN - analiz 40s sonra
07:51:21 INFO    [info] Yeni coin: A4mubQLqtc - analiz 40s sonra
07:51:22 INFO    [info] Yeni coin: 2FpMFsSpNS - analiz 40s sonra
07:51:23 INFO    [info] Yeni coin: E2pHZBsQAN - analiz 40s sonra
07:51:33 WARNING RPC hiz limiti (429) - RPC_RPS dusurun veya plani yukseltin
07:51:34 INFO    [info] Yeni coin: 9RtsLmCyXc - analiz 40s sonra
07:51:47 INFO    [info] Yeni coin: 8dDSj1bT4P - analiz 40s sonra
07:51:52 INFO    [info] Yeni coin: 7jP7st2fLA - analiz 40s sonra
07:51:54 INFO    [info] Yeni coin: EKPC2212pw - analiz 40s sonra
07:51:55 INFO    [info] Yeni coin: CpDXzNebBK - analiz 40s sonra
07:52:03 WARNING RPC hiz limiti (429) - RPC_RPS dusurun veya plani yukseltin
07:52:18 INFO    [info] Yeni coin: 48V22t7FuF - analiz 40s sonra
07:52:25 WARNING RPC hiz limiti (429) - RPC_RPS dusurun veya plani yukseltin
07:52:32 INFO    [info] Yeni coin: F2bXbkknhL - analiz 40s sonra
07:52:40 INFO    [info] Yeni coin: G3Cteu3PuX - analiz 40s sonra
07:52:42 INFO    [info] Yeni coin: D8Ws29fgQ5 - analiz 40s sonra
07:52:44 INFO    [info] Yeni coin: 4vh4FtHZAv - analiz 40s sonra
07:52:46 WARNING RPC hiz limiti (429) - RPC_RPS dusurun veya plani yukseltin
07:52:47 INFO    [info] Yeni coin: 2M7nsQPaUH - analiz 40s sonra
07:52:47 INFO    [warn] Takip edilen cuzdan yok - once skorlayip takibe alin
07:52:49 INFO    [info] Yeni coin: CS57oXAWzy - analiz 40s sonra
07:53:16 WARNING RPC hiz limiti (429) - RPC_RPS dusurun veya plani yukseltin
07:53:16 INFO    [info] Yeni coin: 3UGBBfzZFu - analiz 40s sonra
07:53:26 INFO    [info] Yeni coin: Cfw1zhVcjy - analiz 40s sonra
07:53:27 INFO    [info] Yeni coin: SG5XKaL4gk - analiz 40s sonra
07:53:37 INFO    [info] Yeni coin: GMrn5rdGBY - analiz 40s sonra
07:53:44 INFO    [info] Yeni coin: 9dtmpyqK6g - analiz 40s sonra
07:53:46 INFO    [info] Yeni coin: HLcv9uoZjM - analiz 40s sonra
07:53:46 WARNING RPC hiz limiti (429) - RPC_RPS dusurun veya plani yukseltin
07:53:47 INFO    [info] Yeni coin: D6JmTqKdvi - analiz 40s sonra
07:53:55 INFO    [info] Yeni coin: CXSJAqd9oT - analiz 40s sonra
07:53:55 INFO    [info] Yeni coin: J4keYxnaFP - analiz 40s sonra
07:53:56 INFO    [info] Yeni coin: FFr6wLUhMU - analiz 40s sonra
07:54:00 INFO    [info] Yeni coin: 8NtFKe5XQy - analiz 40s sonra
07:54:01 INFO    [info] Yeni coin: 5f34cC7RiT - analiz 40s sonra
07:54:01 INFO    [info] Yeni coin: 3yPkvss5V9 - analiz 40s sonra
07:54:03 WARNING RPC hiz limiti (429) - RPC_RPS dusurun veya plani yukseltin
07:54:15 INFO    [info] Yeni coin: 3UUfTS3oLv - analiz 40s sonra
07:54:19 INFO    [info] Yeni coin: HQ3jZxaCVK - analiz 40s sonra
07:54:21 INFO    [info] Yeni coin: pZz41haTgQ - analiz 40s sonra
07:54:34 INFO    [info] Yeni coin: FchL5byT7T - analiz 40s sonra
07:54:36 WARNING RPC hiz limiti (429) - RPC_RPS dusurun veya plani yukseltin
07:54:45 INFO    [info] Yeni coin: AqWrx8gcRd - analiz 40s sonra
07:54:47 INFO    [warn] Takip edilen cuzdan yok - once skorlayip takibe alin
07:54:49 INFO    [info] Yeni coin: HS7TefVNA2 - analiz 40s sonra
07:54:52 INFO    [info] Yeni coin: DdW2Gtkekp - analiz 40s sonra
07:54:53 INFO    [info] Yeni coin: DFsKsZxH1u - analiz 40s sonra
07:55:00 WARNING RPC hiz limiti (429) - RPC_RPS dusurun veya plani yukseltin
07:55:02 INFO    [info] Yeni coin: 2HQDxNYT8s - analiz 40s sonra
07:55:12 INFO    [info] Yeni coin: C6GLfKdDti - analiz 40s sonra
07:55:15 INFO    [info] Yeni coin: 2gWs6FSRCh - analiz 40s sonra
07:55:24 INFO    [info] Yeni coin: F8aAp9Wmvu - analiz 40s sonra
07:55:27 WARNING RPC hiz limiti (429) - RPC_RPS dusurun veya plani yukseltin
07:55:29 INFO    [info] Yeni coin: 24mFREMG4v - analiz 40s sonra
07:55:42 INFO    [info] Yeni coin: Dwt644ZTb6 - analiz 40s sonra
07:55:47 INFO    [info] Yeni coin: 6DkistWZca - analiz 40s sonra
07:55:53 INFO    [info] Yeni coin: 7cBbZtkVof - analiz 40s sonra
07:55:53 INFO    [info] Yeni coin: DiyQQkLx9c - analiz 40s sonra
07:56:00 WARNING RPC hiz limiti (429) - RPC_RPS dusurun veya plani yukseltin
07:56:01 INFO    [info] Yeni coin: GYvW3CD1iH - analiz 40s sonra
07:56:04 INFO    [info] Yeni coin: CFDQKr7uJd - analiz 40s sonra
07:56:05 INFO    [info] Yeni coin: 9bmdiQmdsT - analiz 40s sonra
07:56:07 INFO    [info] Yeni coin: 9ZZqYXtJsU - analiz 40s sonra
07:56:12 INFO    [info] Yeni coin: FKZm9BJJE8 - analiz 40s sonra
07:56:13 INFO    [info] Yeni coin: FUyJnFrggW - analiz 40s sonra
07:56:26 INFO    [info] Yeni coin: 9wkAttyRj2 - analiz 40s sonra
07:56:27 INFO    [info] Yeni coin: 8pLpvpTsH9 - analiz 40s sonra
07:56:29 INFO    [info] Yeni coin: CDPa1YwEQC - analiz 40s sonra
07:56:32 INFO    [info] Yeni coin: 5T2oka5FW5 - analiz 40s sonra
07:56:34 INFO    [info] Yeni coin: E6KK6ycZYC - analiz 40s sonra
07:56:34 INFO    [info] Yeni coin: Fe96nJ94LE - analiz 40s sonra
07:56:36 INFO    [info] Yeni coin: 2C6hSk2zdx - analiz 40s sonra
07:56:36 WARNING RPC hiz limiti (429) - RPC_RPS dusurun veya plani yukseltin
07:56:38 INFO    [info] Yeni coin: 4FZjHeE5rj - analiz 40s sonra
07:56:39 INFO    [info] Yeni coin: 82G8NGXiU5 - analiz 40s sonra
07:56:47 INFO    [info] Yeni coin: J6LZHEvrbs - analiz 40s sonra
07:56:47 INFO    [warn] Takip edilen cuzdan yok - once skorlayip takibe alin
07:56:56 INFO    [info] Yeni coin: bTDk6ftQGe - analiz 40s sonra
07:57:01 INFO    [info] Yeni coin: 3U7u5QziMx - analiz 40s sonra
07:57:02 INFO    [info] Yeni coin: 3Jz2gqWUt8 - analiz 40s sonra
07:57:10 INFO    [info] Yeni coin: ABAW2VBZEk - analiz 40s sonra
07:57:11 WARNING RPC hiz limiti (429) - RPC_RPS dusurun veya plani yukseltin
07:57:16 INFO    [info] Yeni coin: 7mhk4vG9c7 - analiz 40s sonra
07:57:35 INFO    [info] Yeni coin: Dc62j6kxtb - analiz 40s sonra
07:57:41 INFO    [info] Yeni coin: H8Wu5QCtuW - analiz 40s sonra
07:57:57 INFO    [info] Yeni coin: 95vi3p6Pme - analiz 40s sonra
07:58:01 INFO    [info] Yeni coin: idiofKa885 - analiz 40s sonra
07:58:07 INFO    [info] Yeni coin: EpM6RpTWtC - analiz 40s sonra
07:58:10 INFO    [info] Yeni coin: 8GUnyRYC9x - analiz 40s sonra
07:58:27 WARNING RPC hiz limiti (429) - RPC_RPS dusurun veya plani yukseltin
07:58:35 INFO    [info] Yeni coin: HTugdzVxqK - analiz 40s sonra
07:58:36 INFO    [info] Yeni coin: 3qZHLXSmJ9 - analiz 40s sonra
07:58:37 INFO    [info] Yeni coin: Gq5WppQu6n - analiz 40s sonra
07:58:38 INFO    [info] Yeni coin: 3B7gSR1wT3 - analiz 40s sonra
07:58:42 INFO    [info] Yeni coin: HQgr6T9G1R - analiz 40s sonra
07:58:46 INFO    [info] Yeni coin: 9XWmHuoR9y - analiz 40s sonra
07:58:46 INFO    [info] Yeni coin: FhTcg6Ejmo - analiz 40s sonra
07:58:47 INFO    [warn] Takip edilen cuzdan yok - once skorlayip takibe alin
07:58:48 INFO    [info] Yeni coin: 6EFyyUnJvp - analiz 40s sonra
07:58:49 INFO    [info] Yeni coin: iC9S8MRNoY - analiz 40s sonra
07:58:52 INFO    [info] Yeni coin: BF2R6X6EnW - analiz 40s sonra
07:58:54 INFO    [info] Yeni coin: 8NUfniDXMY - analiz 40s sonra
07:58:56 WARNING RPC hiz limiti (429) - RPC_RPS dusurun veya plani yukseltin
07:58:57 INFO    [info] Yeni coin: H5z7xTPXQ9 - analiz 40s sonra
07:59:01 INFO    [info] Yeni coin: H16Rg167UC - analiz 40s sonra
07:59:12 INFO    [info] Yeni coin: 2sYYFYi5YZ - analiz 40s sonra
07:59:15 INFO    [info] Yeni coin: 5gdAgXhRG4 - analiz 40s sonra
07:59:16 INFO    [info] Yeni coin: e5MhPkyb5e - analiz 40s sonra
07:59:21 WARNING RPC hiz limiti (429) - RPC_RPS dusurun veya plani yukseltin
07:59:26 INFO    [info] Yeni coin: HtcwuoPZzY - analiz 40s sonra
07:59:27 INFO    [info] Yeni coin: GfbbrtNpsC - analiz 40s sonra
07:59:33 INFO    [info] Yeni coin: AC3WqWEciM - analiz 40s sonra
07:59:34 INFO    [info] Yeni coin: 2WwbsfU8Mu - analiz 40s sonra
07:59:42 INFO    [info] Yeni coin: 2ZAy1x7iY4 - analiz 40s sonra
07:59:44 WARNING RPC hiz limiti (429) - RPC_RPS dusurun veya plani yukseltin
07:59:48 INFO    [info] Yeni coin: 4NcZkiFXGn - analiz 40s sonra
07:59:49 INFO    [info] Yeni coin: FKwtWMHFkX - analiz 40s sonra
07:59:50 INFO    [info] Yeni coin: h9pmorzznx - analiz 40s sonra
07:59:50 INFO    [info] Yeni coin: 4LXoxGZ3qg - analiz 40s sonra
07:59:56 INFO    [info] Yeni coin: HgBrAPuUdd - analiz 40s sonra
08:00:04 INFO    [info] Yeni coin: GfVw1uvtpf - analiz 40s sonra
08:00:07 INFO    [info] Yeni coin: H17qPSzRZk - analiz 40s sonra
08:00:07 WARNING RPC hiz limiti (429) - RPC_RPS dusurun veya plani yukseltin
08:00:07 INFO    [info] Yeni coin: 884aggrAm3 - analiz 40s sonra
08:00:08 INFO    [info] Yeni coin: 3f9xF6cSkn - analiz 40s sonra
08:00:08 INFO    [info] Yeni coin: 9zBJwdD7iY - analiz 40s sonra
08:00:14 INFO    [info] Yeni coin: 3v7w2j17ci - analiz 40s sonra
08:00:15 INFO    [info] Yeni coin: FgqfkVMv9d - analiz 40s sonra
08:00:18 INFO    [info] Yeni coin: 3Awt99AHW3 - analiz 40s sonra
08:00:21 INFO    [info] Yeni coin: Fw8UPfx1G5 - analiz 40s sonra
08:00:22 INFO    [info] Yeni coin: 6gmcRPFcWV - analiz 40s sonra
08:00:31 INFO    [info] Yeni coin: CERMNRSr5S - analiz 40s sonra
08:00:34 WARNING RPC hiz limiti (429) - RPC_RPS dusurun veya plani yukseltin
